GPU 0: NVIDIA A100 80GB PCIe (UUID: GPU-439e77c6-925a-153f-7807-eb1495e35f3b)
nvcc: NVIDIA (R) Cuda compiler driver
Copyright (c) 2005-2022 NVIDIA Corporation
Built on Wed_Jun__8_16:49:14_PDT_2022
Cuda compilation tools, release 11.7, V11.7.99
Build cuda_11.7.r11.7/compiler.31442593_0
Python 3.10.20

===== Fold 1 =====
{'loss': '0.6756', 'grad_norm': '3.07', 'learning_rate': '1.999e-05', 'epoch': '0.006083'}
{'loss': '0.5944', 'grad_norm': '8.341', 'learning_rate': '1.997e-05', 'epoch': '0.01217'}
{'loss': '0.4373', 'grad_norm': '7.443', 'learning_rate': '1.996e-05', 'epoch': '0.01825'}
{'loss': '0.3916', 'grad_norm': '6.728', 'learning_rate': '1.994e-05', 'epoch': '0.02433'}
{'loss': '0.3239', 'grad_norm': '6.92', 'learning_rate': '1.993e-05', 'epoch': '0.03041'}
{'loss': '0.2817', 'grad_norm': '14.87', 'learning_rate': '1.991e-05', 'epoch': '0.0365'}
{'loss': '0.1987', 'grad_norm': '8.309', 'learning_rate': '1.99e-05', 'epoch': '0.04258'}
{'loss': '0.1119', 'grad_norm': '3.675', 'learning_rate': '1.988e-05', 'epoch': '0.04866'}
{'loss': '0.2179', 'grad_norm': '16.49', 'learning_rate': '1.986e-05', 'epoch': '0.05474'}
{'loss': '0.1742', 'grad_norm': '7.539', 'learning_rate': '1.985e-05', 'epoch': '0.06083'}
{'loss': '0.2401', 'grad_norm': '10.13', 'learning_rate': '1.983e-05', 'epoch': '0.06691'}
{'loss': '0.2141', 'grad_norm': '18.02', 'learning_rate': '1.982e-05', 'epoch': '0.07299'}
{'loss': '0.2041', 'grad_norm': '6.691', 'learning_rate': '1.98e-05', 'epoch': '0.07908'}
{'loss': '0.1778', 'grad_norm': '21.24', 'learning_rate': '1.979e-05', 'epoch': '0.08516'}
{'loss': '0.1908', 'grad_norm': '3.357', 'learning_rate': '1.977e-05', 'epoch': '0.09124'}
{'loss': '0.1982', 'grad_norm': '11.08', 'learning_rate': '1.976e-05', 'epoch': '0.09732'}
{'loss': '0.1246', 'grad_norm': '11.26', 'learning_rate': '1.974e-05', 'epoch': '0.1034'}
{'loss': '0.1227', 'grad_norm': '4.48', 'learning_rate': '1.973e-05', 'epoch': '0.1095'}
{'loss': '0.2035', 'grad_norm': '0.7853', 'learning_rate': '1.971e-05', 'epoch': '0.1156'}
{'loss': '0.1446', 'grad_norm': '8.322', 'learning_rate': '1.97e-05', 'epoch': '0.1217'}
{'loss': '0.1042', 'grad_norm': '45.34', 'learning_rate': '1.968e-05', 'epoch': '0.1277'}
{'loss': '0.07462', 'grad_norm': '2.998', 'learning_rate': '1.967e-05', 'epoch': '0.1338'}
{'loss': '0.1509', 'grad_norm': '0.2301', 'learning_rate': '1.965e-05', 'epoch': '0.1399'}
{'loss': '0.1634', 'grad_norm': '8.616', 'learning_rate': '1.964e-05', 'epoch': '0.146'}
{'loss': '0.1419', 'grad_norm': '7.151', 'learning_rate': '1.962e-05', 'epoch': '0.1521'}
{'loss': '0.1047', 'grad_norm': '20.21', 'learning_rate': '1.961e-05', 'epoch': '0.1582'}
{'loss': '0.1363', 'grad_norm': '9.413', 'learning_rate': '1.959e-05', 'epoch': '0.1642'}
{'loss': '0.09286', 'grad_norm': '5.218', 'learning_rate': '1.958e-05', 'epoch': '0.1703'}
{'loss': '0.0784', 'grad_norm': '2.1', 'learning_rate': '1.956e-05', 'epoch': '0.1764'}
{'loss': '0.09489', 'grad_norm': '1.546', 'learning_rate': '1.955e-05', 'epoch': '0.1825'}
{'loss': '0.05839', 'grad_norm': '12.25', 'learning_rate': '1.953e-05', 'epoch': '0.1886'}
{'loss': '0.1157', 'grad_norm': '8.737', 'learning_rate': '1.951e-05', 'epoch': '0.1946'}
{'loss': '0.07714', 'grad_norm': '2.306', 'learning_rate': '1.95e-05', 'epoch': '0.2007'}
{'loss': '0.1337', 'grad_norm': '2.558', 'learning_rate': '1.948e-05', 'epoch': '0.2068'}
{'loss': '0.06773', 'grad_norm': '5.286', 'learning_rate': '1.947e-05', 'epoch': '0.2129'}
{'loss': '0.1324', 'grad_norm': '23.47', 'learning_rate': '1.945e-05', 'epoch': '0.219'}
{'loss': '0.1493', 'grad_norm': '6.894', 'learning_rate': '1.944e-05', 'epoch': '0.2251'}
{'loss': '0.07148', 'grad_norm': '0.6257', 'learning_rate': '1.942e-05', 'epoch': '0.2311'}
{'loss': '0.07463', 'grad_norm': '0.2281', 'learning_rate': '1.941e-05', 'epoch': '0.2372'}
{'loss': '0.1094', 'grad_norm': '7.077', 'learning_rate': '1.939e-05', 'epoch': '0.2433'}
{'loss': '0.2288', 'grad_norm': '0.6321', 'learning_rate': '1.938e-05', 'epoch': '0.2494'}
{'loss': '0.122', 'grad_norm': '2.753', 'learning_rate': '1.936e-05', 'epoch': '0.2555'}
{'loss': '0.06083', 'grad_norm': '2.927', 'learning_rate': '1.935e-05', 'epoch': '0.2616'}
{'loss': '0.02505', 'grad_norm': '0.5169', 'learning_rate': '1.933e-05', 'epoch': '0.2676'}
{'loss': '0.0417', 'grad_norm': '1.094', 'learning_rate': '1.932e-05', 'epoch': '0.2737'}
{'loss': '0.08663', 'grad_norm': '23.9', 'learning_rate': '1.93e-05', 'epoch': '0.2798'}
{'loss': '0.08599', 'grad_norm': '34.29', 'learning_rate': '1.929e-05', 'epoch': '0.2859'}
{'loss': '0.05727', 'grad_norm': '0.2648', 'learning_rate': '1.927e-05', 'epoch': '0.292'}
{'loss': '0.1421', 'grad_norm': '36.23', 'learning_rate': '1.926e-05', 'epoch': '0.2981'}
{'loss': '0.07348', 'grad_norm': '6.387', 'learning_rate': '1.924e-05', 'epoch': '0.3041'}
{'loss': '0.08265', 'grad_norm': '0.1124', 'learning_rate': '1.923e-05', 'epoch': '0.3102'}
{'loss': '0.07216', 'grad_norm': '0.08673', 'learning_rate': '1.921e-05', 'epoch': '0.3163'}
{'loss': '0.05642', 'grad_norm': '0.05885', 'learning_rate': '1.92e-05', 'epoch': '0.3224'}
{'loss': '0.08113', 'grad_norm': '2.136', 'learning_rate': '1.918e-05', 'epoch': '0.3285'}
{'loss': '0.08931', 'grad_norm': '0.6268', 'learning_rate': '1.917e-05', 'epoch': '0.3345'}
{'loss': '0.07607', 'grad_norm': '0.6032', 'learning_rate': '1.915e-05', 'epoch': '0.3406'}
{'loss': '0.03391', 'grad_norm': '38.57', 'learning_rate': '1.913e-05', 'epoch': '0.3467'}
{'loss': '0.08224', 'grad_norm': '0.1129', 'learning_rate': '1.912e-05', 'epoch': '0.3528'}
{'loss': '0.07557', 'grad_norm': '2.956', 'learning_rate': '1.91e-05', 'epoch': '0.3589'}
{'loss': '0.04964', 'grad_norm': '0.04648', 'learning_rate': '1.909e-05', 'epoch': '0.365'}
{'loss': '0.07908', 'grad_norm': '21.91', 'learning_rate': '1.907e-05', 'epoch': '0.371'}
{'loss': '0.03467', 'grad_norm': '1.234', 'learning_rate': '1.906e-05', 'epoch': '0.3771'}
{'loss': '0.04382', 'grad_norm': '1.454', 'learning_rate': '1.904e-05', 'epoch': '0.3832'}
{'loss': '0.07935', 'grad_norm': '0.05319', 'learning_rate': '1.903e-05', 'epoch': '0.3893'}
{'loss': '0.09872', 'grad_norm': '0.1244', 'learning_rate': '1.901e-05', 'epoch': '0.3954'}
{'loss': '0.06528', 'grad_norm': '5.72', 'learning_rate': '1.9e-05', 'epoch': '0.4015'}
{'loss': '0.0586', 'grad_norm': '75.11', 'learning_rate': '1.898e-05', 'epoch': '0.4075'}
{'loss': '0.0695', 'grad_norm': '0.149', 'learning_rate': '1.897e-05', 'epoch': '0.4136'}
{'loss': '0.07645', 'grad_norm': '0.1852', 'learning_rate': '1.895e-05', 'epoch': '0.4197'}
{'loss': '0.08993', 'grad_norm': '0.08917', 'learning_rate': '1.894e-05', 'epoch': '0.4258'}
{'loss': '0.02841', 'grad_norm': '0.1306', 'learning_rate': '1.892e-05', 'epoch': '0.4319'}
{'loss': '0.09698', 'grad_norm': '4.371', 'learning_rate': '1.891e-05', 'epoch': '0.438'}
{'loss': '0.06602', 'grad_norm': '2.07', 'learning_rate': '1.889e-05', 'epoch': '0.444'}
{'loss': '0.03286', 'grad_norm': '0.1832', 'learning_rate': '1.888e-05', 'epoch': '0.4501'}
{'loss': '0.07366', 'grad_norm': '5.181', 'learning_rate': '1.886e-05', 'epoch': '0.4562'}
{'loss': '0.05273', 'grad_norm': '4.035', 'learning_rate': '1.885e-05', 'epoch': '0.4623'}
{'loss': '0.05807', 'grad_norm': '10.8', 'learning_rate': '1.883e-05', 'epoch': '0.4684'}
{'loss': '0.06675', 'grad_norm': '21.91', 'learning_rate': '1.882e-05', 'epoch': '0.4745'}
{'loss': '0.1246', 'grad_norm': '0.9429', 'learning_rate': '1.88e-05', 'epoch': '0.4805'}
{'loss': '0.06149', 'grad_norm': '0.6682', 'learning_rate': '1.878e-05', 'epoch': '0.4866'}
{'loss': '0.04573', 'grad_norm': '0.07426', 'learning_rate': '1.877e-05', 'epoch': '0.4927'}
{'loss': '0.05526', 'grad_norm': '22.26', 'learning_rate': '1.875e-05', 'epoch': '0.4988'}
{'loss': '0.01724', 'grad_norm': '0.03033', 'learning_rate': '1.874e-05', 'epoch': '0.5049'}
{'loss': '0.09078', 'grad_norm': '0.02738', 'learning_rate': '1.872e-05', 'epoch': '0.5109'}
{'loss': '0.04879', 'grad_norm': '0.1299', 'learning_rate': '1.871e-05', 'epoch': '0.517'}
{'loss': '0.009431', 'grad_norm': '37.69', 'learning_rate': '1.869e-05', 'epoch': '0.5231'}
{'loss': '0.06554', 'grad_norm': '0.02379', 'learning_rate': '1.868e-05', 'epoch': '0.5292'}
{'loss': '0.03283', 'grad_norm': '20.44', 'learning_rate': '1.866e-05', 'epoch': '0.5353'}
{'loss': '0.0783', 'grad_norm': '0.03242', 'learning_rate': '1.865e-05', 'epoch': '0.5414'}
{'loss': '0.07012', 'grad_norm': '0.6006', 'learning_rate': '1.863e-05', 'epoch': '0.5474'}
{'loss': '0.0764', 'grad_norm': '3.727', 'learning_rate': '1.862e-05', 'epoch': '0.5535'}
{'loss': '0.02374', 'grad_norm': '0.2598', 'learning_rate': '1.86e-05', 'epoch': '0.5596'}
{'loss': '0.0773', 'grad_norm': '0.03802', 'learning_rate': '1.859e-05', 'epoch': '0.5657'}
{'loss': '0.05081', 'grad_norm': '34.73', 'learning_rate': '1.857e-05', 'epoch': '0.5718'}
{'loss': '0.06012', 'grad_norm': '2.507', 'learning_rate': '1.856e-05', 'epoch': '0.5779'}
{'loss': '0.05059', 'grad_norm': '18.04', 'learning_rate': '1.854e-05', 'epoch': '0.5839'}
{'loss': '0.04582', 'grad_norm': '3.127', 'learning_rate': '1.853e-05', 'epoch': '0.59'}
{'loss': '0.003474', 'grad_norm': '0.04441', 'learning_rate': '1.851e-05', 'epoch': '0.5961'}
{'loss': '0.006477', 'grad_norm': '9.896', 'learning_rate': '1.85e-05', 'epoch': '0.6022'}
{'loss': '0.07483', 'grad_norm': '3.699', 'learning_rate': '1.848e-05', 'epoch': '0.6083'}
{'loss': '0.0479', 'grad_norm': '8.465', 'learning_rate': '1.847e-05', 'epoch': '0.6144'}
{'loss': '0.01475', 'grad_norm': '42.34', 'learning_rate': '1.845e-05', 'epoch': '0.6204'}
{'loss': '0.06747', 'grad_norm': '2.18', 'learning_rate': '1.844e-05', 'epoch': '0.6265'}
{'loss': '0.01459', 'grad_norm': '0.5981', 'learning_rate': '1.842e-05', 'epoch': '0.6326'}
{'loss': '0.05819', 'grad_norm': '15.22', 'learning_rate': '1.84e-05', 'epoch': '0.6387'}
{'loss': '0.02557', 'grad_norm': '0.03416', 'learning_rate': '1.839e-05', 'epoch': '0.6448'}
{'loss': '0.03288', 'grad_norm': '0.02596', 'learning_rate': '1.837e-05', 'epoch': '0.6509'}
{'loss': '0.03712', 'grad_norm': '1.366', 'learning_rate': '1.836e-05', 'epoch': '0.6569'}
{'loss': '0.04263', 'grad_norm': '0.01641', 'learning_rate': '1.834e-05', 'epoch': '0.663'}
{'loss': '0.04935', 'grad_norm': '8.2', 'learning_rate': '1.833e-05', 'epoch': '0.6691'}
{'loss': '0.08814', 'grad_norm': '2.494', 'learning_rate': '1.831e-05', 'epoch': '0.6752'}
{'loss': '0.04418', 'grad_norm': '3.666', 'learning_rate': '1.83e-05', 'epoch': '0.6813'}
{'loss': '0.04164', 'grad_norm': '0.8285', 'learning_rate': '1.828e-05', 'epoch': '0.6873'}
{'loss': '0.02589', 'grad_norm': '0.05635', 'learning_rate': '1.827e-05', 'epoch': '0.6934'}
{'loss': '0.02105', 'grad_norm': '3.558', 'learning_rate': '1.825e-05', 'epoch': '0.6995'}
{'loss': '0.04976', 'grad_norm': '0.03704', 'learning_rate': '1.824e-05', 'epoch': '0.7056'}
{'loss': '0.0147', 'grad_norm': '0.03354', 'learning_rate': '1.822e-05', 'epoch': '0.7117'}
{'loss': '0.01891', 'grad_norm': '22.89', 'learning_rate': '1.821e-05', 'epoch': '0.7178'}
{'loss': '0.07227', 'grad_norm': '2.313', 'learning_rate': '1.819e-05', 'epoch': '0.7238'}
{'loss': '0.003271', 'grad_norm': '0.06308', 'learning_rate': '1.818e-05', 'epoch': '0.7299'}
{'loss': '0.1093', 'grad_norm': '16.47', 'learning_rate': '1.816e-05', 'epoch': '0.736'}
{'loss': '0.01411', 'grad_norm': '0.04254', 'learning_rate': '1.815e-05', 'epoch': '0.7421'}
{'loss': '0.07468', 'grad_norm': '0.4549', 'learning_rate': '1.813e-05', 'epoch': '0.7482'}
{'loss': '0.04146', 'grad_norm': '5.554', 'learning_rate': '1.812e-05', 'epoch': '0.7543'}
{'loss': '0.009563', 'grad_norm': '0.5153', 'learning_rate': '1.81e-05', 'epoch': '0.7603'}
{'loss': '0.0219', 'grad_norm': '0.01451', 'learning_rate': '1.809e-05', 'epoch': '0.7664'}
{'loss': '0.01993', 'grad_norm': '0.01342', 'learning_rate': '1.807e-05', 'epoch': '0.7725'}
{'loss': '0.06448', 'grad_norm': '0.369', 'learning_rate': '1.806e-05', 'epoch': '0.7786'}
{'loss': '0.04677', 'grad_norm': '0.1803', 'learning_rate': '1.804e-05', 'epoch': '0.7847'}
{'loss': '0.0247', 'grad_norm': '0.02739', 'learning_rate': '1.802e-05', 'epoch': '0.7908'}
{'loss': '0.06803', 'grad_norm': '20.99', 'learning_rate': '1.801e-05', 'epoch': '0.7968'}
{'loss': '0.01985', 'grad_norm': '0.03101', 'learning_rate': '1.799e-05', 'epoch': '0.8029'}
{'loss': '0.01873', 'grad_norm': '0.0268', 'learning_rate': '1.798e-05', 'epoch': '0.809'}
{'loss': '0.002089', 'grad_norm': '0.01145', 'learning_rate': '1.796e-05', 'epoch': '0.8151'}
{'loss': '0.08508', 'grad_norm': '0.2576', 'learning_rate': '1.795e-05', 'epoch': '0.8212'}
{'loss': '0.02846', 'grad_norm': '0.1567', 'learning_rate': '1.793e-05', 'epoch': '0.8273'}
{'loss': '0.01903', 'grad_norm': '0.04799', 'learning_rate': '1.792e-05', 'epoch': '0.8333'}
{'loss': '0.03662', 'grad_norm': '0.02383', 'learning_rate': '1.79e-05', 'epoch': '0.8394'}
{'loss': '0.02413', 'grad_norm': '29', 'learning_rate': '1.789e-05', 'epoch': '0.8455'}
{'loss': '0.07076', 'grad_norm': '5.686', 'learning_rate': '1.787e-05', 'epoch': '0.8516'}
{'loss': '0.0227', 'grad_norm': '0.2766', 'learning_rate': '1.786e-05', 'epoch': '0.8577'}
{'loss': '0.03943', 'grad_norm': '16.57', 'learning_rate': '1.784e-05', 'epoch': '0.8637'}
{'loss': '0.03089', 'grad_norm': '68.06', 'learning_rate': '1.783e-05', 'epoch': '0.8698'}
{'loss': '0.02243', 'grad_norm': '0.04963', 'learning_rate': '1.781e-05', 'epoch': '0.8759'}
{'loss': '0.007173', 'grad_norm': '11.29', 'learning_rate': '1.78e-05', 'epoch': '0.882'}
{'loss': '0.05663', 'grad_norm': '2.827', 'learning_rate': '1.778e-05', 'epoch': '0.8881'}
{'loss': '0.04192', 'grad_norm': '0.01447', 'learning_rate': '1.777e-05', 'epoch': '0.8942'}
{'loss': '0.06344', 'grad_norm': '1.89', 'learning_rate': '1.775e-05', 'epoch': '0.9002'}
{'loss': '0.01659', 'grad_norm': '0.08662', 'learning_rate': '1.774e-05', 'epoch': '0.9063'}
{'loss': '0.04434', 'grad_norm': '12.19', 'learning_rate': '1.772e-05', 'epoch': '0.9124'}
{'loss': '0.00638', 'grad_norm': '1.684', 'learning_rate': '1.771e-05', 'epoch': '0.9185'}
{'loss': '0.03964', 'grad_norm': '4.293', 'learning_rate': '1.769e-05', 'epoch': '0.9246'}
{'loss': '0.02823', 'grad_norm': '6.164', 'learning_rate': '1.767e-05', 'epoch': '0.9307'}
{'loss': '0.04321', 'grad_norm': '0.01685', 'learning_rate': '1.766e-05', 'epoch': '0.9367'}
{'loss': '0.07244', 'grad_norm': '12.85', 'learning_rate': '1.764e-05', 'epoch': '0.9428'}
{'loss': '0.01772', 'grad_norm': '0.1601', 'learning_rate': '1.763e-05', 'epoch': '0.9489'}
{'loss': '0.05431', 'grad_norm': '0.02312', 'learning_rate': '1.761e-05', 'epoch': '0.955'}
{'loss': '0.06897', 'grad_norm': '0.02512', 'learning_rate': '1.76e-05', 'epoch': '0.9611'}
{'loss': '0.003443', 'grad_norm': '0.7218', 'learning_rate': '1.758e-05', 'epoch': '0.9672'}
{'loss': '0.004977', 'grad_norm': '0.4875', 'learning_rate': '1.757e-05', 'epoch': '0.9732'}
{'loss': '0.02312', 'grad_norm': '0.3342', 'learning_rate': '1.755e-05', 'epoch': '0.9793'}
{'loss': '0.02254', 'grad_norm': '0.01609', 'learning_rate': '1.754e-05', 'epoch': '0.9854'}
{'loss': '0.02043', 'grad_norm': '0.02429', 'learning_rate': '1.752e-05', 'epoch': '0.9915'}
{'loss': '0.08277', 'grad_norm': '0.1984', 'learning_rate': '1.751e-05', 'epoch': '0.9976'}
{'eval_loss': '0.5051', 'eval_accuracy': '0.9123', 'eval_precision': '0.8997', 'eval_recall': '0.939', 'eval_f1': '0.9189', 'eval_runtime': '3.259', 'eval_samples_per_second': '3987', 'eval_steps_per_second': '62.59', 'epoch': '1'}
{'loss': '0.01332', 'grad_norm': '0.03321', 'learning_rate': '1.749e-05', 'epoch': '1.004'}
{'loss': '0.01596', 'grad_norm': '0.03002', 'learning_rate': '1.748e-05', 'epoch': '1.01'}
{'loss': '0.002587', 'grad_norm': '0.01554', 'learning_rate': '1.746e-05', 'epoch': '1.016'}
{'loss': '0.0009483', 'grad_norm': '0.01255', 'learning_rate': '1.745e-05', 'epoch': '1.022'}
{'loss': '0.01299', 'grad_norm': '0.0156', 'learning_rate': '1.743e-05', 'epoch': '1.028'}
{'loss': '0.0007996', 'grad_norm': '0.01713', 'learning_rate': '1.742e-05', 'epoch': '1.034'}
{'loss': '0.019', 'grad_norm': '0.006336', 'learning_rate': '1.74e-05', 'epoch': '1.04'}
{'loss': '0.004316', 'grad_norm': '0.01713', 'learning_rate': '1.739e-05', 'epoch': '1.046'}
{'loss': '0.06349', 'grad_norm': '4.461', 'learning_rate': '1.737e-05', 'epoch': '1.052'}
{'loss': '0.00848', 'grad_norm': '0.01193', 'learning_rate': '1.736e-05', 'epoch': '1.058'}
{'loss': '0.0111', 'grad_norm': '0.006415', 'learning_rate': '1.734e-05', 'epoch': '1.064'}
{'loss': '0.009333', 'grad_norm': '3.414', 'learning_rate': '1.733e-05', 'epoch': '1.071'}
{'loss': '0.02505', 'grad_norm': '0.5253', 'learning_rate': '1.731e-05', 'epoch': '1.077'}
{'loss': '0.02411', 'grad_norm': '0.008826', 'learning_rate': '1.729e-05', 'epoch': '1.083'}
{'loss': '0.0385', 'grad_norm': '0.006048', 'learning_rate': '1.728e-05', 'epoch': '1.089'}
{'loss': '0.01304', 'grad_norm': '0.008516', 'learning_rate': '1.726e-05', 'epoch': '1.095'}
{'loss': '0.04538', 'grad_norm': '0.02069', 'learning_rate': '1.725e-05', 'epoch': '1.101'}
{'loss': '0.01274', 'grad_norm': '0.02231', 'learning_rate': '1.723e-05', 'epoch': '1.107'}
{'loss': '0.01053', 'grad_norm': '0.009644', 'learning_rate': '1.722e-05', 'epoch': '1.113'}
{'loss': '0.003661', 'grad_norm': '0.01646', 'learning_rate': '1.72e-05', 'epoch': '1.119'}
{'loss': '0.0207', 'grad_norm': '1.216', 'learning_rate': '1.719e-05', 'epoch': '1.125'}
{'loss': '0.0004464', 'grad_norm': '0.00795', 'learning_rate': '1.717e-05', 'epoch': '1.131'}
{'loss': '0.005446', 'grad_norm': '0.006722', 'learning_rate': '1.716e-05', 'epoch': '1.137'}
{'loss': '0.008458', 'grad_norm': '0.01377', 'learning_rate': '1.714e-05', 'epoch': '1.144'}
{'loss': '0.04108', 'grad_norm': '0.006239', 'learning_rate': '1.713e-05', 'epoch': '1.15'}
{'loss': '0.01767', 'grad_norm': '0.01732', 'learning_rate': '1.711e-05', 'epoch': '1.156'}
{'loss': '0.02685', 'grad_norm': '43.35', 'learning_rate': '1.71e-05', 'epoch': '1.162'}
{'loss': '0.00101', 'grad_norm': '0.06302', 'learning_rate': '1.708e-05', 'epoch': '1.168'}
{'loss': '0.007841', 'grad_norm': '0.7345', 'learning_rate': '1.707e-05', 'epoch': '1.174'}
{'loss': '0.002311', 'grad_norm': '0.008874', 'learning_rate': '1.705e-05', 'epoch': '1.18'}
{'loss': '0.01343', 'grad_norm': '0.005474', 'learning_rate': '1.704e-05', 'epoch': '1.186'}
{'loss': '0.006919', 'grad_norm': '0.005487', 'learning_rate': '1.702e-05', 'epoch': '1.192'}
{'loss': '0.02379', 'grad_norm': '0.005016', 'learning_rate': '1.701e-05', 'epoch': '1.198'}
{'loss': '0.02903', 'grad_norm': '53.25', 'learning_rate': '1.699e-05', 'epoch': '1.204'}
{'loss': '0.02138', 'grad_norm': '0.00545', 'learning_rate': '1.698e-05', 'epoch': '1.21'}
{'loss': '0.001161', 'grad_norm': '5.43', 'learning_rate': '1.696e-05', 'epoch': '1.217'}
{'loss': '0.03186', 'grad_norm': '20.27', 'learning_rate': '1.694e-05', 'epoch': '1.223'}
{'loss': '0.02796', 'grad_norm': '1.654', 'learning_rate': '1.693e-05', 'epoch': '1.229'}
{'loss': '0.005097', 'grad_norm': '0.007136', 'learning_rate': '1.691e-05', 'epoch': '1.235'}
{'loss': '0.007968', 'grad_norm': '0.009458', 'learning_rate': '1.69e-05', 'epoch': '1.241'}
{'loss': '0.03939', 'grad_norm': '14.29', 'learning_rate': '1.688e-05', 'epoch': '1.247'}
{'loss': '0.02891', 'grad_norm': '0.008461', 'learning_rate': '1.687e-05', 'epoch': '1.253'}
{'loss': '0.002803', 'grad_norm': '0.2842', 'learning_rate': '1.685e-05', 'epoch': '1.259'}
{'loss': '0.005657', 'grad_norm': '11.37', 'learning_rate': '1.684e-05', 'epoch': '1.265'}
{'loss': '0.02174', 'grad_norm': '0.007147', 'learning_rate': '1.682e-05', 'epoch': '1.271'}
{'loss': '0.01963', 'grad_norm': '19.16', 'learning_rate': '1.681e-05', 'epoch': '1.277'}
{'loss': '0.006389', 'grad_norm': '0.01441', 'learning_rate': '1.679e-05', 'epoch': '1.283'}
{'loss': '0.008229', 'grad_norm': '0.01634', 'learning_rate': '1.678e-05', 'epoch': '1.29'}
{'loss': '0.009301', 'grad_norm': '0.00822', 'learning_rate': '1.676e-05', 'epoch': '1.296'}
{'loss': '0.02761', 'grad_norm': '0.5688', 'learning_rate': '1.675e-05', 'epoch': '1.302'}
{'loss': '0.003608', 'grad_norm': '0.008522', 'learning_rate': '1.673e-05', 'epoch': '1.308'}
{'loss': '0.004312', 'grad_norm': '0.2078', 'learning_rate': '1.672e-05', 'epoch': '1.314'}
{'loss': '0.009388', 'grad_norm': '0.008282', 'learning_rate': '1.67e-05', 'epoch': '1.32'}
{'loss': '0.04108', 'grad_norm': '0.00518', 'learning_rate': '1.669e-05', 'epoch': '1.326'}
{'loss': '0.002072', 'grad_norm': '0.006927', 'learning_rate': '1.667e-05', 'epoch': '1.332'}
{'loss': '0.03447', 'grad_norm': '0.006074', 'learning_rate': '1.666e-05', 'epoch': '1.338'}
{'loss': '0.0248', 'grad_norm': '1.677', 'learning_rate': '1.664e-05', 'epoch': '1.344'}
{'loss': '0.01277', 'grad_norm': '0.01072', 'learning_rate': '1.663e-05', 'epoch': '1.35'}
{'loss': '0.01663', 'grad_norm': '0.5556', 'learning_rate': '1.661e-05', 'epoch': '1.356'}
{'loss': '0.005142', 'grad_norm': '0.005268', 'learning_rate': '1.66e-05', 'epoch': '1.363'}
{'loss': '0.01856', 'grad_norm': '0.009454', 'learning_rate': '1.658e-05', 'epoch': '1.369'}
{'loss': '0.003528', 'grad_norm': '0.005919', 'learning_rate': '1.656e-05', 'epoch': '1.375'}
{'loss': '0.006871', 'grad_norm': '0.5378', 'learning_rate': '1.655e-05', 'epoch': '1.381'}
{'loss': '0.0397', 'grad_norm': '0.3512', 'learning_rate': '1.653e-05', 'epoch': '1.387'}
{'loss': '0.02698', 'grad_norm': '7.606', 'learning_rate': '1.652e-05', 'epoch': '1.393'}
{'loss': '0.003641', 'grad_norm': '0.009348', 'learning_rate': '1.65e-05', 'epoch': '1.399'}
{'loss': '0.005781', 'grad_norm': '0.007781', 'learning_rate': '1.649e-05', 'epoch': '1.405'}
{'loss': '0.02741', 'grad_norm': '0.4378', 'learning_rate': '1.647e-05', 'epoch': '1.411'}
{'loss': '0.02516', 'grad_norm': '0.01006', 'learning_rate': '1.646e-05', 'epoch': '1.417'}
{'loss': '0.02034', 'grad_norm': '0.01361', 'learning_rate': '1.644e-05', 'epoch': '1.423'}
{'loss': '0.003467', 'grad_norm': '0.2389', 'learning_rate': '1.643e-05', 'epoch': '1.429'}
{'loss': '0.003303', 'grad_norm': '0.02212', 'learning_rate': '1.641e-05', 'epoch': '1.436'}
{'loss': '0.01289', 'grad_norm': '0.006697', 'learning_rate': '1.64e-05', 'epoch': '1.442'}
{'loss': '0.02735', 'grad_norm': '0.01469', 'learning_rate': '1.638e-05', 'epoch': '1.448'}
{'loss': '0.04729', 'grad_norm': '0.03168', 'learning_rate': '1.637e-05', 'epoch': '1.454'}
{'loss': '0.0173', 'grad_norm': '0.03833', 'learning_rate': '1.635e-05', 'epoch': '1.46'}
{'loss': '0.00604', 'grad_norm': '0.6423', 'learning_rate': '1.634e-05', 'epoch': '1.466'}
{'loss': '0.0127', 'grad_norm': '1.802', 'learning_rate': '1.632e-05', 'epoch': '1.472'}
{'loss': '0.02027', 'grad_norm': '0.005395', 'learning_rate': '1.631e-05', 'epoch': '1.478'}
{'loss': '0.02113', 'grad_norm': '0.006437', 'learning_rate': '1.629e-05', 'epoch': '1.484'}
{'loss': '0.008687', 'grad_norm': '2.247', 'learning_rate': '1.628e-05', 'epoch': '1.49'}
{'loss': '0.04049', 'grad_norm': '0.00863', 'learning_rate': '1.626e-05', 'epoch': '1.496'}
{'loss': '0.05097', 'grad_norm': '0.02244', 'learning_rate': '1.625e-05', 'epoch': '1.502'}
{'loss': '0.03579', 'grad_norm': '37.51', 'learning_rate': '1.623e-05', 'epoch': '1.509'}
{'loss': '0.02831', 'grad_norm': '0.023', 'learning_rate': '1.622e-05', 'epoch': '1.515'}
{'loss': '0.02096', 'grad_norm': '0.01504', 'learning_rate': '1.62e-05', 'epoch': '1.521'}
{'loss': '0.05307', 'grad_norm': '0.01615', 'learning_rate': '1.618e-05', 'epoch': '1.527'}
{'loss': '0.00419', 'grad_norm': '0.01945', 'learning_rate': '1.617e-05', 'epoch': '1.533'}
{'loss': '0.0006268', 'grad_norm': '0.01016', 'learning_rate': '1.615e-05', 'epoch': '1.539'}
{'loss': '0.0118', 'grad_norm': '0.01049', 'learning_rate': '1.614e-05', 'epoch': '1.545'}
{'loss': '0.0505', 'grad_norm': '0.006837', 'learning_rate': '1.612e-05', 'epoch': '1.551'}
{'loss': '0.003052', 'grad_norm': '0.01363', 'learning_rate': '1.611e-05', 'epoch': '1.557'}
{'loss': '0.02559', 'grad_norm': '0.2052', 'learning_rate': '1.609e-05', 'epoch': '1.563'}
{'loss': '0.02353', 'grad_norm': '48.86', 'learning_rate': '1.608e-05', 'epoch': '1.569'}
{'loss': '0.005683', 'grad_norm': '0.02102', 'learning_rate': '1.606e-05', 'epoch': '1.575'}
{'loss': '0.03019', 'grad_norm': '0.483', 'learning_rate': '1.605e-05', 'epoch': '1.582'}
{'loss': '0.007573', 'grad_norm': '0.04681', 'learning_rate': '1.603e-05', 'epoch': '1.588'}
{'loss': '0.001268', 'grad_norm': '0.005716', 'learning_rate': '1.602e-05', 'epoch': '1.594'}
{'loss': '0.02908', 'grad_norm': '0.4288', 'learning_rate': '1.6e-05', 'epoch': '1.6'}
{'loss': '0.02956', 'grad_norm': '0.01413', 'learning_rate': '1.599e-05', 'epoch': '1.606'}
{'loss': '0.005222', 'grad_norm': '0.005108', 'learning_rate': '1.597e-05', 'epoch': '1.612'}
{'loss': '0.007401', 'grad_norm': '0.003681', 'learning_rate': '1.596e-05', 'epoch': '1.618'}
{'loss': '0.002368', 'grad_norm': '0.004104', 'learning_rate': '1.594e-05', 'epoch': '1.624'}
{'loss': '0.00148', 'grad_norm': '0.004265', 'learning_rate': '1.593e-05', 'epoch': '1.63'}
{'loss': '0.0001474', 'grad_norm': '0.003795', 'learning_rate': '1.591e-05', 'epoch': '1.636'}
{'loss': '0.03006', 'grad_norm': '0.00307', 'learning_rate': '1.59e-05', 'epoch': '1.642'}
{'loss': '0.002495', 'grad_norm': '0.01648', 'learning_rate': '1.588e-05', 'epoch': '1.648'}
{'loss': '0.0002489', 'grad_norm': '0.04791', 'learning_rate': '1.587e-05', 'epoch': '1.655'}
{'loss': '0.000165', 'grad_norm': '0.002998', 'learning_rate': '1.585e-05', 'epoch': '1.661'}
{'loss': '0.001576', 'grad_norm': '0.08534', 'learning_rate': '1.583e-05', 'epoch': '1.667'}
{'loss': '0.004101', 'grad_norm': '0.05877', 'learning_rate': '1.582e-05', 'epoch': '1.673'}
{'loss': '0.02402', 'grad_norm': '0.02185', 'learning_rate': '1.58e-05', 'epoch': '1.679'}
{'loss': '0.008353', 'grad_norm': '0.03037', 'learning_rate': '1.579e-05', 'epoch': '1.685'}
{'loss': '0.0212', 'grad_norm': '0.01887', 'learning_rate': '1.577e-05', 'epoch': '1.691'}
{'loss': '0.053', 'grad_norm': '0.008024', 'learning_rate': '1.576e-05', 'epoch': '1.697'}
{'loss': '0.04519', 'grad_norm': '0.05304', 'learning_rate': '1.574e-05', 'epoch': '1.703'}
{'loss': '0.007608', 'grad_norm': '0.2579', 'learning_rate': '1.573e-05', 'epoch': '1.709'}
{'loss': '0.00516', 'grad_norm': '0.01963', 'learning_rate': '1.571e-05', 'epoch': '1.715'}
{'loss': '0.02396', 'grad_norm': '5.363', 'learning_rate': '1.57e-05', 'epoch': '1.721'}
{'loss': '0.01581', 'grad_norm': '0.3513', 'learning_rate': '1.568e-05', 'epoch': '1.727'}
{'loss': '0.02956', 'grad_norm': '0.4965', 'learning_rate': '1.567e-05', 'epoch': '1.734'}
{'loss': '0.0389', 'grad_norm': '0.04031', 'learning_rate': '1.565e-05', 'epoch': '1.74'}
{'loss': '0.02224', 'grad_norm': '27.62', 'learning_rate': '1.564e-05', 'epoch': '1.746'}
{'loss': '0.01375', 'grad_norm': '0.05351', 'learning_rate': '1.562e-05', 'epoch': '1.752'}
{'loss': '0.02534', 'grad_norm': '0.7494', 'learning_rate': '1.561e-05', 'epoch': '1.758'}
{'loss': '0.02164', 'grad_norm': '0.008106', 'learning_rate': '1.559e-05', 'epoch': '1.764'}
{'loss': '0.003536', 'grad_norm': '0.004228', 'learning_rate': '1.558e-05', 'epoch': '1.77'}
{'loss': '0.01772', 'grad_norm': '0.03238', 'learning_rate': '1.556e-05', 'epoch': '1.776'}
{'loss': '0.001192', 'grad_norm': '0.2164', 'learning_rate': '1.555e-05', 'epoch': '1.782'}
{'loss': '0.002336', 'grad_norm': '0.003062', 'learning_rate': '1.553e-05', 'epoch': '1.788'}
{'loss': '0.02798', 'grad_norm': '0.05606', 'learning_rate': '1.552e-05', 'epoch': '1.794'}
{'loss': '0.03244', 'grad_norm': '0.0796', 'learning_rate': '1.55e-05', 'epoch': '1.8'}
{'loss': '0.0002604', 'grad_norm': '0.01714', 'learning_rate': '1.549e-05', 'epoch': '1.807'}
{'loss': '0.00031', 'grad_norm': '0.1562', 'learning_rate': '1.547e-05', 'epoch': '1.813'}
{'loss': '0.003014', 'grad_norm': '0.002949', 'learning_rate': '1.545e-05', 'epoch': '1.819'}
{'loss': '0.01779', 'grad_norm': '4.496', 'learning_rate': '1.544e-05', 'epoch': '1.825'}
{'loss': '0.02174', 'grad_norm': '0.0343', 'learning_rate': '1.542e-05', 'epoch': '1.831'}
{'loss': '0.005011', 'grad_norm': '0.5047', 'learning_rate': '1.541e-05', 'epoch': '1.837'}
{'loss': '0.008076', 'grad_norm': '0.00368', 'learning_rate': '1.539e-05', 'epoch': '1.843'}
{'loss': '0.0001757', 'grad_norm': '0.002623', 'learning_rate': '1.538e-05', 'epoch': '1.849'}
{'loss': '0.02352', 'grad_norm': '0.002125', 'learning_rate': '1.536e-05', 'epoch': '1.855'}
{'loss': '0.02165', 'grad_norm': '0.07402', 'learning_rate': '1.535e-05', 'epoch': '1.861'}
{'loss': '0.04125', 'grad_norm': '0.002431', 'learning_rate': '1.533e-05', 'epoch': '1.867'}
{'loss': '0.002337', 'grad_norm': '0.004128', 'learning_rate': '1.532e-05', 'epoch': '1.873'}
{'loss': '0.006676', 'grad_norm': '0.4048', 'learning_rate': '1.53e-05', 'epoch': '1.88'}
{'loss': '0.0002188', 'grad_norm': '0.01423', 'learning_rate': '1.529e-05', 'epoch': '1.886'}
{'loss': '0.005602', 'grad_norm': '0.003375', 'learning_rate': '1.527e-05', 'epoch': '1.892'}
{'loss': '0.008657', 'grad_norm': '0.002745', 'learning_rate': '1.526e-05', 'epoch': '1.898'}
{'loss': '0.0001058', 'grad_norm': '0.05625', 'learning_rate': '1.524e-05', 'epoch': '1.904'}
{'loss': '0.005186', 'grad_norm': '0.003367', 'learning_rate': '1.523e-05', 'epoch': '1.91'}
{'loss': '0.02933', 'grad_norm': '0.003858', 'learning_rate': '1.521e-05', 'epoch': '1.916'}
{'loss': '0.0003391', 'grad_norm': '0.01468', 'learning_rate': '1.52e-05', 'epoch': '1.922'}
{'loss': '0.00618', 'grad_norm': '0.009848', 'learning_rate': '1.518e-05', 'epoch': '1.928'}
{'loss': '0.02394', 'grad_norm': '0.3016', 'learning_rate': '1.517e-05', 'epoch': '1.934'}
{'loss': '0.02406', 'grad_norm': '0.01978', 'learning_rate': '1.515e-05', 'epoch': '1.94'}
{'loss': '0.01564', 'grad_norm': '0.02558', 'learning_rate': '1.514e-05', 'epoch': '1.946'}
{'loss': '0.008505', 'grad_norm': '11.76', 'learning_rate': '1.512e-05', 'epoch': '1.953'}
{'loss': '0.007929', 'grad_norm': '0.07111', 'learning_rate': '1.51e-05', 'epoch': '1.959'}
{'loss': '0.03618', 'grad_norm': '0.5355', 'learning_rate': '1.509e-05', 'epoch': '1.965'}
{'loss': '0.0487', 'grad_norm': '95.28', 'learning_rate': '1.507e-05', 'epoch': '1.971'}
{'loss': '0.009809', 'grad_norm': '0.5035', 'learning_rate': '1.506e-05', 'epoch': '1.977'}
{'loss': '0.005135', 'grad_norm': '0.04349', 'learning_rate': '1.504e-05', 'epoch': '1.983'}
{'loss': '0.000332', 'grad_norm': '0.01693', 'learning_rate': '1.503e-05', 'epoch': '1.989'}
{'loss': '0.01169', 'grad_norm': '0.01519', 'learning_rate': '1.501e-05', 'epoch': '1.995'}
{'eval_loss': '0.7123', 'eval_accuracy': '0.8951', 'eval_precision': '0.9216', 'eval_recall': '0.8765', 'eval_f1': '0.8985', 'eval_runtime': '3.228', 'eval_samples_per_second': '4026', 'eval_steps_per_second': '63.2', 'epoch': '2'}
{'loss': '0.03549', 'grad_norm': '0.3973', 'learning_rate': '1.5e-05', 'epoch': '2.001'}
{'loss': '0.00726', 'grad_norm': '0.5251', 'learning_rate': '1.498e-05', 'epoch': '2.007'}
{'loss': '0.002231', 'grad_norm': '0.006806', 'learning_rate': '1.497e-05', 'epoch': '2.013'}
{'loss': '0.00693', 'grad_norm': '0.004224', 'learning_rate': '1.495e-05', 'epoch': '2.019'}
{'loss': '0.004139', 'grad_norm': '0.01509', 'learning_rate': '1.494e-05', 'epoch': '2.026'}
{'loss': '0.002242', 'grad_norm': '0.007808', 'learning_rate': '1.492e-05', 'epoch': '2.032'}
{'loss': '0.04031', 'grad_norm': '0.003533', 'learning_rate': '1.491e-05', 'epoch': '2.038'}
{'loss': '0.002261', 'grad_norm': '0.003294', 'learning_rate': '1.489e-05', 'epoch': '2.044'}
{'loss': '0.02133', 'grad_norm': '0.005099', 'learning_rate': '1.488e-05', 'epoch': '2.05'}
{'loss': '0.005718', 'grad_norm': '0.003591', 'learning_rate': '1.486e-05', 'epoch': '2.056'}
{'loss': '0.02423', 'grad_norm': '0.006503', 'learning_rate': '1.485e-05', 'epoch': '2.062'}
{'loss': '0.009877', 'grad_norm': '0.003338', 'learning_rate': '1.483e-05', 'epoch': '2.068'}
{'loss': '0.002485', 'grad_norm': '0.003459', 'learning_rate': '1.482e-05', 'epoch': '2.074'}
{'loss': '0.006206', 'grad_norm': '0.00319', 'learning_rate': '1.48e-05', 'epoch': '2.08'}
{'loss': '0.003937', 'grad_norm': '0.002565', 'learning_rate': '1.479e-05', 'epoch': '2.086'}
{'loss': '0.003088', 'grad_norm': '0.01506', 'learning_rate': '1.477e-05', 'epoch': '2.092'}
{'loss': '0.006346', 'grad_norm': '0.002792', 'learning_rate': '1.476e-05', 'epoch': '2.099'}
{'loss': '0.006316', 'grad_norm': '0.002662', 'learning_rate': '1.474e-05', 'epoch': '2.105'}
{'loss': '0.0001604', 'grad_norm': '0.7297', 'learning_rate': '1.472e-05', 'epoch': '2.111'}
{'loss': '0.001999', 'grad_norm': '0.002779', 'learning_rate': '1.471e-05', 'epoch': '2.117'}
{'loss': '0.003652', 'grad_norm': '0.00215', 'learning_rate': '1.469e-05', 'epoch': '2.123'}
{'loss': '0.01103', 'grad_norm': '0.002084', 'learning_rate': '1.468e-05', 'epoch': '2.129'}
{'loss': '0.02321', 'grad_norm': '0.006265', 'learning_rate': '1.466e-05', 'epoch': '2.135'}
{'loss': '0.009353', 'grad_norm': '0.002029', 'learning_rate': '1.465e-05', 'epoch': '2.141'}
{'loss': '0.00672', 'grad_norm': '0.003071', 'learning_rate': '1.463e-05', 'epoch': '2.147'}
{'loss': '0.006371', 'grad_norm': '0.002019', 'learning_rate': '1.462e-05', 'epoch': '2.153'}
{'loss': '0.004177', 'grad_norm': '0.4244', 'learning_rate': '1.46e-05', 'epoch': '2.159'}
{'loss': '0.006741', 'grad_norm': '0.003197', 'learning_rate': '1.459e-05', 'epoch': '2.165'}
{'loss': '0.006565', 'grad_norm': '0.00183', 'learning_rate': '1.457e-05', 'epoch': '2.172'}
{'loss': '8.337e-05', 'grad_norm': '0.003637', 'learning_rate': '1.456e-05', 'epoch': '2.178'}
{'loss': '0.03841', 'grad_norm': '97.48', 'learning_rate': '1.454e-05', 'epoch': '2.184'}
{'loss': '0.00583', 'grad_norm': '0.009435', 'learning_rate': '1.453e-05', 'epoch': '2.19'}
{'loss': '0.02489', 'grad_norm': '0.07494', 'learning_rate': '1.451e-05', 'epoch': '2.196'}
{'loss': '0.005285', 'grad_norm': '0.006639', 'learning_rate': '1.45e-05', 'epoch': '2.202'}
{'loss': '0.02897', 'grad_norm': '0.05249', 'learning_rate': '1.448e-05', 'epoch': '2.208'}
{'loss': '0.006035', 'grad_norm': '18.86', 'learning_rate': '1.447e-05', 'epoch': '2.214'}
{'loss': '0.007384', 'grad_norm': '0.007708', 'learning_rate': '1.445e-05', 'epoch': '2.22'}
{'loss': '0.00446', 'grad_norm': '0.4932', 'learning_rate': '1.444e-05', 'epoch': '2.226'}
{'loss': '0.0001807', 'grad_norm': '0.004381', 'learning_rate': '1.442e-05', 'epoch': '2.232'}
{'loss': '0.0001679', 'grad_norm': '0.005228', 'learning_rate': '1.441e-05', 'epoch': '2.238'}
{'loss': '0.007462', 'grad_norm': '0.6164', 'learning_rate': '1.439e-05', 'epoch': '2.245'}
{'loss': '0.003567', 'grad_norm': '0.003195', 'learning_rate': '1.438e-05', 'epoch': '2.251'}
{'loss': '0.0001327', 'grad_norm': '0.002876', 'learning_rate': '1.436e-05', 'epoch': '2.257'}
{'loss': '0.01821', 'grad_norm': '14.24', 'learning_rate': '1.434e-05', 'epoch': '2.263'}
{'loss': '0.009322', 'grad_norm': '0.002287', 'learning_rate': '1.433e-05', 'epoch': '2.269'}
{'loss': '0.0001192', 'grad_norm': '0.002943', 'learning_rate': '1.431e-05', 'epoch': '2.275'}
{'loss': '0.007552', 'grad_norm': '0.002834', 'learning_rate': '1.43e-05', 'epoch': '2.281'}
{'loss': '0.0001139', 'grad_norm': '0.002348', 'learning_rate': '1.428e-05', 'epoch': '2.287'}
{'loss': '0.02076', 'grad_norm': '0.002535', 'learning_rate': '1.427e-05', 'epoch': '2.293'}
{'loss': '0.00378', 'grad_norm': '0.002713', 'learning_rate': '1.425e-05', 'epoch': '2.299'}
{'loss': '0.004363', 'grad_norm': '0.00375', 'learning_rate': '1.424e-05', 'epoch': '2.305'}
{'loss': '0.02286', 'grad_norm': '0.002048', 'learning_rate': '1.422e-05', 'epoch': '2.311'}
{'loss': '0.03786', 'grad_norm': '1.257', 'learning_rate': '1.421e-05', 'epoch': '2.318'}
{'loss': '0.008423', 'grad_norm': '5.103', 'learning_rate': '1.419e-05', 'epoch': '2.324'}
{'loss': '0.00705', 'grad_norm': '0.002906', 'learning_rate': '1.418e-05', 'epoch': '2.33'}
{'loss': '0.008043', 'grad_norm': '0.00239', 'learning_rate': '1.416e-05', 'epoch': '2.336'}
{'loss': '0.01418', 'grad_norm': '1.251', 'learning_rate': '1.415e-05', 'epoch': '2.342'}
{'loss': '0.03337', 'grad_norm': '0.005383', 'learning_rate': '1.413e-05', 'epoch': '2.348'}
{'loss': '0.01935', 'grad_norm': '0.002109', 'learning_rate': '1.412e-05', 'epoch': '2.354'}
{'loss': '0.007472', 'grad_norm': '0.002386', 'learning_rate': '1.41e-05', 'epoch': '2.36'}
{'loss': '0.004319', 'grad_norm': '0.002335', 'learning_rate': '1.409e-05', 'epoch': '2.366'}
{'loss': '0.006368', 'grad_norm': '0.006398', 'learning_rate': '1.407e-05', 'epoch': '2.372'}
{'loss': '0.003133', 'grad_norm': '0.00174', 'learning_rate': '1.406e-05', 'epoch': '2.378'}
{'loss': '0.002105', 'grad_norm': '0.002613', 'learning_rate': '1.404e-05', 'epoch': '2.384'}
{'loss': '0.0009268', 'grad_norm': '0.002606', 'learning_rate': '1.403e-05', 'epoch': '2.391'}
{'loss': '0.009336', 'grad_norm': '0.002363', 'learning_rate': '1.401e-05', 'epoch': '2.397'}
{'loss': '7.962e-05', 'grad_norm': '0.001719', 'learning_rate': '1.399e-05', 'epoch': '2.403'}
{'loss': '0.00314', 'grad_norm': '0.001595', 'learning_rate': '1.398e-05', 'epoch': '2.409'}
{'loss': '0.002831', 'grad_norm': '0.001602', 'learning_rate': '1.396e-05', 'epoch': '2.415'}
{'loss': '0.001399', 'grad_norm': '0.001602', 'learning_rate': '1.395e-05', 'epoch': '2.421'}
{'loss': '0.03004', 'grad_norm': '0.6622', 'learning_rate': '1.393e-05', 'epoch': '2.427'}
{'loss': '0.001567', 'grad_norm': '0.007056', 'learning_rate': '1.392e-05', 'epoch': '2.433'}
{'loss': '0.00696', 'grad_norm': '0.005308', 'learning_rate': '1.39e-05', 'epoch': '2.439'}
{'loss': '0.0002019', 'grad_norm': '0.008763', 'learning_rate': '1.389e-05', 'epoch': '2.445'}
{'loss': '0.008584', 'grad_norm': '0.00475', 'learning_rate': '1.387e-05', 'epoch': '2.451'}
{'loss': '0.004306', 'grad_norm': '21.86', 'learning_rate': '1.386e-05', 'epoch': '2.457'}
{'loss': '0.004562', 'grad_norm': '0.005624', 'learning_rate': '1.384e-05', 'epoch': '2.464'}
{'loss': '0.00171', 'grad_norm': '0.002265', 'learning_rate': '1.383e-05', 'epoch': '2.47'}
{'loss': '0.00406', 'grad_norm': '0.002489', 'learning_rate': '1.381e-05', 'epoch': '2.476'}
{'loss': '0.004191', 'grad_norm': '0.002023', 'learning_rate': '1.38e-05', 'epoch': '2.482'}
{'loss': '0.003588', 'grad_norm': '0.002043', 'learning_rate': '1.378e-05', 'epoch': '2.488'}
{'loss': '0.005277', 'grad_norm': '0.7466', 'learning_rate': '1.377e-05', 'epoch': '2.494'}
{'loss': '0.02144', 'grad_norm': '0.5245', 'learning_rate': '1.375e-05', 'epoch': '2.5'}
{'loss': '8.625e-05', 'grad_norm': '0.00204', 'learning_rate': '1.374e-05', 'epoch': '2.506'}
{'loss': '0.005881', 'grad_norm': '0.002107', 'learning_rate': '1.372e-05', 'epoch': '2.512'}
{'loss': '0.03487', 'grad_norm': '115.2', 'learning_rate': '1.371e-05', 'epoch': '2.518'}
{'loss': '0.0001283', 'grad_norm': '0.001738', 'learning_rate': '1.369e-05', 'epoch': '2.524'}
{'loss': '0.02221', 'grad_norm': '0.001841', 'learning_rate': '1.368e-05', 'epoch': '2.53'}
{'loss': '0.002262', 'grad_norm': '0.001675', 'learning_rate': '1.366e-05', 'epoch': '2.536'}
{'loss': '0.004929', 'grad_norm': '0.1633', 'learning_rate': '1.365e-05', 'epoch': '2.543'}
{'loss': '0.005909', 'grad_norm': '0.002326', 'learning_rate': '1.363e-05', 'epoch': '2.549'}
{'loss': '0.004289', 'grad_norm': '0.001526', 'learning_rate': '1.361e-05', 'epoch': '2.555'}
{'loss': '0.01068', 'grad_norm': '0.001505', 'learning_rate': '1.36e-05', 'epoch': '2.561'}
{'loss': '0.01418', 'grad_norm': '0.6714', 'learning_rate': '1.358e-05', 'epoch': '2.567'}
{'loss': '0.01395', 'grad_norm': '0.6681', 'learning_rate': '1.357e-05', 'epoch': '2.573'}
{'loss': '0.002591', 'grad_norm': '0.001327', 'learning_rate': '1.355e-05', 'epoch': '2.579'}
{'loss': '0.00202', 'grad_norm': '0.001314', 'learning_rate': '1.354e-05', 'epoch': '2.585'}
{'loss': '0.003698', 'grad_norm': '0.00126', 'learning_rate': '1.352e-05', 'epoch': '2.591'}
{'loss': '0.001769', 'grad_norm': '0.4998', 'learning_rate': '1.351e-05', 'epoch': '2.597'}
{'loss': '0.005173', 'grad_norm': '0.6266', 'learning_rate': '1.349e-05', 'epoch': '2.603'}
{'loss': '0.01114', 'grad_norm': '0.5854', 'learning_rate': '1.348e-05', 'epoch': '2.609'}
{'loss': '0.01332', 'grad_norm': '0.001658', 'learning_rate': '1.346e-05', 'epoch': '2.616'}
{'loss': '0.01319', 'grad_norm': '0.001218', 'learning_rate': '1.345e-05', 'epoch': '2.622'}
{'loss': '0.01284', 'grad_norm': '0.001215', 'learning_rate': '1.343e-05', 'epoch': '2.628'}
{'loss': '0.01031', 'grad_norm': '0.02022', 'learning_rate': '1.342e-05', 'epoch': '2.634'}
{'loss': '0.002132', 'grad_norm': '0.001508', 'learning_rate': '1.34e-05', 'epoch': '2.64'}
{'loss': '0.004228', 'grad_norm': '0.001081', 'learning_rate': '1.339e-05', 'epoch': '2.646'}
{'loss': '0.00591', 'grad_norm': '0.001148', 'learning_rate': '1.337e-05', 'epoch': '2.652'}
{'loss': '0.002111', 'grad_norm': '0.001103', 'learning_rate': '1.336e-05', 'epoch': '2.658'}
{'loss': '0.02655', 'grad_norm': '0.001391', 'learning_rate': '1.334e-05', 'epoch': '2.664'}
{'loss': '0.04567', 'grad_norm': '97.3', 'learning_rate': '1.333e-05', 'epoch': '2.67'}
{'loss': '0.004578', 'grad_norm': '0.00453', 'learning_rate': '1.331e-05', 'epoch': '2.676'}
{'loss': '0.01852', 'grad_norm': '0.01031', 'learning_rate': '1.33e-05', 'epoch': '2.682'}
{'loss': '0.006957', 'grad_norm': '0.008', 'learning_rate': '1.328e-05', 'epoch': '2.689'}
{'loss': '0.004545', 'grad_norm': '0.004051', 'learning_rate': '1.326e-05', 'epoch': '2.695'}
{'loss': '0.001494', 'grad_norm': '0.4189', 'learning_rate': '1.325e-05', 'epoch': '2.701'}
{'loss': '0.00396', 'grad_norm': '0.002634', 'learning_rate': '1.323e-05', 'epoch': '2.707'}
{'loss': '0.03461', 'grad_norm': '0.003469', 'learning_rate': '1.322e-05', 'epoch': '2.713'}
{'loss': '0.007967', 'grad_norm': '0.01478', 'learning_rate': '1.32e-05', 'epoch': '2.719'}
{'loss': '0.00584', 'grad_norm': '0.5769', 'learning_rate': '1.319e-05', 'epoch': '2.725'}
{'loss': '0.002925', 'grad_norm': '0.005309', 'learning_rate': '1.317e-05', 'epoch': '2.731'}
{'loss': '0.009099', 'grad_norm': '0.005177', 'learning_rate': '1.316e-05', 'epoch': '2.737'}
{'loss': '0.008159', 'grad_norm': '0.003304', 'learning_rate': '1.314e-05', 'epoch': '2.743'}
{'loss': '0.02577', 'grad_norm': '0.004161', 'learning_rate': '1.313e-05', 'epoch': '2.749'}
{'loss': '0.003908', 'grad_norm': '0.007824', 'learning_rate': '1.311e-05', 'epoch': '2.755'}
{'loss': '0.03787', 'grad_norm': '0.01266', 'learning_rate': '1.31e-05', 'epoch': '2.762'}
{'loss': '0.026', 'grad_norm': '0.009755', 'learning_rate': '1.308e-05', 'epoch': '2.768'}
{'loss': '0.02841', 'grad_norm': '0.6781', 'learning_rate': '1.307e-05', 'epoch': '2.774'}
{'loss': '0.004276', 'grad_norm': '0.05572', 'learning_rate': '1.305e-05', 'epoch': '2.78'}
{'loss': '0.01687', 'grad_norm': '0.003525', 'learning_rate': '1.304e-05', 'epoch': '2.786'}
{'loss': '0.01348', 'grad_norm': '0.02496', 'learning_rate': '1.302e-05', 'epoch': '2.792'}
{'loss': '0.003685', 'grad_norm': '0.004695', 'learning_rate': '1.301e-05', 'epoch': '2.798'}
{'loss': '0.004267', 'grad_norm': '0.007626', 'learning_rate': '1.299e-05', 'epoch': '2.804'}
{'loss': '0.009007', 'grad_norm': '0.00226', 'learning_rate': '1.298e-05', 'epoch': '2.81'}
{'loss': '0.04327', 'grad_norm': '0.00315', 'learning_rate': '1.296e-05', 'epoch': '2.816'}
{'loss': '0.03062', 'grad_norm': '83.37', 'learning_rate': '1.295e-05', 'epoch': '2.822'}
{'loss': '0.01198', 'grad_norm': '8.2', 'learning_rate': '1.293e-05', 'epoch': '2.828'}
{'loss': '0.0005654', 'grad_norm': '0.002941', 'learning_rate': '1.292e-05', 'epoch': '2.835'}
{'loss': '0.03023', 'grad_norm': '0.003719', 'learning_rate': '1.29e-05', 'epoch': '2.841'}
{'loss': '0.003977', 'grad_norm': '0.01045', 'learning_rate': '1.288e-05', 'epoch': '2.847'}
{'loss': '0.004268', 'grad_norm': '0.005875', 'learning_rate': '1.287e-05', 'epoch': '2.853'}
{'loss': '0.01798', 'grad_norm': '4.319', 'learning_rate': '1.285e-05', 'epoch': '2.859'}
{'loss': '0.0001573', 'grad_norm': '0.005962', 'learning_rate': '1.284e-05', 'epoch': '2.865'}
{'loss': '0.003466', 'grad_norm': '0.7686', 'learning_rate': '1.282e-05', 'epoch': '2.871'}
{'loss': '0.0001465', 'grad_norm': '0.004672', 'learning_rate': '1.281e-05', 'epoch': '2.877'}
{'loss': '0.004563', 'grad_norm': '0.3988', 'learning_rate': '1.279e-05', 'epoch': '2.883'}
{'loss': '0.01458', 'grad_norm': '0.003352', 'learning_rate': '1.278e-05', 'epoch': '2.889'}
{'loss': '0.008206', 'grad_norm': '0.003486', 'learning_rate': '1.276e-05', 'epoch': '2.895'}
{'loss': '0.02051', 'grad_norm': '0.002041', 'learning_rate': '1.275e-05', 'epoch': '2.901'}
{'loss': '0.003537', 'grad_norm': '0.001758', 'learning_rate': '1.273e-05', 'epoch': '2.908'}
{'loss': '0.01067', 'grad_norm': '0.001737', 'learning_rate': '1.272e-05', 'epoch': '2.914'}
{'loss': '0.002126', 'grad_norm': '0.001939', 'learning_rate': '1.27e-05', 'epoch': '2.92'}
{'loss': '0.03406', 'grad_norm': '0.001838', 'learning_rate': '1.269e-05', 'epoch': '2.926'}
{'loss': '0.03064', 'grad_norm': '125.9', 'learning_rate': '1.267e-05', 'epoch': '2.932'}
{'loss': '0.006607', 'grad_norm': '0.004032', 'learning_rate': '1.266e-05', 'epoch': '2.938'}
{'loss': '0.001955', 'grad_norm': '0.00211', 'learning_rate': '1.264e-05', 'epoch': '2.944'}
{'loss': '0.01341', 'grad_norm': '0.02303', 'learning_rate': '1.263e-05', 'epoch': '2.95'}
{'loss': '0.0016', 'grad_norm': '0.02221', 'learning_rate': '1.261e-05', 'epoch': '2.956'}
{'loss': '0.003414', 'grad_norm': '0.00185', 'learning_rate': '1.26e-05', 'epoch': '2.962'}
{'loss': '0.003085', 'grad_norm': '0.001804', 'learning_rate': '1.258e-05', 'epoch': '2.968'}
{'loss': '7.822e-05', 'grad_norm': '0.001852', 'learning_rate': '1.257e-05', 'epoch': '2.974'}
{'loss': '0.005248', 'grad_norm': '0.4402', 'learning_rate': '1.255e-05', 'epoch': '2.981'}
{'loss': '0.004661', 'grad_norm': '0.001569', 'learning_rate': '1.253e-05', 'epoch': '2.987'}
{'loss': '0.01427', 'grad_norm': '0.001803', 'learning_rate': '1.252e-05', 'epoch': '2.993'}
{'loss': '0.01905', 'grad_norm': '55.39', 'learning_rate': '1.25e-05', 'epoch': '2.999'}
{'eval_loss': '0.8696', 'eval_accuracy': '0.8966', 'eval_precision': '0.8876', 'eval_recall': '0.9214', 'eval_f1': '0.9042', 'eval_runtime': '3.205', 'eval_samples_per_second': '4055', 'eval_steps_per_second': '63.65', 'epoch': '3'}
{'loss': '0.003031', 'grad_norm': '0.00175', 'learning_rate': '1.249e-05', 'epoch': '3.005'}
{'loss': '0.03262', 'grad_norm': '0.001535', 'learning_rate': '1.247e-05', 'epoch': '3.011'}
{'loss': '0.001294', 'grad_norm': '0.006244', 'learning_rate': '1.246e-05', 'epoch': '3.017'}
{'loss': '0.04128', 'grad_norm': '0.001966', 'learning_rate': '1.244e-05', 'epoch': '3.023'}
{'loss': '0.0005809', 'grad_norm': '1.494', 'learning_rate': '1.243e-05', 'epoch': '3.029'}
{'loss': '0.003168', 'grad_norm': '0.004103', 'learning_rate': '1.241e-05', 'epoch': '3.035'}
{'loss': '0.002942', 'grad_norm': '0.001711', 'learning_rate': '1.24e-05', 'epoch': '3.041'}
{'loss': '0.0681', 'grad_norm': '0.5059', 'learning_rate': '1.238e-05', 'epoch': '3.047'}
{'loss': '0.01045', 'grad_norm': '0.6542', 'learning_rate': '1.237e-05', 'epoch': '3.054'}
{'loss': '0.02307', 'grad_norm': '0.01251', 'learning_rate': '1.235e-05', 'epoch': '3.06'}
{'loss': '0.0002302', 'grad_norm': '0.7888', 'learning_rate': '1.234e-05', 'epoch': '3.066'}
{'loss': '0.003071', 'grad_norm': '0.002203', 'learning_rate': '1.232e-05', 'epoch': '3.072'}
{'loss': '0.004691', 'grad_norm': '0.005578', 'learning_rate': '1.231e-05', 'epoch': '3.078'}
{'loss': '0.001848', 'grad_norm': '0.001938', 'learning_rate': '1.229e-05', 'epoch': '3.084'}
{'loss': '6.086e-05', 'grad_norm': '0.001311', 'learning_rate': '1.228e-05', 'epoch': '3.09'}
{'loss': '6.614e-05', 'grad_norm': '0.001349', 'learning_rate': '1.226e-05', 'epoch': '3.096'}
{'loss': '8.002e-05', 'grad_norm': '0.001382', 'learning_rate': '1.225e-05', 'epoch': '3.102'}
{'loss': '0.001934', 'grad_norm': '0.001387', 'learning_rate': '1.223e-05', 'epoch': '3.108'}
{'loss': '0.004974', 'grad_norm': '0.2749', 'learning_rate': '1.222e-05', 'epoch': '3.114'}
{'loss': '0.005509', 'grad_norm': '0.001298', 'learning_rate': '1.22e-05', 'epoch': '3.12'}
{'loss': '5.265e-05', 'grad_norm': '0.001225', 'learning_rate': '1.219e-05', 'epoch': '3.127'}
{'loss': '0.003983', 'grad_norm': '0.00113', 'learning_rate': '1.217e-05', 'epoch': '3.133'}
{'loss': '0.007148', 'grad_norm': '0.001132', 'learning_rate': '1.215e-05', 'epoch': '3.139'}
{'loss': '0.002002', 'grad_norm': '0.001119', 'learning_rate': '1.214e-05', 'epoch': '3.145'}
{'loss': '0.002979', 'grad_norm': '0.001054', 'learning_rate': '1.212e-05', 'epoch': '3.151'}
{'loss': '0.006465', 'grad_norm': '0.001038', 'learning_rate': '1.211e-05', 'epoch': '3.157'}
{'loss': '0.001866', 'grad_norm': '0.001328', 'learning_rate': '1.209e-05', 'epoch': '3.163'}
{'loss': '0.0214', 'grad_norm': '0.00396', 'learning_rate': '1.208e-05', 'epoch': '3.169'}
{'loss': '0.003259', 'grad_norm': '0.01595', 'learning_rate': '1.206e-05', 'epoch': '3.175'}
{'loss': '0.003798', 'grad_norm': '0.4578', 'learning_rate': '1.205e-05', 'epoch': '3.181'}
{'loss': '0.005163', 'grad_norm': '0.01391', 'learning_rate': '1.203e-05', 'epoch': '3.187'}
{'loss': '0.006628', 'grad_norm': '0.5182', 'learning_rate': '1.202e-05', 'epoch': '3.193'}
{'loss': '5.866e-05', 'grad_norm': '0.001494', 'learning_rate': '1.2e-05', 'epoch': '3.2'}
{'loss': '0.04069', 'grad_norm': '78.14', 'learning_rate': '1.199e-05', 'epoch': '3.206'}
{'loss': '0.003247', 'grad_norm': '0.001679', 'learning_rate': '1.197e-05', 'epoch': '3.212'}
{'loss': '0.009442', 'grad_norm': '0.001804', 'learning_rate': '1.196e-05', 'epoch': '3.218'}
{'loss': '0.04518', 'grad_norm': '0.002611', 'learning_rate': '1.194e-05', 'epoch': '3.224'}
{'loss': '0.00873', 'grad_norm': '0.01789', 'learning_rate': '1.193e-05', 'epoch': '3.23'}
{'loss': '0.009713', 'grad_norm': '0.002933', 'learning_rate': '1.191e-05', 'epoch': '3.236'}
{'loss': '0.01038', 'grad_norm': '0.00863', 'learning_rate': '1.19e-05', 'epoch': '3.242'}
{'loss': '0.003059', 'grad_norm': '0.002855', 'learning_rate': '1.188e-05', 'epoch': '3.248'}
{'loss': '0.003149', 'grad_norm': '0.001601', 'learning_rate': '1.187e-05', 'epoch': '3.254'}
{'loss': '0.008802', 'grad_norm': '0.009459', 'learning_rate': '1.185e-05', 'epoch': '3.26'}
{'loss': '0.003281', 'grad_norm': '0.001651', 'learning_rate': '1.184e-05', 'epoch': '3.266'}
{'loss': '0.03915', 'grad_norm': '0.001739', 'learning_rate': '1.182e-05', 'epoch': '3.273'}
{'loss': '0.004412', 'grad_norm': '0.008689', 'learning_rate': '1.181e-05', 'epoch': '3.279'}
{'loss': '0.006394', 'grad_norm': '0.002131', 'learning_rate': '1.179e-05', 'epoch': '3.285'}
{'loss': '0.007375', 'grad_norm': '0.00368', 'learning_rate': '1.177e-05', 'epoch': '3.291'}
{'loss': '0.005066', 'grad_norm': '0.002309', 'learning_rate': '1.176e-05', 'epoch': '3.297'}
{'loss': '0.004585', 'grad_norm': '0.008833', 'learning_rate': '1.174e-05', 'epoch': '3.303'}
{'loss': '0.009188', 'grad_norm': '0.485', 'learning_rate': '1.173e-05', 'epoch': '3.309'}
{'loss': '0.004057', 'grad_norm': '0.001565', 'learning_rate': '1.171e-05', 'epoch': '3.315'}
{'loss': '0.0168', 'grad_norm': '0.002048', 'learning_rate': '1.17e-05', 'epoch': '3.321'}
{'loss': '0.002677', 'grad_norm': '0.6685', 'learning_rate': '1.168e-05', 'epoch': '3.327'}
{'loss': '0.004244', 'grad_norm': '0.001514', 'learning_rate': '1.167e-05', 'epoch': '3.333'}
{'loss': '0.007112', 'grad_norm': '0.001554', 'learning_rate': '1.165e-05', 'epoch': '3.339'}
{'loss': '0.005736', 'grad_norm': '0.001781', 'learning_rate': '1.164e-05', 'epoch': '3.345'}
{'loss': '0.01771', 'grad_norm': '0.6372', 'learning_rate': '1.162e-05', 'epoch': '3.352'}
{'loss': '0.007292', 'grad_norm': '59.49', 'learning_rate': '1.161e-05', 'epoch': '3.358'}
{'loss': '0.003707', 'grad_norm': '0.001406', 'learning_rate': '1.159e-05', 'epoch': '3.364'}
{'loss': '0.003181', 'grad_norm': '0.7449', 'learning_rate': '1.158e-05', 'epoch': '3.37'}
{'loss': '0.00251', 'grad_norm': '0.655', 'learning_rate': '1.156e-05', 'epoch': '3.376'}
{'loss': '0.002286', 'grad_norm': '0.02257', 'learning_rate': '1.155e-05', 'epoch': '3.382'}
{'loss': '0.008671', 'grad_norm': '0.001339', 'learning_rate': '1.153e-05', 'epoch': '3.388'}
{'loss': '0.03331', 'grad_norm': '0.00126', 'learning_rate': '1.152e-05', 'epoch': '3.394'}
{'loss': '0.02782', 'grad_norm': '62.92', 'learning_rate': '1.15e-05', 'epoch': '3.4'}
{'loss': '0.006823', 'grad_norm': '0.007947', 'learning_rate': '1.149e-05', 'epoch': '3.406'}
{'loss': '0.002298', 'grad_norm': '0.002054', 'learning_rate': '1.147e-05', 'epoch': '3.412'}
{'loss': '0.01853', 'grad_norm': '0.001577', 'learning_rate': '1.146e-05', 'epoch': '3.418'}
{'loss': '0.00216', 'grad_norm': '0.00326', 'learning_rate': '1.144e-05', 'epoch': '3.425'}
{'loss': '0.002171', 'grad_norm': '0.5738', 'learning_rate': '1.142e-05', 'epoch': '3.431'}
{'loss': '0.008743', 'grad_norm': '0.8092', 'learning_rate': '1.141e-05', 'epoch': '3.437'}
{'loss': '0.01789', 'grad_norm': '0.7394', 'learning_rate': '1.139e-05', 'epoch': '3.443'}
{'loss': '0.005794', 'grad_norm': '0.00151', 'learning_rate': '1.138e-05', 'epoch': '3.449'}
{'loss': '0.002415', 'grad_norm': '0.6352', 'learning_rate': '1.136e-05', 'epoch': '3.455'}
{'loss': '0.01169', 'grad_norm': '0.001584', 'learning_rate': '1.135e-05', 'epoch': '3.461'}
{'loss': '0.004667', 'grad_norm': '0.00391', 'learning_rate': '1.133e-05', 'epoch': '3.467'}
{'loss': '0.002711', 'grad_norm': '0.002159', 'learning_rate': '1.132e-05', 'epoch': '3.473'}
{'loss': '0.008528', 'grad_norm': '0.001049', 'learning_rate': '1.13e-05', 'epoch': '3.479'}
{'loss': '0.005478', 'grad_norm': '0.001577', 'learning_rate': '1.129e-05', 'epoch': '3.485'}
{'loss': '0.005986', 'grad_norm': '0.001468', 'learning_rate': '1.127e-05', 'epoch': '3.491'}
{'loss': '0.00692', 'grad_norm': '0.001092', 'learning_rate': '1.126e-05', 'epoch': '3.498'}
{'loss': '0.00865', 'grad_norm': '0.001066', 'learning_rate': '1.124e-05', 'epoch': '3.504'}
{'loss': '0.003201', 'grad_norm': '0.4711', 'learning_rate': '1.123e-05', 'epoch': '3.51'}
{'loss': '0.002686', 'grad_norm': '0.7016', 'learning_rate': '1.121e-05', 'epoch': '3.516'}
{'loss': '0.001848', 'grad_norm': '0.001062', 'learning_rate': '1.12e-05', 'epoch': '3.522'}
{'loss': '4.451e-05', 'grad_norm': '0.0009894', 'learning_rate': '1.118e-05', 'epoch': '3.528'}
{'loss': '0.003186', 'grad_norm': '0.001112', 'learning_rate': '1.117e-05', 'epoch': '3.534'}
{'loss': '0.004512', 'grad_norm': '0.000983', 'learning_rate': '1.115e-05', 'epoch': '3.54'}
{'loss': '0.007252', 'grad_norm': '0.8133', 'learning_rate': '1.114e-05', 'epoch': '3.546'}
{'loss': '0.008373', 'grad_norm': '0.0009369', 'learning_rate': '1.112e-05', 'epoch': '3.552'}
{'loss': '0.003205', 'grad_norm': '0.0009004', 'learning_rate': '1.111e-05', 'epoch': '3.558'}
{'loss': '5.038e-05', 'grad_norm': '0.0009123', 'learning_rate': '1.109e-05', 'epoch': '3.564'}
{'loss': '0.003405', 'grad_norm': '0.0009786', 'learning_rate': '1.108e-05', 'epoch': '3.571'}
{'loss': '0.0001992', 'grad_norm': '0.03334', 'learning_rate': '1.106e-05', 'epoch': '3.577'}
{'loss': '3.843e-05', 'grad_norm': '0.0008299', 'learning_rate': '1.104e-05', 'epoch': '3.583'}
{'loss': '0.004567', 'grad_norm': '0.0009297', 'learning_rate': '1.103e-05', 'epoch': '3.589'}
{'loss': '0.003221', 'grad_norm': '0.001185', 'learning_rate': '1.101e-05', 'epoch': '3.595'}
{'loss': '0.005039', 'grad_norm': '0.0008853', 'learning_rate': '1.1e-05', 'epoch': '3.601'}
{'loss': '3.716e-05', 'grad_norm': '0.000887', 'learning_rate': '1.098e-05', 'epoch': '3.607'}
{'loss': '6.314e-05', 'grad_norm': '1.318', 'learning_rate': '1.097e-05', 'epoch': '3.613'}
{'loss': '0.005018', 'grad_norm': '0.0008755', 'learning_rate': '1.095e-05', 'epoch': '3.619'}
{'loss': '0.002046', 'grad_norm': '0.0007898', 'learning_rate': '1.094e-05', 'epoch': '3.625'}
{'loss': '9.033e-05', 'grad_norm': '0.000878', 'learning_rate': '1.092e-05', 'epoch': '3.631'}
{'loss': '0.008381', 'grad_norm': '0.0007779', 'learning_rate': '1.091e-05', 'epoch': '3.637'}
{'loss': '0.02316', 'grad_norm': '0.781', 'learning_rate': '1.089e-05', 'epoch': '3.644'}
{'loss': '0.03094', 'grad_norm': '0.0008144', 'learning_rate': '1.088e-05', 'epoch': '3.65'}
{'loss': '5.136e-05', 'grad_norm': '0.0009488', 'learning_rate': '1.086e-05', 'epoch': '3.656'}
{'loss': '0.00335', 'grad_norm': '0.54', 'learning_rate': '1.085e-05', 'epoch': '3.662'}
{'loss': '0.01186', 'grad_norm': '0.00104', 'learning_rate': '1.083e-05', 'epoch': '3.668'}
{'loss': '0.03309', 'grad_norm': '0.6023', 'learning_rate': '1.082e-05', 'epoch': '3.674'}
{'loss': '0.004254', 'grad_norm': '0.004133', 'learning_rate': '1.08e-05', 'epoch': '3.68'}
{'loss': '0.005927', 'grad_norm': '0.001707', 'learning_rate': '1.079e-05', 'epoch': '3.686'}
{'loss': '5.086e-05', 'grad_norm': '0.0009173', 'learning_rate': '1.077e-05', 'epoch': '3.692'}
{'loss': '0.003461', 'grad_norm': '0.001102', 'learning_rate': '1.076e-05', 'epoch': '3.698'}
{'loss': '0.002671', 'grad_norm': '0.0008514', 'learning_rate': '1.074e-05', 'epoch': '3.704'}
{'loss': '0.006459', 'grad_norm': '0.5632', 'learning_rate': '1.073e-05', 'epoch': '3.71'}
{'loss': '0.004374', 'grad_norm': '0.0008146', 'learning_rate': '1.071e-05', 'epoch': '3.717'}
{'loss': '0.005627', 'grad_norm': '0.000855', 'learning_rate': '1.069e-05', 'epoch': '3.723'}
{'loss': '0.002045', 'grad_norm': '0.00208', 'learning_rate': '1.068e-05', 'epoch': '3.729'}
{'loss': '0.003019', 'grad_norm': '0.000772', 'learning_rate': '1.066e-05', 'epoch': '3.735'}
{'loss': '3.354e-05', 'grad_norm': '0.0008021', 'learning_rate': '1.065e-05', 'epoch': '3.741'}
{'loss': '3.336e-05', 'grad_norm': '0.0007519', 'learning_rate': '1.063e-05', 'epoch': '3.747'}
{'loss': '3.14e-05', 'grad_norm': '0.0008173', 'learning_rate': '1.062e-05', 'epoch': '3.753'}
{'loss': '0.004983', 'grad_norm': '0.0008317', 'learning_rate': '1.06e-05', 'epoch': '3.759'}
{'loss': '0.03248', 'grad_norm': '17.19', 'learning_rate': '1.059e-05', 'epoch': '3.765'}
{'loss': '0.004256', 'grad_norm': '0.0009218', 'learning_rate': '1.057e-05', 'epoch': '3.771'}
{'loss': '0.002443', 'grad_norm': '0.001314', 'learning_rate': '1.056e-05', 'epoch': '3.777'}
{'loss': '0.03786', 'grad_norm': '0.06275', 'learning_rate': '1.054e-05', 'epoch': '3.783'}
{'loss': '0.01802', 'grad_norm': '0.01331', 'learning_rate': '1.053e-05', 'epoch': '3.79'}
{'loss': '0.02869', 'grad_norm': '0.004762', 'learning_rate': '1.051e-05', 'epoch': '3.796'}
{'loss': '0.0001172', 'grad_norm': '0.00314', 'learning_rate': '1.05e-05', 'epoch': '3.802'}
{'loss': '0.0001025', 'grad_norm': '0.002578', 'learning_rate': '1.048e-05', 'epoch': '3.808'}
{'loss': '0.05983', 'grad_norm': '0.002063', 'learning_rate': '1.047e-05', 'epoch': '3.814'}
{'loss': '0.004162', 'grad_norm': '0.002097', 'learning_rate': '1.045e-05', 'epoch': '3.82'}
{'loss': '0.005797', 'grad_norm': '0.002062', 'learning_rate': '1.044e-05', 'epoch': '3.826'}
{'loss': '0.007729', 'grad_norm': '0.7098', 'learning_rate': '1.042e-05', 'epoch': '3.832'}
{'loss': '0.00609', 'grad_norm': '0.004947', 'learning_rate': '1.041e-05', 'epoch': '3.838'}
{'loss': '0.0003756', 'grad_norm': '0.001281', 'learning_rate': '1.039e-05', 'epoch': '3.844'}
{'loss': '0.007004', 'grad_norm': '0.5875', 'learning_rate': '1.038e-05', 'epoch': '3.85'}
{'loss': '0.01557', 'grad_norm': '0.001282', 'learning_rate': '1.036e-05', 'epoch': '3.856'}
{'loss': '0.002405', 'grad_norm': '0.001314', 'learning_rate': '1.035e-05', 'epoch': '3.863'}
{'loss': '0.003146', 'grad_norm': '0.001019', 'learning_rate': '1.033e-05', 'epoch': '3.869'}
{'loss': '0.04362', 'grad_norm': '0.008722', 'learning_rate': '1.031e-05', 'epoch': '3.875'}
{'loss': '0.01147', 'grad_norm': '0.02408', 'learning_rate': '1.03e-05', 'epoch': '3.881'}
{'loss': '0.004041', 'grad_norm': '0.4907', 'learning_rate': '1.028e-05', 'epoch': '3.887'}
{'loss': '0.0153', 'grad_norm': '0.3453', 'learning_rate': '1.027e-05', 'epoch': '3.893'}
{'loss': '0.008543', 'grad_norm': '0.2574', 'learning_rate': '1.025e-05', 'epoch': '3.899'}
{'loss': '0.02796', 'grad_norm': '0.7329', 'learning_rate': '1.024e-05', 'epoch': '3.905'}
{'loss': '0.006075', 'grad_norm': '0.002872', 'learning_rate': '1.022e-05', 'epoch': '3.911'}
{'loss': '0.00292', 'grad_norm': '0.003055', 'learning_rate': '1.021e-05', 'epoch': '3.917'}
{'loss': '0.00632', 'grad_norm': '0.003198', 'learning_rate': '1.019e-05', 'epoch': '3.923'}
{'loss': '0.002507', 'grad_norm': '0.002177', 'learning_rate': '1.018e-05', 'epoch': '3.929'}
{'loss': '0.005252', 'grad_norm': '0.001878', 'learning_rate': '1.016e-05', 'epoch': '3.936'}
{'loss': '0.01582', 'grad_norm': '0.002069', 'learning_rate': '1.015e-05', 'epoch': '3.942'}
{'loss': '0.003549', 'grad_norm': '0.001913', 'learning_rate': '1.013e-05', 'epoch': '3.948'}
{'loss': '0.00719', 'grad_norm': '0.002153', 'learning_rate': '1.012e-05', 'epoch': '3.954'}
{'loss': '0.003012', 'grad_norm': '0.001986', 'learning_rate': '1.01e-05', 'epoch': '3.96'}
{'loss': '0.03727', 'grad_norm': '0.001873', 'learning_rate': '1.009e-05', 'epoch': '3.966'}
{'loss': '0.002305', 'grad_norm': '0.001642', 'learning_rate': '1.007e-05', 'epoch': '3.972'}
{'loss': '0.00483', 'grad_norm': '0.001875', 'learning_rate': '1.006e-05', 'epoch': '3.978'}
{'loss': '0.005808', 'grad_norm': '0.001823', 'learning_rate': '1.004e-05', 'epoch': '3.984'}
{'loss': '0.008422', 'grad_norm': '0.7308', 'learning_rate': '1.003e-05', 'epoch': '3.99'}
{'loss': '0.004908', 'grad_norm': '0.001365', 'learning_rate': '1.001e-05', 'epoch': '3.996'}
{'eval_loss': '0.7766', 'eval_accuracy': '0.9071', 'eval_precision': '0.9108', 'eval_recall': '0.9141', 'eval_f1': '0.9125', 'eval_runtime': '3.248', 'eval_samples_per_second': '4001', 'eval_steps_per_second': '62.81', 'epoch': '4'}
{'loss': '0.005112', 'grad_norm': '0.001375', 'learning_rate': '9.995e-06', 'epoch': '4.002'}
{'loss': '0.002216', 'grad_norm': '0.001473', 'learning_rate': '9.98e-06', 'epoch': '4.009'}
{'loss': '6.495e-05', 'grad_norm': '0.001296', 'learning_rate': '9.965e-06', 'epoch': '4.015'}
{'loss': '0.004121', 'grad_norm': '0.0012', 'learning_rate': '9.95e-06', 'epoch': '4.021'}
{'loss': '0.004834', 'grad_norm': '0.00132', 'learning_rate': '9.935e-06', 'epoch': '4.027'}
{'loss': '0.006711', 'grad_norm': '0.003275', 'learning_rate': '9.919e-06', 'epoch': '4.033'}
{'loss': '0.004023', 'grad_norm': '0.001243', 'learning_rate': '9.904e-06', 'epoch': '4.039'}
{'loss': '5.225e-05', 'grad_norm': '0.001533', 'learning_rate': '9.889e-06', 'epoch': '4.045'}
{'loss': '0.009584', 'grad_norm': '0.001219', 'learning_rate': '9.874e-06', 'epoch': '4.051'}
{'loss': '0.001954', 'grad_norm': '0.00118', 'learning_rate': '9.859e-06', 'epoch': '4.057'}
{'loss': '0.002549', 'grad_norm': '0.00125', 'learning_rate': '9.843e-06', 'epoch': '4.063'}
{'loss': '0.004525', 'grad_norm': '0.001178', 'learning_rate': '9.828e-06', 'epoch': '4.069'}
{'loss': '4.484e-05', 'grad_norm': '0.001161', 'learning_rate': '9.813e-06', 'epoch': '4.075'}
{'loss': '0.002514', 'grad_norm': '0.001209', 'learning_rate': '9.798e-06', 'epoch': '4.082'}
{'loss': '0.002546', 'grad_norm': '0.6781', 'learning_rate': '9.783e-06', 'epoch': '4.088'}
{'loss': '0.01156', 'grad_norm': '0.001147', 'learning_rate': '9.767e-06', 'epoch': '4.094'}
{'loss': '0.004418', 'grad_norm': '0.0009897', 'learning_rate': '9.752e-06', 'epoch': '4.1'}
{'loss': '0.01821', 'grad_norm': '0.001048', 'learning_rate': '9.737e-06', 'epoch': '4.106'}
{'loss': '0.02694', 'grad_norm': '0.5913', 'learning_rate': '9.722e-06', 'epoch': '4.112'}
{'loss': '0.004503', 'grad_norm': '0.001486', 'learning_rate': '9.707e-06', 'epoch': '4.118'}
{'loss': '0.005959', 'grad_norm': '7.889', 'learning_rate': '9.691e-06', 'epoch': '4.124'}
{'loss': '0.003619', 'grad_norm': '0.007998', 'learning_rate': '9.676e-06', 'epoch': '4.13'}
{'loss': '0.005349', 'grad_norm': '0.01931', 'learning_rate': '9.661e-06', 'epoch': '4.136'}
{'loss': '0.0021', 'grad_norm': '0.0635', 'learning_rate': '9.646e-06', 'epoch': '4.142'}
{'loss': '0.006028', 'grad_norm': '0.001058', 'learning_rate': '9.63e-06', 'epoch': '4.148'}
{'loss': '0.002419', 'grad_norm': '0.02294', 'learning_rate': '9.615e-06', 'epoch': '4.155'}
{'loss': '0.003381', 'grad_norm': '0.4482', 'learning_rate': '9.6e-06', 'epoch': '4.161'}
{'loss': '0.00679', 'grad_norm': '0.001117', 'learning_rate': '9.585e-06', 'epoch': '4.167'}
{'loss': '0.0002276', 'grad_norm': '0.006056', 'learning_rate': '9.57e-06', 'epoch': '4.173'}
{'loss': '0.006285', 'grad_norm': '0.001049', 'learning_rate': '9.554e-06', 'epoch': '4.179'}
{'loss': '0.002056', 'grad_norm': '0.0009714', 'learning_rate': '9.539e-06', 'epoch': '4.185'}
{'loss': '0.003408', 'grad_norm': '0.001102', 'learning_rate': '9.524e-06', 'epoch': '4.191'}
{'loss': '0.001861', 'grad_norm': '0.0008033', 'learning_rate': '9.509e-06', 'epoch': '4.197'}
{'loss': '0.00321', 'grad_norm': '0.001077', 'learning_rate': '9.494e-06', 'epoch': '4.203'}
{'loss': '0.02025', 'grad_norm': '0.4005', 'learning_rate': '9.478e-06', 'epoch': '4.209'}
{'loss': '0.004474', 'grad_norm': '0.0009543', 'learning_rate': '9.463e-06', 'epoch': '4.215'}
{'loss': '0.006927', 'grad_norm': '0.5362', 'learning_rate': '9.448e-06', 'epoch': '4.221'}
{'loss': '0.008297', 'grad_norm': '0.000751', 'learning_rate': '9.433e-06', 'epoch': '4.227'}
{'loss': '0.00908', 'grad_norm': '0.0008173', 'learning_rate': '9.418e-06', 'epoch': '4.234'}
{'loss': '0.005718', 'grad_norm': '0.03347', 'learning_rate': '9.402e-06', 'epoch': '4.24'}
{'loss': '0.03775', 'grad_norm': '0.000843', 'learning_rate': '9.387e-06', 'epoch': '4.246'}
{'loss': '0.006205', 'grad_norm': '0.8651', 'learning_rate': '9.372e-06', 'epoch': '4.252'}
{'loss': '0.02907', 'grad_norm': '0.001339', 'learning_rate': '9.357e-06', 'epoch': '4.258'}
{'loss': '0.003921', 'grad_norm': '0.001653', 'learning_rate': '9.342e-06', 'epoch': '4.264'}
{'loss': '0.004147', 'grad_norm': '0.5904', 'learning_rate': '9.326e-06', 'epoch': '4.27'}
{'loss': '0.00217', 'grad_norm': '0.5924', 'learning_rate': '9.311e-06', 'epoch': '4.276'}
{'loss': '0.003136', 'grad_norm': '0.00137', 'learning_rate': '9.296e-06', 'epoch': '4.282'}
{'loss': '0.002379', 'grad_norm': '0.0009813', 'learning_rate': '9.281e-06', 'epoch': '4.288'}
{'loss': '0.008211', 'grad_norm': '0.0259', 'learning_rate': '9.266e-06', 'epoch': '4.294'}
{'loss': '0.0353', 'grad_norm': '0.00136', 'learning_rate': '9.25e-06', 'epoch': '4.3'}
{'loss': '0.006479', 'grad_norm': '0.003765', 'learning_rate': '9.235e-06', 'epoch': '4.307'}
{'loss': '0.002169', 'grad_norm': '0.002835', 'learning_rate': '9.22e-06', 'epoch': '4.313'}
{'loss': '0.0129', 'grad_norm': '0.6532', 'learning_rate': '9.205e-06', 'epoch': '4.319'}
{'loss': '0.005329', 'grad_norm': '0.001432', 'learning_rate': '9.189e-06', 'epoch': '4.325'}
{'loss': '0.003735', 'grad_norm': '0.002167', 'learning_rate': '9.174e-06', 'epoch': '4.331'}
{'loss': '5.303e-05', 'grad_norm': '0.004452', 'learning_rate': '9.159e-06', 'epoch': '4.337'}
{'loss': '0.007532', 'grad_norm': '0.002528', 'learning_rate': '9.144e-06', 'epoch': '4.343'}
{'loss': '0.01147', 'grad_norm': '0.6688', 'learning_rate': '9.129e-06', 'epoch': '4.349'}
{'loss': '0.03569', 'grad_norm': '0.07622', 'learning_rate': '9.113e-06', 'epoch': '4.355'}
{'loss': '0.005892', 'grad_norm': '0.0009354', 'learning_rate': '9.098e-06', 'epoch': '4.361'}
{'loss': '0.008352', 'grad_norm': '0.0009599', 'learning_rate': '9.083e-06', 'epoch': '4.367'}
{'loss': '0.01254', 'grad_norm': '0.2467', 'learning_rate': '9.068e-06', 'epoch': '4.373'}
{'loss': '3.712e-05', 'grad_norm': '0.001034', 'learning_rate': '9.053e-06', 'epoch': '4.38'}
{'loss': '3.634e-05', 'grad_norm': '0.0008875', 'learning_rate': '9.037e-06', 'epoch': '4.386'}
{'loss': '0.0274', 'grad_norm': '7.776', 'learning_rate': '9.022e-06', 'epoch': '4.392'}
{'loss': '0.01199', 'grad_norm': '0.7744', 'learning_rate': '9.007e-06', 'epoch': '4.398'}
{'loss': '0.0014', 'grad_norm': '0.002259', 'learning_rate': '8.992e-06', 'epoch': '4.404'}
{'loss': '0.0001347', 'grad_norm': '0.001227', 'learning_rate': '8.977e-06', 'epoch': '4.41'}
{'loss': '0.0178', 'grad_norm': '0.01257', 'learning_rate': '8.961e-06', 'epoch': '4.416'}
{'loss': '0.01698', 'grad_norm': '0.001971', 'learning_rate': '8.946e-06', 'epoch': '4.422'}
{'loss': '0.005371', 'grad_norm': '0.0009722', 'learning_rate': '8.931e-06', 'epoch': '4.428'}
{'loss': '0.005866', 'grad_norm': '0.5078', 'learning_rate': '8.916e-06', 'epoch': '4.434'}
{'loss': '0.008922', 'grad_norm': '0.0009381', 'learning_rate': '8.901e-06', 'epoch': '4.44'}
{'loss': '3.315e-05', 'grad_norm': '0.0008166', 'learning_rate': '8.885e-06', 'epoch': '4.446'}
{'loss': '0.002764', 'grad_norm': '0.0007131', 'learning_rate': '8.87e-06', 'epoch': '4.453'}
{'loss': '0.004705', 'grad_norm': '0.0007978', 'learning_rate': '8.855e-06', 'epoch': '4.459'}
{'loss': '0.006762', 'grad_norm': '0.0007761', 'learning_rate': '8.84e-06', 'epoch': '4.465'}
{'loss': '3.033e-05', 'grad_norm': '0.0007748', 'learning_rate': '8.825e-06', 'epoch': '4.471'}
{'loss': '3.523e-05', 'grad_norm': '0.01599', 'learning_rate': '8.809e-06', 'epoch': '4.477'}
{'loss': '0.009737', 'grad_norm': '0.7737', 'learning_rate': '8.794e-06', 'epoch': '4.483'}
{'loss': '0.004114', 'grad_norm': '0.0007828', 'learning_rate': '8.779e-06', 'epoch': '4.489'}
{'loss': '0.001724', 'grad_norm': '0.0006716', 'learning_rate': '8.764e-06', 'epoch': '4.495'}
{'loss': '0.04049', 'grad_norm': '29.19', 'learning_rate': '8.748e-06', 'epoch': '4.501'}
{'loss': '0.0113', 'grad_norm': '0.0009305', 'learning_rate': '8.733e-06', 'epoch': '4.507'}
{'loss': '3.758e-05', 'grad_norm': '0.0008635', 'learning_rate': '8.718e-06', 'epoch': '4.513'}
{'loss': '0.002442', 'grad_norm': '0.001004', 'learning_rate': '8.703e-06', 'epoch': '4.519'}
{'loss': '0.004023', 'grad_norm': '0.0008555', 'learning_rate': '8.688e-06', 'epoch': '4.526'}
{'loss': '0.02839', 'grad_norm': '0.0007272', 'learning_rate': '8.672e-06', 'epoch': '4.532'}
{'loss': '0.0001527', 'grad_norm': '0.0006814', 'learning_rate': '8.657e-06', 'epoch': '4.538'}
{'loss': '0.007708', 'grad_norm': '0.0008522', 'learning_rate': '8.642e-06', 'epoch': '4.544'}
{'loss': '3.032e-05', 'grad_norm': '0.003226', 'learning_rate': '8.627e-06', 'epoch': '4.55'}
{'loss': '0.008809', 'grad_norm': '0.0006841', 'learning_rate': '8.612e-06', 'epoch': '4.556'}
{'loss': '0.003752', 'grad_norm': '0.0006888', 'learning_rate': '8.596e-06', 'epoch': '4.562'}
{'loss': '0.002756', 'grad_norm': '0.0006338', 'learning_rate': '8.581e-06', 'epoch': '4.568'}
{'loss': '0.01405', 'grad_norm': '0.6412', 'learning_rate': '8.566e-06', 'epoch': '4.574'}
{'loss': '2.904e-05', 'grad_norm': '0.0005991', 'learning_rate': '8.551e-06', 'epoch': '4.58'}
{'loss': '0.01993', 'grad_norm': '0.5117', 'learning_rate': '8.536e-06', 'epoch': '4.586'}
{'loss': '2.734e-05', 'grad_norm': '0.0006755', 'learning_rate': '8.52e-06', 'epoch': '4.592'}
{'loss': '2.788e-05', 'grad_norm': '0.0006701', 'learning_rate': '8.505e-06', 'epoch': '4.599'}
{'loss': '0.02', 'grad_norm': '0.000636', 'learning_rate': '8.49e-06', 'epoch': '4.605'}
{'loss': '0.002449', 'grad_norm': '0.00199', 'learning_rate': '8.475e-06', 'epoch': '4.611'}
{'loss': '0.002644', 'grad_norm': '0.0006735', 'learning_rate': '8.46e-06', 'epoch': '4.617'}
{'loss': '0.005198', 'grad_norm': '0.0006514', 'learning_rate': '8.444e-06', 'epoch': '4.623'}
{'loss': '0.00167', 'grad_norm': '0.0007387', 'learning_rate': '8.429e-06', 'epoch': '4.629'}
{'loss': '0.002011', 'grad_norm': '0.0006421', 'learning_rate': '8.414e-06', 'epoch': '4.635'}
{'loss': '0.01063', 'grad_norm': '64.69', 'learning_rate': '8.399e-06', 'epoch': '4.641'}
{'loss': '0.01838', 'grad_norm': '0.0005987', 'learning_rate': '8.384e-06', 'epoch': '4.647'}
{'loss': '0.001957', 'grad_norm': '0.0006359', 'learning_rate': '8.368e-06', 'epoch': '4.653'}
{'loss': '0.006541', 'grad_norm': '0.0008216', 'learning_rate': '8.353e-06', 'epoch': '4.659'}
{'loss': '0.005711', 'grad_norm': '0.0006498', 'learning_rate': '8.338e-06', 'epoch': '4.665'}
{'loss': '0.002114', 'grad_norm': '0.0007235', 'learning_rate': '8.323e-06', 'epoch': '4.672'}
{'loss': '9.751e-05', 'grad_norm': '0.002358', 'learning_rate': '8.307e-06', 'epoch': '4.678'}
{'loss': '0.008811', 'grad_norm': '0.9264', 'learning_rate': '8.292e-06', 'epoch': '4.684'}
{'loss': '0.01511', 'grad_norm': '0.000678', 'learning_rate': '8.277e-06', 'epoch': '4.69'}
{'loss': '0.004599', 'grad_norm': '0.0006688', 'learning_rate': '8.262e-06', 'epoch': '4.696'}
{'loss': '0.002488', 'grad_norm': '0.004439', 'learning_rate': '8.247e-06', 'epoch': '4.702'}
{'loss': '0.001814', 'grad_norm': '0.0005931', 'learning_rate': '8.231e-06', 'epoch': '4.708'}
{'loss': '0.007463', 'grad_norm': '0.0006827', 'learning_rate': '8.216e-06', 'epoch': '4.714'}
{'loss': '2.511e-05', 'grad_norm': '0.0006716', 'learning_rate': '8.201e-06', 'epoch': '4.72'}
{'loss': '0.002972', 'grad_norm': '0.001868', 'learning_rate': '8.186e-06', 'epoch': '4.726'}
{'loss': '0.01042', 'grad_norm': '0.7912', 'learning_rate': '8.171e-06', 'epoch': '4.732'}
{'loss': '0.01554', 'grad_norm': '0.0005999', 'learning_rate': '8.155e-06', 'epoch': '4.738'}
{'loss': '0.0221', 'grad_norm': '0.003142', 'learning_rate': '8.14e-06', 'epoch': '4.745'}
{'loss': '0.009196', 'grad_norm': '0.005888', 'learning_rate': '8.125e-06', 'epoch': '4.751'}
{'loss': '0.0003614', 'grad_norm': '0.4954', 'learning_rate': '8.11e-06', 'epoch': '4.757'}
{'loss': '0.01705', 'grad_norm': '0.001005', 'learning_rate': '8.095e-06', 'epoch': '4.763'}
{'loss': '0.006732', 'grad_norm': '0.6795', 'learning_rate': '8.079e-06', 'epoch': '4.769'}
{'loss': '0.002422', 'grad_norm': '0.0005648', 'learning_rate': '8.064e-06', 'epoch': '4.775'}
{'loss': '0.004133', 'grad_norm': '0.0006153', 'learning_rate': '8.049e-06', 'epoch': '4.781'}
{'loss': '0.002274', 'grad_norm': '0.0005907', 'learning_rate': '8.034e-06', 'epoch': '4.787'}
{'loss': '0.002249', 'grad_norm': '0.6217', 'learning_rate': '8.019e-06', 'epoch': '4.793'}
{'loss': '0.003727', 'grad_norm': '0.5799', 'learning_rate': '8.003e-06', 'epoch': '4.799'}
{'loss': '0.001611', 'grad_norm': '0.0005462', 'learning_rate': '7.988e-06', 'epoch': '4.805'}
{'loss': '0.003088', 'grad_norm': '0.0007361', 'learning_rate': '7.973e-06', 'epoch': '4.811'}
{'loss': '0.003832', 'grad_norm': '0.00257', 'learning_rate': '7.958e-06', 'epoch': '4.818'}
{'loss': '0.004466', 'grad_norm': '0.0007459', 'learning_rate': '7.943e-06', 'epoch': '4.824'}
{'loss': '0.00428', 'grad_norm': '0.0005384', 'learning_rate': '7.927e-06', 'epoch': '4.83'}
{'loss': '0.007471', 'grad_norm': '0.0005529', 'learning_rate': '7.912e-06', 'epoch': '4.836'}
{'loss': '0.002251', 'grad_norm': '0.0005601', 'learning_rate': '7.897e-06', 'epoch': '4.842'}
{'loss': '2.218e-05', 'grad_norm': '0.0005646', 'learning_rate': '7.882e-06', 'epoch': '4.848'}
{'loss': '0.004223', 'grad_norm': '1.019', 'learning_rate': '7.866e-06', 'epoch': '4.854'}
{'loss': '0.0113', 'grad_norm': '0.0005159', 'learning_rate': '7.851e-06', 'epoch': '4.86'}
{'loss': '0.007303', 'grad_norm': '1.935', 'learning_rate': '7.836e-06', 'epoch': '4.866'}
{'loss': '0.006878', 'grad_norm': '0.0009923', 'learning_rate': '7.821e-06', 'epoch': '4.872'}
{'loss': '0.007953', 'grad_norm': '0.004325', 'learning_rate': '7.806e-06', 'epoch': '4.878'}
{'loss': '0.002372', 'grad_norm': '0.0005063', 'learning_rate': '7.79e-06', 'epoch': '4.884'}
{'loss': '0.00542', 'grad_norm': '0.489', 'learning_rate': '7.775e-06', 'epoch': '4.891'}
{'loss': '0.007945', 'grad_norm': '0.0005273', 'learning_rate': '7.76e-06', 'epoch': '4.897'}
{'loss': '0.008596', 'grad_norm': '0.0004869', 'learning_rate': '7.745e-06', 'epoch': '4.903'}
{'loss': '0.00294', 'grad_norm': '0.0004814', 'learning_rate': '7.73e-06', 'epoch': '4.909'}
{'loss': '0.00433', 'grad_norm': '0.6274', 'learning_rate': '7.714e-06', 'epoch': '4.915'}
{'loss': '0.005068', 'grad_norm': '0.0005859', 'learning_rate': '7.699e-06', 'epoch': '4.921'}
{'loss': '0.003829', 'grad_norm': '0.8643', 'learning_rate': '7.684e-06', 'epoch': '4.927'}
{'loss': '0.006695', 'grad_norm': '0.01026', 'learning_rate': '7.669e-06', 'epoch': '4.933'}
{'loss': '0.002387', 'grad_norm': '0.0004488', 'learning_rate': '7.654e-06', 'epoch': '4.939'}
{'loss': '0.002797', 'grad_norm': '0.0004674', 'learning_rate': '7.638e-06', 'epoch': '4.945'}
{'loss': '0.001867', 'grad_norm': '0.5454', 'learning_rate': '7.623e-06', 'epoch': '4.951'}
{'loss': '0.004271', 'grad_norm': '0.0004619', 'learning_rate': '7.608e-06', 'epoch': '4.957'}
{'loss': '0.006448', 'grad_norm': '0.5151', 'learning_rate': '7.593e-06', 'epoch': '4.964'}
{'loss': '1.704e-05', 'grad_norm': '0.0004717', 'learning_rate': '7.578e-06', 'epoch': '4.97'}
{'loss': '0.007209', 'grad_norm': '0.0004303', 'learning_rate': '7.562e-06', 'epoch': '4.976'}
{'loss': '0.02346', 'grad_norm': '0.6467', 'learning_rate': '7.547e-06', 'epoch': '4.982'}
{'loss': '0.00219', 'grad_norm': '0.000426', 'learning_rate': '7.532e-06', 'epoch': '4.988'}
{'loss': '0.009517', 'grad_norm': '0.0004544', 'learning_rate': '7.517e-06', 'epoch': '4.994'}
{'loss': '0.01064', 'grad_norm': '0.0004374', 'learning_rate': '7.502e-06', 'epoch': '5'}
{'eval_loss': '0.8935', 'eval_accuracy': '0.9066', 'eval_precision': '0.9013', 'eval_recall': '0.9249', 'eval_f1': '0.9129', 'eval_runtime': '3.228', 'eval_samples_per_second': '4026', 'eval_steps_per_second': '63.2', 'epoch': '5'}
{'loss': '0.001795', 'grad_norm': '0.000438', 'learning_rate': '7.486e-06', 'epoch': '5.006'}
{'loss': '0.006652', 'grad_norm': '0.0009001', 'learning_rate': '7.471e-06', 'epoch': '5.012'}
{'loss': '0.005698', 'grad_norm': '0.0004363', 'learning_rate': '7.456e-06', 'epoch': '5.018'}
{'loss': '0.0005094', 'grad_norm': '0.0004396', 'learning_rate': '7.441e-06', 'epoch': '5.024'}
{'loss': '0.009487', 'grad_norm': '0.002641', 'learning_rate': '7.425e-06', 'epoch': '5.03'}
{'loss': '0.006122', 'grad_norm': '0.0004386', 'learning_rate': '7.41e-06', 'epoch': '5.036'}
{'loss': '0.004222', 'grad_norm': '0.0004049', 'learning_rate': '7.395e-06', 'epoch': '5.043'}
{'loss': '0.001959', 'grad_norm': '0.0006325', 'learning_rate': '7.38e-06', 'epoch': '5.049'}
{'loss': '0.009401', 'grad_norm': '0.0006287', 'learning_rate': '7.365e-06', 'epoch': '5.055'}
{'loss': '0.001941', 'grad_norm': '0.0004198', 'learning_rate': '7.349e-06', 'epoch': '5.061'}
{'loss': '0.04457', 'grad_norm': '0.0005067', 'learning_rate': '7.334e-06', 'epoch': '5.067'}
{'loss': '0.002858', 'grad_norm': '0.02678', 'learning_rate': '7.319e-06', 'epoch': '5.073'}
{'loss': '0.0022', 'grad_norm': '0.0005996', 'learning_rate': '7.304e-06', 'epoch': '5.079'}
{'loss': '0.004773', 'grad_norm': '0.0006679', 'learning_rate': '7.289e-06', 'epoch': '5.085'}
{'loss': '0.005243', 'grad_norm': '0.0004604', 'learning_rate': '7.273e-06', 'epoch': '5.091'}
{'loss': '0.008355', 'grad_norm': '0.0006382', 'learning_rate': '7.258e-06', 'epoch': '5.097'}
{'loss': '0.001418', 'grad_norm': '0.0006001', 'learning_rate': '7.243e-06', 'epoch': '5.103'}
{'loss': '0.004611', 'grad_norm': '0.0005621', 'learning_rate': '7.228e-06', 'epoch': '5.109'}
{'loss': '2.051e-05', 'grad_norm': '0.0004864', 'learning_rate': '7.213e-06', 'epoch': '5.116'}
{'loss': '0.009178', 'grad_norm': '0.0005158', 'learning_rate': '7.197e-06', 'epoch': '5.122'}
{'loss': '0.004811', 'grad_norm': '0.0005843', 'learning_rate': '7.182e-06', 'epoch': '5.128'}
{'loss': '0.02081', 'grad_norm': '1.236', 'learning_rate': '7.167e-06', 'epoch': '5.134'}
{'loss': '0.0316', 'grad_norm': '0.8258', 'learning_rate': '7.152e-06', 'epoch': '5.14'}
{'loss': '0.006285', 'grad_norm': '0.0005159', 'learning_rate': '7.137e-06', 'epoch': '5.146'}
{'loss': '0.02651', 'grad_norm': '0.0006067', 'learning_rate': '7.121e-06', 'epoch': '5.152'}
{'loss': '2.839e-05', 'grad_norm': '0.001087', 'learning_rate': '7.106e-06', 'epoch': '5.158'}
{'loss': '2.39e-05', 'grad_norm': '0.000552', 'learning_rate': '7.091e-06', 'epoch': '5.164'}
{'loss': '0.004721', 'grad_norm': '0.7513', 'learning_rate': '7.076e-06', 'epoch': '5.17'}
{'loss': '0.006466', 'grad_norm': '0.0005507', 'learning_rate': '7.061e-06', 'epoch': '5.176'}
{'loss': '0.006735', 'grad_norm': '1.454', 'learning_rate': '7.045e-06', 'epoch': '5.182'}
{'loss': '0.002077', 'grad_norm': '0.0005033', 'learning_rate': '7.03e-06', 'epoch': '5.189'}
{'loss': '0.003118', 'grad_norm': '0.0005723', 'learning_rate': '7.015e-06', 'epoch': '5.195'}
{'loss': '0.004211', 'grad_norm': '0.0005935', 'learning_rate': '7e-06', 'epoch': '5.201'}
{'loss': '0.02791', 'grad_norm': '0.0004756', 'learning_rate': '6.984e-06', 'epoch': '5.207'}
{'loss': '0.003946', 'grad_norm': '0.5155', 'learning_rate': '6.969e-06', 'epoch': '5.213'}
{'loss': '0.0093', 'grad_norm': '0.0005248', 'learning_rate': '6.954e-06', 'epoch': '5.219'}
{'loss': '0.01071', 'grad_norm': '0.0005389', 'learning_rate': '6.939e-06', 'epoch': '5.225'}
{'loss': '0.002186', 'grad_norm': '0.0005352', 'learning_rate': '6.924e-06', 'epoch': '5.231'}
{'loss': '0.001746', 'grad_norm': '0.0005807', 'learning_rate': '6.908e-06', 'epoch': '5.237'}
{'loss': '0.004999', 'grad_norm': '0.0006348', 'learning_rate': '6.893e-06', 'epoch': '5.243'}
{'loss': '0.002853', 'grad_norm': '0.7574', 'learning_rate': '6.878e-06', 'epoch': '5.249'}
{'loss': '0.001821', 'grad_norm': '0.0005272', 'learning_rate': '6.863e-06', 'epoch': '5.255'}
{'loss': '0.002199', 'grad_norm': '0.001028', 'learning_rate': '6.848e-06', 'epoch': '5.262'}
{'loss': '0.006688', 'grad_norm': '0.0004792', 'learning_rate': '6.832e-06', 'epoch': '5.268'}
{'loss': '0.00686', 'grad_norm': '0.61', 'learning_rate': '6.817e-06', 'epoch': '5.274'}
{'loss': '2.383e-05', 'grad_norm': '0.0004664', 'learning_rate': '6.802e-06', 'epoch': '5.28'}
{'loss': '0.009872', 'grad_norm': '0.001642', 'learning_rate': '6.787e-06', 'epoch': '5.286'}
{'loss': '1.91e-05', 'grad_norm': '0.000483', 'learning_rate': '6.772e-06', 'epoch': '5.292'}
{'loss': '1.989e-05', 'grad_norm': '0.0005352', 'learning_rate': '6.756e-06', 'epoch': '5.298'}
{'loss': '0.002772', 'grad_norm': '0.0004616', 'learning_rate': '6.741e-06', 'epoch': '5.304'}
{'loss': '0.002557', 'grad_norm': '0.0005007', 'learning_rate': '6.726e-06', 'epoch': '5.31'}
{'loss': '0.001897', 'grad_norm': '0.0005048', 'learning_rate': '6.711e-06', 'epoch': '5.316'}
{'loss': '0.005055', 'grad_norm': '0.0004482', 'learning_rate': '6.696e-06', 'epoch': '5.322'}
{'loss': '0.01564', 'grad_norm': '0.6443', 'learning_rate': '6.68e-06', 'epoch': '5.328'}
{'loss': '0.004663', 'grad_norm': '0.0004871', 'learning_rate': '6.665e-06', 'epoch': '5.335'}
{'loss': '0.002664', 'grad_norm': '0.0004464', 'learning_rate': '6.65e-06', 'epoch': '5.341'}
{'loss': '0.00216', 'grad_norm': '0.0004122', 'learning_rate': '6.635e-06', 'epoch': '5.347'}
{'loss': '0.03483', 'grad_norm': '0.0004065', 'learning_rate': '6.62e-06', 'epoch': '5.353'}
{'loss': '0.003341', 'grad_norm': '0.5523', 'learning_rate': '6.604e-06', 'epoch': '5.359'}
{'loss': '0.004452', 'grad_norm': '0.0004479', 'learning_rate': '6.589e-06', 'epoch': '5.365'}
{'loss': '0.006442', 'grad_norm': '0.6487', 'learning_rate': '6.574e-06', 'epoch': '5.371'}
{'loss': '0.003972', 'grad_norm': '0.0004335', 'learning_rate': '6.559e-06', 'epoch': '5.377'}
{'loss': '0.004046', 'grad_norm': '0.588', 'learning_rate': '6.543e-06', 'epoch': '5.383'}
{'loss': '0.005197', 'grad_norm': '0.0004669', 'learning_rate': '6.528e-06', 'epoch': '5.389'}
{'loss': '0.006351', 'grad_norm': '0.0004276', 'learning_rate': '6.513e-06', 'epoch': '5.395'}
{'loss': '0.002138', 'grad_norm': '0.0004474', 'learning_rate': '6.498e-06', 'epoch': '5.401'}
{'loss': '0.001868', 'grad_norm': '0.01214', 'learning_rate': '6.483e-06', 'epoch': '5.408'}
{'loss': '0.001802', 'grad_norm': '0.001396', 'learning_rate': '6.467e-06', 'epoch': '5.414'}
{'loss': '0.02205', 'grad_norm': '0.0005112', 'learning_rate': '6.452e-06', 'epoch': '5.42'}
{'loss': '0.008595', 'grad_norm': '0.5408', 'learning_rate': '6.437e-06', 'epoch': '5.426'}
{'loss': '0.006766', 'grad_norm': '0.0004888', 'learning_rate': '6.422e-06', 'epoch': '5.432'}
{'loss': '0.01265', 'grad_norm': '1.245', 'learning_rate': '6.407e-06', 'epoch': '5.438'}
{'loss': '0.00238', 'grad_norm': '0.0004823', 'learning_rate': '6.391e-06', 'epoch': '5.444'}
{'loss': '0.003577', 'grad_norm': '0.4241', 'learning_rate': '6.376e-06', 'epoch': '5.45'}
{'loss': '0.01629', 'grad_norm': '0.3075', 'learning_rate': '6.361e-06', 'epoch': '5.456'}
{'loss': '1.904e-05', 'grad_norm': '0.00047', 'learning_rate': '6.346e-06', 'epoch': '5.462'}
{'loss': '0.01405', 'grad_norm': '0.0004687', 'learning_rate': '6.331e-06', 'epoch': '5.468'}
{'loss': '0.001889', 'grad_norm': '0.0004689', 'learning_rate': '6.315e-06', 'epoch': '5.474'}
{'loss': '0.0115', 'grad_norm': '0.0004767', 'learning_rate': '6.3e-06', 'epoch': '5.481'}
{'loss': '0.004066', 'grad_norm': '0.0004623', 'learning_rate': '6.285e-06', 'epoch': '5.487'}
{'loss': '0.00341', 'grad_norm': '0.0004593', 'learning_rate': '6.27e-06', 'epoch': '5.493'}
{'loss': '0.003889', 'grad_norm': '0.5571', 'learning_rate': '6.255e-06', 'epoch': '5.499'}
{'loss': '0.001346', 'grad_norm': '0.0004813', 'learning_rate': '6.239e-06', 'epoch': '5.505'}
{'loss': '0.005331', 'grad_norm': '0.6639', 'learning_rate': '6.224e-06', 'epoch': '5.511'}
{'loss': '0.004763', 'grad_norm': '0.0004809', 'learning_rate': '6.209e-06', 'epoch': '5.517'}
{'loss': '6.199e-05', 'grad_norm': '0.000435', 'learning_rate': '6.194e-06', 'epoch': '5.523'}
{'loss': '0.03868', 'grad_norm': '0.0005025', 'learning_rate': '6.179e-06', 'epoch': '5.529'}
{'loss': '0.009996', 'grad_norm': '0.5429', 'learning_rate': '6.163e-06', 'epoch': '5.535'}
{'loss': '0.00248', 'grad_norm': '0.001078', 'learning_rate': '6.148e-06', 'epoch': '5.541'}
{'loss': '2.457e-05', 'grad_norm': '0.0007704', 'learning_rate': '6.133e-06', 'epoch': '5.547'}
{'loss': '0.002006', 'grad_norm': '0.0006371', 'learning_rate': '6.118e-06', 'epoch': '5.554'}
{'loss': '0.004716', 'grad_norm': '0.6438', 'learning_rate': '6.102e-06', 'epoch': '5.56'}
{'loss': '0.004438', 'grad_norm': '0.6488', 'learning_rate': '6.087e-06', 'epoch': '5.566'}
{'loss': '0.005758', 'grad_norm': '0.7177', 'learning_rate': '6.072e-06', 'epoch': '5.572'}
{'loss': '0.003133', 'grad_norm': '0.0005082', 'learning_rate': '6.057e-06', 'epoch': '5.578'}
{'loss': '0.00253', 'grad_norm': '0.000518', 'learning_rate': '6.042e-06', 'epoch': '5.584'}
{'loss': '0.0001183', 'grad_norm': '0.0004972', 'learning_rate': '6.026e-06', 'epoch': '5.59'}
{'loss': '1.929e-05', 'grad_norm': '0.0004677', 'learning_rate': '6.011e-06', 'epoch': '5.596'}
{'loss': '0.008304', 'grad_norm': '0.6031', 'learning_rate': '5.996e-06', 'epoch': '5.602'}
{'loss': '0.0024', 'grad_norm': '0.0004448', 'learning_rate': '5.981e-06', 'epoch': '5.608'}
{'loss': '0.004331', 'grad_norm': '0.0004842', 'learning_rate': '5.966e-06', 'epoch': '5.614'}
{'loss': '2.042e-05', 'grad_norm': '0.0004518', 'learning_rate': '5.95e-06', 'epoch': '5.62'}
{'loss': '0.002478', 'grad_norm': '0.0004626', 'learning_rate': '5.935e-06', 'epoch': '5.627'}
{'loss': '0.007307', 'grad_norm': '0.000462', 'learning_rate': '5.92e-06', 'epoch': '5.633'}
{'loss': '0.007668', 'grad_norm': '0.0004375', 'learning_rate': '5.905e-06', 'epoch': '5.639'}
{'loss': '0.002531', 'grad_norm': '0.01896', 'learning_rate': '5.89e-06', 'epoch': '5.645'}
{'loss': '0.002226', 'grad_norm': '0.001837', 'learning_rate': '5.874e-06', 'epoch': '5.651'}
{'loss': '0.00628', 'grad_norm': '0.000439', 'learning_rate': '5.859e-06', 'epoch': '5.657'}
{'loss': '0.00511', 'grad_norm': '0.02058', 'learning_rate': '5.844e-06', 'epoch': '5.663'}
{'loss': '0.0181', 'grad_norm': '0.0004772', 'learning_rate': '5.829e-06', 'epoch': '5.669'}
{'loss': '0.004747', 'grad_norm': '0.0004357', 'learning_rate': '5.814e-06', 'epoch': '5.675'}
{'loss': '0.002249', 'grad_norm': '0.0005745', 'learning_rate': '5.798e-06', 'epoch': '5.681'}
{'loss': '0.03616', 'grad_norm': '0.523', 'learning_rate': '5.783e-06', 'epoch': '5.687'}
{'loss': '0.004816', 'grad_norm': '0.00865', 'learning_rate': '5.768e-06', 'epoch': '5.693'}
{'loss': '0.004667', 'grad_norm': '0.7128', 'learning_rate': '5.753e-06', 'epoch': '5.7'}
{'loss': '8.773e-05', 'grad_norm': '0.002122', 'learning_rate': '5.738e-06', 'epoch': '5.706'}
{'loss': '0.004866', 'grad_norm': '0.00162', 'learning_rate': '5.722e-06', 'epoch': '5.712'}
{'loss': '0.003899', 'grad_norm': '0.001107', 'learning_rate': '5.707e-06', 'epoch': '5.718'}
{'loss': '0.002335', 'grad_norm': '0.0009018', 'learning_rate': '5.692e-06', 'epoch': '5.724'}
{'loss': '0.03889', 'grad_norm': '0.6329', 'learning_rate': '5.677e-06', 'epoch': '5.73'}
{'loss': '0.009969', 'grad_norm': '0.6387', 'learning_rate': '5.661e-06', 'epoch': '5.736'}
{'loss': '0.0032', 'grad_norm': '0.01071', 'learning_rate': '5.646e-06', 'epoch': '5.742'}
{'loss': '0.0002634', 'grad_norm': '0.00582', 'learning_rate': '5.631e-06', 'epoch': '5.748'}
{'loss': '0.007686', 'grad_norm': '0.00357', 'learning_rate': '5.616e-06', 'epoch': '5.754'}
{'loss': '0.0001193', 'grad_norm': '0.00229', 'learning_rate': '5.601e-06', 'epoch': '5.76'}
{'loss': '0.0001044', 'grad_norm': '0.001979', 'learning_rate': '5.585e-06', 'epoch': '5.766'}
{'loss': '0.006595', 'grad_norm': '0.6804', 'learning_rate': '5.57e-06', 'epoch': '5.773'}
{'loss': '0.001883', 'grad_norm': '0.002298', 'learning_rate': '5.555e-06', 'epoch': '5.779'}
{'loss': '0.008796', 'grad_norm': '0.001919', 'learning_rate': '5.54e-06', 'epoch': '5.785'}
{'loss': '0.009882', 'grad_norm': '0.7173', 'learning_rate': '5.525e-06', 'epoch': '5.791'}
{'loss': '0.00215', 'grad_norm': '0.001528', 'learning_rate': '5.509e-06', 'epoch': '5.797'}
{'loss': '6.324e-05', 'grad_norm': '0.001405', 'learning_rate': '5.494e-06', 'epoch': '5.803'}
{'loss': '6.145e-05', 'grad_norm': '0.001578', 'learning_rate': '5.479e-06', 'epoch': '5.809'}
{'loss': '0.001827', 'grad_norm': '0.001303', 'learning_rate': '5.464e-06', 'epoch': '5.815'}
{'loss': '0.002639', 'grad_norm': '0.001256', 'learning_rate': '5.449e-06', 'epoch': '5.821'}
{'loss': '0.001882', 'grad_norm': '0.001317', 'learning_rate': '5.433e-06', 'epoch': '5.827'}
{'loss': '0.006343', 'grad_norm': '0.001251', 'learning_rate': '5.418e-06', 'epoch': '5.833'}
{'loss': '0.004463', 'grad_norm': '0.001821', 'learning_rate': '5.403e-06', 'epoch': '5.839'}
{'loss': '0.002125', 'grad_norm': '0.001122', 'learning_rate': '5.388e-06', 'epoch': '5.845'}
{'loss': '0.007066', 'grad_norm': '0.6831', 'learning_rate': '5.373e-06', 'epoch': '5.852'}
{'loss': '0.001604', 'grad_norm': '0.001115', 'learning_rate': '5.357e-06', 'epoch': '5.858'}
{'loss': '0.004617', 'grad_norm': '0.6173', 'learning_rate': '5.342e-06', 'epoch': '5.864'}
{'loss': '0.002179', 'grad_norm': '0.0009734', 'learning_rate': '5.327e-06', 'epoch': '5.87'}
{'loss': '0.002534', 'grad_norm': '0.002046', 'learning_rate': '5.312e-06', 'epoch': '5.876'}
{'loss': '0.002901', 'grad_norm': '0.001054', 'learning_rate': '5.297e-06', 'epoch': '5.882'}
{'loss': '0.004063', 'grad_norm': '0.00109', 'learning_rate': '5.281e-06', 'epoch': '5.888'}
{'loss': '0.004029', 'grad_norm': '0.01091', 'learning_rate': '5.266e-06', 'epoch': '5.894'}
{'loss': '0.004901', 'grad_norm': '0.5977', 'learning_rate': '5.251e-06', 'epoch': '5.9'}
{'loss': '0.001724', 'grad_norm': '0.001113', 'learning_rate': '5.236e-06', 'epoch': '5.906'}
{'loss': '0.00525', 'grad_norm': '0.0007663', 'learning_rate': '5.22e-06', 'epoch': '5.912'}
{'loss': '0.002757', 'grad_norm': '0.0008148', 'learning_rate': '5.205e-06', 'epoch': '5.918'}
{'loss': '0.002443', 'grad_norm': '0.00102', 'learning_rate': '5.19e-06', 'epoch': '5.925'}
{'loss': '0.002422', 'grad_norm': '0.0008844', 'learning_rate': '5.175e-06', 'epoch': '5.931'}
{'loss': '0.001733', 'grad_norm': '0.5381', 'learning_rate': '5.16e-06', 'epoch': '5.937'}
{'loss': '0.004597', 'grad_norm': '0.0008097', 'learning_rate': '5.144e-06', 'epoch': '5.943'}
{'loss': '0.01061', 'grad_norm': '0.0008633', 'learning_rate': '5.129e-06', 'epoch': '5.949'}
{'loss': '0.007138', 'grad_norm': '0.5892', 'learning_rate': '5.114e-06', 'epoch': '5.955'}
{'loss': '0.004292', 'grad_norm': '0.0007282', 'learning_rate': '5.099e-06', 'epoch': '5.961'}
{'loss': '0.004501', 'grad_norm': '0.0008253', 'learning_rate': '5.084e-06', 'epoch': '5.967'}
{'loss': '0.004444', 'grad_norm': '0.0007307', 'learning_rate': '5.068e-06', 'epoch': '5.973'}
{'loss': '0.00839', 'grad_norm': '0.000741', 'learning_rate': '5.053e-06', 'epoch': '5.979'}
{'loss': '0.002303', 'grad_norm': '0.0006936', 'learning_rate': '5.038e-06', 'epoch': '5.985'}
{'loss': '2.851e-05', 'grad_norm': '0.0007512', 'learning_rate': '5.023e-06', 'epoch': '5.991'}
{'loss': '0.0307', 'grad_norm': '19.76', 'learning_rate': '5.008e-06', 'epoch': '5.998'}
{'eval_loss': '0.8244', 'eval_accuracy': '0.9099', 'eval_precision': '0.8977', 'eval_recall': '0.9365', 'eval_f1': '0.9167', 'eval_runtime': '3.196', 'eval_samples_per_second': '4067', 'eval_steps_per_second': '63.84', 'epoch': '6'}
{'loss': '0.002929', 'grad_norm': '0.000759', 'learning_rate': '4.992e-06', 'epoch': '6.004'}
{'loss': '9.545e-05', 'grad_norm': '0.0007934', 'learning_rate': '4.977e-06', 'epoch': '6.01'}
{'loss': '0.00163', 'grad_norm': '0.4983', 'learning_rate': '4.962e-06', 'epoch': '6.016'}
{'loss': '0.001889', 'grad_norm': '0.5591', 'learning_rate': '4.947e-06', 'epoch': '6.022'}
{'loss': '0.003644', 'grad_norm': '0.001036', 'learning_rate': '4.932e-06', 'epoch': '6.028'}
{'loss': '0.008166', 'grad_norm': '1.167', 'learning_rate': '4.916e-06', 'epoch': '6.034'}
{'loss': '0.008717', 'grad_norm': '0.512', 'learning_rate': '4.901e-06', 'epoch': '6.04'}
{'loss': '2.842e-05', 'grad_norm': '0.000678', 'learning_rate': '4.886e-06', 'epoch': '6.046'}
{'loss': '0.001843', 'grad_norm': '0.0006751', 'learning_rate': '4.871e-06', 'epoch': '6.052'}
{'loss': '0.002414', 'grad_norm': '0.0005935', 'learning_rate': '4.856e-06', 'epoch': '6.058'}
{'loss': '6.435e-05', 'grad_norm': '0.0006446', 'learning_rate': '4.84e-06', 'epoch': '6.064'}
{'loss': '0.003159', 'grad_norm': '0.0006288', 'learning_rate': '4.825e-06', 'epoch': '6.071'}
{'loss': '0.002183', 'grad_norm': '0.0006392', 'learning_rate': '4.81e-06', 'epoch': '6.077'}
{'loss': '0.03412', 'grad_norm': '0.00109', 'learning_rate': '4.795e-06', 'epoch': '6.083'}
{'loss': '0.004597', 'grad_norm': '0.002113', 'learning_rate': '4.78e-06', 'epoch': '6.089'}
{'loss': '0.005482', 'grad_norm': '0.001624', 'learning_rate': '4.764e-06', 'epoch': '6.095'}
{'loss': '8.058e-05', 'grad_norm': '0.00236', 'learning_rate': '4.749e-06', 'epoch': '6.101'}
{'loss': '0.002148', 'grad_norm': '0.002747', 'learning_rate': '4.734e-06', 'epoch': '6.107'}
{'loss': '0.004252', 'grad_norm': '0.5376', 'learning_rate': '4.719e-06', 'epoch': '6.113'}
{'loss': '0.004706', 'grad_norm': '0.7209', 'learning_rate': '4.703e-06', 'epoch': '6.119'}
{'loss': '0.007355', 'grad_norm': '0.6413', 'learning_rate': '4.688e-06', 'epoch': '6.125'}
{'loss': '0.006386', 'grad_norm': '0.5136', 'learning_rate': '4.673e-06', 'epoch': '6.131'}
{'loss': '0.004368', 'grad_norm': '0.001796', 'learning_rate': '4.658e-06', 'epoch': '6.137'}
{'loss': '0.005688', 'grad_norm': '0.7667', 'learning_rate': '4.643e-06', 'epoch': '6.144'}
{'loss': '0.004404', 'grad_norm': '0.001259', 'learning_rate': '4.627e-06', 'epoch': '6.15'}
{'loss': '0.002064', 'grad_norm': '0.001725', 'learning_rate': '4.612e-06', 'epoch': '6.156'}
{'loss': '0.002274', 'grad_norm': '0.001452', 'learning_rate': '4.597e-06', 'epoch': '6.162'}
{'loss': '7.724e-05', 'grad_norm': '0.001269', 'learning_rate': '4.582e-06', 'epoch': '6.168'}
{'loss': '5.393e-05', 'grad_norm': '0.001352', 'learning_rate': '4.567e-06', 'epoch': '6.174'}
{'loss': '0.001799', 'grad_norm': '0.001125', 'learning_rate': '4.551e-06', 'epoch': '6.18'}
{'loss': '0.004787', 'grad_norm': '0.001276', 'learning_rate': '4.536e-06', 'epoch': '6.186'}
{'loss': '0.007478', 'grad_norm': '0.001047', 'learning_rate': '4.521e-06', 'epoch': '6.192'}
{'loss': '0.005727', 'grad_norm': '0.001342', 'learning_rate': '4.506e-06', 'epoch': '6.198'}
{'loss': '4.9e-05', 'grad_norm': '0.001393', 'learning_rate': '4.491e-06', 'epoch': '6.204'}
{'loss': '0.006873', 'grad_norm': '0.6015', 'learning_rate': '4.475e-06', 'epoch': '6.21'}
{'loss': '0.003885', 'grad_norm': '0.0009827', 'learning_rate': '4.46e-06', 'epoch': '6.217'}
{'loss': '0.007287', 'grad_norm': '0.8604', 'learning_rate': '4.445e-06', 'epoch': '6.223'}
{'loss': '0.00256', 'grad_norm': '0.0008704', 'learning_rate': '4.43e-06', 'epoch': '6.229'}
{'loss': '0.005613', 'grad_norm': '0.01619', 'learning_rate': '4.415e-06', 'epoch': '6.235'}
{'loss': '0.004299', 'grad_norm': '0.001117', 'learning_rate': '4.399e-06', 'epoch': '6.241'}
{'loss': '0.002297', 'grad_norm': '0.001196', 'learning_rate': '4.384e-06', 'epoch': '6.247'}
{'loss': '4.143e-05', 'grad_norm': '0.001141', 'learning_rate': '4.369e-06', 'epoch': '6.253'}
{'loss': '0.004535', 'grad_norm': '0.00104', 'learning_rate': '4.354e-06', 'epoch': '6.259'}
{'loss': '0.007254', 'grad_norm': '0.6372', 'learning_rate': '4.339e-06', 'epoch': '6.265'}
{'loss': '4.289e-05', 'grad_norm': '0.03488', 'learning_rate': '4.323e-06', 'epoch': '6.271'}
{'loss': '0.001643', 'grad_norm': '0.00105', 'learning_rate': '4.308e-06', 'epoch': '6.277'}
{'loss': '0.01488', 'grad_norm': '0.0008474', 'learning_rate': '4.293e-06', 'epoch': '6.283'}
{'loss': '0.002325', 'grad_norm': '0.0009181', 'learning_rate': '4.278e-06', 'epoch': '6.29'}
{'loss': '0.007347', 'grad_norm': '0.001022', 'learning_rate': '4.262e-06', 'epoch': '6.296'}
{'loss': '0.01152', 'grad_norm': '0.0008929', 'learning_rate': '4.247e-06', 'epoch': '6.302'}
{'loss': '4.675e-05', 'grad_norm': '0.009639', 'learning_rate': '4.232e-06', 'epoch': '6.308'}
{'loss': '0.002176', 'grad_norm': '0.0009245', 'learning_rate': '4.217e-06', 'epoch': '6.314'}
{'loss': '0.001917', 'grad_norm': '0.0008219', 'learning_rate': '4.202e-06', 'epoch': '6.32'}
{'loss': '0.002146', 'grad_norm': '0.0008407', 'learning_rate': '4.186e-06', 'epoch': '6.326'}
{'loss': '0.003887', 'grad_norm': '0.0009091', 'learning_rate': '4.171e-06', 'epoch': '6.332'}
{'loss': '0.002286', 'grad_norm': '0.0007779', 'learning_rate': '4.156e-06', 'epoch': '6.338'}
{'loss': '0.006175', 'grad_norm': '0.0008137', 'learning_rate': '4.141e-06', 'epoch': '6.344'}
{'loss': '0.006812', 'grad_norm': '1.361', 'learning_rate': '4.126e-06', 'epoch': '6.35'}
{'loss': '3.079e-05', 'grad_norm': '0.0006127', 'learning_rate': '4.11e-06', 'epoch': '6.356'}
{'loss': '0.007773', 'grad_norm': '0.0007349', 'learning_rate': '4.095e-06', 'epoch': '6.363'}
{'loss': '0.006693', 'grad_norm': '0.0007984', 'learning_rate': '4.08e-06', 'epoch': '6.369'}
{'loss': '0.01242', 'grad_norm': '1.187', 'learning_rate': '4.065e-06', 'epoch': '6.375'}
{'loss': '0.003857', 'grad_norm': '0.000736', 'learning_rate': '4.05e-06', 'epoch': '6.381'}
{'loss': '0.001819', 'grad_norm': '0.0007874', 'learning_rate': '4.034e-06', 'epoch': '6.387'}
{'loss': '0.004061', 'grad_norm': '0.006525', 'learning_rate': '4.019e-06', 'epoch': '6.393'}
{'loss': '0.01208', 'grad_norm': '0.0008121', 'learning_rate': '4.004e-06', 'epoch': '6.399'}
{'loss': '0.0111', 'grad_norm': '0.6707', 'learning_rate': '3.989e-06', 'epoch': '6.405'}
{'loss': '0.004202', 'grad_norm': '0.001147', 'learning_rate': '3.974e-06', 'epoch': '6.411'}
{'loss': '0.004659', 'grad_norm': '0.0008411', 'learning_rate': '3.958e-06', 'epoch': '6.417'}
{'loss': '0.004361', 'grad_norm': '0.0008818', 'learning_rate': '3.943e-06', 'epoch': '6.423'}
{'loss': '3.09e-05', 'grad_norm': '0.0008101', 'learning_rate': '3.928e-06', 'epoch': '6.429'}
{'loss': '0.001756', 'grad_norm': '0.0007609', 'learning_rate': '3.913e-06', 'epoch': '6.436'}
{'loss': '2.983e-05', 'grad_norm': '0.0007251', 'learning_rate': '3.898e-06', 'epoch': '6.442'}
{'loss': '0.007999', 'grad_norm': '0.6815', 'learning_rate': '3.882e-06', 'epoch': '6.448'}
{'loss': '3.889e-05', 'grad_norm': '0.000721', 'learning_rate': '3.867e-06', 'epoch': '6.454'}
{'loss': '0.002286', 'grad_norm': '0.6349', 'learning_rate': '3.852e-06', 'epoch': '6.46'}
{'loss': '0.01187', 'grad_norm': '0.6376', 'learning_rate': '3.837e-06', 'epoch': '6.466'}
{'loss': '0.00705', 'grad_norm': '0.0006952', 'learning_rate': '3.821e-06', 'epoch': '6.472'}
{'loss': '0.005619', 'grad_norm': '0.0007563', 'learning_rate': '3.806e-06', 'epoch': '6.478'}
{'loss': '0.003551', 'grad_norm': '0.0006758', 'learning_rate': '3.791e-06', 'epoch': '6.484'}
{'loss': '0.008123', 'grad_norm': '0.0007799', 'learning_rate': '3.776e-06', 'epoch': '6.49'}
{'loss': '0.002351', 'grad_norm': '0.0006882', 'learning_rate': '3.761e-06', 'epoch': '6.496'}
{'loss': '0.007135', 'grad_norm': '0.0006331', 'learning_rate': '3.745e-06', 'epoch': '6.502'}
{'loss': '2.688e-05', 'grad_norm': '0.0007517', 'learning_rate': '3.73e-06', 'epoch': '6.509'}
{'loss': '0.007205', 'grad_norm': '0.000736', 'learning_rate': '3.715e-06', 'epoch': '6.515'}
{'loss': '2.598e-05', 'grad_norm': '0.0006325', 'learning_rate': '3.7e-06', 'epoch': '6.521'}
{'loss': '0.008654', 'grad_norm': '0.0006582', 'learning_rate': '3.685e-06', 'epoch': '6.527'}
{'loss': '0.006614', 'grad_norm': '0.0006794', 'learning_rate': '3.669e-06', 'epoch': '6.533'}
{'loss': '0.006379', 'grad_norm': '0.0006626', 'learning_rate': '3.654e-06', 'epoch': '6.539'}
{'loss': '0.006961', 'grad_norm': '0.0005839', 'learning_rate': '3.639e-06', 'epoch': '6.545'}
{'loss': '0.0025', 'grad_norm': '0.0006448', 'learning_rate': '3.624e-06', 'epoch': '6.551'}
{'loss': '4.654e-05', 'grad_norm': '0.0005944', 'learning_rate': '3.609e-06', 'epoch': '6.557'}
{'loss': '0.004991', 'grad_norm': '0.3306', 'learning_rate': '3.593e-06', 'epoch': '6.563'}
{'loss': '0.06244', 'grad_norm': '1.027', 'learning_rate': '3.578e-06', 'epoch': '6.569'}
{'loss': '0.01184', 'grad_norm': '0.0008556', 'learning_rate': '3.563e-06', 'epoch': '6.575'}
{'loss': '0.007706', 'grad_norm': '0.0009812', 'learning_rate': '3.548e-06', 'epoch': '6.582'}
{'loss': '0.02893', 'grad_norm': '0.001476', 'learning_rate': '3.533e-06', 'epoch': '6.588'}
{'loss': '0.002232', 'grad_norm': '0.001558', 'learning_rate': '3.517e-06', 'epoch': '6.594'}
{'loss': '0.002822', 'grad_norm': '0.002017', 'learning_rate': '3.502e-06', 'epoch': '6.6'}
{'loss': '0.006209', 'grad_norm': '0.01806', 'learning_rate': '3.487e-06', 'epoch': '6.606'}
{'loss': '0.00348', 'grad_norm': '0.001826', 'learning_rate': '3.472e-06', 'epoch': '6.612'}
{'loss': '0.004559', 'grad_norm': '0.002995', 'learning_rate': '3.457e-06', 'epoch': '6.618'}
{'loss': '5.016e-05', 'grad_norm': '0.001262', 'learning_rate': '3.441e-06', 'epoch': '6.624'}
{'loss': '0.008465', 'grad_norm': '0.00117', 'learning_rate': '3.426e-06', 'epoch': '6.63'}
{'loss': '0.004286', 'grad_norm': '0.7128', 'learning_rate': '3.411e-06', 'epoch': '6.636'}
{'loss': '0.002', 'grad_norm': '0.001006', 'learning_rate': '3.396e-06', 'epoch': '6.642'}
{'loss': '0.004344', 'grad_norm': '0.001446', 'learning_rate': '3.38e-06', 'epoch': '6.648'}
{'loss': '5.496e-05', 'grad_norm': '0.03875', 'learning_rate': '3.365e-06', 'epoch': '6.655'}
{'loss': '0.004343', 'grad_norm': '0.000988', 'learning_rate': '3.35e-06', 'epoch': '6.661'}
{'loss': '4.489e-05', 'grad_norm': '0.02686', 'learning_rate': '3.335e-06', 'epoch': '6.667'}
{'loss': '0.001956', 'grad_norm': '0.0008208', 'learning_rate': '3.32e-06', 'epoch': '6.673'}
{'loss': '3.865e-05', 'grad_norm': '0.0009623', 'learning_rate': '3.304e-06', 'epoch': '6.679'}
{'loss': '0.002509', 'grad_norm': '0.0008721', 'learning_rate': '3.289e-06', 'epoch': '6.685'}
{'loss': '3.779e-05', 'grad_norm': '0.001006', 'learning_rate': '3.274e-06', 'epoch': '6.691'}
{'loss': '0.003793', 'grad_norm': '0.0008605', 'learning_rate': '3.259e-06', 'epoch': '6.697'}
{'loss': '0.00159', 'grad_norm': '0.006887', 'learning_rate': '3.244e-06', 'epoch': '6.703'}
{'loss': '0.008669', 'grad_norm': '0.5794', 'learning_rate': '3.228e-06', 'epoch': '6.709'}
{'loss': '0.00928', 'grad_norm': '0.0008496', 'learning_rate': '3.213e-06', 'epoch': '6.715'}
{'loss': '0.001872', 'grad_norm': '0.0008976', 'learning_rate': '3.198e-06', 'epoch': '6.721'}
{'loss': '0.006428', 'grad_norm': '0.5642', 'learning_rate': '3.183e-06', 'epoch': '6.727'}
{'loss': '0.006159', 'grad_norm': '0.02037', 'learning_rate': '3.168e-06', 'epoch': '6.734'}
{'loss': '0.002469', 'grad_norm': '0.0007936', 'learning_rate': '3.152e-06', 'epoch': '6.74'}
{'loss': '0.002181', 'grad_norm': '0.0007945', 'learning_rate': '3.137e-06', 'epoch': '6.746'}
{'loss': '0.005242', 'grad_norm': '0.002565', 'learning_rate': '3.122e-06', 'epoch': '6.752'}
{'loss': '0.004876', 'grad_norm': '0.0007517', 'learning_rate': '3.107e-06', 'epoch': '6.758'}
{'loss': '0.004497', 'grad_norm': '0.0008093', 'learning_rate': '3.092e-06', 'epoch': '6.764'}
{'loss': '0.001895', 'grad_norm': '0.01365', 'learning_rate': '3.076e-06', 'epoch': '6.77'}
{'loss': '0.004008', 'grad_norm': '0.609', 'learning_rate': '3.061e-06', 'epoch': '6.776'}
{'loss': '0.005079', 'grad_norm': '0.0007084', 'learning_rate': '3.046e-06', 'epoch': '6.782'}
{'loss': '2.839e-05', 'grad_norm': '0.0006869', 'learning_rate': '3.031e-06', 'epoch': '6.788'}
{'loss': '0.005847', 'grad_norm': '0.6933', 'learning_rate': '3.016e-06', 'epoch': '6.794'}
{'loss': '0.004171', 'grad_norm': '0.0006693', 'learning_rate': '3e-06', 'epoch': '6.8'}
{'loss': '0.002125', 'grad_norm': '0.0006696', 'learning_rate': '2.985e-06', 'epoch': '6.807'}
{'loss': '0.004337', 'grad_norm': '0.5618', 'learning_rate': '2.97e-06', 'epoch': '6.813'}
{'loss': '0.002189', 'grad_norm': '0.0007398', 'learning_rate': '2.955e-06', 'epoch': '6.819'}
{'loss': '2.696e-05', 'grad_norm': '0.0006651', 'learning_rate': '2.939e-06', 'epoch': '6.825'}
{'loss': '0.001807', 'grad_norm': '0.0006564', 'learning_rate': '2.924e-06', 'epoch': '6.831'}
{'loss': '0.006588', 'grad_norm': '0.5489', 'learning_rate': '2.909e-06', 'epoch': '6.837'}
{'loss': '3.371e-05', 'grad_norm': '0.03679', 'learning_rate': '2.894e-06', 'epoch': '6.843'}
{'loss': '0.00214', 'grad_norm': '0.6239', 'learning_rate': '2.879e-06', 'epoch': '6.849'}
{'loss': '0.00156', 'grad_norm': '0.0006252', 'learning_rate': '2.863e-06', 'epoch': '6.855'}
{'loss': '0.02875', 'grad_norm': '0.001746', 'learning_rate': '2.848e-06', 'epoch': '6.861'}
{'loss': '0.002181', 'grad_norm': '0.0006337', 'learning_rate': '2.833e-06', 'epoch': '6.867'}
{'loss': '0.006971', 'grad_norm': '0.0006117', 'learning_rate': '2.818e-06', 'epoch': '6.873'}
{'loss': '0.002663', 'grad_norm': '0.0006594', 'learning_rate': '2.803e-06', 'epoch': '6.88'}
{'loss': '0.004759', 'grad_norm': '0.6095', 'learning_rate': '2.787e-06', 'epoch': '6.886'}
{'loss': '0.001633', 'grad_norm': '0.0006095', 'learning_rate': '2.772e-06', 'epoch': '6.892'}
{'loss': '2.527e-05', 'grad_norm': '0.0006114', 'learning_rate': '2.757e-06', 'epoch': '6.898'}
{'loss': '0.03344', 'grad_norm': '0.0007509', 'learning_rate': '2.742e-06', 'epoch': '6.904'}
{'loss': '0.0004449', 'grad_norm': '0.0008006', 'learning_rate': '2.727e-06', 'epoch': '6.91'}
{'loss': '0.002107', 'grad_norm': '0.0008058', 'learning_rate': '2.711e-06', 'epoch': '6.916'}
{'loss': '0.01145', 'grad_norm': '0.0009408', 'learning_rate': '2.696e-06', 'epoch': '6.922'}
{'loss': '0.01295', 'grad_norm': '0.001234', 'learning_rate': '2.681e-06', 'epoch': '6.928'}
{'loss': '0.007891', 'grad_norm': '0.2906', 'learning_rate': '2.666e-06', 'epoch': '6.934'}
{'loss': '0.03867', 'grad_norm': '0.6954', 'learning_rate': '2.651e-06', 'epoch': '6.94'}
{'loss': '0.0001452', 'grad_norm': '0.00146', 'learning_rate': '2.635e-06', 'epoch': '6.946'}
{'loss': '0.006509', 'grad_norm': '0.7081', 'learning_rate': '2.62e-06', 'epoch': '6.953'}
{'loss': '5.098e-05', 'grad_norm': '0.001654', 'learning_rate': '2.605e-06', 'epoch': '6.959'}
{'loss': '0.005137', 'grad_norm': '0.6361', 'learning_rate': '2.59e-06', 'epoch': '6.965'}
{'loss': '4.692e-05', 'grad_norm': '0.001157', 'learning_rate': '2.575e-06', 'epoch': '6.971'}
{'loss': '0.001985', 'grad_norm': '0.583', 'learning_rate': '2.559e-06', 'epoch': '6.977'}
{'loss': '4.299e-05', 'grad_norm': '0.001265', 'learning_rate': '2.544e-06', 'epoch': '6.983'}
{'loss': '0.008661', 'grad_norm': '0.001076', 'learning_rate': '2.529e-06', 'epoch': '6.989'}
{'loss': '0.003538', 'grad_norm': '0.4375', 'learning_rate': '2.514e-06', 'epoch': '6.995'}
{'eval_loss': '0.8122', 'eval_accuracy': '0.9057', 'eval_precision': '0.9017', 'eval_recall': '0.9224', 'eval_f1': '0.9119', 'eval_runtime': '3.262', 'eval_samples_per_second': '3984', 'eval_steps_per_second': '62.53', 'epoch': '7'}
{'loss': '0.004312', 'grad_norm': '0.0008939', 'learning_rate': '2.498e-06', 'epoch': '7.001'}
{'loss': '0.003608', 'grad_norm': '0.0009761', 'learning_rate': '2.483e-06', 'epoch': '7.007'}
{'loss': '0.004544', 'grad_norm': '0.0007289', 'learning_rate': '2.468e-06', 'epoch': '7.013'}
{'loss': '3.356e-05', 'grad_norm': '0.000921', 'learning_rate': '2.453e-06', 'epoch': '7.019'}
{'loss': '0.003549', 'grad_norm': '0.0009341', 'learning_rate': '2.438e-06', 'epoch': '7.026'}
{'loss': '0.00207', 'grad_norm': '0.00124', 'learning_rate': '2.422e-06', 'epoch': '7.032'}
{'loss': '0.003876', 'grad_norm': '0.000831', 'learning_rate': '2.407e-06', 'epoch': '7.038'}
{'loss': '0.004314', 'grad_norm': '0.0007617', 'learning_rate': '2.392e-06', 'epoch': '7.044'}
{'loss': '0.00563', 'grad_norm': '0.000968', 'learning_rate': '2.377e-06', 'epoch': '7.05'}
{'loss': '3.138e-05', 'grad_norm': '0.006937', 'learning_rate': '2.362e-06', 'epoch': '7.056'}
{'loss': '0.007361', 'grad_norm': '0.0007898', 'learning_rate': '2.346e-06', 'epoch': '7.062'}
{'loss': '0.005195', 'grad_norm': '0.0009047', 'learning_rate': '2.331e-06', 'epoch': '7.068'}
{'loss': '0.004313', 'grad_norm': '0.0007316', 'learning_rate': '2.316e-06', 'epoch': '7.074'}
{'loss': '0.006382', 'grad_norm': '0.002034', 'learning_rate': '2.301e-06', 'epoch': '7.08'}
{'loss': '0.001834', 'grad_norm': '0.0006541', 'learning_rate': '2.286e-06', 'epoch': '7.086'}
{'loss': '0.001903', 'grad_norm': '0.0007009', 'learning_rate': '2.27e-06', 'epoch': '7.092'}
{'loss': '0.001988', 'grad_norm': '0.5869', 'learning_rate': '2.255e-06', 'epoch': '7.099'}
{'loss': '0.005481', 'grad_norm': '0.0007565', 'learning_rate': '2.24e-06', 'epoch': '7.105'}
{'loss': '0.004323', 'grad_norm': '1.215', 'learning_rate': '2.225e-06', 'epoch': '7.111'}
{'loss': '0.006123', 'grad_norm': '0.0006495', 'learning_rate': '2.21e-06', 'epoch': '7.117'}
{'loss': '0.007027', 'grad_norm': '0.0005635', 'learning_rate': '2.194e-06', 'epoch': '7.123'}
{'loss': '0.003728', 'grad_norm': '0.0009168', 'learning_rate': '2.179e-06', 'epoch': '7.129'}
{'loss': '3.19e-05', 'grad_norm': '0.0005521', 'learning_rate': '2.164e-06', 'epoch': '7.135'}
{'loss': '0.02382', 'grad_norm': '0.6794', 'learning_rate': '2.149e-06', 'epoch': '7.141'}
{'loss': '0.005798', 'grad_norm': '0.0009638', 'learning_rate': '2.134e-06', 'epoch': '7.147'}
{'loss': '2.76e-05', 'grad_norm': '0.0007915', 'learning_rate': '2.118e-06', 'epoch': '7.153'}
{'loss': '0.002537', 'grad_norm': '0.0009873', 'learning_rate': '2.103e-06', 'epoch': '7.159'}
{'loss': '0.005559', 'grad_norm': '0.0005959', 'learning_rate': '2.088e-06', 'epoch': '7.165'}
{'loss': '2.581e-05', 'grad_norm': '0.0005767', 'learning_rate': '2.073e-06', 'epoch': '7.172'}
{'loss': '0.00188', 'grad_norm': '0.5596', 'learning_rate': '2.057e-06', 'epoch': '7.178'}
{'loss': '0.002738', 'grad_norm': '0.7268', 'learning_rate': '2.042e-06', 'epoch': '7.184'}
{'loss': '3.907e-05', 'grad_norm': '0.0006508', 'learning_rate': '2.027e-06', 'epoch': '7.19'}
{'loss': '0.007219', 'grad_norm': '0.001332', 'learning_rate': '2.012e-06', 'epoch': '7.196'}
{'loss': '0.004482', 'grad_norm': '0.000789', 'learning_rate': '1.997e-06', 'epoch': '7.202'}
{'loss': '0.02731', 'grad_norm': '0.0006519', 'learning_rate': '1.981e-06', 'epoch': '7.208'}
{'loss': '0.00221', 'grad_norm': '0.0006081', 'learning_rate': '1.966e-06', 'epoch': '7.214'}
{'loss': '0.004242', 'grad_norm': '0.0006399', 'learning_rate': '1.951e-06', 'epoch': '7.22'}
{'loss': '0.00855', 'grad_norm': '0.5907', 'learning_rate': '1.936e-06', 'epoch': '7.226'}
{'loss': '0.006707', 'grad_norm': '0.0006056', 'learning_rate': '1.921e-06', 'epoch': '7.232'}
{'loss': '0.008077', 'grad_norm': '0.0008827', 'learning_rate': '1.905e-06', 'epoch': '7.238'}
{'loss': '0.007136', 'grad_norm': '0.0006066', 'learning_rate': '1.89e-06', 'epoch': '7.245'}
{'loss': '0.0118', 'grad_norm': '0.0006384', 'learning_rate': '1.875e-06', 'epoch': '7.251'}
{'loss': '0.003792', 'grad_norm': '0.000609', 'learning_rate': '1.86e-06', 'epoch': '7.257'}
{'loss': '2.428e-05', 'grad_norm': '0.001538', 'learning_rate': '1.845e-06', 'epoch': '7.263'}
{'loss': '0.005271', 'grad_norm': '0.7485', 'learning_rate': '1.829e-06', 'epoch': '7.269'}
{'loss': '9.768e-05', 'grad_norm': '0.0006121', 'learning_rate': '1.814e-06', 'epoch': '7.275'}
{'loss': '0.0001481', 'grad_norm': '0.4686', 'learning_rate': '1.799e-06', 'epoch': '7.281'}
{'loss': '2.317e-05', 'grad_norm': '0.000618', 'learning_rate': '1.784e-06', 'epoch': '7.287'}
{'loss': '0.003845', 'grad_norm': '0.0005841', 'learning_rate': '1.769e-06', 'epoch': '7.293'}
{'loss': '3.683e-05', 'grad_norm': '0.0005342', 'learning_rate': '1.753e-06', 'epoch': '7.299'}
{'loss': '0.00635', 'grad_norm': '0.000592', 'learning_rate': '1.738e-06', 'epoch': '7.305'}
{'loss': '0.00675', 'grad_norm': '0.000567', 'learning_rate': '1.723e-06', 'epoch': '7.311'}
{'loss': '0.004555', 'grad_norm': '0.7267', 'learning_rate': '1.708e-06', 'epoch': '7.318'}
{'loss': '0.004261', 'grad_norm': '0.0005719', 'learning_rate': '1.693e-06', 'epoch': '7.324'}
{'loss': '0.005298', 'grad_norm': '0.0006139', 'learning_rate': '1.677e-06', 'epoch': '7.33'}
{'loss': '0.008547', 'grad_norm': '0.000545', 'learning_rate': '1.662e-06', 'epoch': '7.336'}
{'loss': '0.002489', 'grad_norm': '0.0005696', 'learning_rate': '1.647e-06', 'epoch': '7.342'}
{'loss': '0.004697', 'grad_norm': '0.0006477', 'learning_rate': '1.632e-06', 'epoch': '7.348'}
{'loss': '0.001605', 'grad_norm': '0.0006296', 'learning_rate': '1.616e-06', 'epoch': '7.354'}
{'loss': '0.002148', 'grad_norm': '0.0005441', 'learning_rate': '1.601e-06', 'epoch': '7.36'}
{'loss': '0.01155', 'grad_norm': '0.0005694', 'learning_rate': '1.586e-06', 'epoch': '7.366'}
{'loss': '2.135e-05', 'grad_norm': '0.0005711', 'learning_rate': '1.571e-06', 'epoch': '7.372'}
{'loss': '0.004146', 'grad_norm': '0.1692', 'learning_rate': '1.556e-06', 'epoch': '7.378'}
{'loss': '0.002146', 'grad_norm': '0.0005672', 'learning_rate': '1.54e-06', 'epoch': '7.384'}
{'loss': '0.008586', 'grad_norm': '0.3326', 'learning_rate': '1.525e-06', 'epoch': '7.391'}
{'loss': '0.002669', 'grad_norm': '0.000578', 'learning_rate': '1.51e-06', 'epoch': '7.397'}
{'loss': '0.001197', 'grad_norm': '0.0005584', 'learning_rate': '1.495e-06', 'epoch': '7.403'}
{'loss': '0.002053', 'grad_norm': '0.0005381', 'learning_rate': '1.48e-06', 'epoch': '7.409'}
{'loss': '0.002186', 'grad_norm': '0.0005675', 'learning_rate': '1.464e-06', 'epoch': '7.415'}
{'loss': '0.003906', 'grad_norm': '0.0005777', 'learning_rate': '1.449e-06', 'epoch': '7.421'}
{'loss': '0.00464', 'grad_norm': '0.0005178', 'learning_rate': '1.434e-06', 'epoch': '7.427'}
{'loss': '0.01102', 'grad_norm': '0.0005879', 'learning_rate': '1.419e-06', 'epoch': '7.433'}
{'loss': '0.03027', 'grad_norm': '0.6515', 'learning_rate': '1.404e-06', 'epoch': '7.439'}
{'loss': '0.003805', 'grad_norm': '0.0005497', 'learning_rate': '1.388e-06', 'epoch': '7.445'}
{'loss': '0.002268', 'grad_norm': '0.000573', 'learning_rate': '1.373e-06', 'epoch': '7.451'}
{'loss': '0.00579', 'grad_norm': '0.0005487', 'learning_rate': '1.358e-06', 'epoch': '7.457'}
{'loss': '0.003829', 'grad_norm': '0.5667', 'learning_rate': '1.343e-06', 'epoch': '7.464'}
{'loss': '0.005506', 'grad_norm': '0.0004915', 'learning_rate': '1.328e-06', 'epoch': '7.47'}
{'loss': '0.005756', 'grad_norm': '0.5585', 'learning_rate': '1.312e-06', 'epoch': '7.476'}
{'loss': '0.009633', 'grad_norm': '0.0005211', 'learning_rate': '1.297e-06', 'epoch': '7.482'}
{'loss': '0.002945', 'grad_norm': '0.0005043', 'learning_rate': '1.282e-06', 'epoch': '7.488'}
{'loss': '0.006708', 'grad_norm': '0.000578', 'learning_rate': '1.267e-06', 'epoch': '7.494'}
{'loss': '3.35e-05', 'grad_norm': '0.0005542', 'learning_rate': '1.252e-06', 'epoch': '7.5'}
{'loss': '0.03457', 'grad_norm': '0.001005', 'learning_rate': '1.236e-06', 'epoch': '7.506'}
{'loss': '2.093e-05', 'grad_norm': '0.0005223', 'learning_rate': '1.221e-06', 'epoch': '7.512'}
{'loss': '0.007318', 'grad_norm': '0.0009329', 'learning_rate': '1.206e-06', 'epoch': '7.518'}
{'loss': '0.004804', 'grad_norm': '0.0006507', 'learning_rate': '1.191e-06', 'epoch': '7.524'}
{'loss': '0.002322', 'grad_norm': '0.0006253', 'learning_rate': '1.175e-06', 'epoch': '7.53'}
{'loss': '0.002244', 'grad_norm': '0.0006145', 'learning_rate': '1.16e-06', 'epoch': '7.536'}
{'loss': '0.009178', 'grad_norm': '0.0005559', 'learning_rate': '1.145e-06', 'epoch': '7.543'}
{'loss': '2.445e-05', 'grad_norm': '0.0005258', 'learning_rate': '1.13e-06', 'epoch': '7.549'}
{'loss': '0.006157', 'grad_norm': '0.5419', 'learning_rate': '1.115e-06', 'epoch': '7.555'}
{'loss': '0.006228', 'grad_norm': '0.0005013', 'learning_rate': '1.099e-06', 'epoch': '7.561'}
{'loss': '0.002425', 'grad_norm': '0.0006348', 'learning_rate': '1.084e-06', 'epoch': '7.567'}
{'loss': '2.146e-05', 'grad_norm': '0.003433', 'learning_rate': '1.069e-06', 'epoch': '7.573'}
{'loss': '0.002401', 'grad_norm': '0.0005435', 'learning_rate': '1.054e-06', 'epoch': '7.579'}
{'loss': '0.009667', 'grad_norm': '0.0005308', 'learning_rate': '1.039e-06', 'epoch': '7.585'}
{'loss': '0.002604', 'grad_norm': '0.0005317', 'learning_rate': '1.023e-06', 'epoch': '7.591'}
{'loss': '0.002102', 'grad_norm': '0.0005194', 'learning_rate': '1.008e-06', 'epoch': '7.597'}
{'loss': '0.002751', 'grad_norm': '0.0005417', 'learning_rate': '9.93e-07', 'epoch': '7.603'}
{'loss': '0.003023', 'grad_norm': '0.0005284', 'learning_rate': '9.778e-07', 'epoch': '7.609'}
{'loss': '0.002241', 'grad_norm': '0.64', 'learning_rate': '9.626e-07', 'epoch': '7.616'}
{'loss': '0.009134', 'grad_norm': '0.0006339', 'learning_rate': '9.474e-07', 'epoch': '7.622'}
{'loss': '2.043e-05', 'grad_norm': '0.0005589', 'learning_rate': '9.322e-07', 'epoch': '7.628'}
{'loss': '0.009517', 'grad_norm': '0.7196', 'learning_rate': '9.17e-07', 'epoch': '7.634'}
{'loss': '0.004123', 'grad_norm': '0.01482', 'learning_rate': '9.018e-07', 'epoch': '7.64'}
{'loss': '0.004772', 'grad_norm': '0.6773', 'learning_rate': '8.866e-07', 'epoch': '7.646'}
{'loss': '0.004814', 'grad_norm': '0.0004991', 'learning_rate': '8.714e-07', 'epoch': '7.652'}
{'loss': '2.106e-05', 'grad_norm': '0.0005348', 'learning_rate': '8.561e-07', 'epoch': '7.658'}
{'loss': '0.006821', 'grad_norm': '0.0009214', 'learning_rate': '8.409e-07', 'epoch': '7.664'}
{'loss': '0.002185', 'grad_norm': '0.0005098', 'learning_rate': '8.257e-07', 'epoch': '7.67'}
{'loss': '0.006151', 'grad_norm': '0.5399', 'learning_rate': '8.105e-07', 'epoch': '7.676'}
{'loss': '0.001987', 'grad_norm': '0.0005406', 'learning_rate': '7.953e-07', 'epoch': '7.682'}
{'loss': '0.004152', 'grad_norm': '0.6259', 'learning_rate': '7.801e-07', 'epoch': '7.689'}
{'loss': '0.002411', 'grad_norm': '0.004227', 'learning_rate': '7.649e-07', 'epoch': '7.695'}
{'loss': '0.005831', 'grad_norm': '0.0004768', 'learning_rate': '7.497e-07', 'epoch': '7.701'}
{'loss': '0.00509', 'grad_norm': '0.0004995', 'learning_rate': '7.345e-07', 'epoch': '7.707'}
{'loss': '0.002475', 'grad_norm': '0.000579', 'learning_rate': '7.193e-07', 'epoch': '7.713'}
{'loss': '0.007168', 'grad_norm': '0.0005074', 'learning_rate': '7.041e-07', 'epoch': '7.719'}
{'loss': '0.006854', 'grad_norm': '0.002342', 'learning_rate': '6.889e-07', 'epoch': '7.725'}
{'loss': '0.007115', 'grad_norm': '0.0005936', 'learning_rate': '6.737e-07', 'epoch': '7.731'}
{'loss': '0.00452', 'grad_norm': '0.0005054', 'learning_rate': '6.585e-07', 'epoch': '7.737'}
{'loss': '0.01019', 'grad_norm': '0.00795', 'learning_rate': '6.432e-07', 'epoch': '7.743'}
{'loss': '0.002685', 'grad_norm': '0.7215', 'learning_rate': '6.28e-07', 'epoch': '7.749'}
{'loss': '0.002417', 'grad_norm': '0.0005071', 'learning_rate': '6.128e-07', 'epoch': '7.755'}
{'loss': '2.045e-05', 'grad_norm': '0.0005452', 'learning_rate': '5.976e-07', 'epoch': '7.762'}
{'loss': '0.006851', 'grad_norm': '0.5902', 'learning_rate': '5.824e-07', 'epoch': '7.768'}
{'loss': '0.01192', 'grad_norm': '0.008862', 'learning_rate': '5.672e-07', 'epoch': '7.774'}
{'loss': '0.01042', 'grad_norm': '0.0004972', 'learning_rate': '5.52e-07', 'epoch': '7.78'}
{'loss': '2.027e-05', 'grad_norm': '0.0005049', 'learning_rate': '5.368e-07', 'epoch': '7.786'}
{'loss': '0.006132', 'grad_norm': '0.0004808', 'learning_rate': '5.216e-07', 'epoch': '7.792'}
{'loss': '0.003576', 'grad_norm': '0.0005439', 'learning_rate': '5.064e-07', 'epoch': '7.798'}
{'loss': '0.006471', 'grad_norm': '0.0005285', 'learning_rate': '4.912e-07', 'epoch': '7.804'}
{'loss': '0.005281', 'grad_norm': '0.0004861', 'learning_rate': '4.76e-07', 'epoch': '7.81'}
{'loss': '0.004251', 'grad_norm': '0.0005452', 'learning_rate': '4.608e-07', 'epoch': '7.816'}
{'loss': '2.018e-05', 'grad_norm': '0.0005168', 'learning_rate': '4.456e-07', 'epoch': '7.822'}
{'loss': '0.001841', 'grad_norm': '0.0004896', 'learning_rate': '4.304e-07', 'epoch': '7.828'}
{'loss': '0.002501', 'grad_norm': '0.0004591', 'learning_rate': '4.151e-07', 'epoch': '7.835'}
{'loss': '0.005246', 'grad_norm': '0.0005551', 'learning_rate': '3.999e-07', 'epoch': '7.841'}
{'loss': '0.006419', 'grad_norm': '0.0004845', 'learning_rate': '3.847e-07', 'epoch': '7.847'}
{'loss': '0.00208', 'grad_norm': '0.0004725', 'learning_rate': '3.695e-07', 'epoch': '7.853'}
{'loss': '0.002665', 'grad_norm': '0.7116', 'learning_rate': '3.543e-07', 'epoch': '7.859'}
{'loss': '0.007463', 'grad_norm': '0.6841', 'learning_rate': '3.391e-07', 'epoch': '7.865'}
{'loss': '0.006675', 'grad_norm': '0.0005948', 'learning_rate': '3.239e-07', 'epoch': '7.871'}
{'loss': '0.004176', 'grad_norm': '0.0005014', 'learning_rate': '3.087e-07', 'epoch': '7.877'}
{'loss': '2.48e-05', 'grad_norm': '0.00344', 'learning_rate': '2.935e-07', 'epoch': '7.883'}
{'loss': '0.006199', 'grad_norm': '0.0007227', 'learning_rate': '2.783e-07', 'epoch': '7.889'}
{'loss': '2.008e-05', 'grad_norm': '0.0004568', 'learning_rate': '2.631e-07', 'epoch': '7.895'}
{'loss': '0.0169', 'grad_norm': '0.8537', 'learning_rate': '2.479e-07', 'epoch': '7.901'}
{'loss': '0.006597', 'grad_norm': '0.6435', 'learning_rate': '2.327e-07', 'epoch': '7.908'}
{'loss': '0.004795', 'grad_norm': '0.0005307', 'learning_rate': '2.175e-07', 'epoch': '7.914'}
{'loss': '0.01606', 'grad_norm': '0.0005156', 'learning_rate': '2.023e-07', 'epoch': '7.92'}
{'loss': '0.004403', 'grad_norm': '0.0004813', 'learning_rate': '1.87e-07', 'epoch': '7.926'}
{'loss': '0.008752', 'grad_norm': '0.0005255', 'learning_rate': '1.718e-07', 'epoch': '7.932'}
{'loss': '0.006069', 'grad_norm': '0.0004955', 'learning_rate': '1.566e-07', 'epoch': '7.938'}
{'loss': '0.001568', 'grad_norm': '0.0005297', 'learning_rate': '1.414e-07', 'epoch': '7.944'}
{'loss': '0.00257', 'grad_norm': '0.0004883', 'learning_rate': '1.262e-07', 'epoch': '7.95'}
{'loss': '0.001991', 'grad_norm': '0.0004922', 'learning_rate': '1.11e-07', 'epoch': '7.956'}
{'loss': '0.001797', 'grad_norm': '0.0005352', 'learning_rate': '9.58e-08', 'epoch': '7.962'}
{'loss': '0.001742', 'grad_norm': '0.0005157', 'learning_rate': '8.06e-08', 'epoch': '7.968'}
{'loss': '0.002621', 'grad_norm': '0.7102', 'learning_rate': '6.539e-08', 'epoch': '7.974'}
{'loss': '0.004351', 'grad_norm': '0.6585', 'learning_rate': '5.018e-08', 'epoch': '7.981'}
{'loss': '0.002011', 'grad_norm': '0.0005316', 'learning_rate': '3.498e-08', 'epoch': '7.987'}
{'loss': '0.002129', 'grad_norm': '0.0005246', 'learning_rate': '1.977e-08', 'epoch': '7.993'}
{'loss': '8.151e-05', 'grad_norm': '0.05964', 'learning_rate': '4.562e-09', 'epoch': '7.999'}
{'eval_loss': '0.8444', 'eval_accuracy': '0.9047', 'eval_precision': '0.8978', 'eval_recall': '0.9254', 'eval_f1': '0.9114', 'eval_runtime': '3.223', 'eval_samples_per_second': '4032', 'eval_steps_per_second': '63.29', 'epoch': '8'}
{'train_runtime': '2404', 'train_samples_per_second': '175', 'train_steps_per_second': '5.471', 'train_loss': '0.01773', 'epoch': '8'}
Fold F1: 0.9189304508604751
Точность определения арабских заимств.: {'accuracy': 0.967816091954023, 'precision': 0.7844827586206896, 'recall': 0.9680851063829787, 'f1': 0.8666666666666667}
Точность определения китайских заимств.: {'accuracy': 0.9673776662484316, 'precision': 0.4444444444444444, 'recall': 0.9523809523809523, 'f1': 0.6060606060606061}
Точность определения английских заимств.: {'accuracy': 0.978988326848249, 'precision': 0.9530075187969925, 'recall': 0.9960707269155207, 'f1': 0.9740634005763689}
Точность определения французских заимств.: {'accuracy': 0.982185273159145, 'precision': 0.9730603448275862, 'recall': 0.9944933920704846, 'f1': 0.9836601307189542}
Точность определения немецких заимств.: {'accuracy': 0.9751908396946565, 'precision': 0.9155405405405406, 'recall': 0.9963235294117647, 'f1': 0.954225352112676}
Точность определения итальянских заимтсв.: {'accuracy': 0.9716684155299056, 'precision': 0.875, 'recall': 0.9887005649717514, 'f1': 0.9283819628647215}
Точность определения японских заимств.: {'accuracy': 0.9685393258426966, 'precision': 0.8161764705882353, 'recall': 0.9736842105263158, 'f1': 0.888}
Точность определения польских заимств.: {'accuracy': 0.9663461538461539, 'precision': 0.6794871794871795, 'recall': 0.9464285714285714, 'f1': 0.7910447761194029}

===== Fold 2 =====
{'loss': '0.6825', 'grad_norm': '2.323', 'learning_rate': '1.999e-05', 'epoch': '0.006143'}
{'loss': '0.6277', 'grad_norm': '3.604', 'learning_rate': '1.997e-05', 'epoch': '0.01229'}
{'loss': '0.4694', 'grad_norm': '7.281', 'learning_rate': '1.996e-05', 'epoch': '0.01843'}
{'loss': '0.3469', 'grad_norm': '8.079', 'learning_rate': '1.994e-05', 'epoch': '0.02457'}
{'loss': '0.2661', 'grad_norm': '9.777', 'learning_rate': '1.992e-05', 'epoch': '0.03071'}
{'loss': '0.2521', 'grad_norm': '6.824', 'learning_rate': '1.991e-05', 'epoch': '0.03686'}
{'loss': '0.3178', 'grad_norm': '8.006', 'learning_rate': '1.989e-05', 'epoch': '0.043'}
{'loss': '0.305', 'grad_norm': '3.716', 'learning_rate': '1.988e-05', 'epoch': '0.04914'}
{'loss': '0.2473', 'grad_norm': '8.743', 'learning_rate': '1.986e-05', 'epoch': '0.05528'}
{'loss': '0.2059', 'grad_norm': '13.25', 'learning_rate': '1.985e-05', 'epoch': '0.06143'}
{'loss': '0.1809', 'grad_norm': '13.97', 'learning_rate': '1.983e-05', 'epoch': '0.06757'}
{'loss': '0.1824', 'grad_norm': '20.34', 'learning_rate': '1.982e-05', 'epoch': '0.07371'}
{'loss': '0.1737', 'grad_norm': '12.27', 'learning_rate': '1.98e-05', 'epoch': '0.07985'}
{'loss': '0.239', 'grad_norm': '0.6609', 'learning_rate': '1.979e-05', 'epoch': '0.086'}
{'loss': '0.1158', 'grad_norm': '9.845', 'learning_rate': '1.977e-05', 'epoch': '0.09214'}
{'loss': '0.1094', 'grad_norm': '16.17', 'learning_rate': '1.976e-05', 'epoch': '0.09828'}
{'loss': '0.09794', 'grad_norm': '7.445', 'learning_rate': '1.974e-05', 'epoch': '0.1044'}
{'loss': '0.2206', 'grad_norm': '0.7047', 'learning_rate': '1.973e-05', 'epoch': '0.1106'}
{'loss': '0.1345', 'grad_norm': '7.098', 'learning_rate': '1.971e-05', 'epoch': '0.1167'}
{'loss': '0.1502', 'grad_norm': '2.106', 'learning_rate': '1.969e-05', 'epoch': '0.1229'}
{'loss': '0.1524', 'grad_norm': '7.602', 'learning_rate': '1.968e-05', 'epoch': '0.129'}
{'loss': '0.1071', 'grad_norm': '3.331', 'learning_rate': '1.966e-05', 'epoch': '0.1351'}
{'loss': '0.08007', 'grad_norm': '9.414', 'learning_rate': '1.965e-05', 'epoch': '0.1413'}
{'loss': '0.1057', 'grad_norm': '5.007', 'learning_rate': '1.963e-05', 'epoch': '0.1474'}
{'loss': '0.1076', 'grad_norm': '0.9505', 'learning_rate': '1.962e-05', 'epoch': '0.1536'}
{'loss': '0.09579', 'grad_norm': '32.43', 'learning_rate': '1.96e-05', 'epoch': '0.1597'}
{'loss': '0.08392', 'grad_norm': '0.1438', 'learning_rate': '1.959e-05', 'epoch': '0.1658'}
{'loss': '0.1094', 'grad_norm': '0.3541', 'learning_rate': '1.957e-05', 'epoch': '0.172'}
{'loss': '0.2931', 'grad_norm': '11.7', 'learning_rate': '1.956e-05', 'epoch': '0.1781'}
{'loss': '0.1743', 'grad_norm': '22.15', 'learning_rate': '1.954e-05', 'epoch': '0.1843'}
{'loss': '0.09866', 'grad_norm': '14.42', 'learning_rate': '1.953e-05', 'epoch': '0.1904'}
{'loss': '0.1451', 'grad_norm': '15.21', 'learning_rate': '1.951e-05', 'epoch': '0.1966'}
{'loss': '0.1858', 'grad_norm': '4.74', 'learning_rate': '1.949e-05', 'epoch': '0.2027'}
{'loss': '0.1024', 'grad_norm': '0.4603', 'learning_rate': '1.948e-05', 'epoch': '0.2088'}
{'loss': '0.03979', 'grad_norm': '0.1296', 'learning_rate': '1.946e-05', 'epoch': '0.215'}
{'loss': '0.09067', 'grad_norm': '19.06', 'learning_rate': '1.945e-05', 'epoch': '0.2211'}
{'loss': '0.02456', 'grad_norm': '0.1296', 'learning_rate': '1.943e-05', 'epoch': '0.2273'}
{'loss': '0.05746', 'grad_norm': '0.4487', 'learning_rate': '1.942e-05', 'epoch': '0.2334'}
{'loss': '0.09276', 'grad_norm': '1.01', 'learning_rate': '1.94e-05', 'epoch': '0.2396'}
{'loss': '0.03086', 'grad_norm': '19.46', 'learning_rate': '1.939e-05', 'epoch': '0.2457'}
{'loss': '0.1694', 'grad_norm': '25.47', 'learning_rate': '1.937e-05', 'epoch': '0.2518'}
{'loss': '0.07951', 'grad_norm': '0.8934', 'learning_rate': '1.936e-05', 'epoch': '0.258'}
{'loss': '0.07282', 'grad_norm': '40.71', 'learning_rate': '1.934e-05', 'epoch': '0.2641'}
{'loss': '0.1226', 'grad_norm': '33.92', 'learning_rate': '1.933e-05', 'epoch': '0.2703'}
{'loss': '0.09846', 'grad_norm': '0.4232', 'learning_rate': '1.931e-05', 'epoch': '0.2764'}
{'loss': '0.08678', 'grad_norm': '9.555', 'learning_rate': '1.93e-05', 'epoch': '0.2826'}
{'loss': '0.05177', 'grad_norm': '0.09764', 'learning_rate': '1.928e-05', 'epoch': '0.2887'}
{'loss': '0.03329', 'grad_norm': '1.504', 'learning_rate': '1.926e-05', 'epoch': '0.2948'}
{'loss': '0.04937', 'grad_norm': '7.805', 'learning_rate': '1.925e-05', 'epoch': '0.301'}
{'loss': '0.07861', 'grad_norm': '0.2406', 'learning_rate': '1.923e-05', 'epoch': '0.3071'}
{'loss': '0.08253', 'grad_norm': '11.64', 'learning_rate': '1.922e-05', 'epoch': '0.3133'}
{'loss': '0.08055', 'grad_norm': '0.6101', 'learning_rate': '1.92e-05', 'epoch': '0.3194'}
{'loss': '0.1421', 'grad_norm': '10.66', 'learning_rate': '1.919e-05', 'epoch': '0.3256'}
{'loss': '0.04171', 'grad_norm': '11.71', 'learning_rate': '1.917e-05', 'epoch': '0.3317'}
{'loss': '0.08124', 'grad_norm': '0.09862', 'learning_rate': '1.916e-05', 'epoch': '0.3378'}
{'loss': '0.04266', 'grad_norm': '10.66', 'learning_rate': '1.914e-05', 'epoch': '0.344'}
{'loss': '0.08157', 'grad_norm': '37.36', 'learning_rate': '1.913e-05', 'epoch': '0.3501'}
{'loss': '0.1152', 'grad_norm': '22.16', 'learning_rate': '1.911e-05', 'epoch': '0.3563'}
{'loss': '0.04984', 'grad_norm': '1.198', 'learning_rate': '1.91e-05', 'epoch': '0.3624'}
{'loss': '0.05141', 'grad_norm': '15.02', 'learning_rate': '1.908e-05', 'epoch': '0.3686'}
{'loss': '0.02391', 'grad_norm': '1.089', 'learning_rate': '1.906e-05', 'epoch': '0.3747'}
{'loss': '0.07037', 'grad_norm': '1.571', 'learning_rate': '1.905e-05', 'epoch': '0.3808'}
{'loss': '0.03584', 'grad_norm': '0.02062', 'learning_rate': '1.903e-05', 'epoch': '0.387'}
{'loss': '0.06762', 'grad_norm': '1.23', 'learning_rate': '1.902e-05', 'epoch': '0.3931'}
{'loss': '0.06061', 'grad_norm': '22.69', 'learning_rate': '1.9e-05', 'epoch': '0.3993'}
{'loss': '0.07461', 'grad_norm': '0.04796', 'learning_rate': '1.899e-05', 'epoch': '0.4054'}
{'loss': '0.03264', 'grad_norm': '0.4005', 'learning_rate': '1.897e-05', 'epoch': '0.4115'}
{'loss': '0.1365', 'grad_norm': '0.1746', 'learning_rate': '1.896e-05', 'epoch': '0.4177'}
{'loss': '0.02164', 'grad_norm': '2.462', 'learning_rate': '1.894e-05', 'epoch': '0.4238'}
{'loss': '0.08904', 'grad_norm': '19.86', 'learning_rate': '1.893e-05', 'epoch': '0.43'}
{'loss': '0.04026', 'grad_norm': '2.506', 'learning_rate': '1.891e-05', 'epoch': '0.4361'}
{'loss': '0.07914', 'grad_norm': '24.83', 'learning_rate': '1.89e-05', 'epoch': '0.4423'}
{'loss': '0.03481', 'grad_norm': '0.02509', 'learning_rate': '1.888e-05', 'epoch': '0.4484'}
{'loss': '0.06866', 'grad_norm': '1.334', 'learning_rate': '1.887e-05', 'epoch': '0.4545'}
{'loss': '0.05752', 'grad_norm': '3.913', 'learning_rate': '1.885e-05', 'epoch': '0.4607'}
{'loss': '0.0553', 'grad_norm': '1.463', 'learning_rate': '1.883e-05', 'epoch': '0.4668'}
{'loss': '0.03147', 'grad_norm': '0.9921', 'learning_rate': '1.882e-05', 'epoch': '0.473'}
{'loss': '0.04399', 'grad_norm': '9.799', 'learning_rate': '1.88e-05', 'epoch': '0.4791'}
{'loss': '0.06596', 'grad_norm': '0.0232', 'learning_rate': '1.879e-05', 'epoch': '0.4853'}
{'loss': '0.00809', 'grad_norm': '0.1112', 'learning_rate': '1.877e-05', 'epoch': '0.4914'}
{'loss': '0.02575', 'grad_norm': '26.07', 'learning_rate': '1.876e-05', 'epoch': '0.4975'}
{'loss': '0.0333', 'grad_norm': '43.25', 'learning_rate': '1.874e-05', 'epoch': '0.5037'}
{'loss': '0.02006', 'grad_norm': '25.96', 'learning_rate': '1.873e-05', 'epoch': '0.5098'}
{'loss': '0.05982', 'grad_norm': '2.945', 'learning_rate': '1.871e-05', 'epoch': '0.516'}
{'loss': '0.01103', 'grad_norm': '0.02183', 'learning_rate': '1.87e-05', 'epoch': '0.5221'}
{'loss': '0.08915', 'grad_norm': '12.97', 'learning_rate': '1.868e-05', 'epoch': '0.5283'}
{'loss': '0.051', 'grad_norm': '0.1587', 'learning_rate': '1.867e-05', 'epoch': '0.5344'}
{'loss': '0.03372', 'grad_norm': '5.14', 'learning_rate': '1.865e-05', 'epoch': '0.5405'}
{'loss': '0.08326', 'grad_norm': '0.8761', 'learning_rate': '1.863e-05', 'epoch': '0.5467'}
{'loss': '0.06636', 'grad_norm': '0.02425', 'learning_rate': '1.862e-05', 'epoch': '0.5528'}
{'loss': '0.0354', 'grad_norm': '0.06501', 'learning_rate': '1.86e-05', 'epoch': '0.559'}
{'loss': '0.03181', 'grad_norm': '0.0389', 'learning_rate': '1.859e-05', 'epoch': '0.5651'}
{'loss': '0.02798', 'grad_norm': '8.9', 'learning_rate': '1.857e-05', 'epoch': '0.5713'}
{'loss': '0.04286', 'grad_norm': '0.1694', 'learning_rate': '1.856e-05', 'epoch': '0.5774'}
{'loss': '0.03628', 'grad_norm': '0.02438', 'learning_rate': '1.854e-05', 'epoch': '0.5835'}
{'loss': '0.07372', 'grad_norm': '0.3243', 'learning_rate': '1.853e-05', 'epoch': '0.5897'}
{'loss': '0.1063', 'grad_norm': '0.05799', 'learning_rate': '1.851e-05', 'epoch': '0.5958'}
{'loss': '0.03879', 'grad_norm': '18.56', 'learning_rate': '1.85e-05', 'epoch': '0.602'}
{'loss': '0.03172', 'grad_norm': '0.03834', 'learning_rate': '1.848e-05', 'epoch': '0.6081'}
{'loss': '0.0596', 'grad_norm': '19.71', 'learning_rate': '1.847e-05', 'epoch': '0.6143'}
{'loss': '0.0422', 'grad_norm': '0.161', 'learning_rate': '1.845e-05', 'epoch': '0.6204'}
{'loss': '0.06347', 'grad_norm': '11.02', 'learning_rate': '1.844e-05', 'epoch': '0.6265'}
{'loss': '0.01947', 'grad_norm': '0.1311', 'learning_rate': '1.842e-05', 'epoch': '0.6327'}
{'loss': '0.06139', 'grad_norm': '0.02273', 'learning_rate': '1.84e-05', 'epoch': '0.6388'}
{'loss': '0.0358', 'grad_norm': '13.25', 'learning_rate': '1.839e-05', 'epoch': '0.645'}
{'loss': '0.03392', 'grad_norm': '0.1421', 'learning_rate': '1.837e-05', 'epoch': '0.6511'}
{'loss': '0.03446', 'grad_norm': '0.01151', 'learning_rate': '1.836e-05', 'epoch': '0.6572'}
{'loss': '0.01948', 'grad_norm': '2.39', 'learning_rate': '1.834e-05', 'epoch': '0.6634'}
{'loss': '0.09329', 'grad_norm': '17.46', 'learning_rate': '1.833e-05', 'epoch': '0.6695'}
{'loss': '0.02126', 'grad_norm': '0.04872', 'learning_rate': '1.831e-05', 'epoch': '0.6757'}
{'loss': '0.02016', 'grad_norm': '0.1003', 'learning_rate': '1.83e-05', 'epoch': '0.6818'}
{'loss': '0.04426', 'grad_norm': '0.1083', 'learning_rate': '1.828e-05', 'epoch': '0.688'}
{'loss': '0.002518', 'grad_norm': '1.068', 'learning_rate': '1.827e-05', 'epoch': '0.6941'}
{'loss': '0.08105', 'grad_norm': '0.02204', 'learning_rate': '1.825e-05', 'epoch': '0.7002'}
{'loss': '0.03109', 'grad_norm': '0.08402', 'learning_rate': '1.824e-05', 'epoch': '0.7064'}
{'loss': '0.007692', 'grad_norm': '0.02516', 'learning_rate': '1.822e-05', 'epoch': '0.7125'}
{'loss': '0.04383', 'grad_norm': '0.02507', 'learning_rate': '1.82e-05', 'epoch': '0.7187'}
{'loss': '0.001941', 'grad_norm': '0.05751', 'learning_rate': '1.819e-05', 'epoch': '0.7248'}
{'loss': '0.00806', 'grad_norm': '0.01714', 'learning_rate': '1.817e-05', 'epoch': '0.731'}
{'loss': '0.07332', 'grad_norm': '8.178', 'learning_rate': '1.816e-05', 'epoch': '0.7371'}
{'loss': '0.009395', 'grad_norm': '0.04361', 'learning_rate': '1.814e-05', 'epoch': '0.7432'}
{'loss': '0.02926', 'grad_norm': '0.2406', 'learning_rate': '1.813e-05', 'epoch': '0.7494'}
{'loss': '0.02346', 'grad_norm': '0.03956', 'learning_rate': '1.811e-05', 'epoch': '0.7555'}
{'loss': '0.01859', 'grad_norm': '0.01213', 'learning_rate': '1.81e-05', 'epoch': '0.7617'}
{'loss': '0.0404', 'grad_norm': '0.09029', 'learning_rate': '1.808e-05', 'epoch': '0.7678'}
{'loss': '0.0004673', 'grad_norm': '0.01639', 'learning_rate': '1.807e-05', 'epoch': '0.774'}
{'loss': '0.02384', 'grad_norm': '0.8954', 'learning_rate': '1.805e-05', 'epoch': '0.7801'}
{'loss': '0.04087', 'grad_norm': '0.01604', 'learning_rate': '1.804e-05', 'epoch': '0.7862'}
{'loss': '0.05037', 'grad_norm': '13.73', 'learning_rate': '1.802e-05', 'epoch': '0.7924'}
{'loss': '0.01136', 'grad_norm': '16.33', 'learning_rate': '1.801e-05', 'epoch': '0.7985'}
{'loss': '0.00281', 'grad_norm': '0.01318', 'learning_rate': '1.799e-05', 'epoch': '0.8047'}
{'loss': '0.08618', 'grad_norm': '1.437', 'learning_rate': '1.797e-05', 'epoch': '0.8108'}
{'loss': '0.03992', 'grad_norm': '25.51', 'learning_rate': '1.796e-05', 'epoch': '0.817'}
{'loss': '0.03386', 'grad_norm': '0.5238', 'learning_rate': '1.794e-05', 'epoch': '0.8231'}
{'loss': '0.04982', 'grad_norm': '0.2461', 'learning_rate': '1.793e-05', 'epoch': '0.8292'}
{'loss': '0.04949', 'grad_norm': '0.8809', 'learning_rate': '1.791e-05', 'epoch': '0.8354'}
{'loss': '0.03495', 'grad_norm': '9.263', 'learning_rate': '1.79e-05', 'epoch': '0.8415'}
{'loss': '0.0631', 'grad_norm': '0.09585', 'learning_rate': '1.788e-05', 'epoch': '0.8477'}
{'loss': '0.03196', 'grad_norm': '0.1081', 'learning_rate': '1.787e-05', 'epoch': '0.8538'}
{'loss': '0.03775', 'grad_norm': '0.04821', 'learning_rate': '1.785e-05', 'epoch': '0.86'}
{'loss': '0.01758', 'grad_norm': '0.01527', 'learning_rate': '1.784e-05', 'epoch': '0.8661'}
{'loss': '0.01603', 'grad_norm': '0.01171', 'learning_rate': '1.782e-05', 'epoch': '0.8722'}
{'loss': '0.02391', 'grad_norm': '0.481', 'learning_rate': '1.781e-05', 'epoch': '0.8784'}
{'loss': '0.03432', 'grad_norm': '1.351', 'learning_rate': '1.779e-05', 'epoch': '0.8845'}
{'loss': '0.03608', 'grad_norm': '0.04661', 'learning_rate': '1.777e-05', 'epoch': '0.8907'}
{'loss': '0.006284', 'grad_norm': '0.4826', 'learning_rate': '1.776e-05', 'epoch': '0.8968'}
{'loss': '0.01441', 'grad_norm': '0.007396', 'learning_rate': '1.774e-05', 'epoch': '0.9029'}
{'loss': '0.003486', 'grad_norm': '52.04', 'learning_rate': '1.773e-05', 'epoch': '0.9091'}
{'loss': '0.0323', 'grad_norm': '0.06388', 'learning_rate': '1.771e-05', 'epoch': '0.9152'}
{'loss': '0.02587', 'grad_norm': '34.02', 'learning_rate': '1.77e-05', 'epoch': '0.9214'}
{'loss': '0.002739', 'grad_norm': '0.006364', 'learning_rate': '1.768e-05', 'epoch': '0.9275'}
{'loss': '0.04092', 'grad_norm': '0.107', 'learning_rate': '1.767e-05', 'epoch': '0.9337'}
{'loss': '0.0271', 'grad_norm': '0.03762', 'learning_rate': '1.765e-05', 'epoch': '0.9398'}
{'loss': '0.002945', 'grad_norm': '0.2441', 'learning_rate': '1.764e-05', 'epoch': '0.9459'}
{'loss': '0.04237', 'grad_norm': '28.21', 'learning_rate': '1.762e-05', 'epoch': '0.9521'}
{'loss': '0.03138', 'grad_norm': '0.01465', 'learning_rate': '1.761e-05', 'epoch': '0.9582'}
{'loss': '0.03146', 'grad_norm': '4.893', 'learning_rate': '1.759e-05', 'epoch': '0.9644'}
{'loss': '0.02948', 'grad_norm': '0.1308', 'learning_rate': '1.758e-05', 'epoch': '0.9705'}
{'loss': '0.01023', 'grad_norm': '1.383', 'learning_rate': '1.756e-05', 'epoch': '0.9767'}
{'loss': '0.0009012', 'grad_norm': '0.008967', 'learning_rate': '1.754e-05', 'epoch': '0.9828'}
{'loss': '0.001872', 'grad_norm': '0.00799', 'learning_rate': '1.753e-05', 'epoch': '0.9889'}
{'loss': '0.01435', 'grad_norm': '0.1266', 'learning_rate': '1.751e-05', 'epoch': '0.9951'}
{'eval_loss': '1.024', 'eval_accuracy': '0.8696', 'eval_precision': '0.9613', 'eval_recall': '0.8106', 'eval_f1': '0.8795', 'eval_runtime': '3.416', 'eval_samples_per_second': '3956', 'eval_steps_per_second': '62.05', 'epoch': '1'}
{'loss': '0.02281', 'grad_norm': '0.00389', 'learning_rate': '1.75e-05', 'epoch': '1.001'}
{'loss': '0.01727', 'grad_norm': '5.574', 'learning_rate': '1.748e-05', 'epoch': '1.007'}
{'loss': '0.01138', 'grad_norm': '0.9394', 'learning_rate': '1.747e-05', 'epoch': '1.014'}
{'loss': '0.01534', 'grad_norm': '0.006726', 'learning_rate': '1.745e-05', 'epoch': '1.02'}
{'loss': '0.002439', 'grad_norm': '0.005033', 'learning_rate': '1.744e-05', 'epoch': '1.026'}
{'loss': '0.002447', 'grad_norm': '0.00357', 'learning_rate': '1.742e-05', 'epoch': '1.032'}
{'loss': '0.01555', 'grad_norm': '0.002972', 'learning_rate': '1.741e-05', 'epoch': '1.038'}
{'loss': '0.02758', 'grad_norm': '0.003247', 'learning_rate': '1.739e-05', 'epoch': '1.044'}
{'loss': '0.03229', 'grad_norm': '2.599', 'learning_rate': '1.738e-05', 'epoch': '1.05'}
{'loss': '0.0006275', 'grad_norm': '1.899', 'learning_rate': '1.736e-05', 'epoch': '1.057'}
{'loss': '0.03446', 'grad_norm': '0.007192', 'learning_rate': '1.734e-05', 'epoch': '1.063'}
{'loss': '0.02708', 'grad_norm': '0.008086', 'learning_rate': '1.733e-05', 'epoch': '1.069'}
{'loss': '0.0036', 'grad_norm': '0.01647', 'learning_rate': '1.731e-05', 'epoch': '1.075'}
{'loss': '0.01031', 'grad_norm': '0.6742', 'learning_rate': '1.73e-05', 'epoch': '1.081'}
{'loss': '0.02198', 'grad_norm': '0.07362', 'learning_rate': '1.728e-05', 'epoch': '1.087'}
{'loss': '0.02337', 'grad_norm': '4.228', 'learning_rate': '1.727e-05', 'epoch': '1.093'}
{'loss': '0.0516', 'grad_norm': '0.1262', 'learning_rate': '1.725e-05', 'epoch': '1.1'}
{'loss': '0.02907', 'grad_norm': '0.1652', 'learning_rate': '1.724e-05', 'epoch': '1.106'}
{'loss': '0.01398', 'grad_norm': '0.03587', 'learning_rate': '1.722e-05', 'epoch': '1.112'}
{'loss': '0.01443', 'grad_norm': '0.02238', 'learning_rate': '1.721e-05', 'epoch': '1.118'}
{'loss': '0.01386', 'grad_norm': '16.64', 'learning_rate': '1.719e-05', 'epoch': '1.124'}
{'loss': '0.02656', 'grad_norm': '0.01691', 'learning_rate': '1.718e-05', 'epoch': '1.13'}
{'loss': '0.003225', 'grad_norm': '0.04884', 'learning_rate': '1.716e-05', 'epoch': '1.136'}
{'loss': '0.0006085', 'grad_norm': '0.007068', 'learning_rate': '1.715e-05', 'epoch': '1.143'}
{'loss': '0.008735', 'grad_norm': '0.1977', 'learning_rate': '1.713e-05', 'epoch': '1.149'}
{'loss': '0.003165', 'grad_norm': '0.01568', 'learning_rate': '1.711e-05', 'epoch': '1.155'}
{'loss': '0.008625', 'grad_norm': '39.84', 'learning_rate': '1.71e-05', 'epoch': '1.161'}
{'loss': '0.02529', 'grad_norm': '0.007259', 'learning_rate': '1.708e-05', 'epoch': '1.167'}
{'loss': '0.04', 'grad_norm': '0.02659', 'learning_rate': '1.707e-05', 'epoch': '1.173'}
{'loss': '0.007046', 'grad_norm': '0.02075', 'learning_rate': '1.705e-05', 'epoch': '1.179'}
{'loss': '0.0009421', 'grad_norm': '0.004822', 'learning_rate': '1.704e-05', 'epoch': '1.186'}
{'loss': '0.03382', 'grad_norm': '0.01049', 'learning_rate': '1.702e-05', 'epoch': '1.192'}
{'loss': '0.006801', 'grad_norm': '0.01075', 'learning_rate': '1.701e-05', 'epoch': '1.198'}
{'loss': '0.002528', 'grad_norm': '0.003719', 'learning_rate': '1.699e-05', 'epoch': '1.204'}
{'loss': '0.004764', 'grad_norm': '0.02092', 'learning_rate': '1.698e-05', 'epoch': '1.21'}
{'loss': '0.01864', 'grad_norm': '0.004004', 'learning_rate': '1.696e-05', 'epoch': '1.216'}
{'loss': '0.007877', 'grad_norm': '0.005282', 'learning_rate': '1.695e-05', 'epoch': '1.222'}
{'loss': '0.01793', 'grad_norm': '0.007323', 'learning_rate': '1.693e-05', 'epoch': '1.229'}
{'loss': '0.002351', 'grad_norm': '0.003579', 'learning_rate': '1.691e-05', 'epoch': '1.235'}
{'loss': '0.0004394', 'grad_norm': '0.004072', 'learning_rate': '1.69e-05', 'epoch': '1.241'}
{'loss': '0.0224', 'grad_norm': '0.003771', 'learning_rate': '1.688e-05', 'epoch': '1.247'}
{'loss': '0.01544', 'grad_norm': '0.004533', 'learning_rate': '1.687e-05', 'epoch': '1.253'}
{'loss': '0.03584', 'grad_norm': '0.006692', 'learning_rate': '1.685e-05', 'epoch': '1.259'}
{'loss': '0.0224', 'grad_norm': '0.008192', 'learning_rate': '1.684e-05', 'epoch': '1.265'}
{'loss': '0.008207', 'grad_norm': '29.11', 'learning_rate': '1.682e-05', 'epoch': '1.271'}
{'loss': '0.01994', 'grad_norm': '0.005657', 'learning_rate': '1.681e-05', 'epoch': '1.278'}
{'loss': '0.004872', 'grad_norm': '0.007274', 'learning_rate': '1.679e-05', 'epoch': '1.284'}
{'loss': '0.01925', 'grad_norm': '0.4109', 'learning_rate': '1.678e-05', 'epoch': '1.29'}
{'loss': '0.007974', 'grad_norm': '0.005436', 'learning_rate': '1.676e-05', 'epoch': '1.296'}
{'loss': '0.03446', 'grad_norm': '0.01316', 'learning_rate': '1.675e-05', 'epoch': '1.302'}
{'loss': '0.03239', 'grad_norm': '0.02588', 'learning_rate': '1.673e-05', 'epoch': '1.308'}
{'loss': '0.009941', 'grad_norm': '1.334', 'learning_rate': '1.672e-05', 'epoch': '1.314'}
{'loss': '0.002461', 'grad_norm': '0.6046', 'learning_rate': '1.67e-05', 'epoch': '1.321'}
{'loss': '0.001659', 'grad_norm': '0.04089', 'learning_rate': '1.668e-05', 'epoch': '1.327'}
{'loss': '0.02346', 'grad_norm': '1.514', 'learning_rate': '1.667e-05', 'epoch': '1.333'}
{'loss': '0.04952', 'grad_norm': '32.32', 'learning_rate': '1.665e-05', 'epoch': '1.339'}
{'loss': '0.05179', 'grad_norm': '0.03199', 'learning_rate': '1.664e-05', 'epoch': '1.345'}
{'loss': '0.002273', 'grad_norm': '0.0103', 'learning_rate': '1.662e-05', 'epoch': '1.351'}
{'loss': '0.01301', 'grad_norm': '0.02361', 'learning_rate': '1.661e-05', 'epoch': '1.357'}
{'loss': '0.003533', 'grad_norm': '0.00928', 'learning_rate': '1.659e-05', 'epoch': '1.364'}
{'loss': '0.02682', 'grad_norm': '0.005882', 'learning_rate': '1.658e-05', 'epoch': '1.37'}
{'loss': '0.00658', 'grad_norm': '1.516', 'learning_rate': '1.656e-05', 'epoch': '1.376'}
{'loss': '0.03887', 'grad_norm': '0.1725', 'learning_rate': '1.655e-05', 'epoch': '1.382'}
{'loss': '0.02691', 'grad_norm': '0.01661', 'learning_rate': '1.653e-05', 'epoch': '1.388'}
{'loss': '0.03531', 'grad_norm': '0.02061', 'learning_rate': '1.652e-05', 'epoch': '1.394'}
{'loss': '0.006604', 'grad_norm': '11.42', 'learning_rate': '1.65e-05', 'epoch': '1.4'}
{'loss': '0.02701', 'grad_norm': '0.01142', 'learning_rate': '1.648e-05', 'epoch': '1.407'}
{'loss': '0.02496', 'grad_norm': '6.897', 'learning_rate': '1.647e-05', 'epoch': '1.413'}
{'loss': '0.03354', 'grad_norm': '1.13', 'learning_rate': '1.645e-05', 'epoch': '1.419'}
{'loss': '0.02817', 'grad_norm': '0.008041', 'learning_rate': '1.644e-05', 'epoch': '1.425'}
{'loss': '0.01422', 'grad_norm': '0.01633', 'learning_rate': '1.642e-05', 'epoch': '1.431'}
{'loss': '0.02421', 'grad_norm': '0.02048', 'learning_rate': '1.641e-05', 'epoch': '1.437'}
{'loss': '0.01653', 'grad_norm': '0.05863', 'learning_rate': '1.639e-05', 'epoch': '1.443'}
{'loss': '0.01926', 'grad_norm': '0.5165', 'learning_rate': '1.638e-05', 'epoch': '1.45'}
{'loss': '0.03001', 'grad_norm': '0.02891', 'learning_rate': '1.636e-05', 'epoch': '1.456'}
{'loss': '0.001853', 'grad_norm': '0.04391', 'learning_rate': '1.635e-05', 'epoch': '1.462'}
{'loss': '0.0289', 'grad_norm': '0.005445', 'learning_rate': '1.633e-05', 'epoch': '1.468'}
{'loss': '0.01709', 'grad_norm': '0.02107', 'learning_rate': '1.632e-05', 'epoch': '1.474'}
{'loss': '0.02524', 'grad_norm': '0.8409', 'learning_rate': '1.63e-05', 'epoch': '1.48'}
{'loss': '0.002319', 'grad_norm': '0.00703', 'learning_rate': '1.629e-05', 'epoch': '1.486'}
{'loss': '0.0004797', 'grad_norm': '0.004695', 'learning_rate': '1.627e-05', 'epoch': '1.493'}
{'loss': '0.002529', 'grad_norm': '0.144', 'learning_rate': '1.625e-05', 'epoch': '1.499'}
{'loss': '0.006672', 'grad_norm': '0.004359', 'learning_rate': '1.624e-05', 'epoch': '1.505'}
{'loss': '0.003336', 'grad_norm': '0.003179', 'learning_rate': '1.622e-05', 'epoch': '1.511'}
{'loss': '0.003686', 'grad_norm': '0.003183', 'learning_rate': '1.621e-05', 'epoch': '1.517'}
{'loss': '0.02508', 'grad_norm': '2.735', 'learning_rate': '1.619e-05', 'epoch': '1.523'}
{'loss': '0.001817', 'grad_norm': '0.01754', 'learning_rate': '1.618e-05', 'epoch': '1.529'}
{'loss': '0.002875', 'grad_norm': '0.00375', 'learning_rate': '1.616e-05', 'epoch': '1.536'}
{'loss': '0.00299', 'grad_norm': '0.0266', 'learning_rate': '1.615e-05', 'epoch': '1.542'}
{'loss': '0.003157', 'grad_norm': '0.4718', 'learning_rate': '1.613e-05', 'epoch': '1.548'}
{'loss': '0.005309', 'grad_norm': '0.004594', 'learning_rate': '1.612e-05', 'epoch': '1.554'}
{'loss': '0.0002888', 'grad_norm': '0.544', 'learning_rate': '1.61e-05', 'epoch': '1.56'}
{'loss': '0.005787', 'grad_norm': '0.002874', 'learning_rate': '1.609e-05', 'epoch': '1.566'}
{'loss': '0.06543', 'grad_norm': '0.455', 'learning_rate': '1.607e-05', 'epoch': '1.572'}
{'loss': '0.0002389', 'grad_norm': '0.007375', 'learning_rate': '1.605e-05', 'epoch': '1.579'}
{'loss': '0.004881', 'grad_norm': '0.01018', 'learning_rate': '1.604e-05', 'epoch': '1.585'}
{'loss': '0.00219', 'grad_norm': '0.006058', 'learning_rate': '1.602e-05', 'epoch': '1.591'}
{'loss': '0.02449', 'grad_norm': '0.02111', 'learning_rate': '1.601e-05', 'epoch': '1.597'}
{'loss': '0.02619', 'grad_norm': '0.003515', 'learning_rate': '1.599e-05', 'epoch': '1.603'}
{'loss': '0.01193', 'grad_norm': '0.004043', 'learning_rate': '1.598e-05', 'epoch': '1.609'}
{'loss': '0.01989', 'grad_norm': '0.003421', 'learning_rate': '1.596e-05', 'epoch': '1.615'}
{'loss': '0.005707', 'grad_norm': '0.551', 'learning_rate': '1.595e-05', 'epoch': '1.622'}
{'loss': '0.03462', 'grad_norm': '0.101', 'learning_rate': '1.593e-05', 'epoch': '1.628'}
{'loss': '0.00979', 'grad_norm': '0.02261', 'learning_rate': '1.592e-05', 'epoch': '1.634'}
{'loss': '0.02662', 'grad_norm': '17.75', 'learning_rate': '1.59e-05', 'epoch': '1.64'}
{'loss': '0.008241', 'grad_norm': '0.004109', 'learning_rate': '1.589e-05', 'epoch': '1.646'}
{'loss': '0.00594', 'grad_norm': '0.3243', 'learning_rate': '1.587e-05', 'epoch': '1.652'}
{'loss': '0.003914', 'grad_norm': '0.004198', 'learning_rate': '1.586e-05', 'epoch': '1.658'}
{'loss': '0.01004', 'grad_norm': '0.6831', 'learning_rate': '1.584e-05', 'epoch': '1.665'}
{'loss': '0.004796', 'grad_norm': '0.6848', 'learning_rate': '1.582e-05', 'epoch': '1.671'}
{'loss': '0.002265', 'grad_norm': '0.002228', 'learning_rate': '1.581e-05', 'epoch': '1.677'}
{'loss': '0.002494', 'grad_norm': '0.01792', 'learning_rate': '1.579e-05', 'epoch': '1.683'}
{'loss': '0.01392', 'grad_norm': '49.09', 'learning_rate': '1.578e-05', 'epoch': '1.689'}
{'loss': '0.001571', 'grad_norm': '0.005577', 'learning_rate': '1.576e-05', 'epoch': '1.695'}
{'loss': '0.004509', 'grad_norm': '0.739', 'learning_rate': '1.575e-05', 'epoch': '1.701'}
{'loss': '0.003929', 'grad_norm': '0.04118', 'learning_rate': '1.573e-05', 'epoch': '1.708'}
{'loss': '0.01394', 'grad_norm': '0.002391', 'learning_rate': '1.572e-05', 'epoch': '1.714'}
{'loss': '0.02326', 'grad_norm': '0.001775', 'learning_rate': '1.57e-05', 'epoch': '1.72'}
{'loss': '0.006813', 'grad_norm': '0.00434', 'learning_rate': '1.569e-05', 'epoch': '1.726'}
{'loss': '0.008113', 'grad_norm': '0.7083', 'learning_rate': '1.567e-05', 'epoch': '1.732'}
{'loss': '0.03906', 'grad_norm': '0.002448', 'learning_rate': '1.566e-05', 'epoch': '1.738'}
{'loss': '0.002619', 'grad_norm': '0.007765', 'learning_rate': '1.564e-05', 'epoch': '1.744'}
{'loss': '0.0005631', 'grad_norm': '0.003739', 'learning_rate': '1.563e-05', 'epoch': '1.751'}
{'loss': '0.0001421', 'grad_norm': '0.005489', 'learning_rate': '1.561e-05', 'epoch': '1.757'}
{'loss': '0.003307', 'grad_norm': '0.005219', 'learning_rate': '1.559e-05', 'epoch': '1.763'}
{'loss': '0.02163', 'grad_norm': '0.8709', 'learning_rate': '1.558e-05', 'epoch': '1.769'}
{'loss': '0.01131', 'grad_norm': '0.5057', 'learning_rate': '1.556e-05', 'epoch': '1.775'}
{'loss': '0.04518', 'grad_norm': '0.04304', 'learning_rate': '1.555e-05', 'epoch': '1.781'}
{'loss': '0.007522', 'grad_norm': '0.009635', 'learning_rate': '1.553e-05', 'epoch': '1.787'}
{'loss': '0.02778', 'grad_norm': '0.6816', 'learning_rate': '1.552e-05', 'epoch': '1.794'}
{'loss': '0.001872', 'grad_norm': '0.01463', 'learning_rate': '1.55e-05', 'epoch': '1.8'}
{'loss': '0.008454', 'grad_norm': '0.3867', 'learning_rate': '1.549e-05', 'epoch': '1.806'}
{'loss': '0.003215', 'grad_norm': '0.03991', 'learning_rate': '1.547e-05', 'epoch': '1.812'}
{'loss': '0.006801', 'grad_norm': '0.02744', 'learning_rate': '1.546e-05', 'epoch': '1.818'}
{'loss': '0.02566', 'grad_norm': '27.37', 'learning_rate': '1.544e-05', 'epoch': '1.824'}
{'loss': '0.004709', 'grad_norm': '0.002363', 'learning_rate': '1.543e-05', 'epoch': '1.83'}
{'loss': '0.01695', 'grad_norm': '1.193', 'learning_rate': '1.541e-05', 'epoch': '1.837'}
{'loss': '0.0001789', 'grad_norm': '0.003179', 'learning_rate': '1.539e-05', 'epoch': '1.843'}
{'loss': '0.0293', 'grad_norm': '0.08662', 'learning_rate': '1.538e-05', 'epoch': '1.849'}
{'loss': '0.0001752', 'grad_norm': '0.01904', 'learning_rate': '1.536e-05', 'epoch': '1.855'}
{'loss': '0.07557', 'grad_norm': '0.0987', 'learning_rate': '1.535e-05', 'epoch': '1.861'}
{'loss': '0.004494', 'grad_norm': '0.005672', 'learning_rate': '1.533e-05', 'epoch': '1.867'}
{'loss': '0.03356', 'grad_norm': '0.004269', 'learning_rate': '1.532e-05', 'epoch': '1.873'}
{'loss': '0.05842', 'grad_norm': '74.39', 'learning_rate': '1.53e-05', 'epoch': '1.88'}
{'loss': '0.02772', 'grad_norm': '0.006847', 'learning_rate': '1.529e-05', 'epoch': '1.886'}
{'loss': '0.003265', 'grad_norm': '3.123', 'learning_rate': '1.527e-05', 'epoch': '1.892'}
{'loss': '0.03042', 'grad_norm': '0.02153', 'learning_rate': '1.526e-05', 'epoch': '1.898'}
{'loss': '0.01538', 'grad_norm': '0.02673', 'learning_rate': '1.524e-05', 'epoch': '1.904'}
{'loss': '0.02646', 'grad_norm': '0.04027', 'learning_rate': '1.523e-05', 'epoch': '1.91'}
{'loss': '0.008439', 'grad_norm': '0.6213', 'learning_rate': '1.521e-05', 'epoch': '1.916'}
{'loss': '0.02736', 'grad_norm': '0.01302', 'learning_rate': '1.52e-05', 'epoch': '1.923'}
{'loss': '0.01396', 'grad_norm': '0.5288', 'learning_rate': '1.518e-05', 'epoch': '1.929'}
{'loss': '0.00192', 'grad_norm': '0.02137', 'learning_rate': '1.516e-05', 'epoch': '1.935'}
{'loss': '0.02487', 'grad_norm': '0.002836', 'learning_rate': '1.515e-05', 'epoch': '1.941'}
{'loss': '0.01883', 'grad_norm': '0.00269', 'learning_rate': '1.513e-05', 'epoch': '1.947'}
{'loss': '0.001162', 'grad_norm': '0.004029', 'learning_rate': '1.512e-05', 'epoch': '1.953'}
{'loss': '0.001443', 'grad_norm': '0.004579', 'learning_rate': '1.51e-05', 'epoch': '1.959'}
{'loss': '0.04228', 'grad_norm': '14.11', 'learning_rate': '1.509e-05', 'epoch': '1.966'}
{'loss': '0.09975', 'grad_norm': '0.02177', 'learning_rate': '1.507e-05', 'epoch': '1.972'}
{'loss': '0.0005816', 'grad_norm': '0.009593', 'learning_rate': '1.506e-05', 'epoch': '1.978'}
{'loss': '0.002371', 'grad_norm': '0.2349', 'learning_rate': '1.504e-05', 'epoch': '1.984'}
{'loss': '0.02183', 'grad_norm': '0.004049', 'learning_rate': '1.503e-05', 'epoch': '1.99'}
{'loss': '0.01211', 'grad_norm': '0.149', 'learning_rate': '1.501e-05', 'epoch': '1.996'}
{'eval_loss': '0.9445', 'eval_accuracy': '0.8721', 'eval_precision': '0.96', 'eval_recall': '0.8162', 'eval_f1': '0.8823', 'eval_runtime': '3.369', 'eval_samples_per_second': '4012', 'eval_steps_per_second': '62.93', 'epoch': '2'}
{'loss': '0.1415', 'grad_norm': '0.05824', 'learning_rate': '1.5e-05', 'epoch': '2.002'}
{'loss': '0.001459', 'grad_norm': '0.07317', 'learning_rate': '1.498e-05', 'epoch': '2.009'}
{'loss': '0.001415', 'grad_norm': '1.051', 'learning_rate': '1.496e-05', 'epoch': '2.015'}
{'loss': '0.01865', 'grad_norm': '6.078', 'learning_rate': '1.495e-05', 'epoch': '2.021'}
{'loss': '0.0173', 'grad_norm': '0.03082', 'learning_rate': '1.493e-05', 'epoch': '2.027'}
{'loss': '0.01908', 'grad_norm': '1.12', 'learning_rate': '1.492e-05', 'epoch': '2.033'}
{'loss': '0.04545', 'grad_norm': '0.01558', 'learning_rate': '1.49e-05', 'epoch': '2.039'}
{'loss': '0.01053', 'grad_norm': '0.02432', 'learning_rate': '1.489e-05', 'epoch': '2.045'}
{'loss': '0.005464', 'grad_norm': '0.011', 'learning_rate': '1.487e-05', 'epoch': '2.052'}
{'loss': '0.007807', 'grad_norm': '0.01086', 'learning_rate': '1.486e-05', 'epoch': '2.058'}
{'loss': '0.01211', 'grad_norm': '0.237', 'learning_rate': '1.484e-05', 'epoch': '2.064'}
{'loss': '0.01589', 'grad_norm': '0.005967', 'learning_rate': '1.483e-05', 'epoch': '2.07'}
{'loss': '0.02548', 'grad_norm': '0.6943', 'learning_rate': '1.481e-05', 'epoch': '2.076'}
{'loss': '0.008357', 'grad_norm': '0.04007', 'learning_rate': '1.48e-05', 'epoch': '2.082'}
{'loss': '0.002204', 'grad_norm': '0.005704', 'learning_rate': '1.478e-05', 'epoch': '2.088'}
{'loss': '0.01498', 'grad_norm': '0.0168', 'learning_rate': '1.477e-05', 'epoch': '2.095'}
{'loss': '0.009435', 'grad_norm': '0.004068', 'learning_rate': '1.475e-05', 'epoch': '2.101'}
{'loss': '0.006617', 'grad_norm': '0.008064', 'learning_rate': '1.473e-05', 'epoch': '2.107'}
{'loss': '0.004809', 'grad_norm': '0.00719', 'learning_rate': '1.472e-05', 'epoch': '2.113'}
{'loss': '0.000635', 'grad_norm': '0.002187', 'learning_rate': '1.47e-05', 'epoch': '2.119'}
{'loss': '0.003474', 'grad_norm': '0.002365', 'learning_rate': '1.469e-05', 'epoch': '2.125'}
{'loss': '9.882e-05', 'grad_norm': '0.002035', 'learning_rate': '1.467e-05', 'epoch': '2.131'}
{'loss': '0.03027', 'grad_norm': '0.00201', 'learning_rate': '1.466e-05', 'epoch': '2.138'}
{'loss': '0.03595', 'grad_norm': '0.006683', 'learning_rate': '1.464e-05', 'epoch': '2.144'}
{'loss': '0.02049', 'grad_norm': '0.002975', 'learning_rate': '1.463e-05', 'epoch': '2.15'}
{'loss': '0.008787', 'grad_norm': '2.638', 'learning_rate': '1.461e-05', 'epoch': '2.156'}
{'loss': '0.02888', 'grad_norm': '0.006099', 'learning_rate': '1.46e-05', 'epoch': '2.162'}
{'loss': '0.01459', 'grad_norm': '67.24', 'learning_rate': '1.458e-05', 'epoch': '2.168'}
{'loss': '0.03701', 'grad_norm': '0.007846', 'learning_rate': '1.457e-05', 'epoch': '2.174'}
{'loss': '0.01702', 'grad_norm': '0.01681', 'learning_rate': '1.455e-05', 'epoch': '2.181'}
{'loss': '0.004636', 'grad_norm': '0.0154', 'learning_rate': '1.453e-05', 'epoch': '2.187'}
{'loss': '0.001015', 'grad_norm': '0.0116', 'learning_rate': '1.452e-05', 'epoch': '2.193'}
{'loss': '0.02658', 'grad_norm': '0.005298', 'learning_rate': '1.45e-05', 'epoch': '2.199'}
{'loss': '0.009254', 'grad_norm': '0.0347', 'learning_rate': '1.449e-05', 'epoch': '2.205'}
{'loss': '0.003984', 'grad_norm': '0.003942', 'learning_rate': '1.447e-05', 'epoch': '2.211'}
{'loss': '0.02019', 'grad_norm': '0.2872', 'learning_rate': '1.446e-05', 'epoch': '2.217'}
{'loss': '0.001456', 'grad_norm': '0.02373', 'learning_rate': '1.444e-05', 'epoch': '2.224'}
{'loss': '0.01354', 'grad_norm': '0.003181', 'learning_rate': '1.443e-05', 'epoch': '2.23'}
{'loss': '0.0002421', 'grad_norm': '0.004289', 'learning_rate': '1.441e-05', 'epoch': '2.236'}
{'loss': '0.00388', 'grad_norm': '0.00372', 'learning_rate': '1.44e-05', 'epoch': '2.242'}
{'loss': '0.004274', 'grad_norm': '0.003269', 'learning_rate': '1.438e-05', 'epoch': '2.248'}
{'loss': '0.003085', 'grad_norm': '0.03482', 'learning_rate': '1.437e-05', 'epoch': '2.254'}
{'loss': '0.007214', 'grad_norm': '0.3923', 'learning_rate': '1.435e-05', 'epoch': '2.26'}
{'loss': '0.003952', 'grad_norm': '0.7418', 'learning_rate': '1.434e-05', 'epoch': '2.267'}
{'loss': '0.01052', 'grad_norm': '0.002367', 'learning_rate': '1.432e-05', 'epoch': '2.273'}
{'loss': '0.03221', 'grad_norm': '0.002096', 'learning_rate': '1.43e-05', 'epoch': '2.279'}
{'loss': '0.06084', 'grad_norm': '0.00254', 'learning_rate': '1.429e-05', 'epoch': '2.285'}
{'loss': '0.002514', 'grad_norm': '0.02554', 'learning_rate': '1.427e-05', 'epoch': '2.291'}
{'loss': '0.00359', 'grad_norm': '0.0245', 'learning_rate': '1.426e-05', 'epoch': '2.297'}
{'loss': '0.0003321', 'grad_norm': '0.1076', 'learning_rate': '1.424e-05', 'epoch': '2.303'}
{'loss': '0.001541', 'grad_norm': '0.002457', 'learning_rate': '1.423e-05', 'epoch': '2.31'}
{'loss': '0.0001111', 'grad_norm': '0.003108', 'learning_rate': '1.421e-05', 'epoch': '2.316'}
{'loss': '0.002314', 'grad_norm': '0.5406', 'learning_rate': '1.42e-05', 'epoch': '2.322'}
{'loss': '0.0003218', 'grad_norm': '0.002488', 'learning_rate': '1.418e-05', 'epoch': '2.328'}
{'loss': '0.01717', 'grad_norm': '0.002539', 'learning_rate': '1.417e-05', 'epoch': '2.334'}
{'loss': '0.0004606', 'grad_norm': '0.002571', 'learning_rate': '1.415e-05', 'epoch': '2.34'}
{'loss': '9.14e-05', 'grad_norm': '0.01295', 'learning_rate': '1.414e-05', 'epoch': '2.346'}
{'loss': '0.005944', 'grad_norm': '0.2754', 'learning_rate': '1.412e-05', 'epoch': '2.353'}
{'loss': '0.006741', 'grad_norm': '0.001891', 'learning_rate': '1.41e-05', 'epoch': '2.359'}
{'loss': '0.008513', 'grad_norm': '0.003105', 'learning_rate': '1.409e-05', 'epoch': '2.365'}
{'loss': '0.03131', 'grad_norm': '0.001824', 'learning_rate': '1.407e-05', 'epoch': '2.371'}
{'loss': '0.004385', 'grad_norm': '0.001936', 'learning_rate': '1.406e-05', 'epoch': '2.377'}
{'loss': '0.001733', 'grad_norm': '0.002864', 'learning_rate': '1.404e-05', 'epoch': '2.383'}
{'loss': '0.003149', 'grad_norm': '0.5661', 'learning_rate': '1.403e-05', 'epoch': '2.389'}
{'loss': '9.116e-05', 'grad_norm': '0.007024', 'learning_rate': '1.401e-05', 'epoch': '2.396'}
{'loss': '0.009565', 'grad_norm': '0.568', 'learning_rate': '1.4e-05', 'epoch': '2.402'}
{'loss': '0.008333', 'grad_norm': '0.003098', 'learning_rate': '1.398e-05', 'epoch': '2.408'}
{'loss': '0.005538', 'grad_norm': '0.001865', 'learning_rate': '1.397e-05', 'epoch': '2.414'}
{'loss': '0.002998', 'grad_norm': '0.00163', 'learning_rate': '1.395e-05', 'epoch': '2.42'}
{'loss': '0.006594', 'grad_norm': '0.00146', 'learning_rate': '1.394e-05', 'epoch': '2.426'}
{'loss': '0.00873', 'grad_norm': '0.005646', 'learning_rate': '1.392e-05', 'epoch': '2.432'}
{'loss': '0.02657', 'grad_norm': '0.001606', 'learning_rate': '1.391e-05', 'epoch': '2.439'}
{'loss': '6.725e-05', 'grad_norm': '0.002091', 'learning_rate': '1.389e-05', 'epoch': '2.445'}
{'loss': '0.008547', 'grad_norm': '0.4136', 'learning_rate': '1.387e-05', 'epoch': '2.451'}
{'loss': '0.04497', 'grad_norm': '0.001534', 'learning_rate': '1.386e-05', 'epoch': '2.457'}
{'loss': '0.004229', 'grad_norm': '0.003508', 'learning_rate': '1.384e-05', 'epoch': '2.463'}
{'loss': '0.002115', 'grad_norm': '0.002739', 'learning_rate': '1.383e-05', 'epoch': '2.469'}
{'loss': '0.007117', 'grad_norm': '0.4774', 'learning_rate': '1.381e-05', 'epoch': '2.475'}
{'loss': '0.005428', 'grad_norm': '0.001701', 'learning_rate': '1.38e-05', 'epoch': '2.482'}
{'loss': '0.001665', 'grad_norm': '0.427', 'learning_rate': '1.378e-05', 'epoch': '2.488'}
{'loss': '0.002532', 'grad_norm': '0.001494', 'learning_rate': '1.377e-05', 'epoch': '2.494'}
{'loss': '6.635e-05', 'grad_norm': '0.002755', 'learning_rate': '1.375e-05', 'epoch': '2.5'}
{'loss': '0.002205', 'grad_norm': '0.001414', 'learning_rate': '1.374e-05', 'epoch': '2.506'}
{'loss': '0.004197', 'grad_norm': '0.001539', 'learning_rate': '1.372e-05', 'epoch': '2.512'}
{'loss': '0.002128', 'grad_norm': '0.001706', 'learning_rate': '1.371e-05', 'epoch': '2.518'}
{'loss': '0.02272', 'grad_norm': '0.562', 'learning_rate': '1.369e-05', 'epoch': '2.525'}
{'loss': '0.002408', 'grad_norm': '0.5951', 'learning_rate': '1.367e-05', 'epoch': '2.531'}
{'loss': '0.002543', 'grad_norm': '0.002247', 'learning_rate': '1.366e-05', 'epoch': '2.537'}
{'loss': '0.004399', 'grad_norm': '0.3433', 'learning_rate': '1.364e-05', 'epoch': '2.543'}
{'loss': '0.0268', 'grad_norm': '0.002757', 'learning_rate': '1.363e-05', 'epoch': '2.549'}
{'loss': '0.002391', 'grad_norm': '0.5917', 'learning_rate': '1.361e-05', 'epoch': '2.555'}
{'loss': '0.02538', 'grad_norm': '0.01675', 'learning_rate': '1.36e-05', 'epoch': '2.561'}
{'loss': '0.00467', 'grad_norm': '0.01363', 'learning_rate': '1.358e-05', 'epoch': '2.568'}
{'loss': '0.006937', 'grad_norm': '0.5544', 'learning_rate': '1.357e-05', 'epoch': '2.574'}
{'loss': '0.0307', 'grad_norm': '0.007032', 'learning_rate': '1.355e-05', 'epoch': '2.58'}
{'loss': '0.004405', 'grad_norm': '0.6367', 'learning_rate': '1.354e-05', 'epoch': '2.586'}
{'loss': '0.01175', 'grad_norm': '0.005064', 'learning_rate': '1.352e-05', 'epoch': '2.592'}
{'loss': '0.002628', 'grad_norm': '0.002453', 'learning_rate': '1.351e-05', 'epoch': '2.598'}
{'loss': '0.003942', 'grad_norm': '0.003163', 'learning_rate': '1.349e-05', 'epoch': '2.604'}
{'loss': '0.02578', 'grad_norm': '0.003163', 'learning_rate': '1.348e-05', 'epoch': '2.611'}
{'loss': '9.73e-05', 'grad_norm': '0.004576', 'learning_rate': '1.346e-05', 'epoch': '2.617'}
{'loss': '0.00191', 'grad_norm': '0.4853', 'learning_rate': '1.344e-05', 'epoch': '2.623'}
{'loss': '0.002295', 'grad_norm': '0.002415', 'learning_rate': '1.343e-05', 'epoch': '2.629'}
{'loss': '0.006229', 'grad_norm': '0.002304', 'learning_rate': '1.341e-05', 'epoch': '2.635'}
{'loss': '0.005938', 'grad_norm': '0.003368', 'learning_rate': '1.34e-05', 'epoch': '2.641'}
{'loss': '0.009298', 'grad_norm': '0.00154', 'learning_rate': '1.338e-05', 'epoch': '2.647'}
{'loss': '0.002272', 'grad_norm': '0.01356', 'learning_rate': '1.337e-05', 'epoch': '2.654'}
{'loss': '0.004385', 'grad_norm': '0.01011', 'learning_rate': '1.335e-05', 'epoch': '2.66'}
{'loss': '0.01841', 'grad_norm': '2.25', 'learning_rate': '1.334e-05', 'epoch': '2.666'}
{'loss': '0.007986', 'grad_norm': '0.0141', 'learning_rate': '1.332e-05', 'epoch': '2.672'}
{'loss': '0.01439', 'grad_norm': '5.581', 'learning_rate': '1.331e-05', 'epoch': '2.678'}
{'loss': '0.02944', 'grad_norm': '0.0622', 'learning_rate': '1.329e-05', 'epoch': '2.684'}
{'loss': '0.0004855', 'grad_norm': '0.001508', 'learning_rate': '1.328e-05', 'epoch': '2.69'}
{'loss': '0.008633', 'grad_norm': '0.001267', 'learning_rate': '1.326e-05', 'epoch': '2.697'}
{'loss': '0.004916', 'grad_norm': '0.001218', 'learning_rate': '1.324e-05', 'epoch': '2.703'}
{'loss': '0.00231', 'grad_norm': '0.001119', 'learning_rate': '1.323e-05', 'epoch': '2.709'}
{'loss': '0.006192', 'grad_norm': '0.001091', 'learning_rate': '1.321e-05', 'epoch': '2.715'}
{'loss': '0.003032', 'grad_norm': '2.498', 'learning_rate': '1.32e-05', 'epoch': '2.721'}
{'loss': '0.01219', 'grad_norm': '0.6312', 'learning_rate': '1.318e-05', 'epoch': '2.727'}
{'loss': '0.004786', 'grad_norm': '0.001908', 'learning_rate': '1.317e-05', 'epoch': '2.733'}
{'loss': '0.001794', 'grad_norm': '0.001481', 'learning_rate': '1.315e-05', 'epoch': '2.74'}
{'loss': '0.03068', 'grad_norm': '2.993', 'learning_rate': '1.314e-05', 'epoch': '2.746'}
{'loss': '0.007051', 'grad_norm': '0.002909', 'learning_rate': '1.312e-05', 'epoch': '2.752'}
{'loss': '0.005075', 'grad_norm': '0.01059', 'learning_rate': '1.311e-05', 'epoch': '2.758'}
{'loss': '0.006538', 'grad_norm': '0.05897', 'learning_rate': '1.309e-05', 'epoch': '2.764'}
{'loss': '0.001621', 'grad_norm': '0.001729', 'learning_rate': '1.308e-05', 'epoch': '2.77'}
{'loss': '0.02886', 'grad_norm': '0.7022', 'learning_rate': '1.306e-05', 'epoch': '2.776'}
{'loss': '0.002537', 'grad_norm': '0.004429', 'learning_rate': '1.305e-05', 'epoch': '2.783'}
{'loss': '0.002756', 'grad_norm': '0.001749', 'learning_rate': '1.303e-05', 'epoch': '2.789'}
{'loss': '0.002702', 'grad_norm': '0.003942', 'learning_rate': '1.301e-05', 'epoch': '2.795'}
{'loss': '0.004174', 'grad_norm': '0.001472', 'learning_rate': '1.3e-05', 'epoch': '2.801'}
{'loss': '0.001602', 'grad_norm': '0.001229', 'learning_rate': '1.298e-05', 'epoch': '2.807'}
{'loss': '0.02904', 'grad_norm': '0.4329', 'learning_rate': '1.297e-05', 'epoch': '2.813'}
{'loss': '0.01583', 'grad_norm': '2.165', 'learning_rate': '1.295e-05', 'epoch': '2.819'}
{'loss': '0.002392', 'grad_norm': '0.004399', 'learning_rate': '1.294e-05', 'epoch': '2.826'}
{'loss': '0.007044', 'grad_norm': '0.004775', 'learning_rate': '1.292e-05', 'epoch': '2.832'}
{'loss': '0.006597', 'grad_norm': '0.6471', 'learning_rate': '1.291e-05', 'epoch': '2.838'}
{'loss': '8.695e-05', 'grad_norm': '0.003531', 'learning_rate': '1.289e-05', 'epoch': '2.844'}
{'loss': '0.01009', 'grad_norm': '0.002305', 'learning_rate': '1.288e-05', 'epoch': '2.85'}
{'loss': '0.007394', 'grad_norm': '0.001729', 'learning_rate': '1.286e-05', 'epoch': '2.856'}
{'loss': '0.007879', 'grad_norm': '0.001978', 'learning_rate': '1.285e-05', 'epoch': '2.862'}
{'loss': '0.003246', 'grad_norm': '0.00282', 'learning_rate': '1.283e-05', 'epoch': '2.869'}
{'loss': '0.005963', 'grad_norm': '0.00137', 'learning_rate': '1.281e-05', 'epoch': '2.875'}
{'loss': '0.004724', 'grad_norm': '0.001327', 'learning_rate': '1.28e-05', 'epoch': '2.881'}
{'loss': '0.01928', 'grad_norm': '0.001307', 'learning_rate': '1.278e-05', 'epoch': '2.887'}
{'loss': '0.004717', 'grad_norm': '0.7123', 'learning_rate': '1.277e-05', 'epoch': '2.893'}
{'loss': '0.003999', 'grad_norm': '0.002826', 'learning_rate': '1.275e-05', 'epoch': '2.899'}
{'loss': '0.03769', 'grad_norm': '0.004669', 'learning_rate': '1.274e-05', 'epoch': '2.905'}
{'loss': '0.02623', 'grad_norm': '0.005504', 'learning_rate': '1.272e-05', 'epoch': '2.912'}
{'loss': '0.01846', 'grad_norm': '0.05535', 'learning_rate': '1.271e-05', 'epoch': '2.918'}
{'loss': '0.003297', 'grad_norm': '0.01637', 'learning_rate': '1.269e-05', 'epoch': '2.924'}
{'loss': '0.007501', 'grad_norm': '0.0037', 'learning_rate': '1.268e-05', 'epoch': '2.93'}
{'loss': '0.03125', 'grad_norm': '0.002689', 'learning_rate': '1.266e-05', 'epoch': '2.936'}
{'loss': '0.004753', 'grad_norm': '0.6603', 'learning_rate': '1.265e-05', 'epoch': '2.942'}
{'loss': '0.000126', 'grad_norm': '0.001867', 'learning_rate': '1.263e-05', 'epoch': '2.948'}
{'loss': '0.001817', 'grad_norm': '0.4923', 'learning_rate': '1.262e-05', 'epoch': '2.955'}
{'loss': '0.02686', 'grad_norm': '0.001856', 'learning_rate': '1.26e-05', 'epoch': '2.961'}
{'loss': '0.01998', 'grad_norm': '29.13', 'learning_rate': '1.258e-05', 'epoch': '2.967'}
{'loss': '0.01016', 'grad_norm': '0.002149', 'learning_rate': '1.257e-05', 'epoch': '2.973'}
{'loss': '0.0001157', 'grad_norm': '0.0519', 'learning_rate': '1.255e-05', 'epoch': '2.979'}
{'loss': '0.002705', 'grad_norm': '0.002108', 'learning_rate': '1.254e-05', 'epoch': '2.985'}
{'loss': '0.004953', 'grad_norm': '0.2411', 'learning_rate': '1.252e-05', 'epoch': '2.991'}
{'loss': '0.01182', 'grad_norm': '0.002186', 'learning_rate': '1.251e-05', 'epoch': '2.998'}
{'eval_loss': '0.894', 'eval_accuracy': '0.8903', 'eval_precision': '0.9399', 'eval_recall': '0.8687', 'eval_f1': '0.9029', 'eval_runtime': '3.434', 'eval_samples_per_second': '3936', 'eval_steps_per_second': '61.74', 'epoch': '3'}
{'loss': '0.002223', 'grad_norm': '0.5846', 'learning_rate': '1.249e-05', 'epoch': '3.004'}
{'loss': '0.004032', 'grad_norm': '0.009805', 'learning_rate': '1.248e-05', 'epoch': '3.01'}
{'loss': '6.721e-05', 'grad_norm': '0.01434', 'learning_rate': '1.246e-05', 'epoch': '3.016'}
{'loss': '0.02538', 'grad_norm': '0.001914', 'learning_rate': '1.245e-05', 'epoch': '3.022'}
{'loss': '8.16e-05', 'grad_norm': '0.001518', 'learning_rate': '1.243e-05', 'epoch': '3.028'}
{'loss': '0.001846', 'grad_norm': '0.001809', 'learning_rate': '1.242e-05', 'epoch': '3.034'}
{'loss': '4.501e-05', 'grad_norm': '0.001123', 'learning_rate': '1.24e-05', 'epoch': '3.041'}
{'loss': '0.01141', 'grad_norm': '0.002155', 'learning_rate': '1.238e-05', 'epoch': '3.047'}
{'loss': '0.002153', 'grad_norm': '0.00178', 'learning_rate': '1.237e-05', 'epoch': '3.053'}
{'loss': '0.001713', 'grad_norm': '0.001521', 'learning_rate': '1.235e-05', 'epoch': '3.059'}
{'loss': '0.002891', 'grad_norm': '0.001001', 'learning_rate': '1.234e-05', 'epoch': '3.065'}
{'loss': '0.05761', 'grad_norm': '17.74', 'learning_rate': '1.232e-05', 'epoch': '3.071'}
{'loss': '0.006482', 'grad_norm': '0.008813', 'learning_rate': '1.231e-05', 'epoch': '3.077'}
{'loss': '0.01348', 'grad_norm': '0.009089', 'learning_rate': '1.229e-05', 'epoch': '3.084'}
{'loss': '0.002324', 'grad_norm': '0.01264', 'learning_rate': '1.228e-05', 'epoch': '3.09'}
{'loss': '0.007699', 'grad_norm': '0.526', 'learning_rate': '1.226e-05', 'epoch': '3.096'}
{'loss': '0.03804', 'grad_norm': '0.01196', 'learning_rate': '1.225e-05', 'epoch': '3.102'}
{'loss': '0.0001398', 'grad_norm': '0.01733', 'learning_rate': '1.223e-05', 'epoch': '3.108'}
{'loss': '0.001646', 'grad_norm': '0.1144', 'learning_rate': '1.222e-05', 'epoch': '3.114'}
{'loss': '6.41e-05', 'grad_norm': '0.01052', 'learning_rate': '1.22e-05', 'epoch': '3.12'}
{'loss': '0.02417', 'grad_norm': '3.648', 'learning_rate': '1.219e-05', 'epoch': '3.127'}
{'loss': '0.01888', 'grad_norm': '0.00757', 'learning_rate': '1.217e-05', 'epoch': '3.133'}
{'loss': '0.008307', 'grad_norm': '0.7775', 'learning_rate': '1.215e-05', 'epoch': '3.139'}
{'loss': '0.005376', 'grad_norm': '0.003099', 'learning_rate': '1.214e-05', 'epoch': '3.145'}
{'loss': '0.004606', 'grad_norm': '0.001924', 'learning_rate': '1.212e-05', 'epoch': '3.151'}
{'loss': '0.007939', 'grad_norm': '0.02708', 'learning_rate': '1.211e-05', 'epoch': '3.157'}
{'loss': '0.003423', 'grad_norm': '0.009242', 'learning_rate': '1.209e-05', 'epoch': '3.163'}
{'loss': '0.004832', 'grad_norm': '0.001785', 'learning_rate': '1.208e-05', 'epoch': '3.17'}
{'loss': '0.02192', 'grad_norm': '0.001175', 'learning_rate': '1.206e-05', 'epoch': '3.176'}
{'loss': '0.002596', 'grad_norm': '0.004932', 'learning_rate': '1.205e-05', 'epoch': '3.182'}
{'loss': '0.03021', 'grad_norm': '0.01253', 'learning_rate': '1.203e-05', 'epoch': '3.188'}
{'loss': '0.009617', 'grad_norm': '0.004092', 'learning_rate': '1.202e-05', 'epoch': '3.194'}
{'loss': '0.02763', 'grad_norm': '0.05125', 'learning_rate': '1.2e-05', 'epoch': '3.2'}
{'loss': '0.0003275', 'grad_norm': '0.01559', 'learning_rate': '1.199e-05', 'epoch': '3.206'}
{'loss': '0.01723', 'grad_norm': '0.007628', 'learning_rate': '1.197e-05', 'epoch': '3.213'}
{'loss': '0.04874', 'grad_norm': '0.008239', 'learning_rate': '1.195e-05', 'epoch': '3.219'}
{'loss': '0.001628', 'grad_norm': '0.01655', 'learning_rate': '1.194e-05', 'epoch': '3.225'}
{'loss': '0.005013', 'grad_norm': '0.005336', 'learning_rate': '1.192e-05', 'epoch': '3.231'}
{'loss': '0.02012', 'grad_norm': '0.006684', 'learning_rate': '1.191e-05', 'epoch': '3.237'}
{'loss': '0.004042', 'grad_norm': '0.01276', 'learning_rate': '1.189e-05', 'epoch': '3.243'}
{'loss': '0.002998', 'grad_norm': '0.01132', 'learning_rate': '1.188e-05', 'epoch': '3.249'}
{'loss': '0.002839', 'grad_norm': '0.01507', 'learning_rate': '1.186e-05', 'epoch': '3.256'}
{'loss': '0.00012', 'grad_norm': '0.003742', 'learning_rate': '1.185e-05', 'epoch': '3.262'}
{'loss': '0.009683', 'grad_norm': '0.7625', 'learning_rate': '1.183e-05', 'epoch': '3.268'}
{'loss': '0.01564', 'grad_norm': '0.4657', 'learning_rate': '1.182e-05', 'epoch': '3.274'}
{'loss': '0.009921', 'grad_norm': '0.6812', 'learning_rate': '1.18e-05', 'epoch': '3.28'}
{'loss': '0.01614', 'grad_norm': '0.00112', 'learning_rate': '1.179e-05', 'epoch': '3.286'}
{'loss': '8.059e-05', 'grad_norm': '0.00092', 'learning_rate': '1.177e-05', 'epoch': '3.292'}
{'loss': '0.007521', 'grad_norm': '0.5091', 'learning_rate': '1.176e-05', 'epoch': '3.299'}
{'loss': '0.00573', 'grad_norm': '0.002341', 'learning_rate': '1.174e-05', 'epoch': '3.305'}
{'loss': '0.001732', 'grad_norm': '0.5163', 'learning_rate': '1.172e-05', 'epoch': '3.311'}
{'loss': '0.001972', 'grad_norm': '0.0007885', 'learning_rate': '1.171e-05', 'epoch': '3.317'}
{'loss': '4.89e-05', 'grad_norm': '0.005561', 'learning_rate': '1.169e-05', 'epoch': '3.323'}
{'loss': '0.004246', 'grad_norm': '0.0008554', 'learning_rate': '1.168e-05', 'epoch': '3.329'}
{'loss': '0.006722', 'grad_norm': '0.001396', 'learning_rate': '1.166e-05', 'epoch': '3.335'}
{'loss': '0.009644', 'grad_norm': '0.4357', 'learning_rate': '1.165e-05', 'epoch': '3.342'}
{'loss': '0.009054', 'grad_norm': '0.001253', 'learning_rate': '1.163e-05', 'epoch': '3.348'}
{'loss': '0.008359', 'grad_norm': '0.0008189', 'learning_rate': '1.162e-05', 'epoch': '3.354'}
{'loss': '3.205e-05', 'grad_norm': '0.0007741', 'learning_rate': '1.16e-05', 'epoch': '3.36'}
{'loss': '0.004918', 'grad_norm': '0.001205', 'learning_rate': '1.159e-05', 'epoch': '3.366'}
{'loss': '0.02921', 'grad_norm': '0.0009247', 'learning_rate': '1.157e-05', 'epoch': '3.372'}
{'loss': '0.01449', 'grad_norm': '0.001466', 'learning_rate': '1.156e-05', 'epoch': '3.378'}
{'loss': '0.003873', 'grad_norm': '0.003061', 'learning_rate': '1.154e-05', 'epoch': '3.385'}
{'loss': '0.02562', 'grad_norm': '0.8062', 'learning_rate': '1.152e-05', 'epoch': '3.391'}
{'loss': '0.0076', 'grad_norm': '0.004245', 'learning_rate': '1.151e-05', 'epoch': '3.397'}
{'loss': '0.00238', 'grad_norm': '0.003263', 'learning_rate': '1.149e-05', 'epoch': '3.403'}
{'loss': '0.004844', 'grad_norm': '0.6531', 'learning_rate': '1.148e-05', 'epoch': '3.409'}
{'loss': '0.01677', 'grad_norm': '0.000812', 'learning_rate': '1.146e-05', 'epoch': '3.415'}
{'loss': '0.002183', 'grad_norm': '0.006294', 'learning_rate': '1.145e-05', 'epoch': '3.421'}
{'loss': '0.01312', 'grad_norm': '0.000759', 'learning_rate': '1.143e-05', 'epoch': '3.428'}
{'loss': '0.006714', 'grad_norm': '0.543', 'learning_rate': '1.142e-05', 'epoch': '3.434'}
{'loss': '0.01806', 'grad_norm': '0.00144', 'learning_rate': '1.14e-05', 'epoch': '3.44'}
{'loss': '0.004374', 'grad_norm': '0.009454', 'learning_rate': '1.139e-05', 'epoch': '3.446'}
{'loss': '0.001868', 'grad_norm': '0.5346', 'learning_rate': '1.137e-05', 'epoch': '3.452'}
{'loss': '0.04277', 'grad_norm': '0.7491', 'learning_rate': '1.136e-05', 'epoch': '3.458'}
{'loss': '0.007164', 'grad_norm': '0.003272', 'learning_rate': '1.134e-05', 'epoch': '3.464'}
{'loss': '0.009478', 'grad_norm': '0.5026', 'learning_rate': '1.133e-05', 'epoch': '3.471'}
{'loss': '0.007844', 'grad_norm': '0.0007235', 'learning_rate': '1.131e-05', 'epoch': '3.477'}
{'loss': '0.01545', 'grad_norm': '0.0009726', 'learning_rate': '1.129e-05', 'epoch': '3.483'}
{'loss': '0.00328', 'grad_norm': '0.002231', 'learning_rate': '1.128e-05', 'epoch': '3.489'}
{'loss': '0.003009', 'grad_norm': '0.001391', 'learning_rate': '1.126e-05', 'epoch': '3.495'}
{'loss': '0.01412', 'grad_norm': '0.001047', 'learning_rate': '1.125e-05', 'epoch': '3.501'}
{'loss': '0.01578', 'grad_norm': '0.00112', 'learning_rate': '1.123e-05', 'epoch': '3.507'}
{'loss': '0.007364', 'grad_norm': '0.00312', 'learning_rate': '1.122e-05', 'epoch': '3.514'}
{'loss': '0.001488', 'grad_norm': '0.004366', 'learning_rate': '1.12e-05', 'epoch': '3.52'}
{'loss': '0.001592', 'grad_norm': '0.01287', 'learning_rate': '1.119e-05', 'epoch': '3.526'}
{'loss': '0.003422', 'grad_norm': '0.0009086', 'learning_rate': '1.117e-05', 'epoch': '3.532'}
{'loss': '0.002336', 'grad_norm': '0.01265', 'learning_rate': '1.116e-05', 'epoch': '3.538'}
{'loss': '0.009295', 'grad_norm': '0.8246', 'learning_rate': '1.114e-05', 'epoch': '3.544'}
{'loss': '0.00618', 'grad_norm': '0.005213', 'learning_rate': '1.113e-05', 'epoch': '3.55'}
{'loss': '0.004667', 'grad_norm': '0.006826', 'learning_rate': '1.111e-05', 'epoch': '3.557'}
{'loss': '0.002584', 'grad_norm': '0.0008801', 'learning_rate': '1.109e-05', 'epoch': '3.563'}
{'loss': '0.006106', 'grad_norm': '0.001355', 'learning_rate': '1.108e-05', 'epoch': '3.569'}
{'loss': '0.004003', 'grad_norm': '0.7188', 'learning_rate': '1.106e-05', 'epoch': '3.575'}
{'loss': '0.008131', 'grad_norm': '0.5613', 'learning_rate': '1.105e-05', 'epoch': '3.581'}
{'loss': '0.005225', 'grad_norm': '0.0005957', 'learning_rate': '1.103e-05', 'epoch': '3.587'}
{'loss': '0.002567', 'grad_norm': '0.0008255', 'learning_rate': '1.102e-05', 'epoch': '3.593'}
{'loss': '0.007579', 'grad_norm': '0.004082', 'learning_rate': '1.1e-05', 'epoch': '3.6'}
{'loss': '2.269e-05', 'grad_norm': '0.0005804', 'learning_rate': '1.099e-05', 'epoch': '3.606'}
{'loss': '0.002625', 'grad_norm': '0.0005393', 'learning_rate': '1.097e-05', 'epoch': '3.612'}
{'loss': '0.005312', 'grad_norm': '0.01497', 'learning_rate': '1.096e-05', 'epoch': '3.618'}
{'loss': '3.744e-05', 'grad_norm': '0.0005372', 'learning_rate': '1.094e-05', 'epoch': '3.624'}
{'loss': '0.005577', 'grad_norm': '0.0005062', 'learning_rate': '1.093e-05', 'epoch': '3.63'}
{'loss': '0.007317', 'grad_norm': '0.4772', 'learning_rate': '1.091e-05', 'epoch': '3.636'}
{'loss': '0.004193', 'grad_norm': '0.0005001', 'learning_rate': '1.09e-05', 'epoch': '3.643'}
{'loss': '0.01384', 'grad_norm': '0.000737', 'learning_rate': '1.088e-05', 'epoch': '3.649'}
{'loss': '0.01066', 'grad_norm': '0.001763', 'learning_rate': '1.086e-05', 'epoch': '3.655'}
{'loss': '0.009462', 'grad_norm': '0.0005884', 'learning_rate': '1.085e-05', 'epoch': '3.661'}
{'loss': '0.03076', 'grad_norm': '0.005205', 'learning_rate': '1.083e-05', 'epoch': '3.667'}
{'loss': '0.009245', 'grad_norm': '0.001022', 'learning_rate': '1.082e-05', 'epoch': '3.673'}
{'loss': '2.493e-05', 'grad_norm': '0.0006646', 'learning_rate': '1.08e-05', 'epoch': '3.679'}
{'loss': '6.286e-05', 'grad_norm': '0.001752', 'learning_rate': '1.079e-05', 'epoch': '3.686'}
{'loss': '9.537e-05', 'grad_norm': '0.000632', 'learning_rate': '1.077e-05', 'epoch': '3.692'}
{'loss': '3.108e-05', 'grad_norm': '0.008064', 'learning_rate': '1.076e-05', 'epoch': '3.698'}
{'loss': '0.007024', 'grad_norm': '0.003052', 'learning_rate': '1.074e-05', 'epoch': '3.704'}
{'loss': '0.005725', 'grad_norm': '0.0006599', 'learning_rate': '1.073e-05', 'epoch': '3.71'}
{'loss': '0.002802', 'grad_norm': '0.0005508', 'learning_rate': '1.071e-05', 'epoch': '3.716'}
{'loss': '0.001971', 'grad_norm': '0.001993', 'learning_rate': '1.07e-05', 'epoch': '3.722'}
{'loss': '0.003034', 'grad_norm': '1.03', 'learning_rate': '1.068e-05', 'epoch': '3.729'}
{'loss': '0.003437', 'grad_norm': '0.0006096', 'learning_rate': '1.066e-05', 'epoch': '3.735'}
{'loss': '0.0005156', 'grad_norm': '0.01469', 'learning_rate': '1.065e-05', 'epoch': '3.741'}
{'loss': '0.01126', 'grad_norm': '0.0005408', 'learning_rate': '1.063e-05', 'epoch': '3.747'}
{'loss': '0.003772', 'grad_norm': '0.006607', 'learning_rate': '1.062e-05', 'epoch': '3.753'}
{'loss': '0.0261', 'grad_norm': '0.0006992', 'learning_rate': '1.06e-05', 'epoch': '3.759'}
{'loss': '0.03242', 'grad_norm': '0.0005397', 'learning_rate': '1.059e-05', 'epoch': '3.765'}
{'loss': '0.001845', 'grad_norm': '0.0008405', 'learning_rate': '1.057e-05', 'epoch': '3.771'}
{'loss': '0.005592', 'grad_norm': '0.0005183', 'learning_rate': '1.056e-05', 'epoch': '3.778'}
{'loss': '0.005719', 'grad_norm': '0.0004392', 'learning_rate': '1.054e-05', 'epoch': '3.784'}
{'loss': '1.974e-05', 'grad_norm': '0.0004577', 'learning_rate': '1.053e-05', 'epoch': '3.79'}
{'loss': '0.003365', 'grad_norm': '0.0005097', 'learning_rate': '1.051e-05', 'epoch': '3.796'}
{'loss': '0.001864', 'grad_norm': '0.0004284', 'learning_rate': '1.05e-05', 'epoch': '3.802'}
{'loss': '0.004138', 'grad_norm': '0.0004798', 'learning_rate': '1.048e-05', 'epoch': '3.808'}
{'loss': '0.03241', 'grad_norm': '0.0004704', 'learning_rate': '1.047e-05', 'epoch': '3.814'}
{'loss': '0.001958', 'grad_norm': '0.001351', 'learning_rate': '1.045e-05', 'epoch': '3.821'}
{'loss': '0.002814', 'grad_norm': '0.0007105', 'learning_rate': '1.043e-05', 'epoch': '3.827'}
{'loss': '0.02639', 'grad_norm': '0.001446', 'learning_rate': '1.042e-05', 'epoch': '3.833'}
{'loss': '0.00483', 'grad_norm': '0.009443', 'learning_rate': '1.04e-05', 'epoch': '3.839'}
{'loss': '0.002943', 'grad_norm': '0.002671', 'learning_rate': '1.039e-05', 'epoch': '3.845'}
{'loss': '0.005249', 'grad_norm': '0.001048', 'learning_rate': '1.037e-05', 'epoch': '3.851'}
{'loss': '0.006259', 'grad_norm': '0.6041', 'learning_rate': '1.036e-05', 'epoch': '3.857'}
{'loss': '0.0187', 'grad_norm': '0.01953', 'learning_rate': '1.034e-05', 'epoch': '3.864'}
{'loss': '0.002061', 'grad_norm': '0.0006894', 'learning_rate': '1.033e-05', 'epoch': '3.87'}
{'loss': '0.003739', 'grad_norm': '0.001228', 'learning_rate': '1.031e-05', 'epoch': '3.876'}
{'loss': '0.003819', 'grad_norm': '0.007977', 'learning_rate': '1.03e-05', 'epoch': '3.882'}
{'loss': '2.37e-05', 'grad_norm': '0.0007538', 'learning_rate': '1.028e-05', 'epoch': '3.888'}
{'loss': '0.002155', 'grad_norm': '0.001279', 'learning_rate': '1.027e-05', 'epoch': '3.894'}
{'loss': '0.00714', 'grad_norm': '0.001506', 'learning_rate': '1.025e-05', 'epoch': '3.9'}
{'loss': '0.002079', 'grad_norm': '0.004188', 'learning_rate': '1.023e-05', 'epoch': '3.907'}
{'loss': '0.03238', 'grad_norm': '0.0007457', 'learning_rate': '1.022e-05', 'epoch': '3.913'}
{'loss': '0.002238', 'grad_norm': '0.0008747', 'learning_rate': '1.02e-05', 'epoch': '3.919'}
{'loss': '0.008809', 'grad_norm': '0.7562', 'learning_rate': '1.019e-05', 'epoch': '3.925'}
{'loss': '0.01897', 'grad_norm': '0.02207', 'learning_rate': '1.017e-05', 'epoch': '3.931'}
{'loss': '0.00895', 'grad_norm': '0.0005657', 'learning_rate': '1.016e-05', 'epoch': '3.937'}
{'loss': '0.0072', 'grad_norm': '0.01216', 'learning_rate': '1.014e-05', 'epoch': '3.943'}
{'loss': '0.00226', 'grad_norm': '0.0007569', 'learning_rate': '1.013e-05', 'epoch': '3.95'}
{'loss': '2.447e-05', 'grad_norm': '0.0006779', 'learning_rate': '1.011e-05', 'epoch': '3.956'}
{'loss': '2.859e-05', 'grad_norm': '0.01142', 'learning_rate': '1.01e-05', 'epoch': '3.962'}
{'loss': '0.002464', 'grad_norm': '0.0004787', 'learning_rate': '1.008e-05', 'epoch': '3.968'}
{'loss': '0.004596', 'grad_norm': '0.003425', 'learning_rate': '1.007e-05', 'epoch': '3.974'}
{'loss': '0.005439', 'grad_norm': '0.6347', 'learning_rate': '1.005e-05', 'epoch': '3.98'}
{'loss': '0.002462', 'grad_norm': '0.0004032', 'learning_rate': '1.004e-05', 'epoch': '3.986'}
{'loss': '0.005937', 'grad_norm': '0.00061', 'learning_rate': '1.002e-05', 'epoch': '3.993'}
{'loss': '0.001601', 'grad_norm': '0.0009166', 'learning_rate': '1e-05', 'epoch': '3.999'}
{'eval_loss': '1.319', 'eval_accuracy': '0.8729', 'eval_precision': '0.958', 'eval_recall': '0.8194', 'eval_f1': '0.8833', 'eval_runtime': '3.42', 'eval_samples_per_second': '3952', 'eval_steps_per_second': '62', 'epoch': '4'}
{'loss': '0.005968', 'grad_norm': '0.6753', 'learning_rate': '9.989e-06', 'epoch': '4.005'}
{'loss': '0.01793', 'grad_norm': '0.7665', 'learning_rate': '9.974e-06', 'epoch': '4.011'}
{'loss': '0.002632', 'grad_norm': '0.6971', 'learning_rate': '9.959e-06', 'epoch': '4.017'}
{'loss': '0.003026', 'grad_norm': '0.0005707', 'learning_rate': '9.943e-06', 'epoch': '4.023'}
{'loss': '0.004838', 'grad_norm': '0.0008707', 'learning_rate': '9.928e-06', 'epoch': '4.029'}
{'loss': '0.004849', 'grad_norm': '0.0004', 'learning_rate': '9.912e-06', 'epoch': '4.036'}
{'loss': '0.005049', 'grad_norm': '0.0004109', 'learning_rate': '9.897e-06', 'epoch': '4.042'}
{'loss': '0.00939', 'grad_norm': '0.0003806', 'learning_rate': '9.882e-06', 'epoch': '4.048'}
{'loss': '0.004198', 'grad_norm': '0.001129', 'learning_rate': '9.866e-06', 'epoch': '4.054'}
{'loss': '0.00636', 'grad_norm': '0.0004003', 'learning_rate': '9.851e-06', 'epoch': '4.06'}
{'loss': '0.002019', 'grad_norm': '0.6069', 'learning_rate': '9.836e-06', 'epoch': '4.066'}
{'loss': '1.896e-05', 'grad_norm': '0.0004194', 'learning_rate': '9.82e-06', 'epoch': '4.072'}
{'loss': '0.001753', 'grad_norm': '0.0008068', 'learning_rate': '9.805e-06', 'epoch': '4.079'}
{'loss': '0.003599', 'grad_norm': '0.5309', 'learning_rate': '9.79e-06', 'epoch': '4.085'}
{'loss': '0.01024', 'grad_norm': '0.001003', 'learning_rate': '9.774e-06', 'epoch': '4.091'}
{'loss': '0.002038', 'grad_norm': '0.0004521', 'learning_rate': '9.759e-06', 'epoch': '4.097'}
{'loss': '0.001924', 'grad_norm': '0.5733', 'learning_rate': '9.744e-06', 'epoch': '4.103'}
{'loss': '0.005538', 'grad_norm': '0.0003664', 'learning_rate': '9.728e-06', 'epoch': '4.109'}
{'loss': '0.002466', 'grad_norm': '0.0004249', 'learning_rate': '9.713e-06', 'epoch': '4.115'}
{'loss': '0.003484', 'grad_norm': '0.0005319', 'learning_rate': '9.697e-06', 'epoch': '4.122'}
{'loss': '0.02679', 'grad_norm': '0.0004137', 'learning_rate': '9.682e-06', 'epoch': '4.128'}
{'loss': '0.01405', 'grad_norm': '0.000467', 'learning_rate': '9.667e-06', 'epoch': '4.134'}
{'loss': '0.005241', 'grad_norm': '0.0004432', 'learning_rate': '9.651e-06', 'epoch': '4.14'}
{'loss': '7.2e-05', 'grad_norm': '0.0007109', 'learning_rate': '9.636e-06', 'epoch': '4.146'}
{'loss': '1.652e-05', 'grad_norm': '0.0007456', 'learning_rate': '9.621e-06', 'epoch': '4.152'}
{'loss': '2.914e-05', 'grad_norm': '0.001072', 'learning_rate': '9.605e-06', 'epoch': '4.158'}
{'loss': '2.263e-05', 'grad_norm': '0.001087', 'learning_rate': '9.59e-06', 'epoch': '4.165'}
{'loss': '0.004212', 'grad_norm': '0.0005225', 'learning_rate': '9.575e-06', 'epoch': '4.171'}
{'loss': '0.008476', 'grad_norm': '0.0004568', 'learning_rate': '9.559e-06', 'epoch': '4.177'}
{'loss': '0.001479', 'grad_norm': '0.0003573', 'learning_rate': '9.544e-06', 'epoch': '4.183'}
{'loss': '0.002777', 'grad_norm': '0.0005155', 'learning_rate': '9.529e-06', 'epoch': '4.189'}
{'loss': '0.004283', 'grad_norm': '0.0003838', 'learning_rate': '9.513e-06', 'epoch': '4.195'}
{'loss': '5.909e-05', 'grad_norm': '0.5785', 'learning_rate': '9.498e-06', 'epoch': '4.201'}
{'loss': '1.601e-05', 'grad_norm': '0.0007011', 'learning_rate': '9.482e-06', 'epoch': '4.208'}
{'loss': '0.001974', 'grad_norm': '0.0138', 'learning_rate': '9.467e-06', 'epoch': '4.214'}
{'loss': '0.003763', 'grad_norm': '0.0004287', 'learning_rate': '9.452e-06', 'epoch': '4.22'}
{'loss': '0.005593', 'grad_norm': '0.6938', 'learning_rate': '9.436e-06', 'epoch': '4.226'}
{'loss': '0.002756', 'grad_norm': '0.0006143', 'learning_rate': '9.421e-06', 'epoch': '4.232'}
{'loss': '0.003698', 'grad_norm': '0.0003706', 'learning_rate': '9.406e-06', 'epoch': '4.238'}
{'loss': '0.02169', 'grad_norm': '0.001191', 'learning_rate': '9.39e-06', 'epoch': '4.244'}
{'loss': '0.005859', 'grad_norm': '0.006297', 'learning_rate': '9.375e-06', 'epoch': '4.251'}
{'loss': '0.00455', 'grad_norm': '0.0006453', 'learning_rate': '9.36e-06', 'epoch': '4.257'}
{'loss': '0.02272', 'grad_norm': '0.001042', 'learning_rate': '9.344e-06', 'epoch': '4.263'}
{'loss': '0.01406', 'grad_norm': '0.0008416', 'learning_rate': '9.329e-06', 'epoch': '4.269'}
{'loss': '0.006474', 'grad_norm': '0.0005628', 'learning_rate': '9.314e-06', 'epoch': '4.275'}
{'loss': '0.004595', 'grad_norm': '0.000663', 'learning_rate': '9.298e-06', 'epoch': '4.281'}
{'loss': '0.002762', 'grad_norm': '0.001989', 'learning_rate': '9.283e-06', 'epoch': '4.287'}
{'loss': '0.01296', 'grad_norm': '0.5211', 'learning_rate': '9.268e-06', 'epoch': '4.294'}
{'loss': '6.599e-05', 'grad_norm': '0.001123', 'learning_rate': '9.252e-06', 'epoch': '4.3'}
{'loss': '0.0288', 'grad_norm': '0.001313', 'learning_rate': '9.237e-06', 'epoch': '4.306'}
{'loss': '0.002623', 'grad_norm': '0.0004601', 'learning_rate': '9.221e-06', 'epoch': '4.312'}
{'loss': '0.005792', 'grad_norm': '0.0004834', 'learning_rate': '9.206e-06', 'epoch': '4.318'}
{'loss': '0.001612', 'grad_norm': '0.4992', 'learning_rate': '9.191e-06', 'epoch': '4.324'}
{'loss': '0.002418', 'grad_norm': '0.0004847', 'learning_rate': '9.175e-06', 'epoch': '4.33'}
{'loss': '0.00438', 'grad_norm': '0.001194', 'learning_rate': '9.16e-06', 'epoch': '4.337'}
{'loss': '0.004533', 'grad_norm': '0.009437', 'learning_rate': '9.145e-06', 'epoch': '4.343'}
{'loss': '0.001674', 'grad_norm': '0.002356', 'learning_rate': '9.129e-06', 'epoch': '4.349'}
{'loss': '0.003878', 'grad_norm': '0.0004223', 'learning_rate': '9.114e-06', 'epoch': '4.355'}
{'loss': '0.001665', 'grad_norm': '0.0204', 'learning_rate': '9.099e-06', 'epoch': '4.361'}
{'loss': '0.003786', 'grad_norm': '0.0008153', 'learning_rate': '9.083e-06', 'epoch': '4.367'}
{'loss': '0.001911', 'grad_norm': '0.0003776', 'learning_rate': '9.068e-06', 'epoch': '4.373'}
{'loss': '0.00371', 'grad_norm': '0.0003828', 'learning_rate': '9.053e-06', 'epoch': '4.38'}
{'loss': '0.007736', 'grad_norm': '19.5', 'learning_rate': '9.037e-06', 'epoch': '4.386'}
{'loss': '0.004797', 'grad_norm': '0.0003137', 'learning_rate': '9.022e-06', 'epoch': '4.392'}
{'loss': '0.002201', 'grad_norm': '0.6258', 'learning_rate': '9.006e-06', 'epoch': '4.398'}
{'loss': '0.002233', 'grad_norm': '0.0003591', 'learning_rate': '8.991e-06', 'epoch': '4.404'}
{'loss': '0.004402', 'grad_norm': '0.001248', 'learning_rate': '8.976e-06', 'epoch': '4.41'}
{'loss': '0.007013', 'grad_norm': '0.5778', 'learning_rate': '8.96e-06', 'epoch': '4.416'}
{'loss': '0.006381', 'grad_norm': '0.6772', 'learning_rate': '8.945e-06', 'epoch': '4.423'}
{'loss': '0.003755', 'grad_norm': '0.00198', 'learning_rate': '8.93e-06', 'epoch': '4.429'}
{'loss': '0.001823', 'grad_norm': '0.0002922', 'learning_rate': '8.914e-06', 'epoch': '4.435'}
{'loss': '0.01155', 'grad_norm': '0.6833', 'learning_rate': '8.899e-06', 'epoch': '4.441'}
{'loss': '0.007091', 'grad_norm': '0.002475', 'learning_rate': '8.884e-06', 'epoch': '4.447'}
{'loss': '0.00791', 'grad_norm': '0.0003092', 'learning_rate': '8.868e-06', 'epoch': '4.453'}
{'loss': '0.00659', 'grad_norm': '0.0003085', 'learning_rate': '8.853e-06', 'epoch': '4.459'}
{'loss': '0.01136', 'grad_norm': '0.0002689', 'learning_rate': '8.838e-06', 'epoch': '4.466'}
{'loss': '0.006035', 'grad_norm': '0.5894', 'learning_rate': '8.822e-06', 'epoch': '4.472'}
{'loss': '0.00742', 'grad_norm': '0.6823', 'learning_rate': '8.807e-06', 'epoch': '4.478'}
{'loss': '1.461e-05', 'grad_norm': '0.0002863', 'learning_rate': '8.791e-06', 'epoch': '4.484'}
{'loss': '0.01431', 'grad_norm': '129.7', 'learning_rate': '8.776e-06', 'epoch': '4.49'}
{'loss': '0.004082', 'grad_norm': '0.001341', 'learning_rate': '8.761e-06', 'epoch': '4.496'}
{'loss': '0.002373', 'grad_norm': '0.0002881', 'learning_rate': '8.745e-06', 'epoch': '4.502'}
{'loss': '0.001783', 'grad_norm': '0.5576', 'learning_rate': '8.73e-06', 'epoch': '4.509'}
{'loss': '1.274e-05', 'grad_norm': '0.0007344', 'learning_rate': '8.715e-06', 'epoch': '4.515'}
{'loss': '0.02341', 'grad_norm': '0.0104', 'learning_rate': '8.699e-06', 'epoch': '4.521'}
{'loss': '0.01285', 'grad_norm': '0.05107', 'learning_rate': '8.684e-06', 'epoch': '4.527'}
{'loss': '0.008498', 'grad_norm': '0.005528', 'learning_rate': '8.669e-06', 'epoch': '4.533'}
{'loss': '1.595e-05', 'grad_norm': '0.0004307', 'learning_rate': '8.653e-06', 'epoch': '4.539'}
{'loss': '0.004545', 'grad_norm': '0.0003242', 'learning_rate': '8.638e-06', 'epoch': '4.545'}
{'loss': '0.002035', 'grad_norm': '0.0002857', 'learning_rate': '8.623e-06', 'epoch': '4.552'}
{'loss': '0.008466', 'grad_norm': '0.5206', 'learning_rate': '8.607e-06', 'epoch': '4.558'}
{'loss': '0.0115', 'grad_norm': '0.0002729', 'learning_rate': '8.592e-06', 'epoch': '4.564'}
{'loss': '0.0021', 'grad_norm': '0.0003241', 'learning_rate': '8.576e-06', 'epoch': '4.57'}
{'loss': '0.006719', 'grad_norm': '0.0002953', 'learning_rate': '8.561e-06', 'epoch': '4.576'}
{'loss': '0.03693', 'grad_norm': '0.002717', 'learning_rate': '8.546e-06', 'epoch': '4.582'}
{'loss': '0.00227', 'grad_norm': '0.00566', 'learning_rate': '8.53e-06', 'epoch': '4.588'}
{'loss': '0.008687', 'grad_norm': '0.004369', 'learning_rate': '8.515e-06', 'epoch': '4.595'}
{'loss': '0.006157', 'grad_norm': '0.002799', 'learning_rate': '8.5e-06', 'epoch': '4.601'}
{'loss': '0.0105', 'grad_norm': '0.005434', 'learning_rate': '8.484e-06', 'epoch': '4.607'}
{'loss': '0.0004643', 'grad_norm': '0.006964', 'learning_rate': '8.469e-06', 'epoch': '4.613'}
{'loss': '5.387e-05', 'grad_norm': '0.003125', 'learning_rate': '8.454e-06', 'epoch': '4.619'}
{'loss': '0.006834', 'grad_norm': '0.001213', 'learning_rate': '8.438e-06', 'epoch': '4.625'}
{'loss': '0.007145', 'grad_norm': '0.7039', 'learning_rate': '8.423e-06', 'epoch': '4.631'}
{'loss': '0.0211', 'grad_norm': '0.001615', 'learning_rate': '8.408e-06', 'epoch': '4.638'}
{'loss': '0.0003596', 'grad_norm': '0.2036', 'learning_rate': '8.392e-06', 'epoch': '4.644'}
{'loss': '0.000177', 'grad_norm': '0.004595', 'learning_rate': '8.377e-06', 'epoch': '4.65'}
{'loss': '0.002032', 'grad_norm': '0.001269', 'learning_rate': '8.361e-06', 'epoch': '4.656'}
{'loss': '0.003836', 'grad_norm': '0.09319', 'learning_rate': '8.346e-06', 'epoch': '4.662'}
{'loss': '0.005411', 'grad_norm': '0.2011', 'learning_rate': '8.331e-06', 'epoch': '4.668'}
{'loss': '0.005551', 'grad_norm': '0.0004982', 'learning_rate': '8.315e-06', 'epoch': '4.674'}
{'loss': '0.002689', 'grad_norm': '0.0005711', 'learning_rate': '8.3e-06', 'epoch': '4.681'}
{'loss': '0.004495', 'grad_norm': '0.01166', 'learning_rate': '8.285e-06', 'epoch': '4.687'}
{'loss': '0.003931', 'grad_norm': '0.004036', 'learning_rate': '8.269e-06', 'epoch': '4.693'}
{'loss': '0.002424', 'grad_norm': '0.0005549', 'learning_rate': '8.254e-06', 'epoch': '4.699'}
{'loss': '0.008363', 'grad_norm': '0.8209', 'learning_rate': '8.239e-06', 'epoch': '4.705'}
{'loss': '0.001908', 'grad_norm': '0.00148', 'learning_rate': '8.223e-06', 'epoch': '4.711'}
{'loss': '0.00283', 'grad_norm': '0.0004782', 'learning_rate': '8.208e-06', 'epoch': '4.717'}
{'loss': '0.001605', 'grad_norm': '0.0005523', 'learning_rate': '8.193e-06', 'epoch': '4.724'}
{'loss': '0.006296', 'grad_norm': '0.001546', 'learning_rate': '8.177e-06', 'epoch': '4.73'}
{'loss': '0.004828', 'grad_norm': '0.0005637', 'learning_rate': '8.162e-06', 'epoch': '4.736'}
{'loss': '0.002354', 'grad_norm': '0.0003457', 'learning_rate': '8.146e-06', 'epoch': '4.742'}
{'loss': '0.003306', 'grad_norm': '0.000464', 'learning_rate': '8.131e-06', 'epoch': '4.748'}
{'loss': '0.02425', 'grad_norm': '0.000548', 'learning_rate': '8.116e-06', 'epoch': '4.754'}
{'loss': '0.001834', 'grad_norm': '0.002709', 'learning_rate': '8.1e-06', 'epoch': '4.76'}
{'loss': '0.002832', 'grad_norm': '0.05932', 'learning_rate': '8.085e-06', 'epoch': '4.767'}
{'loss': '0.006007', 'grad_norm': '0.0006247', 'learning_rate': '8.07e-06', 'epoch': '4.773'}
{'loss': '0.002185', 'grad_norm': '0.5914', 'learning_rate': '8.054e-06', 'epoch': '4.779'}
{'loss': '0.002341', 'grad_norm': '0.000694', 'learning_rate': '8.039e-06', 'epoch': '4.785'}
{'loss': '2.441e-05', 'grad_norm': '0.0004957', 'learning_rate': '8.024e-06', 'epoch': '4.791'}
{'loss': '0.0001783', 'grad_norm': '0.007708', 'learning_rate': '8.008e-06', 'epoch': '4.797'}
{'loss': '0.002062', 'grad_norm': '0.0005903', 'learning_rate': '7.993e-06', 'epoch': '4.803'}
{'loss': '0.002614', 'grad_norm': '0.001256', 'learning_rate': '7.978e-06', 'epoch': '4.81'}
{'loss': '0.003366', 'grad_norm': '0.001007', 'learning_rate': '7.962e-06', 'epoch': '4.816'}
{'loss': '0.007155', 'grad_norm': '0.0007261', 'learning_rate': '7.947e-06', 'epoch': '4.822'}
{'loss': '0.001147', 'grad_norm': '0.014', 'learning_rate': '7.932e-06', 'epoch': '4.828'}
{'loss': '0.009506', 'grad_norm': '0.0004198', 'learning_rate': '7.916e-06', 'epoch': '4.834'}
{'loss': '0.004905', 'grad_norm': '0.0005032', 'learning_rate': '7.901e-06', 'epoch': '4.84'}
{'loss': '0.005063', 'grad_norm': '0.001321', 'learning_rate': '7.885e-06', 'epoch': '4.846'}
{'loss': '0.03181', 'grad_norm': '0.56', 'learning_rate': '7.87e-06', 'epoch': '4.853'}
{'loss': '0.02522', 'grad_norm': '26.02', 'learning_rate': '7.855e-06', 'epoch': '4.859'}
{'loss': '0.001917', 'grad_norm': '0.009311', 'learning_rate': '7.839e-06', 'epoch': '4.865'}
{'loss': '0.03024', 'grad_norm': '0.003877', 'learning_rate': '7.824e-06', 'epoch': '4.871'}
{'loss': '0.01128', 'grad_norm': '0.02268', 'learning_rate': '7.809e-06', 'epoch': '4.877'}
{'loss': '0.03267', 'grad_norm': '3.063', 'learning_rate': '7.793e-06', 'epoch': '4.883'}
{'loss': '0.01713', 'grad_norm': '0.01242', 'learning_rate': '7.778e-06', 'epoch': '4.889'}
{'loss': '0.01061', 'grad_norm': '0.06667', 'learning_rate': '7.763e-06', 'epoch': '4.896'}
{'loss': '0.007853', 'grad_norm': '0.002376', 'learning_rate': '7.747e-06', 'epoch': '4.902'}
{'loss': '0.009385', 'grad_norm': '0.009244', 'learning_rate': '7.732e-06', 'epoch': '4.908'}
{'loss': '0.006958', 'grad_norm': '0.582', 'learning_rate': '7.717e-06', 'epoch': '4.914'}
{'loss': '0.003333', 'grad_norm': '0.001225', 'learning_rate': '7.701e-06', 'epoch': '4.92'}
{'loss': '0.003112', 'grad_norm': '0.001931', 'learning_rate': '7.686e-06', 'epoch': '4.926'}
{'loss': '0.005677', 'grad_norm': '0.3439', 'learning_rate': '7.67e-06', 'epoch': '4.932'}
{'loss': '3.155e-05', 'grad_norm': '0.001385', 'learning_rate': '7.655e-06', 'epoch': '4.939'}
{'loss': '0.004517', 'grad_norm': '0.3273', 'learning_rate': '7.64e-06', 'epoch': '4.945'}
{'loss': '0.01052', 'grad_norm': '0.7078', 'learning_rate': '7.624e-06', 'epoch': '4.951'}
{'loss': '0.004419', 'grad_norm': '1.342', 'learning_rate': '7.609e-06', 'epoch': '4.957'}
{'loss': '0.002103', 'grad_norm': '0.0004807', 'learning_rate': '7.594e-06', 'epoch': '4.963'}
{'loss': '2.214e-05', 'grad_norm': '0.0009455', 'learning_rate': '7.578e-06', 'epoch': '4.969'}
{'loss': '0.004755', 'grad_norm': '0.0004748', 'learning_rate': '7.563e-06', 'epoch': '4.975'}
{'loss': '0.007193', 'grad_norm': '0.000615', 'learning_rate': '7.548e-06', 'epoch': '4.982'}
{'loss': '0.007165', 'grad_norm': '0.0005722', 'learning_rate': '7.532e-06', 'epoch': '4.988'}
{'loss': '0.01066', 'grad_norm': '1.422', 'learning_rate': '7.517e-06', 'epoch': '4.994'}
{'loss': '0.002792', 'grad_norm': '0.0004773', 'learning_rate': '7.502e-06', 'epoch': '5'}
{'eval_loss': '1.141', 'eval_accuracy': '0.8826', 'eval_precision': '0.955', 'eval_recall': '0.8396', 'eval_f1': '0.8936', 'eval_runtime': '3.351', 'eval_samples_per_second': '4033', 'eval_steps_per_second': '63.27', 'epoch': '5'}
{'loss': '0.005559', 'grad_norm': '0.0005882', 'learning_rate': '7.486e-06', 'epoch': '5.006'}
{'loss': '0.002142', 'grad_norm': '0.001361', 'learning_rate': '7.471e-06', 'epoch': '5.012'}
{'loss': '0.00837', 'grad_norm': '0.0004546', 'learning_rate': '7.455e-06', 'epoch': '5.018'}
{'loss': '0.006391', 'grad_norm': '0.001105', 'learning_rate': '7.44e-06', 'epoch': '5.025'}
{'loss': '0.001794', 'grad_norm': '0.000429', 'learning_rate': '7.425e-06', 'epoch': '5.031'}
{'loss': '0.002248', 'grad_norm': '0.6526', 'learning_rate': '7.409e-06', 'epoch': '5.037'}
{'loss': '0.002515', 'grad_norm': '0.009445', 'learning_rate': '7.394e-06', 'epoch': '5.043'}
{'loss': '0.001879', 'grad_norm': '0.001288', 'learning_rate': '7.379e-06', 'epoch': '5.049'}
{'loss': '0.0001729', 'grad_norm': '0.0004677', 'learning_rate': '7.363e-06', 'epoch': '5.055'}
{'loss': '0.006378', 'grad_norm': '0.613', 'learning_rate': '7.348e-06', 'epoch': '5.061'}
{'loss': '0.001992', 'grad_norm': '0.002661', 'learning_rate': '7.333e-06', 'epoch': '5.068'}
{'loss': '0.04283', 'grad_norm': '0.5888', 'learning_rate': '7.317e-06', 'epoch': '5.074'}
{'loss': '0.01491', 'grad_norm': '6.152', 'learning_rate': '7.302e-06', 'epoch': '5.08'}
{'loss': '8.443e-05', 'grad_norm': '0.002882', 'learning_rate': '7.287e-06', 'epoch': '5.086'}
{'loss': '0.00195', 'grad_norm': '0.002454', 'learning_rate': '7.271e-06', 'epoch': '5.092'}
{'loss': '0.006916', 'grad_norm': '0.00286', 'learning_rate': '7.256e-06', 'epoch': '5.098'}
{'loss': '0.00166', 'grad_norm': '0.006915', 'learning_rate': '7.24e-06', 'epoch': '5.104'}
{'loss': '0.005011', 'grad_norm': '0.001097', 'learning_rate': '7.225e-06', 'epoch': '5.111'}
{'loss': '0.006097', 'grad_norm': '0.0008563', 'learning_rate': '7.21e-06', 'epoch': '5.117'}
{'loss': '0.003867', 'grad_norm': '0.006402', 'learning_rate': '7.194e-06', 'epoch': '5.123'}
{'loss': '0.00239', 'grad_norm': '0.0009092', 'learning_rate': '7.179e-06', 'epoch': '5.129'}
{'loss': '4.439e-05', 'grad_norm': '0.002763', 'learning_rate': '7.164e-06', 'epoch': '5.135'}
{'loss': '6.154e-05', 'grad_norm': '0.0009122', 'learning_rate': '7.148e-06', 'epoch': '5.141'}
{'loss': '0.003527', 'grad_norm': '0.05206', 'learning_rate': '7.133e-06', 'epoch': '5.147'}
{'loss': '0.008229', 'grad_norm': '0.0008327', 'learning_rate': '7.118e-06', 'epoch': '5.154'}
{'loss': '0.0004455', 'grad_norm': '14.55', 'learning_rate': '7.102e-06', 'epoch': '5.16'}
{'loss': '0.002366', 'grad_norm': '0.6745', 'learning_rate': '7.087e-06', 'epoch': '5.166'}
{'loss': '4.126e-05', 'grad_norm': '0.000656', 'learning_rate': '7.072e-06', 'epoch': '5.172'}
{'loss': '0.003916', 'grad_norm': '0.005659', 'learning_rate': '7.056e-06', 'epoch': '5.178'}
{'loss': '0.002045', 'grad_norm': '0.607', 'learning_rate': '7.041e-06', 'epoch': '5.184'}
{'loss': '0.004515', 'grad_norm': '0.0006301', 'learning_rate': '7.025e-06', 'epoch': '5.19'}
{'loss': '0.001604', 'grad_norm': '0.0007238', 'learning_rate': '7.01e-06', 'epoch': '5.197'}
{'loss': '0.008083', 'grad_norm': '0.5269', 'learning_rate': '6.995e-06', 'epoch': '5.203'}
{'loss': '0.009253', 'grad_norm': '0.0006195', 'learning_rate': '6.979e-06', 'epoch': '5.209'}
{'loss': '0.001988', 'grad_norm': '0.001018', 'learning_rate': '6.964e-06', 'epoch': '5.215'}
{'loss': '0.002395', 'grad_norm': '0.001883', 'learning_rate': '6.949e-06', 'epoch': '5.221'}
{'loss': '2.345e-05', 'grad_norm': '0.0006726', 'learning_rate': '6.933e-06', 'epoch': '5.227'}
{'loss': '0.008651', 'grad_norm': '0.0007362', 'learning_rate': '6.918e-06', 'epoch': '5.233'}
{'loss': '0.005327', 'grad_norm': '0.52', 'learning_rate': '6.903e-06', 'epoch': '5.24'}
{'loss': '0.007168', 'grad_norm': '0.661', 'learning_rate': '6.887e-06', 'epoch': '5.246'}
{'loss': '0.002205', 'grad_norm': '0.0006162', 'learning_rate': '6.872e-06', 'epoch': '5.252'}
{'loss': '2.285e-05', 'grad_norm': '0.0005734', 'learning_rate': '6.857e-06', 'epoch': '5.258'}
{'loss': '0.002835', 'grad_norm': '0.000547', 'learning_rate': '6.841e-06', 'epoch': '5.264'}
{'loss': '0.007587', 'grad_norm': '0.0004989', 'learning_rate': '6.826e-06', 'epoch': '5.27'}
{'loss': '0.004765', 'grad_norm': '0.000707', 'learning_rate': '6.811e-06', 'epoch': '5.276'}
{'loss': '0.007239', 'grad_norm': '0.0005151', 'learning_rate': '6.795e-06', 'epoch': '5.283'}
{'loss': '2.118e-05', 'grad_norm': '0.0005597', 'learning_rate': '6.78e-06', 'epoch': '5.289'}
{'loss': '0.002472', 'grad_norm': '0.6966', 'learning_rate': '6.764e-06', 'epoch': '5.295'}
{'loss': '0.02077', 'grad_norm': '0.000994', 'learning_rate': '6.749e-06', 'epoch': '5.301'}
{'loss': '0.01264', 'grad_norm': '0.6429', 'learning_rate': '6.734e-06', 'epoch': '5.307'}
{'loss': '0.003217', 'grad_norm': '0.0005028', 'learning_rate': '6.718e-06', 'epoch': '5.313'}
{'loss': '0.02302', 'grad_norm': '0.006484', 'learning_rate': '6.703e-06', 'epoch': '5.319'}
{'loss': '0.02979', 'grad_norm': '0.004409', 'learning_rate': '6.688e-06', 'epoch': '5.326'}
{'loss': '0.001991', 'grad_norm': '0.0006111', 'learning_rate': '6.672e-06', 'epoch': '5.332'}
{'loss': '0.0028', 'grad_norm': '0.00155', 'learning_rate': '6.657e-06', 'epoch': '5.338'}
{'loss': '0.008462', 'grad_norm': '0.0006172', 'learning_rate': '6.642e-06', 'epoch': '5.344'}
{'loss': '4.919e-05', 'grad_norm': '0.02628', 'learning_rate': '6.626e-06', 'epoch': '5.35'}
{'loss': '0.0119', 'grad_norm': '0.27', 'learning_rate': '6.611e-06', 'epoch': '5.356'}
{'loss': '0.003269', 'grad_norm': '0.0005457', 'learning_rate': '6.596e-06', 'epoch': '5.362'}
{'loss': '0.002133', 'grad_norm': '0.0005975', 'learning_rate': '6.58e-06', 'epoch': '5.369'}
{'loss': '0.006655', 'grad_norm': '0.6526', 'learning_rate': '6.565e-06', 'epoch': '5.375'}
{'loss': '0.005101', 'grad_norm': '0.7246', 'learning_rate': '6.549e-06', 'epoch': '5.381'}
{'loss': '0.005449', 'grad_norm': '0.0007354', 'learning_rate': '6.534e-06', 'epoch': '5.387'}
{'loss': '0.003833', 'grad_norm': '0.0005458', 'learning_rate': '6.519e-06', 'epoch': '5.393'}
{'loss': '0.000392', 'grad_norm': '0.0005474', 'learning_rate': '6.503e-06', 'epoch': '5.399'}
{'loss': '0.006391', 'grad_norm': '0.6681', 'learning_rate': '6.488e-06', 'epoch': '5.405'}
{'loss': '0.002259', 'grad_norm': '0.0005537', 'learning_rate': '6.473e-06', 'epoch': '5.412'}
{'loss': '2.288e-05', 'grad_norm': '0.0005247', 'learning_rate': '6.457e-06', 'epoch': '5.418'}
{'loss': '0.009252', 'grad_norm': '0.0005179', 'learning_rate': '6.442e-06', 'epoch': '5.424'}
{'loss': '2.064e-05', 'grad_norm': '0.0008553', 'learning_rate': '6.427e-06', 'epoch': '5.43'}
{'loss': '2.089e-05', 'grad_norm': '0.0005458', 'learning_rate': '6.411e-06', 'epoch': '5.436'}
{'loss': '0.004137', 'grad_norm': '0.0004604', 'learning_rate': '6.396e-06', 'epoch': '5.442'}
{'loss': '0.005195', 'grad_norm': '0.5579', 'learning_rate': '6.381e-06', 'epoch': '5.448'}
{'loss': '0.003575', 'grad_norm': '0.0004974', 'learning_rate': '6.365e-06', 'epoch': '5.455'}
{'loss': '0.002449', 'grad_norm': '0.6806', 'learning_rate': '6.35e-06', 'epoch': '5.461'}
{'loss': '0.002484', 'grad_norm': '0.000482', 'learning_rate': '6.334e-06', 'epoch': '5.467'}
{'loss': '0.004362', 'grad_norm': '0.0004513', 'learning_rate': '6.319e-06', 'epoch': '5.473'}
{'loss': '0.01064', 'grad_norm': '0.6858', 'learning_rate': '6.304e-06', 'epoch': '5.479'}
{'loss': '0.005155', 'grad_norm': '0.6714', 'learning_rate': '6.288e-06', 'epoch': '5.485'}
{'loss': '0.001703', 'grad_norm': '0.0007057', 'learning_rate': '6.273e-06', 'epoch': '5.491'}
{'loss': '1.879e-05', 'grad_norm': '0.0004552', 'learning_rate': '6.258e-06', 'epoch': '5.498'}
{'loss': '0.006543', 'grad_norm': '0.0004251', 'learning_rate': '6.242e-06', 'epoch': '5.504'}
{'loss': '1.834e-05', 'grad_norm': '0.0004419', 'learning_rate': '6.227e-06', 'epoch': '5.51'}
{'loss': '0.008243', 'grad_norm': '0.0004252', 'learning_rate': '6.212e-06', 'epoch': '5.516'}
{'loss': '0.005682', 'grad_norm': '0.0004365', 'learning_rate': '6.196e-06', 'epoch': '5.522'}
{'loss': '0.004892', 'grad_norm': '0.005351', 'learning_rate': '6.181e-06', 'epoch': '5.528'}
{'loss': '1.832e-05', 'grad_norm': '0.001149', 'learning_rate': '6.166e-06', 'epoch': '5.534'}
{'loss': '0.006261', 'grad_norm': '0.6988', 'learning_rate': '6.15e-06', 'epoch': '5.541'}
{'loss': '1.763e-05', 'grad_norm': '0.0004435', 'learning_rate': '6.135e-06', 'epoch': '5.547'}
{'loss': '1.695e-05', 'grad_norm': '0.0004142', 'learning_rate': '6.119e-06', 'epoch': '5.553'}
{'loss': '0.0001555', 'grad_norm': '0.000451', 'learning_rate': '6.104e-06', 'epoch': '5.559'}
{'loss': '1.667e-05', 'grad_norm': '0.0004286', 'learning_rate': '6.089e-06', 'epoch': '5.565'}
{'loss': '0.001951', 'grad_norm': '0.0004747', 'learning_rate': '6.073e-06', 'epoch': '5.571'}
{'loss': '0.004788', 'grad_norm': '0.0003916', 'learning_rate': '6.058e-06', 'epoch': '5.577'}
{'loss': '0.005062', 'grad_norm': '0.0004017', 'learning_rate': '6.043e-06', 'epoch': '5.584'}
{'loss': '0.008514', 'grad_norm': '0.0004235', 'learning_rate': '6.027e-06', 'epoch': '5.59'}
{'loss': '0.005545', 'grad_norm': '0.0004217', 'learning_rate': '6.012e-06', 'epoch': '5.596'}
{'loss': '0.007356', 'grad_norm': '0.0371', 'learning_rate': '5.997e-06', 'epoch': '5.602'}
{'loss': '0.04201', 'grad_norm': '0.3141', 'learning_rate': '5.981e-06', 'epoch': '5.608'}
{'loss': '1.786e-05', 'grad_norm': '0.0004176', 'learning_rate': '5.966e-06', 'epoch': '5.614'}
{'loss': '0.002432', 'grad_norm': '0.6884', 'learning_rate': '5.951e-06', 'epoch': '5.62'}
{'loss': '0.004443', 'grad_norm': '0.03007', 'learning_rate': '5.935e-06', 'epoch': '5.627'}
{'loss': '0.003862', 'grad_norm': '0.0004319', 'learning_rate': '5.92e-06', 'epoch': '5.633'}
{'loss': '0.004432', 'grad_norm': '0.6396', 'learning_rate': '5.904e-06', 'epoch': '5.639'}
{'loss': '0.004816', 'grad_norm': '0.0004246', 'learning_rate': '5.889e-06', 'epoch': '5.645'}
{'loss': '0.002689', 'grad_norm': '0.004316', 'learning_rate': '5.874e-06', 'epoch': '5.651'}
{'loss': '0.0002587', 'grad_norm': '0.0003867', 'learning_rate': '5.858e-06', 'epoch': '5.657'}
{'loss': '0.004323', 'grad_norm': '0.0005857', 'learning_rate': '5.843e-06', 'epoch': '5.663'}
{'loss': '0.002069', 'grad_norm': '0.0004307', 'learning_rate': '5.828e-06', 'epoch': '5.67'}
{'loss': '0.03608', 'grad_norm': '0.001525', 'learning_rate': '5.812e-06', 'epoch': '5.676'}
{'loss': '0.006053', 'grad_norm': '0.004054', 'learning_rate': '5.797e-06', 'epoch': '5.682'}
{'loss': '0.004653', 'grad_norm': '0.641', 'learning_rate': '5.782e-06', 'epoch': '5.688'}
{'loss': '0.002717', 'grad_norm': '0.004296', 'learning_rate': '5.766e-06', 'epoch': '5.694'}
{'loss': '0.003792', 'grad_norm': '0.003993', 'learning_rate': '5.751e-06', 'epoch': '5.7'}
{'loss': '0.015', 'grad_norm': '0.00277', 'learning_rate': '5.736e-06', 'epoch': '5.706'}
{'loss': '0.001534', 'grad_norm': '0.003', 'learning_rate': '5.72e-06', 'epoch': '5.713'}
{'loss': '0.01258', 'grad_norm': '0.00283', 'learning_rate': '5.705e-06', 'epoch': '5.719'}
{'loss': '0.004128', 'grad_norm': '0.002475', 'learning_rate': '5.689e-06', 'epoch': '5.725'}
{'loss': '0.02042', 'grad_norm': '0.002433', 'learning_rate': '5.674e-06', 'epoch': '5.731'}
{'loss': '0.009123', 'grad_norm': '0.8655', 'learning_rate': '5.659e-06', 'epoch': '5.737'}
{'loss': '0.00566', 'grad_norm': '0.00807', 'learning_rate': '5.643e-06', 'epoch': '5.743'}
{'loss': '0.004458', 'grad_norm': '0.7534', 'learning_rate': '5.628e-06', 'epoch': '5.749'}
{'loss': '0.003305', 'grad_norm': '0.0008705', 'learning_rate': '5.613e-06', 'epoch': '5.756'}
{'loss': '0.001766', 'grad_norm': '0.0376', 'learning_rate': '5.597e-06', 'epoch': '5.762'}
{'loss': '0.00502', 'grad_norm': '0.001238', 'learning_rate': '5.582e-06', 'epoch': '5.768'}
{'loss': '0.00287', 'grad_norm': '0.001687', 'learning_rate': '5.567e-06', 'epoch': '5.774'}
{'loss': '0.009961', 'grad_norm': '0.001264', 'learning_rate': '5.551e-06', 'epoch': '5.78'}
{'loss': '0.007011', 'grad_norm': '0.5647', 'learning_rate': '5.536e-06', 'epoch': '5.786'}
{'loss': '0.00453', 'grad_norm': '0.000987', 'learning_rate': '5.521e-06', 'epoch': '5.792'}
{'loss': '4.229e-05', 'grad_norm': '0.001058', 'learning_rate': '5.505e-06', 'epoch': '5.799'}
{'loss': '0.007651', 'grad_norm': '0.4651', 'learning_rate': '5.49e-06', 'epoch': '5.805'}
{'loss': '0.005271', 'grad_norm': '0.8669', 'learning_rate': '5.475e-06', 'epoch': '5.811'}
{'loss': '0.007605', 'grad_norm': '0.002069', 'learning_rate': '5.459e-06', 'epoch': '5.817'}
{'loss': '4.113e-05', 'grad_norm': '0.0009527', 'learning_rate': '5.444e-06', 'epoch': '5.823'}
{'loss': '0.004673', 'grad_norm': '0.002977', 'learning_rate': '5.428e-06', 'epoch': '5.829'}
{'loss': '0.00455', 'grad_norm': '0.001612', 'learning_rate': '5.413e-06', 'epoch': '5.835'}
{'loss': '0.002136', 'grad_norm': '0.6293', 'learning_rate': '5.398e-06', 'epoch': '5.842'}
{'loss': '3.631e-05', 'grad_norm': '0.001402', 'learning_rate': '5.382e-06', 'epoch': '5.848'}
{'loss': '0.002037', 'grad_norm': '0.4896', 'learning_rate': '5.367e-06', 'epoch': '5.854'}
{'loss': '0.001865', 'grad_norm': '0.00143', 'learning_rate': '5.352e-06', 'epoch': '5.86'}
{'loss': '0.006319', 'grad_norm': '0.01315', 'learning_rate': '5.336e-06', 'epoch': '5.866'}
{'loss': '0.002533', 'grad_norm': '0.009707', 'learning_rate': '5.321e-06', 'epoch': '5.872'}
{'loss': '0.005387', 'grad_norm': '0.00131', 'learning_rate': '5.306e-06', 'epoch': '5.878'}
{'loss': '0.005637', 'grad_norm': '0.5806', 'learning_rate': '5.29e-06', 'epoch': '5.885'}
{'loss': '0.00715', 'grad_norm': '0.000739', 'learning_rate': '5.275e-06', 'epoch': '5.891'}
{'loss': '3.542e-05', 'grad_norm': '0.0006609', 'learning_rate': '5.26e-06', 'epoch': '5.897'}
{'loss': '0.007991', 'grad_norm': '0.734', 'learning_rate': '5.244e-06', 'epoch': '5.903'}
{'loss': '2.891e-05', 'grad_norm': '0.0007322', 'learning_rate': '5.229e-06', 'epoch': '5.909'}
{'loss': '2.737e-05', 'grad_norm': '0.0006263', 'learning_rate': '5.213e-06', 'epoch': '5.915'}
{'loss': '0.0135', 'grad_norm': '0.6903', 'learning_rate': '5.198e-06', 'epoch': '5.921'}
{'loss': '2.68e-05', 'grad_norm': '0.000547', 'learning_rate': '5.183e-06', 'epoch': '5.928'}
{'loss': '0.006467', 'grad_norm': '0.6101', 'learning_rate': '5.167e-06', 'epoch': '5.934'}
{'loss': '0.007182', 'grad_norm': '0.0005533', 'learning_rate': '5.152e-06', 'epoch': '5.94'}
{'loss': '0.007501', 'grad_norm': '0.0004341', 'learning_rate': '5.137e-06', 'epoch': '5.946'}
{'loss': '0.003176', 'grad_norm': '0.0005907', 'learning_rate': '5.121e-06', 'epoch': '5.952'}
{'loss': '0.02378', 'grad_norm': '1.737', 'learning_rate': '5.106e-06', 'epoch': '5.958'}
{'loss': '0.002166', 'grad_norm': '0.0008347', 'learning_rate': '5.091e-06', 'epoch': '5.964'}
{'loss': '0.006521', 'grad_norm': '0.6486', 'learning_rate': '5.075e-06', 'epoch': '5.971'}
{'loss': '0.002194', 'grad_norm': '0.0009793', 'learning_rate': '5.06e-06', 'epoch': '5.977'}
{'loss': '0.003575', 'grad_norm': '0.000643', 'learning_rate': '5.045e-06', 'epoch': '5.983'}
{'loss': '0.002474', 'grad_norm': '0.579', 'learning_rate': '5.029e-06', 'epoch': '5.989'}
{'loss': '0.002649', 'grad_norm': '0.000627', 'learning_rate': '5.014e-06', 'epoch': '5.995'}
{'eval_loss': '1.246', 'eval_accuracy': '0.8698', 'eval_precision': '0.9501', 'eval_recall': '0.8214', 'eval_f1': '0.8811', 'eval_runtime': '3.371', 'eval_samples_per_second': '4009', 'eval_steps_per_second': '62.88', 'epoch': '6'}
{'loss': '0.001946', 'grad_norm': '0.006683', 'learning_rate': '4.998e-06', 'epoch': '6.001'}
{'loss': '0.008233', 'grad_norm': '0.0006547', 'learning_rate': '4.983e-06', 'epoch': '6.007'}
{'loss': '0.002423', 'grad_norm': '0.0006042', 'learning_rate': '4.968e-06', 'epoch': '6.014'}
{'loss': '3.89e-05', 'grad_norm': '0.0009544', 'learning_rate': '4.952e-06', 'epoch': '6.02'}
{'loss': '0.002425', 'grad_norm': '0.008166', 'learning_rate': '4.937e-06', 'epoch': '6.026'}
{'loss': '0.01947', 'grad_norm': '0.0005201', 'learning_rate': '4.922e-06', 'epoch': '6.032'}
{'loss': '0.002999', 'grad_norm': '0.0006669', 'learning_rate': '4.906e-06', 'epoch': '6.038'}
{'loss': '0.006037', 'grad_norm': '0.7271', 'learning_rate': '4.891e-06', 'epoch': '6.044'}
{'loss': '0.003941', 'grad_norm': '0.0008225', 'learning_rate': '4.876e-06', 'epoch': '6.05'}
{'loss': '0.009552', 'grad_norm': '0.7838', 'learning_rate': '4.86e-06', 'epoch': '6.057'}
{'loss': '5.365e-05', 'grad_norm': '0.08411', 'learning_rate': '4.845e-06', 'epoch': '6.063'}
{'loss': '3.233e-05', 'grad_norm': '0.0137', 'learning_rate': '4.83e-06', 'epoch': '6.069'}
{'loss': '0.004391', 'grad_norm': '0.6346', 'learning_rate': '4.814e-06', 'epoch': '6.075'}
{'loss': '0.00151', 'grad_norm': '0.0004831', 'learning_rate': '4.799e-06', 'epoch': '6.081'}
{'loss': '0.003842', 'grad_norm': '0.0004869', 'learning_rate': '4.783e-06', 'epoch': '6.087'}
{'loss': '2.063e-05', 'grad_norm': '0.0004935', 'learning_rate': '4.768e-06', 'epoch': '6.093'}
{'loss': '0.003948', 'grad_norm': '0.0006318', 'learning_rate': '4.753e-06', 'epoch': '6.1'}
{'loss': '0.001204', 'grad_norm': '0.0005334', 'learning_rate': '4.737e-06', 'epoch': '6.106'}
{'loss': '0.002045', 'grad_norm': '0.0005125', 'learning_rate': '4.722e-06', 'epoch': '6.112'}
{'loss': '0.004312', 'grad_norm': '0.0005618', 'learning_rate': '4.707e-06', 'epoch': '6.118'}
{'loss': '0.004672', 'grad_norm': '0.0005417', 'learning_rate': '4.691e-06', 'epoch': '6.124'}
{'loss': '0.006812', 'grad_norm': '0.6253', 'learning_rate': '4.676e-06', 'epoch': '6.13'}
{'loss': '0.006773', 'grad_norm': '0.6961', 'learning_rate': '4.661e-06', 'epoch': '6.136'}
{'loss': '0.003989', 'grad_norm': '0.5088', 'learning_rate': '4.645e-06', 'epoch': '6.143'}
{'loss': '0.002698', 'grad_norm': '0.0004723', 'learning_rate': '4.63e-06', 'epoch': '6.149'}
{'loss': '1.962e-05', 'grad_norm': '0.0004474', 'learning_rate': '4.615e-06', 'epoch': '6.155'}
{'loss': '0.008319', 'grad_norm': '0.0004614', 'learning_rate': '4.599e-06', 'epoch': '6.161'}
{'loss': '0.00999', 'grad_norm': '0.0005077', 'learning_rate': '4.584e-06', 'epoch': '6.167'}
{'loss': '0.002196', 'grad_norm': '0.6462', 'learning_rate': '4.568e-06', 'epoch': '6.173'}
{'loss': '0.01254', 'grad_norm': '0.0004775', 'learning_rate': '4.553e-06', 'epoch': '6.179'}
{'loss': '0.006602', 'grad_norm': '0.0005089', 'learning_rate': '4.538e-06', 'epoch': '6.186'}
{'loss': '0.003831', 'grad_norm': '0.0005888', 'learning_rate': '4.522e-06', 'epoch': '6.192'}
{'loss': '0.002369', 'grad_norm': '0.0005086', 'learning_rate': '4.507e-06', 'epoch': '6.198'}
{'loss': '0.001391', 'grad_norm': '0.0004686', 'learning_rate': '4.492e-06', 'epoch': '6.204'}
{'loss': '0.01004', 'grad_norm': '0.0005875', 'learning_rate': '4.476e-06', 'epoch': '6.21'}
{'loss': '0.002051', 'grad_norm': '0.000531', 'learning_rate': '4.461e-06', 'epoch': '6.216'}
{'loss': '0.002413', 'grad_norm': '0.0008665', 'learning_rate': '4.446e-06', 'epoch': '6.222'}
{'loss': '0.001532', 'grad_norm': '0.0005255', 'learning_rate': '4.43e-06', 'epoch': '6.229'}
{'loss': '0.009768', 'grad_norm': '0.0004785', 'learning_rate': '4.415e-06', 'epoch': '6.235'}
{'loss': '0.003683', 'grad_norm': '0.4048', 'learning_rate': '4.4e-06', 'epoch': '6.241'}
{'loss': '0.001819', 'grad_norm': '0.0007877', 'learning_rate': '4.384e-06', 'epoch': '6.247'}
{'loss': '0.002214', 'grad_norm': '0.0004784', 'learning_rate': '4.369e-06', 'epoch': '6.253'}
{'loss': '0.004176', 'grad_norm': '0.3609', 'learning_rate': '4.354e-06', 'epoch': '6.259'}
{'loss': '8.789e-05', 'grad_norm': '0.001925', 'learning_rate': '4.338e-06', 'epoch': '6.265'}
{'loss': '0.004043', 'grad_norm': '0.0004928', 'learning_rate': '4.323e-06', 'epoch': '6.271'}
{'loss': '0.00608', 'grad_norm': '0.0005388', 'learning_rate': '4.307e-06', 'epoch': '6.278'}
{'loss': '0.001506', 'grad_norm': '0.0005082', 'learning_rate': '4.292e-06', 'epoch': '6.284'}
{'loss': '0.01013', 'grad_norm': '0.0004651', 'learning_rate': '4.277e-06', 'epoch': '6.29'}
{'loss': '0.004265', 'grad_norm': '0.0004257', 'learning_rate': '4.261e-06', 'epoch': '6.296'}
{'loss': '1.845e-05', 'grad_norm': '0.0004431', 'learning_rate': '4.246e-06', 'epoch': '6.302'}
{'loss': '0.004285', 'grad_norm': '0.0004764', 'learning_rate': '4.231e-06', 'epoch': '6.308'}
{'loss': '1.789e-05', 'grad_norm': '0.0004976', 'learning_rate': '4.215e-06', 'epoch': '6.314'}
{'loss': '1.885e-05', 'grad_norm': '0.0004449', 'learning_rate': '4.2e-06', 'epoch': '6.321'}
{'loss': '0.002197', 'grad_norm': '0.0004321', 'learning_rate': '4.185e-06', 'epoch': '6.327'}
{'loss': '0.003671', 'grad_norm': '0.0004391', 'learning_rate': '4.169e-06', 'epoch': '6.333'}
{'loss': '0.002242', 'grad_norm': '0.6556', 'learning_rate': '4.154e-06', 'epoch': '6.339'}
{'loss': '0.001853', 'grad_norm': '0.0004152', 'learning_rate': '4.139e-06', 'epoch': '6.345'}
{'loss': '0.001646', 'grad_norm': '0.0004513', 'learning_rate': '4.123e-06', 'epoch': '6.351'}
{'loss': '0.004514', 'grad_norm': '0.6169', 'learning_rate': '4.108e-06', 'epoch': '6.357'}
{'loss': '1.737e-05', 'grad_norm': '0.0004489', 'learning_rate': '4.092e-06', 'epoch': '6.364'}
{'loss': '0.0051', 'grad_norm': '0.0004503', 'learning_rate': '4.077e-06', 'epoch': '6.37'}
{'loss': '0.0002361', 'grad_norm': '0.0004492', 'learning_rate': '4.062e-06', 'epoch': '6.376'}
{'loss': '0.004554', 'grad_norm': '0.0004349', 'learning_rate': '4.046e-06', 'epoch': '6.382'}
{'loss': '0.00213', 'grad_norm': '0.0003834', 'learning_rate': '4.031e-06', 'epoch': '6.388'}
{'loss': '0.005637', 'grad_norm': '0.0004112', 'learning_rate': '4.016e-06', 'epoch': '6.394'}
{'loss': '0.006723', 'grad_norm': '0.0004274', 'learning_rate': '4e-06', 'epoch': '6.4'}
{'loss': '0.00682', 'grad_norm': '0.0004067', 'learning_rate': '3.985e-06', 'epoch': '6.407'}
{'loss': '1.674e-05', 'grad_norm': '0.0003948', 'learning_rate': '3.97e-06', 'epoch': '6.413'}
{'loss': '0.01075', 'grad_norm': '0.0005018', 'learning_rate': '3.954e-06', 'epoch': '6.419'}
{'loss': '0.007735', 'grad_norm': '0.0004014', 'learning_rate': '3.939e-06', 'epoch': '6.425'}
{'loss': '0.005264', 'grad_norm': '0.6779', 'learning_rate': '3.924e-06', 'epoch': '6.431'}
{'loss': '0.001853', 'grad_norm': '0.0003802', 'learning_rate': '3.908e-06', 'epoch': '6.437'}
{'loss': '1.639e-05', 'grad_norm': '0.0004029', 'learning_rate': '3.893e-06', 'epoch': '6.443'}
{'loss': '0.001874', 'grad_norm': '0.0004311', 'learning_rate': '3.877e-06', 'epoch': '6.45'}
{'loss': '0.007321', 'grad_norm': '0.7373', 'learning_rate': '3.862e-06', 'epoch': '6.456'}
{'loss': '0.006295', 'grad_norm': '0.0004478', 'learning_rate': '3.847e-06', 'epoch': '6.462'}
{'loss': '0.002021', 'grad_norm': '0.0004177', 'learning_rate': '3.831e-06', 'epoch': '6.468'}
{'loss': '0.005742', 'grad_norm': '0.000387', 'learning_rate': '3.816e-06', 'epoch': '6.474'}
{'loss': '0.002361', 'grad_norm': '0.000376', 'learning_rate': '3.801e-06', 'epoch': '6.48'}
{'loss': '0.004634', 'grad_norm': '0.000379', 'learning_rate': '3.785e-06', 'epoch': '6.486'}
{'loss': '0.002362', 'grad_norm': '0.6699', 'learning_rate': '3.77e-06', 'epoch': '6.493'}
{'loss': '0.007628', 'grad_norm': '0.6844', 'learning_rate': '3.755e-06', 'epoch': '6.499'}
{'loss': '0.002642', 'grad_norm': '0.0004076', 'learning_rate': '3.739e-06', 'epoch': '6.505'}
{'loss': '1.541e-05', 'grad_norm': '0.0003601', 'learning_rate': '3.724e-06', 'epoch': '6.511'}
{'loss': '0.007736', 'grad_norm': '0.6103', 'learning_rate': '3.709e-06', 'epoch': '6.517'}
{'loss': '0.0004289', 'grad_norm': '0.0004136', 'learning_rate': '3.693e-06', 'epoch': '6.523'}
{'loss': '1.538e-05', 'grad_norm': '0.0003775', 'learning_rate': '3.678e-06', 'epoch': '6.529'}
{'loss': '1.588e-05', 'grad_norm': '0.0003925', 'learning_rate': '3.662e-06', 'epoch': '6.536'}
{'loss': '0.007425', 'grad_norm': '0.0003707', 'learning_rate': '3.647e-06', 'epoch': '6.542'}
{'loss': '0.004204', 'grad_norm': '0.0004205', 'learning_rate': '3.632e-06', 'epoch': '6.548'}
{'loss': '0.007076', 'grad_norm': '0.0003838', 'learning_rate': '3.616e-06', 'epoch': '6.554'}
{'loss': '0.01987', 'grad_norm': '172.4', 'learning_rate': '3.601e-06', 'epoch': '6.56'}
{'loss': '0.002332', 'grad_norm': '0.0003605', 'learning_rate': '3.586e-06', 'epoch': '6.566'}
{'loss': '0.008448', 'grad_norm': '0.7302', 'learning_rate': '3.57e-06', 'epoch': '6.572'}
{'loss': '0.007082', 'grad_norm': '0.0003946', 'learning_rate': '3.555e-06', 'epoch': '6.579'}
{'loss': '0.003182', 'grad_norm': '0.0003517', 'learning_rate': '3.54e-06', 'epoch': '6.585'}
{'loss': '0.002526', 'grad_norm': '0.0003407', 'learning_rate': '3.524e-06', 'epoch': '6.591'}
{'loss': '0.01061', 'grad_norm': '0.0003867', 'learning_rate': '3.509e-06', 'epoch': '6.597'}
{'loss': '0.003476', 'grad_norm': '0.0003377', 'learning_rate': '3.494e-06', 'epoch': '6.603'}
{'loss': '0.0112', 'grad_norm': '0.0003646', 'learning_rate': '3.478e-06', 'epoch': '6.609'}
{'loss': '0.002279', 'grad_norm': '0.0005102', 'learning_rate': '3.463e-06', 'epoch': '6.615'}
{'loss': '0.002077', 'grad_norm': '0.0003915', 'learning_rate': '3.447e-06', 'epoch': '6.622'}
{'loss': '0.002623', 'grad_norm': '0.0003635', 'learning_rate': '3.432e-06', 'epoch': '6.628'}
{'loss': '0.03026', 'grad_norm': '0.0004357', 'learning_rate': '3.417e-06', 'epoch': '6.634'}
{'loss': '0.007041', 'grad_norm': '0.000682', 'learning_rate': '3.401e-06', 'epoch': '6.64'}
{'loss': '0.02522', 'grad_norm': '0.003023', 'learning_rate': '3.386e-06', 'epoch': '6.646'}
{'loss': '0.009838', 'grad_norm': '5.563', 'learning_rate': '3.371e-06', 'epoch': '6.652'}
{'loss': '0.003111', 'grad_norm': '0.004522', 'learning_rate': '3.355e-06', 'epoch': '6.658'}
{'loss': '0.007099', 'grad_norm': '0.5455', 'learning_rate': '3.34e-06', 'epoch': '6.665'}
{'loss': '0.002065', 'grad_norm': '0.5895', 'learning_rate': '3.325e-06', 'epoch': '6.671'}
{'loss': '0.004443', 'grad_norm': '0.555', 'learning_rate': '3.309e-06', 'epoch': '6.677'}
{'loss': '0.006269', 'grad_norm': '0.01934', 'learning_rate': '3.294e-06', 'epoch': '6.683'}
{'loss': '0.001549', 'grad_norm': '0.001323', 'learning_rate': '3.279e-06', 'epoch': '6.689'}
{'loss': '0.001705', 'grad_norm': '0.002412', 'learning_rate': '3.263e-06', 'epoch': '6.695'}
{'loss': '0.004332', 'grad_norm': '0.0009054', 'learning_rate': '3.248e-06', 'epoch': '6.701'}
{'loss': '0.004864', 'grad_norm': '0.001381', 'learning_rate': '3.232e-06', 'epoch': '6.708'}
{'loss': '0.004172', 'grad_norm': '0.002012', 'learning_rate': '3.217e-06', 'epoch': '6.714'}
{'loss': '0.002547', 'grad_norm': '0.001198', 'learning_rate': '3.202e-06', 'epoch': '6.72'}
{'loss': '0.006524', 'grad_norm': '0.002594', 'learning_rate': '3.186e-06', 'epoch': '6.726'}
{'loss': '0.05793', 'grad_norm': '0.09994', 'learning_rate': '3.171e-06', 'epoch': '6.732'}
{'loss': '0.006912', 'grad_norm': '0.001181', 'learning_rate': '3.156e-06', 'epoch': '6.738'}
{'loss': '0.00772', 'grad_norm': '0.0007893', 'learning_rate': '3.14e-06', 'epoch': '6.744'}
{'loss': '0.001771', 'grad_norm': '0.0006931', 'learning_rate': '3.125e-06', 'epoch': '6.751'}
{'loss': '8.474e-05', 'grad_norm': '0.001105', 'learning_rate': '3.11e-06', 'epoch': '6.757'}
{'loss': '0.00248', 'grad_norm': '0.6965', 'learning_rate': '3.094e-06', 'epoch': '6.763'}
{'loss': '0.004115', 'grad_norm': '0.0005388', 'learning_rate': '3.079e-06', 'epoch': '6.769'}
{'loss': '0.007229', 'grad_norm': '0.0007095', 'learning_rate': '3.064e-06', 'epoch': '6.775'}
{'loss': '2.51e-05', 'grad_norm': '0.001155', 'learning_rate': '3.048e-06', 'epoch': '6.781'}
{'loss': '0.002533', 'grad_norm': '0.0006981', 'learning_rate': '3.033e-06', 'epoch': '6.787'}
{'loss': '0.00103', 'grad_norm': '0.0005399', 'learning_rate': '3.018e-06', 'epoch': '6.794'}
{'loss': '0.0019', 'grad_norm': '0.0006435', 'learning_rate': '3.002e-06', 'epoch': '6.8'}
{'loss': '0.006354', 'grad_norm': '0.000384', 'learning_rate': '2.987e-06', 'epoch': '6.806'}
{'loss': '2.059e-05', 'grad_norm': '0.0005058', 'learning_rate': '2.971e-06', 'epoch': '6.812'}
{'loss': '0.00362', 'grad_norm': '0.0006059', 'learning_rate': '2.956e-06', 'epoch': '6.818'}
{'loss': '0.005421', 'grad_norm': '0.0004278', 'learning_rate': '2.941e-06', 'epoch': '6.824'}
{'loss': '0.006949', 'grad_norm': '6.112', 'learning_rate': '2.925e-06', 'epoch': '6.83'}
{'loss': '0.002563', 'grad_norm': '0.0004406', 'learning_rate': '2.91e-06', 'epoch': '6.837'}
{'loss': '0.004664', 'grad_norm': '0.724', 'learning_rate': '2.895e-06', 'epoch': '6.843'}
{'loss': '0.003992', 'grad_norm': '0.0005767', 'learning_rate': '2.879e-06', 'epoch': '6.849'}
{'loss': '0.01431', 'grad_norm': '0.2862', 'learning_rate': '2.864e-06', 'epoch': '6.855'}
{'loss': '0.01035', 'grad_norm': '0.6256', 'learning_rate': '2.849e-06', 'epoch': '6.861'}
{'loss': '0.005669', 'grad_norm': '0.0004839', 'learning_rate': '2.833e-06', 'epoch': '6.867'}
{'loss': '0.0171', 'grad_norm': '0.0005362', 'learning_rate': '2.818e-06', 'epoch': '6.873'}
{'loss': '0.006325', 'grad_norm': '0.0005024', 'learning_rate': '2.803e-06', 'epoch': '6.88'}
{'loss': '0.03023', 'grad_norm': '0.0008212', 'learning_rate': '2.787e-06', 'epoch': '6.886'}
{'loss': '0.009227', 'grad_norm': '0.0005974', 'learning_rate': '2.772e-06', 'epoch': '6.892'}
{'loss': '0.004203', 'grad_norm': '0.0006717', 'learning_rate': '2.756e-06', 'epoch': '6.898'}
{'loss': '0.006493', 'grad_norm': '0.0005968', 'learning_rate': '2.741e-06', 'epoch': '6.904'}
{'loss': '0.02865', 'grad_norm': '0.0007606', 'learning_rate': '2.726e-06', 'epoch': '6.91'}
{'loss': '0.009758', 'grad_norm': '0.7179', 'learning_rate': '2.71e-06', 'epoch': '6.916'}
{'loss': '0.002034', 'grad_norm': '0.003357', 'learning_rate': '2.695e-06', 'epoch': '6.923'}
{'loss': '0.01122', 'grad_norm': '0.001281', 'learning_rate': '2.68e-06', 'epoch': '6.929'}
{'loss': '0.003581', 'grad_norm': '0.002184', 'learning_rate': '2.664e-06', 'epoch': '6.935'}
{'loss': '0.001855', 'grad_norm': '0.0008035', 'learning_rate': '2.649e-06', 'epoch': '6.941'}
{'loss': '0.01022', 'grad_norm': '0.000728', 'learning_rate': '2.634e-06', 'epoch': '6.947'}
{'loss': '0.006826', 'grad_norm': '0.003842', 'learning_rate': '2.618e-06', 'epoch': '6.953'}
{'loss': '0.003885', 'grad_norm': '0.001357', 'learning_rate': '2.603e-06', 'epoch': '6.959'}
{'loss': '3.601e-05', 'grad_norm': '0.002258', 'learning_rate': '2.588e-06', 'epoch': '6.966'}
{'loss': '3.361e-05', 'grad_norm': '0.0009689', 'learning_rate': '2.572e-06', 'epoch': '6.972'}
{'loss': '0.004225', 'grad_norm': '0.003198', 'learning_rate': '2.557e-06', 'epoch': '6.978'}
{'loss': '3.352e-05', 'grad_norm': '0.00138', 'learning_rate': '2.541e-06', 'epoch': '6.984'}
{'loss': '0.01668', 'grad_norm': '8.033', 'learning_rate': '2.526e-06', 'epoch': '6.99'}
{'loss': '0.02873', 'grad_norm': '0.001093', 'learning_rate': '2.511e-06', 'epoch': '6.996'}
{'eval_loss': '1.188', 'eval_accuracy': '0.873', 'eval_precision': '0.952', 'eval_recall': '0.8252', 'eval_f1': '0.8841', 'eval_runtime': '3.37', 'eval_samples_per_second': '4010', 'eval_steps_per_second': '62.9', 'epoch': '7'}
{'loss': '0.01043', 'grad_norm': '0.01095', 'learning_rate': '2.495e-06', 'epoch': '7.002'}
{'loss': '0.00662', 'grad_norm': '0.002102', 'learning_rate': '2.48e-06', 'epoch': '7.009'}
{'loss': '0.009346', 'grad_norm': '0.6298', 'learning_rate': '2.465e-06', 'epoch': '7.015'}
{'loss': '0.004983', 'grad_norm': '0.0008569', 'learning_rate': '2.449e-06', 'epoch': '7.021'}
{'loss': '0.001706', 'grad_norm': '0.003243', 'learning_rate': '2.434e-06', 'epoch': '7.027'}
{'loss': '0.009307', 'grad_norm': '0.59', 'learning_rate': '2.419e-06', 'epoch': '7.033'}
{'loss': '0.005649', 'grad_norm': '0.7527', 'learning_rate': '2.403e-06', 'epoch': '7.039'}
{'loss': '0.004119', 'grad_norm': '0.0007435', 'learning_rate': '2.388e-06', 'epoch': '7.045'}
{'loss': '0.00475', 'grad_norm': '0.002204', 'learning_rate': '2.373e-06', 'epoch': '7.052'}
{'loss': '0.005971', 'grad_norm': '0.0005602', 'learning_rate': '2.357e-06', 'epoch': '7.058'}
{'loss': '0.003838', 'grad_norm': '0.001643', 'learning_rate': '2.342e-06', 'epoch': '7.064'}
{'loss': '0.004417', 'grad_norm': '0.0008572', 'learning_rate': '2.326e-06', 'epoch': '7.07'}
{'loss': '0.005058', 'grad_norm': '0.0007206', 'learning_rate': '2.311e-06', 'epoch': '7.076'}
{'loss': '0.006211', 'grad_norm': '0.0006541', 'learning_rate': '2.296e-06', 'epoch': '7.082'}
{'loss': '0.004405', 'grad_norm': '0.001541', 'learning_rate': '2.28e-06', 'epoch': '7.088'}
{'loss': '0.007222', 'grad_norm': '0.6953', 'learning_rate': '2.265e-06', 'epoch': '7.095'}
{'loss': '2.403e-05', 'grad_norm': '0.01213', 'learning_rate': '2.25e-06', 'epoch': '7.101'}
{'loss': '2.77e-05', 'grad_norm': '0.001368', 'learning_rate': '2.234e-06', 'epoch': '7.107'}
{'loss': '0.00388', 'grad_norm': '0.003755', 'learning_rate': '2.219e-06', 'epoch': '7.113'}
{'loss': '0.001883', 'grad_norm': '0.0005868', 'learning_rate': '2.204e-06', 'epoch': '7.119'}
{'loss': '0.008508', 'grad_norm': '0.0005787', 'learning_rate': '2.188e-06', 'epoch': '7.125'}
{'loss': '0.008632', 'grad_norm': '0.2851', 'learning_rate': '2.173e-06', 'epoch': '7.131'}
{'loss': '2.102e-05', 'grad_norm': '0.0004783', 'learning_rate': '2.158e-06', 'epoch': '7.138'}
{'loss': '0.00555', 'grad_norm': '0.000443', 'learning_rate': '2.142e-06', 'epoch': '7.144'}
{'loss': '0.006736', 'grad_norm': '0.5335', 'learning_rate': '2.127e-06', 'epoch': '7.15'}
{'loss': '0.005031', 'grad_norm': '0.6812', 'learning_rate': '2.111e-06', 'epoch': '7.156'}
{'loss': '2.682e-05', 'grad_norm': '0.0004054', 'learning_rate': '2.096e-06', 'epoch': '7.162'}
{'loss': '0.004329', 'grad_norm': '0.6862', 'learning_rate': '2.081e-06', 'epoch': '7.168'}
{'loss': '0.004482', 'grad_norm': '0.0004582', 'learning_rate': '2.065e-06', 'epoch': '7.174'}
{'loss': '0.01238', 'grad_norm': '0.005598', 'learning_rate': '2.05e-06', 'epoch': '7.181'}
{'loss': '0.002217', 'grad_norm': '0.0003881', 'learning_rate': '2.035e-06', 'epoch': '7.187'}
{'loss': '0.00913', 'grad_norm': '0.537', 'learning_rate': '2.019e-06', 'epoch': '7.193'}
{'loss': '0.01045', 'grad_norm': '0.6081', 'learning_rate': '2.004e-06', 'epoch': '7.199'}
{'loss': '0.005774', 'grad_norm': '0.000384', 'learning_rate': '1.989e-06', 'epoch': '7.205'}
{'loss': '0.004486', 'grad_norm': '0.0005273', 'learning_rate': '1.973e-06', 'epoch': '7.211'}
{'loss': '0.005362', 'grad_norm': '0.0004075', 'learning_rate': '1.958e-06', 'epoch': '7.217'}
{'loss': '1.746e-05', 'grad_norm': '0.0004783', 'learning_rate': '1.943e-06', 'epoch': '7.224'}
{'loss': '0.002129', 'grad_norm': '0.0004109', 'learning_rate': '1.927e-06', 'epoch': '7.23'}
{'loss': '0.01314', 'grad_norm': '1.311', 'learning_rate': '1.912e-06', 'epoch': '7.236'}
{'loss': '1.551e-05', 'grad_norm': '0.0004058', 'learning_rate': '1.896e-06', 'epoch': '7.242'}
{'loss': '0.02124', 'grad_norm': '0.0008813', 'learning_rate': '1.881e-06', 'epoch': '7.248'}
{'loss': '0.005903', 'grad_norm': '0.0004114', 'learning_rate': '1.866e-06', 'epoch': '7.254'}
{'loss': '0.001865', 'grad_norm': '0.0004389', 'learning_rate': '1.85e-06', 'epoch': '7.26'}
{'loss': '0.001939', 'grad_norm': '0.0008193', 'learning_rate': '1.835e-06', 'epoch': '7.267'}
{'loss': '0.02302', 'grad_norm': '0.628', 'learning_rate': '1.82e-06', 'epoch': '7.273'}
{'loss': '0.004431', 'grad_norm': '0.6563', 'learning_rate': '1.804e-06', 'epoch': '7.279'}
{'loss': '1.701e-05', 'grad_norm': '0.0005897', 'learning_rate': '1.789e-06', 'epoch': '7.285'}
{'loss': '0.004407', 'grad_norm': '0.6532', 'learning_rate': '1.774e-06', 'epoch': '7.291'}
{'loss': '0.007671', 'grad_norm': '0.0003797', 'learning_rate': '1.758e-06', 'epoch': '7.297'}
{'loss': '0.001572', 'grad_norm': '0.0004834', 'learning_rate': '1.743e-06', 'epoch': '7.303'}
{'loss': '0.003851', 'grad_norm': '0.003805', 'learning_rate': '1.728e-06', 'epoch': '7.31'}
{'loss': '0.001441', 'grad_norm': '0.0004286', 'learning_rate': '1.712e-06', 'epoch': '7.316'}
{'loss': '0.003828', 'grad_norm': '0.0004971', 'learning_rate': '1.697e-06', 'epoch': '7.322'}
{'loss': '0.004793', 'grad_norm': '0.6175', 'learning_rate': '1.682e-06', 'epoch': '7.328'}
{'loss': '0.006794', 'grad_norm': '0.0007787', 'learning_rate': '1.666e-06', 'epoch': '7.334'}
{'loss': '1.726e-05', 'grad_norm': '0.0004283', 'learning_rate': '1.651e-06', 'epoch': '7.34'}
{'loss': '0.002012', 'grad_norm': '0.0008974', 'learning_rate': '1.635e-06', 'epoch': '7.346'}
{'loss': '0.006999', 'grad_norm': '0.0004357', 'learning_rate': '1.62e-06', 'epoch': '7.353'}
{'loss': '1.606e-05', 'grad_norm': '0.0004147', 'learning_rate': '1.605e-06', 'epoch': '7.359'}
{'loss': '0.00286', 'grad_norm': '0.0005522', 'learning_rate': '1.589e-06', 'epoch': '7.365'}
{'loss': '0.00457', 'grad_norm': '0.758', 'learning_rate': '1.574e-06', 'epoch': '7.371'}
{'loss': '0.00285', 'grad_norm': '0.0007611', 'learning_rate': '1.559e-06', 'epoch': '7.377'}
{'loss': '0.002306', 'grad_norm': '0.0003631', 'learning_rate': '1.543e-06', 'epoch': '7.383'}
{'loss': '1.596e-05', 'grad_norm': '0.0004952', 'learning_rate': '1.528e-06', 'epoch': '7.389'}
{'loss': '0.00571', 'grad_norm': '0.0003546', 'learning_rate': '1.513e-06', 'epoch': '7.396'}
{'loss': '0.002354', 'grad_norm': '0.0004786', 'learning_rate': '1.497e-06', 'epoch': '7.402'}
{'loss': '0.001909', 'grad_norm': '0.0008882', 'learning_rate': '1.482e-06', 'epoch': '7.408'}
{'loss': '0.007081', 'grad_norm': '0.0007654', 'learning_rate': '1.467e-06', 'epoch': '7.414'}
{'loss': '0.002146', 'grad_norm': '0.0004583', 'learning_rate': '1.451e-06', 'epoch': '7.42'}
{'loss': '0.004489', 'grad_norm': '0.0003486', 'learning_rate': '1.436e-06', 'epoch': '7.426'}
{'loss': '0.002076', 'grad_norm': '0.6204', 'learning_rate': '1.42e-06', 'epoch': '7.432'}
{'loss': '0.006208', 'grad_norm': '0.0003725', 'learning_rate': '1.405e-06', 'epoch': '7.439'}
{'loss': '0.004289', 'grad_norm': '0.000387', 'learning_rate': '1.39e-06', 'epoch': '7.445'}
{'loss': '5.511e-05', 'grad_norm': '0.0005954', 'learning_rate': '1.374e-06', 'epoch': '7.451'}
{'loss': '0.006576', 'grad_norm': '0.0004267', 'learning_rate': '1.359e-06', 'epoch': '7.457'}
{'loss': '2.398e-05', 'grad_norm': '0.0003658', 'learning_rate': '1.344e-06', 'epoch': '7.463'}
{'loss': '0.002219', 'grad_norm': '0.0005384', 'learning_rate': '1.328e-06', 'epoch': '7.469'}
{'loss': '0.01009', 'grad_norm': '0.8592', 'learning_rate': '1.313e-06', 'epoch': '7.475'}
{'loss': '0.002362', 'grad_norm': '0.0003388', 'learning_rate': '1.298e-06', 'epoch': '7.482'}
{'loss': '0.007025', 'grad_norm': '0.0003471', 'learning_rate': '1.282e-06', 'epoch': '7.488'}
{'loss': '0.009708', 'grad_norm': '0.0003371', 'learning_rate': '1.267e-06', 'epoch': '7.494'}
{'loss': '1.69e-05', 'grad_norm': '0.0003614', 'learning_rate': '1.252e-06', 'epoch': '7.5'}
{'loss': '0.005852', 'grad_norm': '0.6504', 'learning_rate': '1.236e-06', 'epoch': '7.506'}
{'loss': '0.005936', 'grad_norm': '0.0003858', 'learning_rate': '1.221e-06', 'epoch': '7.512'}
{'loss': '1.419e-05', 'grad_norm': '0.0003359', 'learning_rate': '1.205e-06', 'epoch': '7.518'}
{'loss': '1.453e-05', 'grad_norm': '0.0003875', 'learning_rate': '1.19e-06', 'epoch': '7.525'}
{'loss': '1.436e-05', 'grad_norm': '0.000481', 'learning_rate': '1.175e-06', 'epoch': '7.531'}
{'loss': '0.01411', 'grad_norm': '0.0003824', 'learning_rate': '1.159e-06', 'epoch': '7.537'}
{'loss': '0.001759', 'grad_norm': '0.0003339', 'learning_rate': '1.144e-06', 'epoch': '7.543'}
{'loss': '1.583e-05', 'grad_norm': '0.0004261', 'learning_rate': '1.129e-06', 'epoch': '7.549'}
{'loss': '0.009266', 'grad_norm': '0.6961', 'learning_rate': '1.113e-06', 'epoch': '7.555'}
{'loss': '0.002343', 'grad_norm': '0.0003602', 'learning_rate': '1.098e-06', 'epoch': '7.561'}
{'loss': '0.005365', 'grad_norm': '0.0005425', 'learning_rate': '1.083e-06', 'epoch': '7.568'}
{'loss': '0.004148', 'grad_norm': '0.0003844', 'learning_rate': '1.067e-06', 'epoch': '7.574'}
{'loss': '0.01166', 'grad_norm': '0.0004352', 'learning_rate': '1.052e-06', 'epoch': '7.58'}
{'loss': '0.002059', 'grad_norm': '0.001197', 'learning_rate': '1.037e-06', 'epoch': '7.586'}
{'loss': '0.003391', 'grad_norm': '0.000445', 'learning_rate': '1.021e-06', 'epoch': '7.592'}
{'loss': '0.006609', 'grad_norm': '0.0003791', 'learning_rate': '1.006e-06', 'epoch': '7.598'}
{'loss': '0.002337', 'grad_norm': '0.0003885', 'learning_rate': '9.905e-07', 'epoch': '7.604'}
{'loss': '0.008108', 'grad_norm': '0.0005327', 'learning_rate': '9.751e-07', 'epoch': '7.611'}
{'loss': '0.002449', 'grad_norm': '0.00055', 'learning_rate': '9.598e-07', 'epoch': '7.617'}
{'loss': '0.004301', 'grad_norm': '0.0004288', 'learning_rate': '9.444e-07', 'epoch': '7.623'}
{'loss': '0.0001377', 'grad_norm': '0.00127', 'learning_rate': '9.291e-07', 'epoch': '7.629'}
{'loss': '0.001764', 'grad_norm': '0.0003873', 'learning_rate': '9.137e-07', 'epoch': '7.635'}
{'loss': '0.007205', 'grad_norm': '0.0003939', 'learning_rate': '8.983e-07', 'epoch': '7.641'}
{'loss': '0.004098', 'grad_norm': '0.0003577', 'learning_rate': '8.83e-07', 'epoch': '7.647'}
{'loss': '0.009117', 'grad_norm': '0.000425', 'learning_rate': '8.676e-07', 'epoch': '7.654'}
{'loss': '0.004296', 'grad_norm': '0.6637', 'learning_rate': '8.523e-07', 'epoch': '7.66'}
{'loss': '0.007625', 'grad_norm': '0.000785', 'learning_rate': '8.369e-07', 'epoch': '7.666'}
{'loss': '1.887e-05', 'grad_norm': '0.0003536', 'learning_rate': '8.216e-07', 'epoch': '7.672'}
{'loss': '0.002524', 'grad_norm': '0.00151', 'learning_rate': '8.062e-07', 'epoch': '7.678'}
{'loss': '0.002007', 'grad_norm': '0.0004126', 'learning_rate': '7.908e-07', 'epoch': '7.684'}
{'loss': '0.001635', 'grad_norm': '0.0003515', 'learning_rate': '7.755e-07', 'epoch': '7.69'}
{'loss': '0.002485', 'grad_norm': '0.001055', 'learning_rate': '7.601e-07', 'epoch': '7.697'}
{'loss': '0.01704', 'grad_norm': '0.0003641', 'learning_rate': '7.448e-07', 'epoch': '7.703'}
{'loss': '0.002605', 'grad_norm': '0.7065', 'learning_rate': '7.294e-07', 'epoch': '7.709'}
{'loss': '0.002129', 'grad_norm': '0.0004607', 'learning_rate': '7.141e-07', 'epoch': '7.715'}
{'loss': '0.007124', 'grad_norm': '0.7699', 'learning_rate': '6.987e-07', 'epoch': '7.721'}
{'loss': '0.00216', 'grad_norm': '0.0005164', 'learning_rate': '6.834e-07', 'epoch': '7.727'}
{'loss': '0.00664', 'grad_norm': '0.0004135', 'learning_rate': '6.68e-07', 'epoch': '7.733'}
{'loss': '0.00733', 'grad_norm': '0.0003963', 'learning_rate': '6.526e-07', 'epoch': '7.74'}
{'loss': '0.006202', 'grad_norm': '0.0003844', 'learning_rate': '6.373e-07', 'epoch': '7.746'}
{'loss': '0.002091', 'grad_norm': '0.00047', 'learning_rate': '6.219e-07', 'epoch': '7.752'}
{'loss': '0.004222', 'grad_norm': '0.000433', 'learning_rate': '6.066e-07', 'epoch': '7.758'}
{'loss': '0.003424', 'grad_norm': '0.0004862', 'learning_rate': '5.912e-07', 'epoch': '7.764'}
{'loss': '0.002663', 'grad_norm': '0.000341', 'learning_rate': '5.759e-07', 'epoch': '7.77'}
{'loss': '0.004528', 'grad_norm': '0.0003959', 'learning_rate': '5.605e-07', 'epoch': '7.776'}
{'loss': '0.002976', 'grad_norm': '0.0004925', 'learning_rate': '5.451e-07', 'epoch': '7.783'}
{'loss': '0.02324', 'grad_norm': '0.0004672', 'learning_rate': '5.298e-07', 'epoch': '7.789'}
{'loss': '0.003196', 'grad_norm': '0.0004651', 'learning_rate': '5.144e-07', 'epoch': '7.795'}
{'loss': '0.006389', 'grad_norm': '0.0003893', 'learning_rate': '4.991e-07', 'epoch': '7.801'}
{'loss': '0.001428', 'grad_norm': '0.0006591', 'learning_rate': '4.837e-07', 'epoch': '7.807'}
{'loss': '0.0001714', 'grad_norm': '0.07505', 'learning_rate': '4.684e-07', 'epoch': '7.813'}
{'loss': '0.02045', 'grad_norm': '0.0003608', 'learning_rate': '4.53e-07', 'epoch': '7.819'}
{'loss': '0.002504', 'grad_norm': '0.000407', 'learning_rate': '4.377e-07', 'epoch': '7.826'}
{'loss': '0.0001238', 'grad_norm': '0.0005766', 'learning_rate': '4.223e-07', 'epoch': '7.832'}
{'loss': '0.002681', 'grad_norm': '0.000518', 'learning_rate': '4.069e-07', 'epoch': '7.838'}
{'loss': '0.002293', 'grad_norm': '0.003247', 'learning_rate': '3.916e-07', 'epoch': '7.844'}
{'loss': '1.693e-05', 'grad_norm': '0.0004177', 'learning_rate': '3.762e-07', 'epoch': '7.85'}
{'loss': '0.004043', 'grad_norm': '0.0004521', 'learning_rate': '3.609e-07', 'epoch': '7.856'}
{'loss': '2.196e-05', 'grad_norm': '0.0003874', 'learning_rate': '3.455e-07', 'epoch': '7.862'}
{'loss': '0.003382', 'grad_norm': '0.001444', 'learning_rate': '3.302e-07', 'epoch': '7.869'}
{'loss': '0.002031', 'grad_norm': '0.001204', 'learning_rate': '3.148e-07', 'epoch': '7.875'}
{'loss': '0.001826', 'grad_norm': '0.0004085', 'learning_rate': '2.994e-07', 'epoch': '7.881'}
{'loss': '0.00692', 'grad_norm': '0.0003164', 'learning_rate': '2.841e-07', 'epoch': '7.887'}
{'loss': '0.0001338', 'grad_norm': '0.0007561', 'learning_rate': '2.687e-07', 'epoch': '7.893'}
{'loss': '0.00252', 'grad_norm': '0.0009726', 'learning_rate': '2.534e-07', 'epoch': '7.899'}
{'loss': '0.002063', 'grad_norm': '0.0003558', 'learning_rate': '2.38e-07', 'epoch': '7.905'}
{'loss': '0.001702', 'grad_norm': '0.005316', 'learning_rate': '2.227e-07', 'epoch': '7.912'}
{'loss': '0.007122', 'grad_norm': '0.0005995', 'learning_rate': '2.073e-07', 'epoch': '7.918'}
{'loss': '0.005077', 'grad_norm': '0.0008961', 'learning_rate': '1.92e-07', 'epoch': '7.924'}
{'loss': '0.002948', 'grad_norm': '0.0004017', 'learning_rate': '1.766e-07', 'epoch': '7.93'}
{'loss': '0.007745', 'grad_norm': '0.0003399', 'learning_rate': '1.612e-07', 'epoch': '7.936'}
{'loss': '0.01999', 'grad_norm': '0.000425', 'learning_rate': '1.459e-07', 'epoch': '7.942'}
{'loss': '1.654e-05', 'grad_norm': '0.0003572', 'learning_rate': '1.305e-07', 'epoch': '7.948'}
{'loss': '0.005617', 'grad_norm': '0.0004533', 'learning_rate': '1.152e-07', 'epoch': '7.955'}
{'loss': '0.005398', 'grad_norm': '0.000401', 'learning_rate': '9.982e-08', 'epoch': '7.961'}
{'loss': '0.001799', 'grad_norm': '0.007522', 'learning_rate': '8.446e-08', 'epoch': '7.967'}
{'loss': '0.002001', 'grad_norm': '0.0003157', 'learning_rate': '6.91e-08', 'epoch': '7.973'}
{'loss': '0.001861', 'grad_norm': '0.5713', 'learning_rate': '5.375e-08', 'epoch': '7.979'}
{'loss': '0.002433', 'grad_norm': '0.0004327', 'learning_rate': '3.839e-08', 'epoch': '7.985'}
{'loss': '1.581e-05', 'grad_norm': '0.0004384', 'learning_rate': '2.303e-08', 'epoch': '7.991'}
{'loss': '0.008289', 'grad_norm': '0.0005316', 'learning_rate': '7.678e-09', 'epoch': '7.998'}
{'eval_loss': '1.272', 'eval_accuracy': '0.8754', 'eval_precision': '0.9524', 'eval_recall': '0.8292', 'eval_f1': '0.8865', 'eval_runtime': '3.334', 'eval_samples_per_second': '4054', 'eval_steps_per_second': '63.59', 'epoch': '8'}
{'train_runtime': '2368', 'train_samples_per_second': '175.9', 'train_steps_per_second': '5.499', 'train_loss': '0.01719', 'epoch': '8'}
Fold F1: 0.9029215249574217
Точность определения арабских заимств.: {'accuracy': 0.9770114942528736, 'precision': 0.8245614035087719, 'recall': 1.0, 'f1': 0.9038461538461539}
Точность определения китайских заимств.: {'accuracy': 0.973651191969887, 'precision': 0.5, 'recall': 0.9523809523809523, 'f1': 0.6557377049180327}
Точность определения английских заимств.: {'accuracy': 0.9813229571984435, 'precision': 0.9619047619047619, 'recall': 0.9921414538310412, 'f1': 0.97678916827853}
Точность определения французских заимств.: {'accuracy': 0.9857482185273159, 'precision': 0.9783549783549783, 'recall': 0.9955947136563876, 'f1': 0.9868995633187773}
Точность определения немецких заимств.: {'accuracy': 0.9780534351145038, 'precision': 0.9307958477508651, 'recall': 0.9889705882352942, 'f1': 0.9590017825311943}
Точность определения итальянских заимтсв.: {'accuracy': 0.9727177334732424, 'precision': 0.8952879581151832, 'recall': 0.9661016949152542, 'f1': 0.9293478260869565}
Точность определения японских заимств.: {'accuracy': 0.9764044943820225, 'precision': 0.849624060150376, 'recall': 0.9912280701754386, 'f1': 0.9149797570850202}
Точность определения польских заимств.: {'accuracy': 0.9735576923076923, 'precision': 0.7297297297297297, 'recall': 0.9642857142857143, 'f1': 0.8307692307692308}

===== Fold 3 =====
{'loss': '0.66', 'grad_norm': '14.32', 'learning_rate': '1.999e-05', 'epoch': '0.006053'}
{'loss': '0.596', 'grad_norm': '4.42', 'learning_rate': '1.997e-05', 'epoch': '0.01211'}
{'loss': '0.4205', 'grad_norm': '15.63', 'learning_rate': '1.996e-05', 'epoch': '0.01816'}
{'loss': '0.3163', 'grad_norm': '6.407', 'learning_rate': '1.994e-05', 'epoch': '0.02421'}
{'loss': '0.3153', 'grad_norm': '28.23', 'learning_rate': '1.993e-05', 'epoch': '0.03027'}
{'loss': '0.3074', 'grad_norm': '12.15', 'learning_rate': '1.991e-05', 'epoch': '0.03632'}
{'loss': '0.2633', 'grad_norm': '13.84', 'learning_rate': '1.99e-05', 'epoch': '0.04237'}
{'loss': '0.2648', 'grad_norm': '14.48', 'learning_rate': '1.988e-05', 'epoch': '0.04843'}
{'loss': '0.2744', 'grad_norm': '16.06', 'learning_rate': '1.987e-05', 'epoch': '0.05448'}
{'loss': '0.2129', 'grad_norm': '3.567', 'learning_rate': '1.985e-05', 'epoch': '0.06053'}
{'loss': '0.1785', 'grad_norm': '15.93', 'learning_rate': '1.984e-05', 'epoch': '0.06659'}
{'loss': '0.1904', 'grad_norm': '13.4', 'learning_rate': '1.982e-05', 'epoch': '0.07264'}
{'loss': '0.145', 'grad_norm': '7.386', 'learning_rate': '1.98e-05', 'epoch': '0.07869'}
{'loss': '0.1955', 'grad_norm': '8.293', 'learning_rate': '1.979e-05', 'epoch': '0.08475'}
{'loss': '0.1579', 'grad_norm': '6.827', 'learning_rate': '1.977e-05', 'epoch': '0.0908'}
{'loss': '0.152', 'grad_norm': '6.034', 'learning_rate': '1.976e-05', 'epoch': '0.09685'}
{'loss': '0.1465', 'grad_norm': '22.43', 'learning_rate': '1.974e-05', 'epoch': '0.1029'}
{'loss': '0.1933', 'grad_norm': '11.33', 'learning_rate': '1.973e-05', 'epoch': '0.109'}
{'loss': '0.1911', 'grad_norm': '15.3', 'learning_rate': '1.971e-05', 'epoch': '0.115'}
{'loss': '0.1618', 'grad_norm': '16.11', 'learning_rate': '1.97e-05', 'epoch': '0.1211'}
{'loss': '0.1634', 'grad_norm': '17.64', 'learning_rate': '1.968e-05', 'epoch': '0.1271'}
{'loss': '0.1691', 'grad_norm': '11.29', 'learning_rate': '1.967e-05', 'epoch': '0.1332'}
{'loss': '0.1209', 'grad_norm': '18.15', 'learning_rate': '1.965e-05', 'epoch': '0.1392'}
{'loss': '0.1676', 'grad_norm': '11.47', 'learning_rate': '1.964e-05', 'epoch': '0.1453'}
{'loss': '0.1191', 'grad_norm': '8.555', 'learning_rate': '1.962e-05', 'epoch': '0.1513'}
{'loss': '0.1417', 'grad_norm': '23.85', 'learning_rate': '1.961e-05', 'epoch': '0.1574'}
{'loss': '0.1071', 'grad_norm': '0.8806', 'learning_rate': '1.959e-05', 'epoch': '0.1634'}
{'loss': '0.1677', 'grad_norm': '3.349', 'learning_rate': '1.958e-05', 'epoch': '0.1695'}
{'loss': '0.18', 'grad_norm': '9.582', 'learning_rate': '1.956e-05', 'epoch': '0.1755'}
{'loss': '0.1513', 'grad_norm': '5.348', 'learning_rate': '1.955e-05', 'epoch': '0.1816'}
{'loss': '0.0637', 'grad_norm': '0.1042', 'learning_rate': '1.953e-05', 'epoch': '0.1877'}
{'loss': '0.07363', 'grad_norm': '2.201', 'learning_rate': '1.952e-05', 'epoch': '0.1937'}
{'loss': '0.1198', 'grad_norm': '15.62', 'learning_rate': '1.95e-05', 'epoch': '0.1998'}
{'loss': '0.0867', 'grad_norm': '19.23', 'learning_rate': '1.949e-05', 'epoch': '0.2058'}
{'loss': '0.09214', 'grad_norm': '8.132', 'learning_rate': '1.947e-05', 'epoch': '0.2119'}
{'loss': '0.06759', 'grad_norm': '1.127', 'learning_rate': '1.946e-05', 'epoch': '0.2179'}
{'loss': '0.07823', 'grad_norm': '22.3', 'learning_rate': '1.944e-05', 'epoch': '0.224'}
{'loss': '0.08571', 'grad_norm': '3.298', 'learning_rate': '1.943e-05', 'epoch': '0.23'}
{'loss': '0.05235', 'grad_norm': '0.1377', 'learning_rate': '1.941e-05', 'epoch': '0.2361'}
{'loss': '0.08324', 'grad_norm': '0.2499', 'learning_rate': '1.94e-05', 'epoch': '0.2421'}
{'loss': '0.03196', 'grad_norm': '32.5', 'learning_rate': '1.938e-05', 'epoch': '0.2482'}
{'loss': '0.09174', 'grad_norm': '11.72', 'learning_rate': '1.937e-05', 'epoch': '0.2542'}
{'loss': '0.07217', 'grad_norm': '22.28', 'learning_rate': '1.935e-05', 'epoch': '0.2603'}
{'loss': '0.07996', 'grad_norm': '6.143', 'learning_rate': '1.934e-05', 'epoch': '0.2663'}
{'loss': '0.05367', 'grad_norm': '2.918', 'learning_rate': '1.932e-05', 'epoch': '0.2724'}
{'loss': '0.04851', 'grad_norm': '28.6', 'learning_rate': '1.931e-05', 'epoch': '0.2785'}
{'loss': '0.09099', 'grad_norm': '0.1209', 'learning_rate': '1.929e-05', 'epoch': '0.2845'}
{'loss': '0.07686', 'grad_norm': '15.69', 'learning_rate': '1.928e-05', 'epoch': '0.2906'}
{'loss': '0.07472', 'grad_norm': '21.43', 'learning_rate': '1.926e-05', 'epoch': '0.2966'}
{'loss': '0.07762', 'grad_norm': '56.64', 'learning_rate': '1.924e-05', 'epoch': '0.3027'}
{'loss': '0.2055', 'grad_norm': '9.595', 'learning_rate': '1.923e-05', 'epoch': '0.3087'}
{'loss': '0.07542', 'grad_norm': '0.06151', 'learning_rate': '1.921e-05', 'epoch': '0.3148'}
{'loss': '0.06384', 'grad_norm': '0.06459', 'learning_rate': '1.92e-05', 'epoch': '0.3208'}
{'loss': '0.05125', 'grad_norm': '5.648', 'learning_rate': '1.918e-05', 'epoch': '0.3269'}
{'loss': '0.07543', 'grad_norm': '36.41', 'learning_rate': '1.917e-05', 'epoch': '0.3329'}
{'loss': '0.00951', 'grad_norm': '0.392', 'learning_rate': '1.915e-05', 'epoch': '0.339'}
{'loss': '0.1149', 'grad_norm': '90.88', 'learning_rate': '1.914e-05', 'epoch': '0.345'}
{'loss': '0.07468', 'grad_norm': '0.06291', 'learning_rate': '1.912e-05', 'epoch': '0.3511'}
{'loss': '0.0901', 'grad_norm': '9.623', 'learning_rate': '1.911e-05', 'epoch': '0.3571'}
{'loss': '0.07319', 'grad_norm': '0.1646', 'learning_rate': '1.909e-05', 'epoch': '0.3632'}
{'loss': '0.05386', 'grad_norm': '22.39', 'learning_rate': '1.908e-05', 'epoch': '0.3692'}
{'loss': '0.007792', 'grad_norm': '0.07043', 'learning_rate': '1.906e-05', 'epoch': '0.3753'}
{'loss': '0.02885', 'grad_norm': '0.02867', 'learning_rate': '1.905e-05', 'epoch': '0.3814'}
{'loss': '0.03907', 'grad_norm': '0.07236', 'learning_rate': '1.903e-05', 'epoch': '0.3874'}
{'loss': '0.02884', 'grad_norm': '8.568', 'learning_rate': '1.902e-05', 'epoch': '0.3935'}
{'loss': '0.04329', 'grad_norm': '0.03633', 'learning_rate': '1.9e-05', 'epoch': '0.3995'}
{'loss': '0.05192', 'grad_norm': '0.2332', 'learning_rate': '1.899e-05', 'epoch': '0.4056'}
{'loss': '0.0418', 'grad_norm': '0.1385', 'learning_rate': '1.897e-05', 'epoch': '0.4116'}
{'loss': '0.08427', 'grad_norm': '1.622', 'learning_rate': '1.896e-05', 'epoch': '0.4177'}
{'loss': '0.04861', 'grad_norm': '5.893', 'learning_rate': '1.894e-05', 'epoch': '0.4237'}
{'loss': '0.0503', 'grad_norm': '0.2172', 'learning_rate': '1.893e-05', 'epoch': '0.4298'}
{'loss': '0.06806', 'grad_norm': '11.04', 'learning_rate': '1.891e-05', 'epoch': '0.4358'}
{'loss': '0.01859', 'grad_norm': '0.06177', 'learning_rate': '1.89e-05', 'epoch': '0.4419'}
{'loss': '0.06428', 'grad_norm': '1.95', 'learning_rate': '1.888e-05', 'epoch': '0.4479'}
{'loss': '0.09366', 'grad_norm': '0.9296', 'learning_rate': '1.887e-05', 'epoch': '0.454'}
{'loss': '0.04599', 'grad_norm': '0.2406', 'learning_rate': '1.885e-05', 'epoch': '0.46'}
{'loss': '0.06883', 'grad_norm': '27.16', 'learning_rate': '1.884e-05', 'epoch': '0.4661'}
{'loss': '0.05131', 'grad_norm': '1.253', 'learning_rate': '1.882e-05', 'epoch': '0.4722'}
{'loss': '0.04426', 'grad_norm': '0.08001', 'learning_rate': '1.881e-05', 'epoch': '0.4782'}
{'loss': '0.0588', 'grad_norm': '34.52', 'learning_rate': '1.879e-05', 'epoch': '0.4843'}
{'loss': '0.04715', 'grad_norm': '6.835', 'learning_rate': '1.878e-05', 'epoch': '0.4903'}
{'loss': '0.04662', 'grad_norm': '0.05273', 'learning_rate': '1.876e-05', 'epoch': '0.4964'}
{'loss': '0.04753', 'grad_norm': '2.131', 'learning_rate': '1.875e-05', 'epoch': '0.5024'}
{'loss': '0.02086', 'grad_norm': '0.06644', 'learning_rate': '1.873e-05', 'epoch': '0.5085'}
{'loss': '0.01194', 'grad_norm': '42.09', 'learning_rate': '1.872e-05', 'epoch': '0.5145'}
{'loss': '0.06877', 'grad_norm': '0.053', 'learning_rate': '1.87e-05', 'epoch': '0.5206'}
{'loss': '0.02775', 'grad_norm': '1.604', 'learning_rate': '1.868e-05', 'epoch': '0.5266'}
{'loss': '0.05286', 'grad_norm': '0.03709', 'learning_rate': '1.867e-05', 'epoch': '0.5327'}
{'loss': '0.09942', 'grad_norm': '0.09088', 'learning_rate': '1.865e-05', 'epoch': '0.5387'}
{'loss': '0.02607', 'grad_norm': '23.43', 'learning_rate': '1.864e-05', 'epoch': '0.5448'}
{'loss': '0.04577', 'grad_norm': '0.02291', 'learning_rate': '1.862e-05', 'epoch': '0.5508'}
{'loss': '0.05873', 'grad_norm': '0.02902', 'learning_rate': '1.861e-05', 'epoch': '0.5569'}
{'loss': '0.04502', 'grad_norm': '11.19', 'learning_rate': '1.859e-05', 'epoch': '0.563'}
{'loss': '0.04954', 'grad_norm': '31.74', 'learning_rate': '1.858e-05', 'epoch': '0.569'}
{'loss': '0.08289', 'grad_norm': '0.07811', 'learning_rate': '1.856e-05', 'epoch': '0.5751'}
{'loss': '0.04372', 'grad_norm': '0.08854', 'learning_rate': '1.855e-05', 'epoch': '0.5811'}
{'loss': '0.04009', 'grad_norm': '1.139', 'learning_rate': '1.853e-05', 'epoch': '0.5872'}
{'loss': '0.02495', 'grad_norm': '14.78', 'learning_rate': '1.852e-05', 'epoch': '0.5932'}
{'loss': '0.06407', 'grad_norm': '0.0541', 'learning_rate': '1.85e-05', 'epoch': '0.5993'}
{'loss': '0.05714', 'grad_norm': '3.239', 'learning_rate': '1.849e-05', 'epoch': '0.6053'}
{'loss': '0.0402', 'grad_norm': '0.03455', 'learning_rate': '1.847e-05', 'epoch': '0.6114'}
{'loss': '0.08236', 'grad_norm': '14.52', 'learning_rate': '1.846e-05', 'epoch': '0.6174'}
{'loss': '0.007859', 'grad_norm': '14.83', 'learning_rate': '1.844e-05', 'epoch': '0.6235'}
{'loss': '0.01711', 'grad_norm': '0.0932', 'learning_rate': '1.843e-05', 'epoch': '0.6295'}
{'loss': '0.01028', 'grad_norm': '0.1579', 'learning_rate': '1.841e-05', 'epoch': '0.6356'}
{'loss': '0.06117', 'grad_norm': '0.01589', 'learning_rate': '1.84e-05', 'epoch': '0.6416'}
{'loss': '0.01978', 'grad_norm': '21.4', 'learning_rate': '1.838e-05', 'epoch': '0.6477'}
{'loss': '0.08852', 'grad_norm': '1.122', 'learning_rate': '1.837e-05', 'epoch': '0.6538'}
{'loss': '0.06049', 'grad_norm': '0.04345', 'learning_rate': '1.835e-05', 'epoch': '0.6598'}
{'loss': '0.009638', 'grad_norm': '7.707', 'learning_rate': '1.834e-05', 'epoch': '0.6659'}
{'loss': '0.02231', 'grad_norm': '0.1306', 'learning_rate': '1.832e-05', 'epoch': '0.6719'}
{'loss': '0.01776', 'grad_norm': '0.3017', 'learning_rate': '1.831e-05', 'epoch': '0.678'}
{'loss': '0.03432', 'grad_norm': '0.08017', 'learning_rate': '1.829e-05', 'epoch': '0.684'}
{'loss': '0.01544', 'grad_norm': '0.02565', 'learning_rate': '1.828e-05', 'epoch': '0.6901'}
{'loss': '0.06923', 'grad_norm': '0.01472', 'learning_rate': '1.826e-05', 'epoch': '0.6961'}
{'loss': '0.004882', 'grad_norm': '0.03414', 'learning_rate': '1.825e-05', 'epoch': '0.7022'}
{'loss': '0.02906', 'grad_norm': '0.01074', 'learning_rate': '1.823e-05', 'epoch': '0.7082'}
{'loss': '0.07676', 'grad_norm': '0.03839', 'learning_rate': '1.822e-05', 'epoch': '0.7143'}
{'loss': '0.0113', 'grad_norm': '0.8749', 'learning_rate': '1.82e-05', 'epoch': '0.7203'}
{'loss': '0.04372', 'grad_norm': '55.01', 'learning_rate': '1.819e-05', 'epoch': '0.7264'}
{'loss': '0.001761', 'grad_norm': '1.825', 'learning_rate': '1.817e-05', 'epoch': '0.7324'}
{'loss': '0.04211', 'grad_norm': '0.008076', 'learning_rate': '1.816e-05', 'epoch': '0.7385'}
{'loss': '0.02864', 'grad_norm': '0.06511', 'learning_rate': '1.814e-05', 'epoch': '0.7446'}
{'loss': '0.01549', 'grad_norm': '0.01132', 'learning_rate': '1.813e-05', 'epoch': '0.7506'}
{'loss': '0.05506', 'grad_norm': '0.01011', 'learning_rate': '1.811e-05', 'epoch': '0.7567'}
{'loss': '0.01382', 'grad_norm': '2.488', 'learning_rate': '1.809e-05', 'epoch': '0.7627'}
{'loss': '0.0253', 'grad_norm': '0.01876', 'learning_rate': '1.808e-05', 'epoch': '0.7688'}
{'loss': '0.009758', 'grad_norm': '11.34', 'learning_rate': '1.806e-05', 'epoch': '0.7748'}
{'loss': '0.006763', 'grad_norm': '2.566', 'learning_rate': '1.805e-05', 'epoch': '0.7809'}
{'loss': '0.05896', 'grad_norm': '0.005773', 'learning_rate': '1.803e-05', 'epoch': '0.7869'}
{'loss': '0.08522', 'grad_norm': '7.63', 'learning_rate': '1.802e-05', 'epoch': '0.793'}
{'loss': '0.03427', 'grad_norm': '0.2341', 'learning_rate': '1.8e-05', 'epoch': '0.799'}
{'loss': '0.04361', 'grad_norm': '0.05308', 'learning_rate': '1.799e-05', 'epoch': '0.8051'}
{'loss': '0.03911', 'grad_norm': '0.009526', 'learning_rate': '1.797e-05', 'epoch': '0.8111'}
{'loss': '0.04551', 'grad_norm': '0.4531', 'learning_rate': '1.796e-05', 'epoch': '0.8172'}
{'loss': '0.03812', 'grad_norm': '0.02435', 'learning_rate': '1.794e-05', 'epoch': '0.8232'}
{'loss': '0.03285', 'grad_norm': '0.03818', 'learning_rate': '1.793e-05', 'epoch': '0.8293'}
{'loss': '0.03566', 'grad_norm': '0.5281', 'learning_rate': '1.791e-05', 'epoch': '0.8354'}
{'loss': '0.03494', 'grad_norm': '9.301', 'learning_rate': '1.79e-05', 'epoch': '0.8414'}
{'loss': '0.0277', 'grad_norm': '0.01612', 'learning_rate': '1.788e-05', 'epoch': '0.8475'}
{'loss': '0.06152', 'grad_norm': '4.962', 'learning_rate': '1.787e-05', 'epoch': '0.8535'}
{'loss': '0.01865', 'grad_norm': '0.04785', 'learning_rate': '1.785e-05', 'epoch': '0.8596'}
{'loss': '0.01657', 'grad_norm': '0.05064', 'learning_rate': '1.784e-05', 'epoch': '0.8656'}
{'loss': '0.003688', 'grad_norm': '11.83', 'learning_rate': '1.782e-05', 'epoch': '0.8717'}
{'loss': '0.07045', 'grad_norm': '2.785', 'learning_rate': '1.781e-05', 'epoch': '0.8777'}
{'loss': '0.03912', 'grad_norm': '0.0543', 'learning_rate': '1.779e-05', 'epoch': '0.8838'}
{'loss': '0.03791', 'grad_norm': '0.0251', 'learning_rate': '1.778e-05', 'epoch': '0.8898'}
{'loss': '0.02287', 'grad_norm': '0.1571', 'learning_rate': '1.776e-05', 'epoch': '0.8959'}
{'loss': '0.01857', 'grad_norm': '0.02567', 'learning_rate': '1.775e-05', 'epoch': '0.9019'}
{'loss': '0.0197', 'grad_norm': '10.55', 'learning_rate': '1.773e-05', 'epoch': '0.908'}
{'loss': '0.03882', 'grad_norm': '0.03372', 'learning_rate': '1.772e-05', 'epoch': '0.914'}
{'loss': '0.006898', 'grad_norm': '0.009958', 'learning_rate': '1.77e-05', 'epoch': '0.9201'}
{'loss': '0.004486', 'grad_norm': '4.389', 'learning_rate': '1.769e-05', 'epoch': '0.9262'}
{'loss': '0.0311', 'grad_norm': '0.02856', 'learning_rate': '1.767e-05', 'epoch': '0.9322'}
{'loss': '0.03909', 'grad_norm': '0.01786', 'learning_rate': '1.766e-05', 'epoch': '0.9383'}
{'loss': '0.03119', 'grad_norm': '27.42', 'learning_rate': '1.764e-05', 'epoch': '0.9443'}
{'loss': '0.02502', 'grad_norm': '0.01819', 'learning_rate': '1.763e-05', 'epoch': '0.9504'}
{'loss': '0.06548', 'grad_norm': '0.3987', 'learning_rate': '1.761e-05', 'epoch': '0.9564'}
{'loss': '0.01597', 'grad_norm': '0.02784', 'learning_rate': '1.76e-05', 'epoch': '0.9625'}
{'loss': '0.02202', 'grad_norm': '32.14', 'learning_rate': '1.758e-05', 'epoch': '0.9685'}
{'loss': '0.01712', 'grad_norm': '0.06088', 'learning_rate': '1.757e-05', 'epoch': '0.9746'}
{'loss': '0.02254', 'grad_norm': '26.81', 'learning_rate': '1.755e-05', 'epoch': '0.9806'}
{'loss': '0.05082', 'grad_norm': '4.257', 'learning_rate': '1.753e-05', 'epoch': '0.9867'}
{'loss': '0.003614', 'grad_norm': '5.129', 'learning_rate': '1.752e-05', 'epoch': '0.9927'}
{'loss': '0.005567', 'grad_norm': '0.01071', 'learning_rate': '1.75e-05', 'epoch': '0.9988'}
{'eval_loss': '0.4581', 'eval_accuracy': '0.9264', 'eval_precision': '0.939', 'eval_recall': '0.9203', 'eval_f1': '0.9295', 'eval_runtime': '3.142', 'eval_samples_per_second': '4054', 'eval_steps_per_second': '63.34', 'epoch': '1'}
{'loss': '0.003056', 'grad_norm': '0.01012', 'learning_rate': '1.749e-05', 'epoch': '1.005'}
{'loss': '0.03637', 'grad_norm': '0.009902', 'learning_rate': '1.747e-05', 'epoch': '1.011'}
{'loss': '0.002817', 'grad_norm': '0.007753', 'learning_rate': '1.746e-05', 'epoch': '1.017'}
{'loss': '0.04893', 'grad_norm': '7.316', 'learning_rate': '1.744e-05', 'epoch': '1.023'}
{'loss': '0.005654', 'grad_norm': '0.01856', 'learning_rate': '1.743e-05', 'epoch': '1.029'}
{'loss': '0.003213', 'grad_norm': '0.1383', 'learning_rate': '1.741e-05', 'epoch': '1.035'}
{'loss': '0.03537', 'grad_norm': '55.65', 'learning_rate': '1.74e-05', 'epoch': '1.041'}
{'loss': '0.009398', 'grad_norm': '2.02', 'learning_rate': '1.738e-05', 'epoch': '1.047'}
{'loss': '0.03102', 'grad_norm': '68.86', 'learning_rate': '1.737e-05', 'epoch': '1.053'}
{'loss': '0.01747', 'grad_norm': '0.009975', 'learning_rate': '1.735e-05', 'epoch': '1.059'}
{'loss': '0.005225', 'grad_norm': '0.007427', 'learning_rate': '1.734e-05', 'epoch': '1.065'}
{'loss': '0.01079', 'grad_norm': '0.3065', 'learning_rate': '1.732e-05', 'epoch': '1.071'}
{'loss': '0.01977', 'grad_norm': '0.01169', 'learning_rate': '1.731e-05', 'epoch': '1.077'}
{'loss': '0.02128', 'grad_norm': '0.006741', 'learning_rate': '1.729e-05', 'epoch': '1.084'}
{'loss': '0.0181', 'grad_norm': '0.2498', 'learning_rate': '1.728e-05', 'epoch': '1.09'}
{'loss': '0.0004095', 'grad_norm': '0.0187', 'learning_rate': '1.726e-05', 'epoch': '1.096'}
{'loss': '0.01104', 'grad_norm': '0.01142', 'learning_rate': '1.725e-05', 'epoch': '1.102'}
{'loss': '0.005703', 'grad_norm': '0.005141', 'learning_rate': '1.723e-05', 'epoch': '1.108'}
{'loss': '0.0002917', 'grad_norm': '0.005674', 'learning_rate': '1.722e-05', 'epoch': '1.114'}
{'loss': '0.0002533', 'grad_norm': '0.007785', 'learning_rate': '1.72e-05', 'epoch': '1.12'}
{'loss': '0.00422', 'grad_norm': '0.5853', 'learning_rate': '1.719e-05', 'epoch': '1.126'}
{'loss': '0.004624', 'grad_norm': '0.5958', 'learning_rate': '1.717e-05', 'epoch': '1.132'}
{'loss': '0.005907', 'grad_norm': '0.02151', 'learning_rate': '1.716e-05', 'epoch': '1.138'}
{'loss': '0.006742', 'grad_norm': '0.5943', 'learning_rate': '1.714e-05', 'epoch': '1.144'}
{'loss': '0.0008336', 'grad_norm': '0.007493', 'learning_rate': '1.713e-05', 'epoch': '1.15'}
{'loss': '0.02533', 'grad_norm': '0.07029', 'learning_rate': '1.711e-05', 'epoch': '1.156'}
{'loss': '0.002794', 'grad_norm': '0.003816', 'learning_rate': '1.71e-05', 'epoch': '1.162'}
{'loss': '0.01721', 'grad_norm': '0.0213', 'learning_rate': '1.708e-05', 'epoch': '1.168'}
{'loss': '0.01798', 'grad_norm': '0.005885', 'learning_rate': '1.707e-05', 'epoch': '1.174'}
{'loss': '0.0134', 'grad_norm': '3.53', 'learning_rate': '1.705e-05', 'epoch': '1.18'}
{'loss': '0.05631', 'grad_norm': '0.007809', 'learning_rate': '1.704e-05', 'epoch': '1.186'}
{'loss': '0.001306', 'grad_norm': '0.8101', 'learning_rate': '1.702e-05', 'epoch': '1.192'}
{'loss': '0.02815', 'grad_norm': '33.4', 'learning_rate': '1.701e-05', 'epoch': '1.199'}
{'loss': '0.05388', 'grad_norm': '0.006217', 'learning_rate': '1.699e-05', 'epoch': '1.205'}
{'loss': '0.02537', 'grad_norm': '0.008112', 'learning_rate': '1.697e-05', 'epoch': '1.211'}
{'loss': '0.01175', 'grad_norm': '0.004862', 'learning_rate': '1.696e-05', 'epoch': '1.217'}
{'loss': '0.03206', 'grad_norm': '0.004325', 'learning_rate': '1.694e-05', 'epoch': '1.223'}
{'loss': '0.01123', 'grad_norm': '0.01061', 'learning_rate': '1.693e-05', 'epoch': '1.229'}
{'loss': '0.00922', 'grad_norm': '0.8289', 'learning_rate': '1.691e-05', 'epoch': '1.235'}
{'loss': '0.02849', 'grad_norm': '0.04595', 'learning_rate': '1.69e-05', 'epoch': '1.241'}
{'loss': '0.002902', 'grad_norm': '5.374', 'learning_rate': '1.688e-05', 'epoch': '1.247'}
{'loss': '0.02121', 'grad_norm': '0.6261', 'learning_rate': '1.687e-05', 'epoch': '1.253'}
{'loss': '0.04085', 'grad_norm': '0.005271', 'learning_rate': '1.685e-05', 'epoch': '1.259'}
{'loss': '0.0255', 'grad_norm': '0.003588', 'learning_rate': '1.684e-05', 'epoch': '1.265'}
{'loss': '0.006993', 'grad_norm': '0.006239', 'learning_rate': '1.682e-05', 'epoch': '1.271'}
{'loss': '0.01363', 'grad_norm': '0.003873', 'learning_rate': '1.681e-05', 'epoch': '1.277'}
{'loss': '0.004496', 'grad_norm': '30.33', 'learning_rate': '1.679e-05', 'epoch': '1.283'}
{'loss': '0.000151', 'grad_norm': '0.003904', 'learning_rate': '1.678e-05', 'epoch': '1.289'}
{'loss': '0.02111', 'grad_norm': '0.004982', 'learning_rate': '1.676e-05', 'epoch': '1.295'}
{'loss': '0.003519', 'grad_norm': '0.002689', 'learning_rate': '1.675e-05', 'epoch': '1.301'}
{'loss': '0.004386', 'grad_norm': '0.6974', 'learning_rate': '1.673e-05', 'epoch': '1.308'}
{'loss': '0.007133', 'grad_norm': '0.9075', 'learning_rate': '1.672e-05', 'epoch': '1.314'}
{'loss': '0.03954', 'grad_norm': '0.7745', 'learning_rate': '1.67e-05', 'epoch': '1.32'}
{'loss': '0.0002477', 'grad_norm': '3.479', 'learning_rate': '1.669e-05', 'epoch': '1.326'}
{'loss': '0.02223', 'grad_norm': '16.15', 'learning_rate': '1.667e-05', 'epoch': '1.332'}
{'loss': '0.02733', 'grad_norm': '0.003237', 'learning_rate': '1.666e-05', 'epoch': '1.338'}
{'loss': '0.01313', 'grad_norm': '0.006932', 'learning_rate': '1.664e-05', 'epoch': '1.344'}
{'loss': '0.0187', 'grad_norm': '0.3765', 'learning_rate': '1.663e-05', 'epoch': '1.35'}
{'loss': '0.01668', 'grad_norm': '0.007555', 'learning_rate': '1.661e-05', 'epoch': '1.356'}
{'loss': '0.00301', 'grad_norm': '0.01079', 'learning_rate': '1.66e-05', 'epoch': '1.362'}
{'loss': '0.02288', 'grad_norm': '0.01386', 'learning_rate': '1.658e-05', 'epoch': '1.368'}
{'loss': '0.0204', 'grad_norm': '0.2018', 'learning_rate': '1.657e-05', 'epoch': '1.374'}
{'loss': '0.002948', 'grad_norm': '0.002675', 'learning_rate': '1.655e-05', 'epoch': '1.38'}
{'loss': '0.01755', 'grad_norm': '0.003801', 'learning_rate': '1.654e-05', 'epoch': '1.386'}
{'loss': '0.01624', 'grad_norm': '0.007519', 'learning_rate': '1.652e-05', 'epoch': '1.392'}
{'loss': '0.01194', 'grad_norm': '0.009977', 'learning_rate': '1.651e-05', 'epoch': '1.398'}
{'loss': '0.002164', 'grad_norm': '0.04456', 'learning_rate': '1.649e-05', 'epoch': '1.404'}
{'loss': '0.003987', 'grad_norm': '0.003029', 'learning_rate': '1.648e-05', 'epoch': '1.41'}
{'loss': '0.000372', 'grad_norm': '0.002032', 'learning_rate': '1.646e-05', 'epoch': '1.416'}
{'loss': '0.01787', 'grad_norm': '0.005131', 'learning_rate': '1.645e-05', 'epoch': '1.423'}
{'loss': '0.01807', 'grad_norm': '0.00182', 'learning_rate': '1.643e-05', 'epoch': '1.429'}
{'loss': '0.008781', 'grad_norm': '0.002029', 'learning_rate': '1.641e-05', 'epoch': '1.435'}
{'loss': '0.002587', 'grad_norm': '0.009473', 'learning_rate': '1.64e-05', 'epoch': '1.441'}
{'loss': '0.007181', 'grad_norm': '0.002309', 'learning_rate': '1.638e-05', 'epoch': '1.447'}
{'loss': '0.002108', 'grad_norm': '0.5927', 'learning_rate': '1.637e-05', 'epoch': '1.453'}
{'loss': '0.009503', 'grad_norm': '0.00188', 'learning_rate': '1.635e-05', 'epoch': '1.459'}
{'loss': '0.00766', 'grad_norm': '43.84', 'learning_rate': '1.634e-05', 'epoch': '1.465'}
{'loss': '0.03243', 'grad_norm': '0.002526', 'learning_rate': '1.632e-05', 'epoch': '1.471'}
{'loss': '0.01803', 'grad_norm': '0.1215', 'learning_rate': '1.631e-05', 'epoch': '1.477'}
{'loss': '0.06999', 'grad_norm': '0.05083', 'learning_rate': '1.629e-05', 'epoch': '1.483'}
{'loss': '0.0001955', 'grad_norm': '0.003609', 'learning_rate': '1.628e-05', 'epoch': '1.489'}
{'loss': '0.009082', 'grad_norm': '0.003376', 'learning_rate': '1.626e-05', 'epoch': '1.495'}
{'loss': '0.005247', 'grad_norm': '0.02324', 'learning_rate': '1.625e-05', 'epoch': '1.501'}
{'loss': '0.003994', 'grad_norm': '0.1342', 'learning_rate': '1.623e-05', 'epoch': '1.507'}
{'loss': '0.001224', 'grad_norm': '0.002858', 'learning_rate': '1.622e-05', 'epoch': '1.513'}
{'loss': '0.004845', 'grad_norm': '0.008571', 'learning_rate': '1.62e-05', 'epoch': '1.519'}
{'loss': '0.003766', 'grad_norm': '0.003456', 'learning_rate': '1.619e-05', 'epoch': '1.525'}
{'loss': '0.0005014', 'grad_norm': '0.002596', 'learning_rate': '1.617e-05', 'epoch': '1.531'}
{'loss': '0.01041', 'grad_norm': '0.5536', 'learning_rate': '1.616e-05', 'epoch': '1.538'}
{'loss': '0.001562', 'grad_norm': '0.00154', 'learning_rate': '1.614e-05', 'epoch': '1.544'}
{'loss': '0.004257', 'grad_norm': '0.6272', 'learning_rate': '1.613e-05', 'epoch': '1.55'}
{'loss': '0.004468', 'grad_norm': '0.001453', 'learning_rate': '1.611e-05', 'epoch': '1.556'}
{'loss': '0.007862', 'grad_norm': '0.001643', 'learning_rate': '1.61e-05', 'epoch': '1.562'}
{'loss': '0.03748', 'grad_norm': '0.01771', 'learning_rate': '1.608e-05', 'epoch': '1.568'}
{'loss': '0.0006422', 'grad_norm': '0.01079', 'learning_rate': '1.607e-05', 'epoch': '1.574'}
{'loss': '0.002007', 'grad_norm': '0.05433', 'learning_rate': '1.605e-05', 'epoch': '1.58'}
{'loss': '0.001504', 'grad_norm': '0.002533', 'learning_rate': '1.604e-05', 'epoch': '1.586'}
{'loss': '0.02953', 'grad_norm': '0.005708', 'learning_rate': '1.602e-05', 'epoch': '1.592'}
{'loss': '0.002948', 'grad_norm': '0.002668', 'learning_rate': '1.601e-05', 'epoch': '1.598'}
{'loss': '0.0001255', 'grad_norm': '0.003497', 'learning_rate': '1.599e-05', 'epoch': '1.604'}
{'loss': '0.01542', 'grad_norm': '0.002698', 'learning_rate': '1.598e-05', 'epoch': '1.61'}
{'loss': '0.03041', 'grad_norm': '0.54', 'learning_rate': '1.596e-05', 'epoch': '1.616'}
{'loss': '0.02205', 'grad_norm': '8.375', 'learning_rate': '1.595e-05', 'epoch': '1.622'}
{'loss': '0.0002558', 'grad_norm': '0.008664', 'learning_rate': '1.593e-05', 'epoch': '1.628'}
{'loss': '0.0002545', 'grad_norm': '0.004807', 'learning_rate': '1.592e-05', 'epoch': '1.634'}
{'loss': '0.0002174', 'grad_norm': '0.004352', 'learning_rate': '1.59e-05', 'epoch': '1.64'}
{'loss': '0.005153', 'grad_norm': '0.0045', 'learning_rate': '1.589e-05', 'epoch': '1.646'}
{'loss': '0.00591', 'grad_norm': '0.002969', 'learning_rate': '1.587e-05', 'epoch': '1.653'}
{'loss': '0.01494', 'grad_norm': '0.002609', 'learning_rate': '1.586e-05', 'epoch': '1.659'}
{'loss': '0.0233', 'grad_norm': '0.4173', 'learning_rate': '1.584e-05', 'epoch': '1.665'}
{'loss': '0.0001816', 'grad_norm': '0.00236', 'learning_rate': '1.582e-05', 'epoch': '1.671'}
{'loss': '0.04091', 'grad_norm': '0.002731', 'learning_rate': '1.581e-05', 'epoch': '1.677'}
{'loss': '0.0007566', 'grad_norm': '15.64', 'learning_rate': '1.579e-05', 'epoch': '1.683'}
{'loss': '0.02399', 'grad_norm': '0.002439', 'learning_rate': '1.578e-05', 'epoch': '1.689'}
{'loss': '0.0002914', 'grad_norm': '0.003233', 'learning_rate': '1.576e-05', 'epoch': '1.695'}
{'loss': '0.02674', 'grad_norm': '0.003048', 'learning_rate': '1.575e-05', 'epoch': '1.701'}
{'loss': '0.0201', 'grad_norm': '1.68', 'learning_rate': '1.573e-05', 'epoch': '1.707'}
{'loss': '0.02317', 'grad_norm': '0.01663', 'learning_rate': '1.572e-05', 'epoch': '1.713'}
{'loss': '0.003007', 'grad_norm': '0.7224', 'learning_rate': '1.57e-05', 'epoch': '1.719'}
{'loss': '0.01083', 'grad_norm': '0.009475', 'learning_rate': '1.569e-05', 'epoch': '1.725'}
{'loss': '0.001983', 'grad_norm': '0.4648', 'learning_rate': '1.567e-05', 'epoch': '1.731'}
{'loss': '0.003723', 'grad_norm': '0.002545', 'learning_rate': '1.566e-05', 'epoch': '1.737'}
{'loss': '0.02263', 'grad_norm': '0.002994', 'learning_rate': '1.564e-05', 'epoch': '1.743'}
{'loss': '0.001456', 'grad_norm': '0.00236', 'learning_rate': '1.563e-05', 'epoch': '1.749'}
{'loss': '0.0001071', 'grad_norm': '0.002505', 'learning_rate': '1.561e-05', 'epoch': '1.755'}
{'loss': '0.0001987', 'grad_norm': '0.002128', 'learning_rate': '1.56e-05', 'epoch': '1.762'}
{'loss': '0.01463', 'grad_norm': '0.0031', 'learning_rate': '1.558e-05', 'epoch': '1.768'}
{'loss': '0.001995', 'grad_norm': '17.26', 'learning_rate': '1.557e-05', 'epoch': '1.774'}
{'loss': '0.01139', 'grad_norm': '1.174', 'learning_rate': '1.555e-05', 'epoch': '1.78'}
{'loss': '0.0001968', 'grad_norm': '0.01092', 'learning_rate': '1.554e-05', 'epoch': '1.786'}
{'loss': '0.01435', 'grad_norm': '0.005065', 'learning_rate': '1.552e-05', 'epoch': '1.792'}
{'loss': '0.05962', 'grad_norm': '0.04145', 'learning_rate': '1.551e-05', 'epoch': '1.798'}
{'loss': '0.02404', 'grad_norm': '0.03145', 'learning_rate': '1.549e-05', 'epoch': '1.804'}
{'loss': '0.01251', 'grad_norm': '65.37', 'learning_rate': '1.548e-05', 'epoch': '1.81'}
{'loss': '0.02412', 'grad_norm': '0.01474', 'learning_rate': '1.546e-05', 'epoch': '1.816'}
{'loss': '0.01259', 'grad_norm': '0.01144', 'learning_rate': '1.545e-05', 'epoch': '1.822'}
{'loss': '0.0004187', 'grad_norm': '0.00929', 'learning_rate': '1.543e-05', 'epoch': '1.828'}
{'loss': '0.00304', 'grad_norm': '0.7719', 'learning_rate': '1.542e-05', 'epoch': '1.834'}
{'loss': '0.0003357', 'grad_norm': '0.2525', 'learning_rate': '1.54e-05', 'epoch': '1.84'}
{'loss': '0.0001973', 'grad_norm': '0.004749', 'learning_rate': '1.539e-05', 'epoch': '1.846'}
{'loss': '0.001344', 'grad_norm': '0.004079', 'learning_rate': '1.537e-05', 'epoch': '1.852'}
{'loss': '0.02498', 'grad_norm': '0.05933', 'learning_rate': '1.536e-05', 'epoch': '1.858'}
{'loss': '0.008841', 'grad_norm': '0.005988', 'learning_rate': '1.534e-05', 'epoch': '1.864'}
{'loss': '0.0002046', 'grad_norm': '0.01407', 'learning_rate': '1.533e-05', 'epoch': '1.87'}
{'loss': '0.004072', 'grad_norm': '1.553', 'learning_rate': '1.531e-05', 'epoch': '1.877'}
{'loss': '0.0382', 'grad_norm': '0.00306', 'learning_rate': '1.53e-05', 'epoch': '1.883'}
{'loss': '0.0001329', 'grad_norm': '0.002904', 'learning_rate': '1.528e-05', 'epoch': '1.889'}
{'loss': '0.02796', 'grad_norm': '15.05', 'learning_rate': '1.526e-05', 'epoch': '1.895'}
{'loss': '0.03293', 'grad_norm': '0.004999', 'learning_rate': '1.525e-05', 'epoch': '1.901'}
{'loss': '0.00329', 'grad_norm': '0.015', 'learning_rate': '1.523e-05', 'epoch': '1.907'}
{'loss': '0.0007488', 'grad_norm': '0.01184', 'learning_rate': '1.522e-05', 'epoch': '1.913'}
{'loss': '0.01427', 'grad_norm': '0.00735', 'learning_rate': '1.52e-05', 'epoch': '1.919'}
{'loss': '0.009865', 'grad_norm': '0.03138', 'learning_rate': '1.519e-05', 'epoch': '1.925'}
{'loss': '0.01701', 'grad_norm': '0.01666', 'learning_rate': '1.517e-05', 'epoch': '1.931'}
{'loss': '0.0463', 'grad_norm': '0.005039', 'learning_rate': '1.516e-05', 'epoch': '1.937'}
{'loss': '0.004113', 'grad_norm': '0.004626', 'learning_rate': '1.514e-05', 'epoch': '1.943'}
{'loss': '0.01419', 'grad_norm': '40.83', 'learning_rate': '1.513e-05', 'epoch': '1.949'}
{'loss': '0.0001944', 'grad_norm': '0.03184', 'learning_rate': '1.511e-05', 'epoch': '1.955'}
{'loss': '0.01454', 'grad_norm': '16.69', 'learning_rate': '1.51e-05', 'epoch': '1.961'}
{'loss': '0.01439', 'grad_norm': '0.55', 'learning_rate': '1.508e-05', 'epoch': '1.967'}
{'loss': '0.02758', 'grad_norm': '27.25', 'learning_rate': '1.507e-05', 'epoch': '1.973'}
{'loss': '0.0763', 'grad_norm': '0.04094', 'learning_rate': '1.505e-05', 'epoch': '1.979'}
{'loss': '0.001863', 'grad_norm': '0.03127', 'learning_rate': '1.504e-05', 'epoch': '1.985'}
{'loss': '0.0109', 'grad_norm': '0.0174', 'learning_rate': '1.502e-05', 'epoch': '1.992'}
{'loss': '0.0004117', 'grad_norm': '0.009218', 'learning_rate': '1.501e-05', 'epoch': '1.998'}
{'eval_loss': '0.5035', 'eval_accuracy': '0.9249', 'eval_precision': '0.926', 'eval_recall': '0.9322', 'eval_f1': '0.9291', 'eval_runtime': '3.178', 'eval_samples_per_second': '4008', 'eval_steps_per_second': '62.62', 'epoch': '2'}
{'loss': '0.02501', 'grad_norm': '0.005687', 'learning_rate': '1.499e-05', 'epoch': '2.004'}
{'loss': '0.004459', 'grad_norm': '0.02541', 'learning_rate': '1.498e-05', 'epoch': '2.01'}
{'loss': '0.01571', 'grad_norm': '0.02058', 'learning_rate': '1.496e-05', 'epoch': '2.016'}
{'loss': '0.008102', 'grad_norm': '0.004359', 'learning_rate': '1.495e-05', 'epoch': '2.022'}
{'loss': '0.002476', 'grad_norm': '0.005325', 'learning_rate': '1.493e-05', 'epoch': '2.028'}
{'loss': '0.01257', 'grad_norm': '0.003811', 'learning_rate': '1.492e-05', 'epoch': '2.034'}
{'loss': '0.0001612', 'grad_norm': '0.003444', 'learning_rate': '1.49e-05', 'epoch': '2.04'}
{'loss': '0.01889', 'grad_norm': '0.008059', 'learning_rate': '1.489e-05', 'epoch': '2.046'}
{'loss': '0.02344', 'grad_norm': '57.91', 'learning_rate': '1.487e-05', 'epoch': '2.052'}
{'loss': '0.01358', 'grad_norm': '0.004164', 'learning_rate': '1.486e-05', 'epoch': '2.058'}
{'loss': '0.02936', 'grad_norm': '0.708', 'learning_rate': '1.484e-05', 'epoch': '2.064'}
{'loss': '0.009691', 'grad_norm': '0.005867', 'learning_rate': '1.483e-05', 'epoch': '2.07'}
{'loss': '0.003312', 'grad_norm': '0.008916', 'learning_rate': '1.481e-05', 'epoch': '2.076'}
{'loss': '0.01359', 'grad_norm': '0.04247', 'learning_rate': '1.48e-05', 'epoch': '2.082'}
{'loss': '0.02328', 'grad_norm': '0.1494', 'learning_rate': '1.478e-05', 'epoch': '2.088'}
{'loss': '0.04396', 'grad_norm': '0.0061', 'learning_rate': '1.477e-05', 'epoch': '2.094'}
{'loss': '0.01956', 'grad_norm': '0.02184', 'learning_rate': '1.475e-05', 'epoch': '2.1'}
{'loss': '0.0003503', 'grad_norm': '0.0564', 'learning_rate': '1.474e-05', 'epoch': '2.107'}
{'loss': '0.0002996', 'grad_norm': '0.01313', 'learning_rate': '1.472e-05', 'epoch': '2.113'}
{'loss': '0.0002171', 'grad_norm': '0.006053', 'learning_rate': '1.47e-05', 'epoch': '2.119'}
{'loss': '0.000154', 'grad_norm': '0.004429', 'learning_rate': '1.469e-05', 'epoch': '2.125'}
{'loss': '0.02925', 'grad_norm': '0.005347', 'learning_rate': '1.467e-05', 'epoch': '2.131'}
{'loss': '0.001958', 'grad_norm': '0.01047', 'learning_rate': '1.466e-05', 'epoch': '2.137'}
{'loss': '0.04049', 'grad_norm': '0.009628', 'learning_rate': '1.464e-05', 'epoch': '2.143'}
{'loss': '0.007974', 'grad_norm': '0.04646', 'learning_rate': '1.463e-05', 'epoch': '2.149'}
{'loss': '0.03421', 'grad_norm': '0.09372', 'learning_rate': '1.461e-05', 'epoch': '2.155'}
{'loss': '0.0217', 'grad_norm': '0.004292', 'learning_rate': '1.46e-05', 'epoch': '2.161'}
{'loss': '0.01138', 'grad_norm': '18.52', 'learning_rate': '1.458e-05', 'epoch': '2.167'}
{'loss': '0.005675', 'grad_norm': '0.1109', 'learning_rate': '1.457e-05', 'epoch': '2.173'}
{'loss': '0.0006651', 'grad_norm': '0.003099', 'learning_rate': '1.455e-05', 'epoch': '2.179'}
{'loss': '0.0001131', 'grad_norm': '0.002449', 'learning_rate': '1.454e-05', 'epoch': '2.185'}
{'loss': '0.008355', 'grad_norm': '0.002823', 'learning_rate': '1.452e-05', 'epoch': '2.191'}
{'loss': '0.02174', 'grad_norm': '0.00237', 'learning_rate': '1.451e-05', 'epoch': '2.197'}
{'loss': '0.002598', 'grad_norm': '0.7003', 'learning_rate': '1.449e-05', 'epoch': '2.203'}
{'loss': '0.007013', 'grad_norm': '0.002788', 'learning_rate': '1.448e-05', 'epoch': '2.209'}
{'loss': '0.03939', 'grad_norm': '0.002064', 'learning_rate': '1.446e-05', 'epoch': '2.215'}
{'loss': '0.001989', 'grad_norm': '0.001887', 'learning_rate': '1.445e-05', 'epoch': '2.222'}
{'loss': '0.0002216', 'grad_norm': '0.001742', 'learning_rate': '1.443e-05', 'epoch': '2.228'}
{'loss': '9.019e-05', 'grad_norm': '0.002778', 'learning_rate': '1.442e-05', 'epoch': '2.234'}
{'loss': '0.0005148', 'grad_norm': '0.001803', 'learning_rate': '1.44e-05', 'epoch': '2.24'}
{'loss': '0.0198', 'grad_norm': '0.001743', 'learning_rate': '1.439e-05', 'epoch': '2.246'}
{'loss': '0.0003333', 'grad_norm': '4.233', 'learning_rate': '1.437e-05', 'epoch': '2.252'}
{'loss': '0.002663', 'grad_norm': '0.4058', 'learning_rate': '1.436e-05', 'epoch': '2.258'}
{'loss': '0.0007407', 'grad_norm': '0.00176', 'learning_rate': '1.434e-05', 'epoch': '2.264'}
{'loss': '0.01129', 'grad_norm': '0.001434', 'learning_rate': '1.433e-05', 'epoch': '2.27'}
{'loss': '0.003862', 'grad_norm': '0.005365', 'learning_rate': '1.431e-05', 'epoch': '2.276'}
{'loss': '0.01117', 'grad_norm': '1.742', 'learning_rate': '1.43e-05', 'epoch': '2.282'}
{'loss': '0.001201', 'grad_norm': '0.007017', 'learning_rate': '1.428e-05', 'epoch': '2.288'}
{'loss': '6.745e-05', 'grad_norm': '0.001511', 'learning_rate': '1.427e-05', 'epoch': '2.294'}
{'loss': '0.0007745', 'grad_norm': '2.821', 'learning_rate': '1.425e-05', 'epoch': '2.3'}
{'loss': '9.534e-05', 'grad_norm': '0.001409', 'learning_rate': '1.424e-05', 'epoch': '2.306'}
{'loss': '0.01476', 'grad_norm': '0.00151', 'learning_rate': '1.422e-05', 'epoch': '2.312'}
{'loss': '0.003904', 'grad_norm': '0.001305', 'learning_rate': '1.421e-05', 'epoch': '2.318'}
{'loss': '5.762e-05', 'grad_norm': '0.003406', 'learning_rate': '1.419e-05', 'epoch': '2.324'}
{'loss': '0.001763', 'grad_norm': '0.001156', 'learning_rate': '1.418e-05', 'epoch': '2.331'}
{'loss': '0.0003932', 'grad_norm': '0.001202', 'learning_rate': '1.416e-05', 'epoch': '2.337'}
{'loss': '0.02179', 'grad_norm': '2.03', 'learning_rate': '1.414e-05', 'epoch': '2.343'}
{'loss': '0.001728', 'grad_norm': '0.002822', 'learning_rate': '1.413e-05', 'epoch': '2.349'}
{'loss': '0.002071', 'grad_norm': '0.003373', 'learning_rate': '1.411e-05', 'epoch': '2.355'}
{'loss': '0.002385', 'grad_norm': '0.003876', 'learning_rate': '1.41e-05', 'epoch': '2.361'}
{'loss': '0.01223', 'grad_norm': '0.001546', 'learning_rate': '1.408e-05', 'epoch': '2.367'}
{'loss': '0.03108', 'grad_norm': '0.01531', 'learning_rate': '1.407e-05', 'epoch': '2.373'}
{'loss': '0.02384', 'grad_norm': '0.008142', 'learning_rate': '1.405e-05', 'epoch': '2.379'}
{'loss': '0.009288', 'grad_norm': '0.01189', 'learning_rate': '1.404e-05', 'epoch': '2.385'}
{'loss': '0.003405', 'grad_norm': '0.01589', 'learning_rate': '1.402e-05', 'epoch': '2.391'}
{'loss': '0.0001256', 'grad_norm': '0.004696', 'learning_rate': '1.401e-05', 'epoch': '2.397'}
{'loss': '0.01763', 'grad_norm': '0.004257', 'learning_rate': '1.399e-05', 'epoch': '2.403'}
{'loss': '0.001483', 'grad_norm': '0.0187', 'learning_rate': '1.398e-05', 'epoch': '2.409'}
{'loss': '0.006675', 'grad_norm': '0.00356', 'learning_rate': '1.396e-05', 'epoch': '2.415'}
{'loss': '0.004997', 'grad_norm': '0.6395', 'learning_rate': '1.395e-05', 'epoch': '2.421'}
{'loss': '0.01003', 'grad_norm': '8.689', 'learning_rate': '1.393e-05', 'epoch': '2.427'}
{'loss': '8.544e-05', 'grad_norm': '0.001418', 'learning_rate': '1.392e-05', 'epoch': '2.433'}
{'loss': '0.0008943', 'grad_norm': '0.001247', 'learning_rate': '1.39e-05', 'epoch': '2.439'}
{'loss': '0.00244', 'grad_norm': '0.003516', 'learning_rate': '1.389e-05', 'epoch': '2.446'}
{'loss': '0.0023', 'grad_norm': '0.00115', 'learning_rate': '1.387e-05', 'epoch': '2.452'}
{'loss': '0.003978', 'grad_norm': '0.001136', 'learning_rate': '1.386e-05', 'epoch': '2.458'}
{'loss': '7.701e-05', 'grad_norm': '0.001145', 'learning_rate': '1.384e-05', 'epoch': '2.464'}
{'loss': '0.003695', 'grad_norm': '0.001117', 'learning_rate': '1.383e-05', 'epoch': '2.47'}
{'loss': '0.004829', 'grad_norm': '0.001363', 'learning_rate': '1.381e-05', 'epoch': '2.476'}
{'loss': '0.08396', 'grad_norm': '0.01057', 'learning_rate': '1.38e-05', 'epoch': '2.482'}
{'loss': '0.01464', 'grad_norm': '0.02846', 'learning_rate': '1.378e-05', 'epoch': '2.488'}
{'loss': '0.000325', 'grad_norm': '0.01994', 'learning_rate': '1.377e-05', 'epoch': '2.494'}
{'loss': '0.003457', 'grad_norm': '0.002652', 'learning_rate': '1.375e-05', 'epoch': '2.5'}
{'loss': '0.004542', 'grad_norm': '0.005834', 'learning_rate': '1.374e-05', 'epoch': '2.506'}
{'loss': '0.02349', 'grad_norm': '0.001689', 'learning_rate': '1.372e-05', 'epoch': '2.512'}
{'loss': '0.01368', 'grad_norm': '0.02395', 'learning_rate': '1.371e-05', 'epoch': '2.518'}
{'loss': '0.005567', 'grad_norm': '0.001431', 'learning_rate': '1.369e-05', 'epoch': '2.524'}
{'loss': '0.004438', 'grad_norm': '0.004649', 'learning_rate': '1.368e-05', 'epoch': '2.53'}
{'loss': '7.942e-05', 'grad_norm': '0.001715', 'learning_rate': '1.366e-05', 'epoch': '2.536'}
{'loss': '0.01218', 'grad_norm': '0.003127', 'learning_rate': '1.365e-05', 'epoch': '2.542'}
{'loss': '0.001258', 'grad_norm': '0.004036', 'learning_rate': '1.363e-05', 'epoch': '2.548'}
{'loss': '7.789e-05', 'grad_norm': '0.001462', 'learning_rate': '1.362e-05', 'epoch': '2.554'}
{'loss': '0.0001014', 'grad_norm': '0.002354', 'learning_rate': '1.36e-05', 'epoch': '2.561'}
{'loss': '0.0411', 'grad_norm': '0.01446', 'learning_rate': '1.359e-05', 'epoch': '2.567'}
{'loss': '9.592e-05', 'grad_norm': '0.00477', 'learning_rate': '1.357e-05', 'epoch': '2.573'}
{'loss': '0.017', 'grad_norm': '0.006976', 'learning_rate': '1.355e-05', 'epoch': '2.579'}
{'loss': '0.002996', 'grad_norm': '0.001523', 'learning_rate': '1.354e-05', 'epoch': '2.585'}
{'loss': '9.631e-05', 'grad_norm': '0.002763', 'learning_rate': '1.352e-05', 'epoch': '2.591'}
{'loss': '0.0001113', 'grad_norm': '0.001262', 'learning_rate': '1.351e-05', 'epoch': '2.597'}
{'loss': '0.01218', 'grad_norm': '0.001503', 'learning_rate': '1.349e-05', 'epoch': '2.603'}
{'loss': '7.497e-05', 'grad_norm': '0.03715', 'learning_rate': '1.348e-05', 'epoch': '2.609'}
{'loss': '0.002038', 'grad_norm': '0.005196', 'learning_rate': '1.346e-05', 'epoch': '2.615'}
{'loss': '4.631e-05', 'grad_norm': '0.001521', 'learning_rate': '1.345e-05', 'epoch': '2.621'}
{'loss': '0.00269', 'grad_norm': '0.02624', 'learning_rate': '1.343e-05', 'epoch': '2.627'}
{'loss': '0.002304', 'grad_norm': '0.07237', 'learning_rate': '1.342e-05', 'epoch': '2.633'}
{'loss': '0.003755', 'grad_norm': '0.000921', 'learning_rate': '1.34e-05', 'epoch': '2.639'}
{'loss': '5.67e-05', 'grad_norm': '0.001293', 'learning_rate': '1.339e-05', 'epoch': '2.645'}
{'loss': '5.046e-05', 'grad_norm': '0.001068', 'learning_rate': '1.337e-05', 'epoch': '2.651'}
{'loss': '0.003207', 'grad_norm': '0.0009822', 'learning_rate': '1.336e-05', 'epoch': '2.657'}
{'loss': '0.007353', 'grad_norm': '0.0009289', 'learning_rate': '1.334e-05', 'epoch': '2.663'}
{'loss': '5.372e-05', 'grad_norm': '0.004314', 'learning_rate': '1.333e-05', 'epoch': '2.669'}
{'loss': '0.002362', 'grad_norm': '0.0008838', 'learning_rate': '1.331e-05', 'epoch': '2.676'}
{'loss': '3.961e-05', 'grad_norm': '0.001033', 'learning_rate': '1.33e-05', 'epoch': '2.682'}
{'loss': '4.884e-05', 'grad_norm': '0.0008032', 'learning_rate': '1.328e-05', 'epoch': '2.688'}
{'loss': '0.03862', 'grad_norm': '9.782', 'learning_rate': '1.327e-05', 'epoch': '2.694'}
{'loss': '0.006359', 'grad_norm': '0.01082', 'learning_rate': '1.325e-05', 'epoch': '2.7'}
{'loss': '0.004864', 'grad_norm': '0.6497', 'learning_rate': '1.324e-05', 'epoch': '2.706'}
{'loss': '0.0002974', 'grad_norm': '0.005233', 'learning_rate': '1.322e-05', 'epoch': '2.712'}
{'loss': '0.003447', 'grad_norm': '0.001446', 'learning_rate': '1.321e-05', 'epoch': '2.718'}
{'loss': '0.0007485', 'grad_norm': '0.001291', 'learning_rate': '1.319e-05', 'epoch': '2.724'}
{'loss': '0.002723', 'grad_norm': '0.06657', 'learning_rate': '1.318e-05', 'epoch': '2.73'}
{'loss': '0.003327', 'grad_norm': '0.9044', 'learning_rate': '1.316e-05', 'epoch': '2.736'}
{'loss': '0.04447', 'grad_norm': '0.009685', 'learning_rate': '1.315e-05', 'epoch': '2.742'}
{'loss': '0.0001375', 'grad_norm': '0.00589', 'learning_rate': '1.313e-05', 'epoch': '2.748'}
{'loss': '0.01955', 'grad_norm': '0.008425', 'learning_rate': '1.312e-05', 'epoch': '2.754'}
{'loss': '0.002955', 'grad_norm': '0.002289', 'learning_rate': '1.31e-05', 'epoch': '2.76'}
{'loss': '6.679e-05', 'grad_norm': '0.002436', 'learning_rate': '1.309e-05', 'epoch': '2.766'}
{'loss': '5.023e-05', 'grad_norm': '0.001213', 'learning_rate': '1.307e-05', 'epoch': '2.772'}
{'loss': '0.0029', 'grad_norm': '0.001095', 'learning_rate': '1.306e-05', 'epoch': '2.778'}
{'loss': '0.006586', 'grad_norm': '0.000908', 'learning_rate': '1.304e-05', 'epoch': '2.785'}
{'loss': '0.0005124', 'grad_norm': '0.003906', 'learning_rate': '1.303e-05', 'epoch': '2.791'}
{'loss': '0.00253', 'grad_norm': '0.0008666', 'learning_rate': '1.301e-05', 'epoch': '2.797'}
{'loss': '0.007215', 'grad_norm': '0.000822', 'learning_rate': '1.299e-05', 'epoch': '2.803'}
{'loss': '3.634e-05', 'grad_norm': '0.003152', 'learning_rate': '1.298e-05', 'epoch': '2.809'}
{'loss': '0.02331', 'grad_norm': '0.0008701', 'learning_rate': '1.296e-05', 'epoch': '2.815'}
{'loss': '7.117e-05', 'grad_norm': '0.00249', 'learning_rate': '1.295e-05', 'epoch': '2.821'}
{'loss': '0.004749', 'grad_norm': '5.268', 'learning_rate': '1.293e-05', 'epoch': '2.827'}
{'loss': '0.002449', 'grad_norm': '0.007986', 'learning_rate': '1.292e-05', 'epoch': '2.833'}
{'loss': '0.02881', 'grad_norm': '0.0008011', 'learning_rate': '1.29e-05', 'epoch': '2.839'}
{'loss': '0.006714', 'grad_norm': '0.7611', 'learning_rate': '1.289e-05', 'epoch': '2.845'}
{'loss': '0.005258', 'grad_norm': '0.0009737', 'learning_rate': '1.287e-05', 'epoch': '2.851'}
{'loss': '0.004663', 'grad_norm': '0.001215', 'learning_rate': '1.286e-05', 'epoch': '2.857'}
{'loss': '0.03129', 'grad_norm': '0.001092', 'learning_rate': '1.284e-05', 'epoch': '2.863'}
{'loss': '0.02849', 'grad_norm': '0.2024', 'learning_rate': '1.283e-05', 'epoch': '2.869'}
{'loss': '0.008481', 'grad_norm': '0.001075', 'learning_rate': '1.281e-05', 'epoch': '2.875'}
{'loss': '7.594e-05', 'grad_norm': '0.001864', 'learning_rate': '1.28e-05', 'epoch': '2.881'}
{'loss': '5.906e-05', 'grad_norm': '0.0009726', 'learning_rate': '1.278e-05', 'epoch': '2.887'}
{'loss': '0.0136', 'grad_norm': '0.001619', 'learning_rate': '1.277e-05', 'epoch': '2.893'}
{'loss': '0.003583', 'grad_norm': '0.5564', 'learning_rate': '1.275e-05', 'epoch': '2.9'}
{'loss': '0.03183', 'grad_norm': '0.01505', 'learning_rate': '1.274e-05', 'epoch': '2.906'}
{'loss': '0.000628', 'grad_norm': '0.02177', 'learning_rate': '1.272e-05', 'epoch': '2.912'}
{'loss': '0.0004456', 'grad_norm': '0.00359', 'learning_rate': '1.271e-05', 'epoch': '2.918'}
{'loss': '0.01453', 'grad_norm': '0.004193', 'learning_rate': '1.269e-05', 'epoch': '2.924'}
{'loss': '0.03164', 'grad_norm': '0.00357', 'learning_rate': '1.268e-05', 'epoch': '2.93'}
{'loss': '0.004166', 'grad_norm': '0.002926', 'learning_rate': '1.266e-05', 'epoch': '2.936'}
{'loss': '0.003434', 'grad_norm': '0.01416', 'learning_rate': '1.265e-05', 'epoch': '2.942'}
{'loss': '0.02154', 'grad_norm': '0.2171', 'learning_rate': '1.263e-05', 'epoch': '2.948'}
{'loss': '0.001638', 'grad_norm': '0.002503', 'learning_rate': '1.262e-05', 'epoch': '2.954'}
{'loss': '0.001769', 'grad_norm': '0.009005', 'learning_rate': '1.26e-05', 'epoch': '2.96'}
{'loss': '0.03127', 'grad_norm': '0.001871', 'learning_rate': '1.259e-05', 'epoch': '2.966'}
{'loss': '0.007402', 'grad_norm': '0.02333', 'learning_rate': '1.257e-05', 'epoch': '2.972'}
{'loss': '0.008312', 'grad_norm': '0.007575', 'learning_rate': '1.256e-05', 'epoch': '2.978'}
{'loss': '0.0154', 'grad_norm': '0.006231', 'learning_rate': '1.254e-05', 'epoch': '2.984'}
{'loss': '0.0001389', 'grad_norm': '0.01918', 'learning_rate': '1.253e-05', 'epoch': '2.99'}
{'loss': '0.0002457', 'grad_norm': '0.004416', 'learning_rate': '1.251e-05', 'epoch': '2.996'}
{'eval_loss': '0.6353', 'eval_accuracy': '0.9206', 'eval_precision': '0.9402', 'eval_recall': '0.9073', 'eval_f1': '0.9235', 'eval_runtime': '3.196', 'eval_samples_per_second': '3985', 'eval_steps_per_second': '62.26', 'epoch': '3'}
{'loss': '0.006856', 'grad_norm': '2.078', 'learning_rate': '1.25e-05', 'epoch': '3.002'}
{'loss': '0.004717', 'grad_norm': '0.579', 'learning_rate': '1.248e-05', 'epoch': '3.008'}
{'loss': '6.103e-05', 'grad_norm': '0.001186', 'learning_rate': '1.247e-05', 'epoch': '3.015'}
{'loss': '0.001593', 'grad_norm': '0.005446', 'learning_rate': '1.245e-05', 'epoch': '3.021'}
{'loss': '0.008759', 'grad_norm': '0.05651', 'learning_rate': '1.243e-05', 'epoch': '3.027'}
{'loss': '0.008628', 'grad_norm': '0.5235', 'learning_rate': '1.242e-05', 'epoch': '3.033'}
{'loss': '8.611e-05', 'grad_norm': '0.1232', 'learning_rate': '1.24e-05', 'epoch': '3.039'}
{'loss': '0.05662', 'grad_norm': '14.28', 'learning_rate': '1.239e-05', 'epoch': '3.045'}
{'loss': '0.01692', 'grad_norm': '0.006587', 'learning_rate': '1.237e-05', 'epoch': '3.051'}
{'loss': '0.0208', 'grad_norm': '0.004047', 'learning_rate': '1.236e-05', 'epoch': '3.057'}
{'loss': '0.009887', 'grad_norm': '0.002249', 'learning_rate': '1.234e-05', 'epoch': '3.063'}
{'loss': '0.00125', 'grad_norm': '0.01093', 'learning_rate': '1.233e-05', 'epoch': '3.069'}
{'loss': '0.003306', 'grad_norm': '0.001345', 'learning_rate': '1.231e-05', 'epoch': '3.075'}
{'loss': '0.001656', 'grad_norm': '0.001788', 'learning_rate': '1.23e-05', 'epoch': '3.081'}
{'loss': '0.003727', 'grad_norm': '0.003292', 'learning_rate': '1.228e-05', 'epoch': '3.087'}
{'loss': '9.65e-05', 'grad_norm': '0.003371', 'learning_rate': '1.227e-05', 'epoch': '3.093'}
{'loss': '0.0002579', 'grad_norm': '0.001342', 'learning_rate': '1.225e-05', 'epoch': '3.099'}
{'loss': '4.355e-05', 'grad_norm': '0.001665', 'learning_rate': '1.224e-05', 'epoch': '3.105'}
{'loss': '5.107e-05', 'grad_norm': '0.00104', 'learning_rate': '1.222e-05', 'epoch': '3.111'}
{'loss': '4.159e-05', 'grad_norm': '0.0009191', 'learning_rate': '1.221e-05', 'epoch': '3.117'}
{'loss': '6.81e-05', 'grad_norm': '0.004314', 'learning_rate': '1.219e-05', 'epoch': '3.123'}
{'loss': '0.002463', 'grad_norm': '0.0008077', 'learning_rate': '1.218e-05', 'epoch': '3.13'}
{'loss': '0.05747', 'grad_norm': '0.001756', 'learning_rate': '1.216e-05', 'epoch': '3.136'}
{'loss': '0.02214', 'grad_norm': '0.226', 'learning_rate': '1.215e-05', 'epoch': '3.142'}
{'loss': '0.009055', 'grad_norm': '0.01444', 'learning_rate': '1.213e-05', 'epoch': '3.148'}
{'loss': '0.001807', 'grad_norm': '0.006024', 'learning_rate': '1.212e-05', 'epoch': '3.154'}
{'loss': '0.003376', 'grad_norm': '0.02517', 'learning_rate': '1.21e-05', 'epoch': '3.16'}
{'loss': '0.002634', 'grad_norm': '0.002899', 'learning_rate': '1.209e-05', 'epoch': '3.166'}
{'loss': '0.0001534', 'grad_norm': '0.002243', 'learning_rate': '1.207e-05', 'epoch': '3.172'}
{'loss': '0.000107', 'grad_norm': '0.05224', 'learning_rate': '1.206e-05', 'epoch': '3.178'}
{'loss': '0.03186', 'grad_norm': '1.052', 'learning_rate': '1.204e-05', 'epoch': '3.184'}
{'loss': '0.01048', 'grad_norm': '0.008239', 'learning_rate': '1.203e-05', 'epoch': '3.19'}
{'loss': '0.0004582', 'grad_norm': '0.008589', 'learning_rate': '1.201e-05', 'epoch': '3.196'}
{'loss': '0.02809', 'grad_norm': '0.004384', 'learning_rate': '1.2e-05', 'epoch': '3.202'}
{'loss': '0.0001885', 'grad_norm': '0.004344', 'learning_rate': '1.198e-05', 'epoch': '3.208'}
{'loss': '0.0001674', 'grad_norm': '0.0041', 'learning_rate': '1.197e-05', 'epoch': '3.214'}
{'loss': '0.04607', 'grad_norm': '0.01868', 'learning_rate': '1.195e-05', 'epoch': '3.22'}
{'loss': '0.008585', 'grad_norm': '0.01059', 'learning_rate': '1.194e-05', 'epoch': '3.226'}
{'loss': '0.002399', 'grad_norm': '0.004447', 'learning_rate': '1.192e-05', 'epoch': '3.232'}
{'loss': '0.0002116', 'grad_norm': '0.01568', 'learning_rate': '1.191e-05', 'epoch': '3.238'}
{'loss': '0.0001668', 'grad_norm': '0.003978', 'learning_rate': '1.189e-05', 'epoch': '3.245'}
{'loss': '0.004241', 'grad_norm': '0.005474', 'learning_rate': '1.188e-05', 'epoch': '3.251'}
{'loss': '0.02989', 'grad_norm': '0.02373', 'learning_rate': '1.186e-05', 'epoch': '3.257'}
{'loss': '0.01505', 'grad_norm': '0.02607', 'learning_rate': '1.184e-05', 'epoch': '3.263'}
{'loss': '0.001192', 'grad_norm': '0.02573', 'learning_rate': '1.183e-05', 'epoch': '3.269'}
{'loss': '0.008713', 'grad_norm': '0.006387', 'learning_rate': '1.181e-05', 'epoch': '3.275'}
{'loss': '0.00302', 'grad_norm': '0.005983', 'learning_rate': '1.18e-05', 'epoch': '3.281'}
{'loss': '0.002819', 'grad_norm': '0.7121', 'learning_rate': '1.178e-05', 'epoch': '3.287'}
{'loss': '0.0001936', 'grad_norm': '0.004272', 'learning_rate': '1.177e-05', 'epoch': '3.293'}
{'loss': '0.0001703', 'grad_norm': '0.003887', 'learning_rate': '1.175e-05', 'epoch': '3.299'}
{'loss': '0.01636', 'grad_norm': '91.46', 'learning_rate': '1.174e-05', 'epoch': '3.305'}
{'loss': '0.0001486', 'grad_norm': '0.003527', 'learning_rate': '1.172e-05', 'epoch': '3.311'}
{'loss': '0.01522', 'grad_norm': '0.003521', 'learning_rate': '1.171e-05', 'epoch': '3.317'}
{'loss': '0.000173', 'grad_norm': '0.276', 'learning_rate': '1.169e-05', 'epoch': '3.323'}
{'loss': '0.0002198', 'grad_norm': '0.003727', 'learning_rate': '1.168e-05', 'epoch': '3.329'}
{'loss': '0.02736', 'grad_norm': '0.003616', 'learning_rate': '1.166e-05', 'epoch': '3.335'}
{'loss': '0.005738', 'grad_norm': '0.04887', 'learning_rate': '1.165e-05', 'epoch': '3.341'}
{'loss': '0.007994', 'grad_norm': '0.02321', 'learning_rate': '1.163e-05', 'epoch': '3.347'}
{'loss': '0.0002126', 'grad_norm': '0.004538', 'learning_rate': '1.162e-05', 'epoch': '3.354'}
{'loss': '0.001362', 'grad_norm': '0.3111', 'learning_rate': '1.16e-05', 'epoch': '3.36'}
{'loss': '0.01027', 'grad_norm': '0.003861', 'learning_rate': '1.159e-05', 'epoch': '3.366'}
{'loss': '0.005632', 'grad_norm': '0.003876', 'learning_rate': '1.157e-05', 'epoch': '3.372'}
{'loss': '0.00697', 'grad_norm': '0.003469', 'learning_rate': '1.156e-05', 'epoch': '3.378'}
{'loss': '0.04325', 'grad_norm': '0.01646', 'learning_rate': '1.154e-05', 'epoch': '3.384'}
{'loss': '0.0009939', 'grad_norm': '0.03185', 'learning_rate': '1.153e-05', 'epoch': '3.39'}
{'loss': '0.003429', 'grad_norm': '0.01312', 'learning_rate': '1.151e-05', 'epoch': '3.396'}
{'loss': '0.004164', 'grad_norm': '0.006327', 'learning_rate': '1.15e-05', 'epoch': '3.402'}
{'loss': '0.006078', 'grad_norm': '0.005805', 'learning_rate': '1.148e-05', 'epoch': '3.408'}
{'loss': '0.007528', 'grad_norm': '0.00809', 'learning_rate': '1.147e-05', 'epoch': '3.414'}
{'loss': '0.006251', 'grad_norm': '0.005496', 'learning_rate': '1.145e-05', 'epoch': '3.42'}
{'loss': '0.004866', 'grad_norm': '0.004145', 'learning_rate': '1.144e-05', 'epoch': '3.426'}
{'loss': '0.002251', 'grad_norm': '0.003724', 'learning_rate': '1.142e-05', 'epoch': '3.432'}
{'loss': '0.02635', 'grad_norm': '0.0129', 'learning_rate': '1.141e-05', 'epoch': '3.438'}
{'loss': '0.0002104', 'grad_norm': '0.004008', 'learning_rate': '1.139e-05', 'epoch': '3.444'}
{'loss': '0.02469', 'grad_norm': '0.004305', 'learning_rate': '1.138e-05', 'epoch': '3.45'}
{'loss': '0.00248', 'grad_norm': '0.004175', 'learning_rate': '1.136e-05', 'epoch': '3.456'}
{'loss': '0.003038', 'grad_norm': '0.004299', 'learning_rate': '1.135e-05', 'epoch': '3.462'}
{'loss': '0.006623', 'grad_norm': '0.004891', 'learning_rate': '1.133e-05', 'epoch': '3.469'}
{'loss': '0.002307', 'grad_norm': '0.003428', 'learning_rate': '1.132e-05', 'epoch': '3.475'}
{'loss': '0.002246', 'grad_norm': '0.6214', 'learning_rate': '1.13e-05', 'epoch': '3.481'}
{'loss': '0.0001436', 'grad_norm': '0.003045', 'learning_rate': '1.128e-05', 'epoch': '3.487'}
{'loss': '0.0001385', 'grad_norm': '0.003628', 'learning_rate': '1.127e-05', 'epoch': '3.493'}
{'loss': '0.00221', 'grad_norm': '0.00277', 'learning_rate': '1.125e-05', 'epoch': '3.499'}
{'loss': '0.02518', 'grad_norm': '0.002709', 'learning_rate': '1.124e-05', 'epoch': '3.505'}
{'loss': '0.00246', 'grad_norm': '0.002725', 'learning_rate': '1.122e-05', 'epoch': '3.511'}
{'loss': '0.001938', 'grad_norm': '0.002617', 'learning_rate': '1.121e-05', 'epoch': '3.517'}
{'loss': '0.02569', 'grad_norm': '0.002998', 'learning_rate': '1.119e-05', 'epoch': '3.523'}
{'loss': '0.02186', 'grad_norm': '0.3787', 'learning_rate': '1.118e-05', 'epoch': '3.529'}
{'loss': '0.001684', 'grad_norm': '0.003063', 'learning_rate': '1.116e-05', 'epoch': '3.535'}
{'loss': '0.02786', 'grad_norm': '0.004736', 'learning_rate': '1.115e-05', 'epoch': '3.541'}
{'loss': '0.0001685', 'grad_norm': '0.00409', 'learning_rate': '1.113e-05', 'epoch': '3.547'}
{'loss': '0.0002144', 'grad_norm': '0.007689', 'learning_rate': '1.112e-05', 'epoch': '3.553'}
{'loss': '0.0001271', 'grad_norm': '0.002553', 'learning_rate': '1.11e-05', 'epoch': '3.559'}
{'loss': '0.01926', 'grad_norm': '0.002877', 'learning_rate': '1.109e-05', 'epoch': '3.565'}
{'loss': '0.0001621', 'grad_norm': '0.005479', 'learning_rate': '1.107e-05', 'epoch': '3.571'}
{'loss': '0.0002168', 'grad_norm': '0.002534', 'learning_rate': '1.106e-05', 'epoch': '3.577'}
{'loss': '0.002429', 'grad_norm': '0.002027', 'learning_rate': '1.104e-05', 'epoch': '3.584'}
{'loss': '0.0002476', 'grad_norm': '0.002325', 'learning_rate': '1.103e-05', 'epoch': '3.59'}
{'loss': '0.03399', 'grad_norm': '0.005142', 'learning_rate': '1.101e-05', 'epoch': '3.596'}
{'loss': '0.001913', 'grad_norm': '0.008578', 'learning_rate': '1.1e-05', 'epoch': '3.602'}
{'loss': '0.004233', 'grad_norm': '0.006673', 'learning_rate': '1.098e-05', 'epoch': '3.608'}
{'loss': '0.0002768', 'grad_norm': '0.193', 'learning_rate': '1.097e-05', 'epoch': '3.614'}
{'loss': '0.004986', 'grad_norm': '0.8504', 'learning_rate': '1.095e-05', 'epoch': '3.62'}
{'loss': '0.0001417', 'grad_norm': '0.003294', 'learning_rate': '1.094e-05', 'epoch': '3.626'}
{'loss': '0.001205', 'grad_norm': '0.002771', 'learning_rate': '1.092e-05', 'epoch': '3.632'}
{'loss': '0.005677', 'grad_norm': '0.002916', 'learning_rate': '1.091e-05', 'epoch': '3.638'}
{'loss': '0.001309', 'grad_norm': '0.2969', 'learning_rate': '1.089e-05', 'epoch': '3.644'}
{'loss': '0.0001029', 'grad_norm': '0.002431', 'learning_rate': '1.088e-05', 'epoch': '3.65'}
{'loss': '0.03343', 'grad_norm': '0.4653', 'learning_rate': '1.086e-05', 'epoch': '3.656'}
{'loss': '0.005392', 'grad_norm': '0.002226', 'learning_rate': '1.085e-05', 'epoch': '3.662'}
{'loss': '0.0355', 'grad_norm': '0.009483', 'learning_rate': '1.083e-05', 'epoch': '3.668'}
{'loss': '0.003814', 'grad_norm': '0.002505', 'learning_rate': '1.082e-05', 'epoch': '3.674'}
{'loss': '0.001303', 'grad_norm': '0.0322', 'learning_rate': '1.08e-05', 'epoch': '3.68'}
{'loss': '0.0001029', 'grad_norm': '0.003305', 'learning_rate': '1.079e-05', 'epoch': '3.686'}
{'loss': '0.01449', 'grad_norm': '0.002077', 'learning_rate': '1.077e-05', 'epoch': '3.692'}
{'loss': '0.003754', 'grad_norm': '0.003375', 'learning_rate': '1.076e-05', 'epoch': '3.699'}
{'loss': '0.02293', 'grad_norm': '0.00188', 'learning_rate': '1.074e-05', 'epoch': '3.705'}
{'loss': '0.03308', 'grad_norm': '0.9398', 'learning_rate': '1.072e-05', 'epoch': '3.711'}
{'loss': '0.003994', 'grad_norm': '0.009393', 'learning_rate': '1.071e-05', 'epoch': '3.717'}
{'loss': '0.003838', 'grad_norm': '0.006228', 'learning_rate': '1.069e-05', 'epoch': '3.723'}
{'loss': '0.001172', 'grad_norm': '0.004519', 'learning_rate': '1.068e-05', 'epoch': '3.729'}
{'loss': '0.02267', 'grad_norm': '1.595', 'learning_rate': '1.066e-05', 'epoch': '3.735'}
{'loss': '0.001088', 'grad_norm': '0.003615', 'learning_rate': '1.065e-05', 'epoch': '3.741'}
{'loss': '0.0102', 'grad_norm': '0.002525', 'learning_rate': '1.063e-05', 'epoch': '3.747'}
{'loss': '0.009323', 'grad_norm': '0.003582', 'learning_rate': '1.062e-05', 'epoch': '3.753'}
{'loss': '0.002022', 'grad_norm': '0.002466', 'learning_rate': '1.06e-05', 'epoch': '3.759'}
{'loss': '0.0004001', 'grad_norm': '0.002385', 'learning_rate': '1.059e-05', 'epoch': '3.765'}
{'loss': '0.0001225', 'grad_norm': '0.001922', 'learning_rate': '1.057e-05', 'epoch': '3.771'}
{'loss': '8.844e-05', 'grad_norm': '0.002047', 'learning_rate': '1.056e-05', 'epoch': '3.777'}
{'loss': '0.003609', 'grad_norm': '0.00189', 'learning_rate': '1.054e-05', 'epoch': '3.783'}
{'loss': '0.0002081', 'grad_norm': '0.001824', 'learning_rate': '1.053e-05', 'epoch': '3.789'}
{'loss': '0.001892', 'grad_norm': '0.001922', 'learning_rate': '1.051e-05', 'epoch': '3.795'}
{'loss': '0.00878', 'grad_norm': '0.001663', 'learning_rate': '1.05e-05', 'epoch': '3.801'}
{'loss': '0.001655', 'grad_norm': '0.001543', 'learning_rate': '1.048e-05', 'epoch': '3.808'}
{'loss': '0.004438', 'grad_norm': '0.001594', 'learning_rate': '1.047e-05', 'epoch': '3.814'}
{'loss': '6.838e-05', 'grad_norm': '0.001466', 'learning_rate': '1.045e-05', 'epoch': '3.82'}
{'loss': '0.003304', 'grad_norm': '0.002968', 'learning_rate': '1.044e-05', 'epoch': '3.826'}
{'loss': '0.002692', 'grad_norm': '0.00152', 'learning_rate': '1.042e-05', 'epoch': '3.832'}
{'loss': '9.051e-05', 'grad_norm': '0.001505', 'learning_rate': '1.041e-05', 'epoch': '3.838'}
{'loss': '0.003509', 'grad_norm': '0.002658', 'learning_rate': '1.039e-05', 'epoch': '3.844'}
{'loss': '6.055e-05', 'grad_norm': '0.002698', 'learning_rate': '1.038e-05', 'epoch': '3.85'}
{'loss': '0.02723', 'grad_norm': '0.001605', 'learning_rate': '1.036e-05', 'epoch': '3.856'}
{'loss': '0.002028', 'grad_norm': '0.001998', 'learning_rate': '1.035e-05', 'epoch': '3.862'}
{'loss': '0.007773', 'grad_norm': '0.003618', 'learning_rate': '1.033e-05', 'epoch': '3.868'}
{'loss': '0.001957', 'grad_norm': '0.002063', 'learning_rate': '1.032e-05', 'epoch': '3.874'}
{'loss': '9.617e-05', 'grad_norm': '0.001973', 'learning_rate': '1.03e-05', 'epoch': '3.88'}
{'loss': '0.00302', 'grad_norm': '0.001938', 'learning_rate': '1.029e-05', 'epoch': '3.886'}
{'loss': '8.222e-05', 'grad_norm': '0.01469', 'learning_rate': '1.027e-05', 'epoch': '3.892'}
{'loss': '0.03108', 'grad_norm': '0.002066', 'learning_rate': '1.026e-05', 'epoch': '3.898'}
{'loss': '7.782e-05', 'grad_norm': '0.00178', 'learning_rate': '1.024e-05', 'epoch': '3.904'}
{'loss': '0.02356', 'grad_norm': '0.002038', 'learning_rate': '1.023e-05', 'epoch': '3.91'}
{'loss': '8.12e-05', 'grad_norm': '0.002163', 'learning_rate': '1.021e-05', 'epoch': '3.916'}
{'loss': '0.0001642', 'grad_norm': '0.1833', 'learning_rate': '1.02e-05', 'epoch': '3.923'}
{'loss': '0.009887', 'grad_norm': '0.001998', 'learning_rate': '1.018e-05', 'epoch': '3.929'}
{'loss': '0.00219', 'grad_norm': '0.001524', 'learning_rate': '1.016e-05', 'epoch': '3.935'}
{'loss': '0.002606', 'grad_norm': '0.00167', 'learning_rate': '1.015e-05', 'epoch': '3.941'}
{'loss': '0.002536', 'grad_norm': '0.001476', 'learning_rate': '1.013e-05', 'epoch': '3.947'}
{'loss': '5.996e-05', 'grad_norm': '0.002601', 'learning_rate': '1.012e-05', 'epoch': '3.953'}
{'loss': '0.002324', 'grad_norm': '0.001522', 'learning_rate': '1.01e-05', 'epoch': '3.959'}
{'loss': '0.004524', 'grad_norm': '0.001394', 'learning_rate': '1.009e-05', 'epoch': '3.965'}
{'loss': '0.01848', 'grad_norm': '1.595', 'learning_rate': '1.007e-05', 'epoch': '3.971'}
{'loss': '8.406e-05', 'grad_norm': '0.001738', 'learning_rate': '1.006e-05', 'epoch': '3.977'}
{'loss': '0.005842', 'grad_norm': '0.002972', 'learning_rate': '1.004e-05', 'epoch': '3.983'}
{'loss': '0.0008143', 'grad_norm': '0.002001', 'learning_rate': '1.003e-05', 'epoch': '3.989'}
{'loss': '0.001828', 'grad_norm': '0.003023', 'learning_rate': '1.001e-05', 'epoch': '3.995'}
{'eval_loss': '0.7229', 'eval_accuracy': '0.9125', 'eval_precision': '0.8952', 'eval_recall': '0.9448', 'eval_f1': '0.9193', 'eval_runtime': '3.147', 'eval_samples_per_second': '4047', 'eval_steps_per_second': '63.23', 'epoch': '4'}
{'loss': '0.021', 'grad_norm': '0.001455', 'learning_rate': '9.998e-06', 'epoch': '4.001'}
{'loss': '0.001332', 'grad_norm': '0.002299', 'learning_rate': '9.983e-06', 'epoch': '4.007'}
{'loss': '0.0001989', 'grad_norm': '0.4708', 'learning_rate': '9.968e-06', 'epoch': '4.013'}
{'loss': '0.002169', 'grad_norm': '0.001295', 'learning_rate': '9.953e-06', 'epoch': '4.019'}
{'loss': '8.36e-05', 'grad_norm': '0.00119', 'learning_rate': '9.938e-06', 'epoch': '4.025'}
{'loss': '0.00193', 'grad_norm': '0.001352', 'learning_rate': '9.923e-06', 'epoch': '4.031'}
{'loss': '0.0236', 'grad_norm': '0.001023', 'learning_rate': '9.908e-06', 'epoch': '4.038'}
{'loss': '0.01279', 'grad_norm': '0.001137', 'learning_rate': '9.893e-06', 'epoch': '4.044'}
{'loss': '0.002992', 'grad_norm': '0.001073', 'learning_rate': '9.877e-06', 'epoch': '4.05'}
{'loss': '8.69e-05', 'grad_norm': '0.001056', 'learning_rate': '9.862e-06', 'epoch': '4.056'}
{'loss': '4.54e-05', 'grad_norm': '0.001018', 'learning_rate': '9.847e-06', 'epoch': '4.062'}
{'loss': '0.001599', 'grad_norm': '0.001065', 'learning_rate': '9.832e-06', 'epoch': '4.068'}
{'loss': '0.006746', 'grad_norm': '0.001', 'learning_rate': '9.817e-06', 'epoch': '4.074'}
{'loss': '0.004313', 'grad_norm': '0.001572', 'learning_rate': '9.802e-06', 'epoch': '4.08'}
{'loss': '4.337e-05', 'grad_norm': '0.001002', 'learning_rate': '9.787e-06', 'epoch': '4.086'}
{'loss': '0.002086', 'grad_norm': '0.0009214', 'learning_rate': '9.771e-06', 'epoch': '4.092'}
{'loss': '4.045e-05', 'grad_norm': '0.001247', 'learning_rate': '9.756e-06', 'epoch': '4.098'}
{'loss': '0.0002639', 'grad_norm': '0.0009569', 'learning_rate': '9.741e-06', 'epoch': '4.104'}
{'loss': '0.01095', 'grad_norm': '0.0009331', 'learning_rate': '9.726e-06', 'epoch': '4.11'}
{'loss': '0.002268', 'grad_norm': '0.001025', 'learning_rate': '9.711e-06', 'epoch': '4.116'}
{'loss': '0.002785', 'grad_norm': '0.000999', 'learning_rate': '9.696e-06', 'epoch': '4.122'}
{'loss': '0.005818', 'grad_norm': '0.6308', 'learning_rate': '9.681e-06', 'epoch': '4.128'}
{'loss': '4.382e-05', 'grad_norm': '0.0009385', 'learning_rate': '9.666e-06', 'epoch': '4.134'}
{'loss': '0.0003148', 'grad_norm': '0.0009204', 'learning_rate': '9.65e-06', 'epoch': '4.14'}
{'loss': '3.655e-05', 'grad_norm': '0.0008184', 'learning_rate': '9.635e-06', 'epoch': '4.146'}
{'loss': '0.01579', 'grad_norm': '0.000814', 'learning_rate': '9.62e-06', 'epoch': '4.153'}
{'loss': '0.002501', 'grad_norm': '0.0008427', 'learning_rate': '9.605e-06', 'epoch': '4.159'}
{'loss': '0.01347', 'grad_norm': '0.0008251', 'learning_rate': '9.59e-06', 'epoch': '4.165'}
{'loss': '0.001625', 'grad_norm': '0.0007826', 'learning_rate': '9.575e-06', 'epoch': '4.171'}
{'loss': '0.026', 'grad_norm': '0.0008374', 'learning_rate': '9.56e-06', 'epoch': '4.177'}
{'loss': '4.328e-05', 'grad_norm': '0.0009436', 'learning_rate': '9.544e-06', 'epoch': '4.183'}
{'loss': '3.651e-05', 'grad_norm': '0.0008415', 'learning_rate': '9.529e-06', 'epoch': '4.189'}
{'loss': '0.004766', 'grad_norm': '0.0009263', 'learning_rate': '9.514e-06', 'epoch': '4.195'}
{'loss': '0.02046', 'grad_norm': '0.0008469', 'learning_rate': '9.499e-06', 'epoch': '4.201'}
{'loss': '0.01426', 'grad_norm': '0.0008131', 'learning_rate': '9.484e-06', 'epoch': '4.207'}
{'loss': '0.002067', 'grad_norm': '0.0008148', 'learning_rate': '9.469e-06', 'epoch': '4.213'}
{'loss': '0.0002816', 'grad_norm': '0.0008362', 'learning_rate': '9.454e-06', 'epoch': '4.219'}
{'loss': '0.005285', 'grad_norm': '0.001451', 'learning_rate': '9.439e-06', 'epoch': '4.225'}
{'loss': '3.248e-05', 'grad_norm': '0.0007645', 'learning_rate': '9.423e-06', 'epoch': '4.231'}
{'loss': '0.002674', 'grad_norm': '0.0008034', 'learning_rate': '9.408e-06', 'epoch': '4.237'}
{'loss': '3.125e-05', 'grad_norm': '0.0007878', 'learning_rate': '9.393e-06', 'epoch': '4.243'}
{'loss': '3.331e-05', 'grad_norm': '0.0007963', 'learning_rate': '9.378e-06', 'epoch': '4.249'}
{'loss': '0.005182', 'grad_norm': '0.000821', 'learning_rate': '9.363e-06', 'epoch': '4.255'}
{'loss': '0.002251', 'grad_norm': '0.0006917', 'learning_rate': '9.348e-06', 'epoch': '4.262'}
{'loss': '3.01e-05', 'grad_norm': '0.002295', 'learning_rate': '9.333e-06', 'epoch': '4.268'}
{'loss': '0.003297', 'grad_norm': '0.0006604', 'learning_rate': '9.317e-06', 'epoch': '4.274'}
{'loss': '0.003813', 'grad_norm': '0.02608', 'learning_rate': '9.302e-06', 'epoch': '4.28'}
{'loss': '0.002099', 'grad_norm': '0.0006967', 'learning_rate': '9.287e-06', 'epoch': '4.286'}
{'loss': '0.002848', 'grad_norm': '0.0006674', 'learning_rate': '9.272e-06', 'epoch': '4.292'}
{'loss': '0.03411', 'grad_norm': '0.0008516', 'learning_rate': '9.257e-06', 'epoch': '4.298'}
{'loss': '0.0002802', 'grad_norm': '0.0009798', 'learning_rate': '9.242e-06', 'epoch': '4.304'}
{'loss': '0.004092', 'grad_norm': '0.00118', 'learning_rate': '9.227e-06', 'epoch': '4.31'}
{'loss': '0.01645', 'grad_norm': '0.001073', 'learning_rate': '9.212e-06', 'epoch': '4.316'}
{'loss': '0.003916', 'grad_norm': '0.001567', 'learning_rate': '9.196e-06', 'epoch': '4.322'}
{'loss': '0.008918', 'grad_norm': '0.00114', 'learning_rate': '9.181e-06', 'epoch': '4.328'}
{'loss': '0.0003724', 'grad_norm': '0.0009831', 'learning_rate': '9.166e-06', 'epoch': '4.334'}
{'loss': '0.006185', 'grad_norm': '0.0008138', 'learning_rate': '9.151e-06', 'epoch': '4.34'}
{'loss': '0.0208', 'grad_norm': '0.0007352', 'learning_rate': '9.136e-06', 'epoch': '4.346'}
{'loss': '0.002988', 'grad_norm': '0.000756', 'learning_rate': '9.121e-06', 'epoch': '4.352'}
{'loss': '0.01105', 'grad_norm': '0.0008273', 'learning_rate': '9.106e-06', 'epoch': '4.358'}
{'loss': '3.262e-05', 'grad_norm': '0.0007589', 'learning_rate': '9.09e-06', 'epoch': '4.364'}
{'loss': '3.234e-05', 'grad_norm': '0.0007631', 'learning_rate': '9.075e-06', 'epoch': '4.37'}
{'loss': '0.0008691', 'grad_norm': '0.0007212', 'learning_rate': '9.06e-06', 'epoch': '4.377'}
{'loss': '3.081e-05', 'grad_norm': '0.0006991', 'learning_rate': '9.045e-06', 'epoch': '4.383'}
{'loss': '0.007977', 'grad_norm': '0.8046', 'learning_rate': '9.03e-06', 'epoch': '4.389'}
{'loss': '0.002426', 'grad_norm': '0.0007735', 'learning_rate': '9.015e-06', 'epoch': '4.395'}
{'loss': '0.01168', 'grad_norm': '0.0007024', 'learning_rate': '9e-06', 'epoch': '4.401'}
{'loss': '0.02728', 'grad_norm': '0.6423', 'learning_rate': '8.985e-06', 'epoch': '4.407'}
{'loss': '0.002633', 'grad_norm': '0.0007164', 'learning_rate': '8.969e-06', 'epoch': '4.413'}
{'loss': '0.003987', 'grad_norm': '0.0006918', 'learning_rate': '8.954e-06', 'epoch': '4.419'}
{'loss': '0.002315', 'grad_norm': '0.000668', 'learning_rate': '8.939e-06', 'epoch': '4.425'}
{'loss': '0.007282', 'grad_norm': '0.5889', 'learning_rate': '8.924e-06', 'epoch': '4.431'}
{'loss': '7.715e-05', 'grad_norm': '0.03902', 'learning_rate': '8.909e-06', 'epoch': '4.437'}
{'loss': '0.002363', 'grad_norm': '0.6701', 'learning_rate': '8.894e-06', 'epoch': '4.443'}
{'loss': '2.752e-05', 'grad_norm': '0.0006193', 'learning_rate': '8.879e-06', 'epoch': '4.449'}
{'loss': '0.002194', 'grad_norm': '0.0006519', 'learning_rate': '8.863e-06', 'epoch': '4.455'}
{'loss': '0.005734', 'grad_norm': '0.7857', 'learning_rate': '8.848e-06', 'epoch': '4.461'}
{'loss': '2.652e-05', 'grad_norm': '0.0006181', 'learning_rate': '8.833e-06', 'epoch': '4.467'}
{'loss': '2.651e-05', 'grad_norm': '0.000669', 'learning_rate': '8.818e-06', 'epoch': '4.473'}
{'loss': '0.00187', 'grad_norm': '0.0006336', 'learning_rate': '8.803e-06', 'epoch': '4.479'}
{'loss': '0.002981', 'grad_norm': '0.0005633', 'learning_rate': '8.788e-06', 'epoch': '4.485'}
{'loss': '2.478e-05', 'grad_norm': '0.0006288', 'learning_rate': '8.773e-06', 'epoch': '4.492'}
{'loss': '0.005809', 'grad_norm': '0.0005905', 'learning_rate': '8.758e-06', 'epoch': '4.498'}
{'loss': '2.445e-05', 'grad_norm': '0.0006091', 'learning_rate': '8.742e-06', 'epoch': '4.504'}
{'loss': '0.004883', 'grad_norm': '0.00056', 'learning_rate': '8.727e-06', 'epoch': '4.51'}
{'loss': '0.001681', 'grad_norm': '0.000582', 'learning_rate': '8.712e-06', 'epoch': '4.516'}
{'loss': '2.441e-05', 'grad_norm': '0.0005583', 'learning_rate': '8.697e-06', 'epoch': '4.522'}
{'loss': '0.004403', 'grad_norm': '0.0007806', 'learning_rate': '8.682e-06', 'epoch': '4.528'}
{'loss': '2.258e-05', 'grad_norm': '0.000554', 'learning_rate': '8.667e-06', 'epoch': '4.534'}
{'loss': '2.24e-05', 'grad_norm': '0.0005809', 'learning_rate': '8.652e-06', 'epoch': '4.54'}
{'loss': '0.006853', 'grad_norm': '0.0005382', 'learning_rate': '8.637e-06', 'epoch': '4.546'}
{'loss': '2.328e-05', 'grad_norm': '0.0005609', 'learning_rate': '8.621e-06', 'epoch': '4.552'}
{'loss': '2.239e-05', 'grad_norm': '0.0005297', 'learning_rate': '8.606e-06', 'epoch': '4.558'}
{'loss': '0.006696', 'grad_norm': '0.646', 'learning_rate': '8.591e-06', 'epoch': '4.564'}
{'loss': '9.458e-05', 'grad_norm': '0.0005671', 'learning_rate': '8.576e-06', 'epoch': '4.57'}
{'loss': '0.001576', 'grad_norm': '0.0005441', 'learning_rate': '8.561e-06', 'epoch': '4.576'}
{'loss': '0.01725', 'grad_norm': '0.0005854', 'learning_rate': '8.546e-06', 'epoch': '4.582'}
{'loss': '3.125e-05', 'grad_norm': '0.0007572', 'learning_rate': '8.531e-06', 'epoch': '4.588'}
{'loss': '2.461e-05', 'grad_norm': '0.001084', 'learning_rate': '8.515e-06', 'epoch': '4.594'}
{'loss': '0.05453', 'grad_norm': '1.095', 'learning_rate': '8.5e-06', 'epoch': '4.6'}
{'loss': '0.001827', 'grad_norm': '0.005809', 'learning_rate': '8.485e-06', 'epoch': '4.607'}
{'loss': '0.006021', 'grad_norm': '0.007929', 'learning_rate': '8.47e-06', 'epoch': '4.613'}
{'loss': '0.01095', 'grad_norm': '0.4978', 'learning_rate': '8.455e-06', 'epoch': '4.619'}
{'loss': '0.003899', 'grad_norm': '0.009218', 'learning_rate': '8.44e-06', 'epoch': '4.625'}
{'loss': '0.006115', 'grad_norm': '0.004519', 'learning_rate': '8.425e-06', 'epoch': '4.631'}
{'loss': '0.002869', 'grad_norm': '0.00192', 'learning_rate': '8.41e-06', 'epoch': '4.637'}
{'loss': '0.02823', 'grad_norm': '0.001595', 'learning_rate': '8.394e-06', 'epoch': '4.643'}
{'loss': '0.0003159', 'grad_norm': '0.0029', 'learning_rate': '8.379e-06', 'epoch': '4.649'}
{'loss': '0.00729', 'grad_norm': '0.001799', 'learning_rate': '8.364e-06', 'epoch': '4.655'}
{'loss': '5.723e-05', 'grad_norm': '0.001647', 'learning_rate': '8.349e-06', 'epoch': '4.661'}
{'loss': '5.775e-05', 'grad_norm': '0.001474', 'learning_rate': '8.334e-06', 'epoch': '4.667'}
{'loss': '0.001868', 'grad_norm': '0.00124', 'learning_rate': '8.319e-06', 'epoch': '4.673'}
{'loss': '0.002609', 'grad_norm': '0.001267', 'learning_rate': '8.304e-06', 'epoch': '4.679'}
{'loss': '0.02771', 'grad_norm': '0.001763', 'learning_rate': '8.288e-06', 'epoch': '4.685'}
{'loss': '6.631e-05', 'grad_norm': '0.001626', 'learning_rate': '8.273e-06', 'epoch': '4.691'}
{'loss': '5.88e-05', 'grad_norm': '0.001844', 'learning_rate': '8.258e-06', 'epoch': '4.697'}
{'loss': '0.00172', 'grad_norm': '0.001551', 'learning_rate': '8.243e-06', 'epoch': '4.703'}
{'loss': '5.368e-05', 'grad_norm': '0.001328', 'learning_rate': '8.228e-06', 'epoch': '4.709'}
{'loss': '4.917e-05', 'grad_norm': '0.001397', 'learning_rate': '8.213e-06', 'epoch': '4.715'}
{'loss': '0.002618', 'grad_norm': '0.001125', 'learning_rate': '8.198e-06', 'epoch': '4.722'}
{'loss': '0.009414', 'grad_norm': '0.6436', 'learning_rate': '8.183e-06', 'epoch': '4.728'}
{'loss': '0.02859', 'grad_norm': '0.002497', 'learning_rate': '8.167e-06', 'epoch': '4.734'}
{'loss': '5.575e-05', 'grad_norm': '0.001104', 'learning_rate': '8.152e-06', 'epoch': '4.74'}
{'loss': '5.153e-05', 'grad_norm': '0.01632', 'learning_rate': '8.137e-06', 'epoch': '4.746'}
{'loss': '0.001708', 'grad_norm': '0.4955', 'learning_rate': '8.122e-06', 'epoch': '4.752'}
{'loss': '0.02637', 'grad_norm': '0.001584', 'learning_rate': '8.107e-06', 'epoch': '4.758'}
{'loss': '0.02575', 'grad_norm': '0.01173', 'learning_rate': '8.092e-06', 'epoch': '4.764'}
{'loss': '0.0002433', 'grad_norm': '0.006958', 'learning_rate': '8.077e-06', 'epoch': '4.77'}
{'loss': '0.003104', 'grad_norm': '0.001805', 'learning_rate': '8.061e-06', 'epoch': '4.776'}
{'loss': '0.003153', 'grad_norm': '0.001722', 'learning_rate': '8.046e-06', 'epoch': '4.782'}
{'loss': '0.008192', 'grad_norm': '0.002358', 'learning_rate': '8.031e-06', 'epoch': '4.788'}
{'loss': '6.582e-05', 'grad_norm': '0.001473', 'learning_rate': '8.016e-06', 'epoch': '4.794'}
{'loss': '5.013e-05', 'grad_norm': '0.001383', 'learning_rate': '8.001e-06', 'epoch': '4.8'}
{'loss': '0.002094', 'grad_norm': '0.001196', 'learning_rate': '7.986e-06', 'epoch': '4.806'}
{'loss': '5.658e-05', 'grad_norm': '0.02706', 'learning_rate': '7.971e-06', 'epoch': '4.812'}
{'loss': '0.01945', 'grad_norm': '0.001737', 'learning_rate': '7.956e-06', 'epoch': '4.818'}
{'loss': '0.00283', 'grad_norm': '0.003227', 'learning_rate': '7.94e-06', 'epoch': '4.824'}
{'loss': '6.911e-05', 'grad_norm': '0.001223', 'learning_rate': '7.925e-06', 'epoch': '4.831'}
{'loss': '5.992e-05', 'grad_norm': '0.001145', 'learning_rate': '7.91e-06', 'epoch': '4.837'}
{'loss': '0.002911', 'grad_norm': '0.001071', 'learning_rate': '7.895e-06', 'epoch': '4.843'}
{'loss': '0.002333', 'grad_norm': '0.0007924', 'learning_rate': '7.88e-06', 'epoch': '4.849'}
{'loss': '5.746e-05', 'grad_norm': '0.0008289', 'learning_rate': '7.865e-06', 'epoch': '4.855'}
{'loss': '0.002372', 'grad_norm': '0.0009455', 'learning_rate': '7.85e-06', 'epoch': '4.861'}
{'loss': '0.005703', 'grad_norm': '0.0008767', 'learning_rate': '7.834e-06', 'epoch': '4.867'}
{'loss': '0.002183', 'grad_norm': '0.0008309', 'learning_rate': '7.819e-06', 'epoch': '4.873'}
{'loss': '0.001228', 'grad_norm': '0.0009501', 'learning_rate': '7.804e-06', 'epoch': '4.879'}
{'loss': '0.002345', 'grad_norm': '0.0008207', 'learning_rate': '7.789e-06', 'epoch': '4.885'}
{'loss': '0.002317', 'grad_norm': '0.0008884', 'learning_rate': '7.774e-06', 'epoch': '4.891'}
{'loss': '0.004371', 'grad_norm': '0.0007757', 'learning_rate': '7.759e-06', 'epoch': '4.897'}
{'loss': '0.002251', 'grad_norm': '0.0006924', 'learning_rate': '7.744e-06', 'epoch': '4.903'}
{'loss': '4.219e-05', 'grad_norm': '0.01295', 'learning_rate': '7.729e-06', 'epoch': '4.909'}
{'loss': '0.002589', 'grad_norm': '0.000655', 'learning_rate': '7.713e-06', 'epoch': '4.915'}
{'loss': '0.003433', 'grad_norm': '0.0005732', 'learning_rate': '7.698e-06', 'epoch': '4.921'}
{'loss': '2.625e-05', 'grad_norm': '0.0006228', 'learning_rate': '7.683e-06', 'epoch': '4.927'}
{'loss': '0.007672', 'grad_norm': '0.0008167', 'learning_rate': '7.668e-06', 'epoch': '4.933'}
{'loss': '2.579e-05', 'grad_norm': '0.0006458', 'learning_rate': '7.653e-06', 'epoch': '4.939'}
{'loss': '0.002448', 'grad_norm': '0.6912', 'learning_rate': '7.638e-06', 'epoch': '4.946'}
{'loss': '0.002016', 'grad_norm': '0.0006179', 'learning_rate': '7.623e-06', 'epoch': '4.952'}
{'loss': '0.02594', 'grad_norm': '32.75', 'learning_rate': '7.607e-06', 'epoch': '4.958'}
{'loss': '0.001604', 'grad_norm': '0.0006133', 'learning_rate': '7.592e-06', 'epoch': '4.964'}
{'loss': '0.02322', 'grad_norm': '0.007224', 'learning_rate': '7.577e-06', 'epoch': '4.97'}
{'loss': '0.0004146', 'grad_norm': '0.0006134', 'learning_rate': '7.562e-06', 'epoch': '4.976'}
{'loss': '0.002997', 'grad_norm': '0.0006268', 'learning_rate': '7.547e-06', 'epoch': '4.982'}
{'loss': '0.006933', 'grad_norm': '0.0006952', 'learning_rate': '7.532e-06', 'epoch': '4.988'}
{'loss': '0.004455', 'grad_norm': '0.0006284', 'learning_rate': '7.517e-06', 'epoch': '4.994'}
{'loss': '0.0003811', 'grad_norm': '0.000601', 'learning_rate': '7.502e-06', 'epoch': '5'}
{'eval_loss': '0.7395', 'eval_accuracy': '0.9231', 'eval_precision': '0.9269', 'eval_recall': '0.9274', 'eval_f1': '0.9271', 'eval_runtime': '3.152', 'eval_samples_per_second': '4040', 'eval_steps_per_second': '63.13', 'epoch': '5'}
{'loss': '2.392e-05', 'grad_norm': '0.0005892', 'learning_rate': '7.486e-06', 'epoch': '5.006'}
{'loss': '0.002324', 'grad_norm': '0.0005811', 'learning_rate': '7.471e-06', 'epoch': '5.012'}
{'loss': '0.002852', 'grad_norm': '0.0008194', 'learning_rate': '7.456e-06', 'epoch': '5.018'}
{'loss': '2.514e-05', 'grad_norm': '0.0005694', 'learning_rate': '7.441e-06', 'epoch': '5.024'}
{'loss': '2.582e-05', 'grad_norm': '0.02493', 'learning_rate': '7.426e-06', 'epoch': '5.03'}
{'loss': '0.001366', 'grad_norm': '0.0005942', 'learning_rate': '7.411e-06', 'epoch': '5.036'}
{'loss': '0.001885', 'grad_norm': '0.0006829', 'learning_rate': '7.396e-06', 'epoch': '5.042'}
{'loss': '0.003155', 'grad_norm': '0.8037', 'learning_rate': '7.38e-06', 'epoch': '5.048'}
{'loss': '2.643e-05', 'grad_norm': '0.0006546', 'learning_rate': '7.365e-06', 'epoch': '5.054'}
{'loss': '0.004601', 'grad_norm': '0.0006163', 'learning_rate': '7.35e-06', 'epoch': '5.061'}
{'loss': '0.0006229', 'grad_norm': '0.0005461', 'learning_rate': '7.335e-06', 'epoch': '5.067'}
{'loss': '0.01391', 'grad_norm': '0.0006124', 'learning_rate': '7.32e-06', 'epoch': '5.073'}
{'loss': '0.03787', 'grad_norm': '0.0006238', 'learning_rate': '7.305e-06', 'epoch': '5.079'}
{'loss': '0.002178', 'grad_norm': '0.0008495', 'learning_rate': '7.29e-06', 'epoch': '5.085'}
{'loss': '2.872e-05', 'grad_norm': '0.00274', 'learning_rate': '7.275e-06', 'epoch': '5.091'}
{'loss': '0.002283', 'grad_norm': '0.0008075', 'learning_rate': '7.259e-06', 'epoch': '5.097'}
{'loss': '0.004607', 'grad_norm': '0.7414', 'learning_rate': '7.244e-06', 'epoch': '5.103'}
{'loss': '2.675e-05', 'grad_norm': '0.0006835', 'learning_rate': '7.229e-06', 'epoch': '5.109'}
{'loss': '0.004673', 'grad_norm': '0.0006343', 'learning_rate': '7.214e-06', 'epoch': '5.115'}
{'loss': '0.002408', 'grad_norm': '0.0007053', 'learning_rate': '7.199e-06', 'epoch': '5.121'}
{'loss': '0.004535', 'grad_norm': '0.0006699', 'learning_rate': '7.184e-06', 'epoch': '5.127'}
{'loss': '0.0053', 'grad_norm': '0.7619', 'learning_rate': '7.169e-06', 'epoch': '5.133'}
{'loss': '0.02624', 'grad_norm': '0.001054', 'learning_rate': '7.153e-06', 'epoch': '5.139'}
{'loss': '5.211e-05', 'grad_norm': '0.003044', 'learning_rate': '7.138e-06', 'epoch': '5.145'}
{'loss': '9.083e-05', 'grad_norm': '0.008812', 'learning_rate': '7.123e-06', 'epoch': '5.151'}
{'loss': '0.001945', 'grad_norm': '0.5702', 'learning_rate': '7.108e-06', 'epoch': '5.157'}
{'loss': '0.00455', 'grad_norm': '2.699', 'learning_rate': '7.093e-06', 'epoch': '5.163'}
{'loss': '5.354e-05', 'grad_norm': '0.001358', 'learning_rate': '7.078e-06', 'epoch': '5.169'}
{'loss': '0.002783', 'grad_norm': '0.7308', 'learning_rate': '7.063e-06', 'epoch': '5.176'}
{'loss': '4.049e-05', 'grad_norm': '0.001105', 'learning_rate': '7.048e-06', 'epoch': '5.182'}
{'loss': '0.002693', 'grad_norm': '0.000787', 'learning_rate': '7.032e-06', 'epoch': '5.188'}
{'loss': '3.421e-05', 'grad_norm': '0.0007051', 'learning_rate': '7.017e-06', 'epoch': '5.194'}
{'loss': '0.004109', 'grad_norm': '0.6613', 'learning_rate': '7.002e-06', 'epoch': '5.2'}
{'loss': '0.002606', 'grad_norm': '0.001268', 'learning_rate': '6.987e-06', 'epoch': '5.206'}
{'loss': '0.001453', 'grad_norm': '0.0007593', 'learning_rate': '6.972e-06', 'epoch': '5.212'}
{'loss': '0.001229', 'grad_norm': '0.0008212', 'learning_rate': '6.957e-06', 'epoch': '5.218'}
{'loss': '2.967e-05', 'grad_norm': '0.0007551', 'learning_rate': '6.942e-06', 'epoch': '5.224'}
{'loss': '0.002476', 'grad_norm': '0.000677', 'learning_rate': '6.926e-06', 'epoch': '5.23'}
{'loss': '0.002639', 'grad_norm': '0.0007077', 'learning_rate': '6.911e-06', 'epoch': '5.236'}
{'loss': '0.002599', 'grad_norm': '0.0006718', 'learning_rate': '6.896e-06', 'epoch': '5.242'}
{'loss': '0.00321', 'grad_norm': '0.0006676', 'learning_rate': '6.881e-06', 'epoch': '5.248'}
{'loss': '0.008355', 'grad_norm': '0.0006783', 'learning_rate': '6.866e-06', 'epoch': '5.254'}
{'loss': '0.003818', 'grad_norm': '0.01675', 'learning_rate': '6.851e-06', 'epoch': '5.26'}
{'loss': '0.02818', 'grad_norm': '22.37', 'learning_rate': '6.836e-06', 'epoch': '5.266'}
{'loss': '2.798e-05', 'grad_norm': '0.0006815', 'learning_rate': '6.821e-06', 'epoch': '5.272'}
{'loss': '3.307e-05', 'grad_norm': '0.0009235', 'learning_rate': '6.805e-06', 'epoch': '5.278'}
{'loss': '0.002041', 'grad_norm': '0.0006422', 'learning_rate': '6.79e-06', 'epoch': '5.285'}
{'loss': '0.002441', 'grad_norm': '0.0006772', 'learning_rate': '6.775e-06', 'epoch': '5.291'}
{'loss': '3.084e-05', 'grad_norm': '0.0006654', 'learning_rate': '6.76e-06', 'epoch': '5.297'}
{'loss': '8.867e-05', 'grad_norm': '0.0007424', 'learning_rate': '6.745e-06', 'epoch': '5.303'}
{'loss': '3.492e-05', 'grad_norm': '0.0005908', 'learning_rate': '6.73e-06', 'epoch': '5.309'}
{'loss': '0.003771', 'grad_norm': '0.0006772', 'learning_rate': '6.715e-06', 'epoch': '5.315'}
{'loss': '0.001873', 'grad_norm': '0.0005975', 'learning_rate': '6.699e-06', 'epoch': '5.321'}
{'loss': '0.002916', 'grad_norm': '0.0005872', 'learning_rate': '6.684e-06', 'epoch': '5.327'}
{'loss': '2.548e-05', 'grad_norm': '0.0006507', 'learning_rate': '6.669e-06', 'epoch': '5.333'}
{'loss': '0.006712', 'grad_norm': '91.63', 'learning_rate': '6.654e-06', 'epoch': '5.339'}
{'loss': '0.003322', 'grad_norm': '0.0006344', 'learning_rate': '6.639e-06', 'epoch': '5.345'}
{'loss': '0.04196', 'grad_norm': '0.0007087', 'learning_rate': '6.624e-06', 'epoch': '5.351'}
{'loss': '0.001438', 'grad_norm': '0.4663', 'learning_rate': '6.609e-06', 'epoch': '5.357'}
{'loss': '0.002905', 'grad_norm': '0.0005628', 'learning_rate': '6.594e-06', 'epoch': '5.363'}
{'loss': '2.502e-05', 'grad_norm': '0.000574', 'learning_rate': '6.578e-06', 'epoch': '5.369'}
{'loss': '2.601e-05', 'grad_norm': '0.0005948', 'learning_rate': '6.563e-06', 'epoch': '5.375'}
{'loss': '0.004818', 'grad_norm': '0.0006259', 'learning_rate': '6.548e-06', 'epoch': '5.381'}
{'loss': '0.002589', 'grad_norm': '0.005512', 'learning_rate': '6.533e-06', 'epoch': '5.387'}
{'loss': '0.00366', 'grad_norm': '0.0005532', 'learning_rate': '6.518e-06', 'epoch': '5.393'}
{'loss': '2.316e-05', 'grad_norm': '0.0005921', 'learning_rate': '6.503e-06', 'epoch': '5.4'}
{'loss': '0.002022', 'grad_norm': '0.00339', 'learning_rate': '6.488e-06', 'epoch': '5.406'}
{'loss': '2.884e-05', 'grad_norm': '0.007717', 'learning_rate': '6.472e-06', 'epoch': '5.412'}
{'loss': '2.282e-05', 'grad_norm': '0.0005504', 'learning_rate': '6.457e-06', 'epoch': '5.418'}
{'loss': '0.002786', 'grad_norm': '0.0004892', 'learning_rate': '6.442e-06', 'epoch': '5.424'}
{'loss': '2.217e-05', 'grad_norm': '0.0007681', 'learning_rate': '6.427e-06', 'epoch': '5.43'}
{'loss': '7.072e-05', 'grad_norm': '0.0005242', 'learning_rate': '6.412e-06', 'epoch': '5.436'}
{'loss': '0.008952', 'grad_norm': '0.0005141', 'learning_rate': '6.397e-06', 'epoch': '5.442'}
{'loss': '6.512e-05', 'grad_norm': '0.0004986', 'learning_rate': '6.382e-06', 'epoch': '5.448'}
{'loss': '0.00217', 'grad_norm': '0.0006253', 'learning_rate': '6.367e-06', 'epoch': '5.454'}
{'loss': '0.001957', 'grad_norm': '0.5893', 'learning_rate': '6.351e-06', 'epoch': '5.46'}
{'loss': '0.004218', 'grad_norm': '0.000517', 'learning_rate': '6.336e-06', 'epoch': '5.466'}
{'loss': '0.003036', 'grad_norm': '0.0004992', 'learning_rate': '6.321e-06', 'epoch': '5.472'}
{'loss': '0.00186', 'grad_norm': '0.0005404', 'learning_rate': '6.306e-06', 'epoch': '5.478'}
{'loss': '0.0499', 'grad_norm': '0.003874', 'learning_rate': '6.291e-06', 'epoch': '5.484'}
{'loss': '0.02865', 'grad_norm': '0.001075', 'learning_rate': '6.276e-06', 'epoch': '5.49'}
{'loss': '0.003562', 'grad_norm': '0.0008135', 'learning_rate': '6.261e-06', 'epoch': '5.496'}
{'loss': '2.963e-05', 'grad_norm': '0.0006688', 'learning_rate': '6.245e-06', 'epoch': '5.502'}
{'loss': '0.004431', 'grad_norm': '0.0006826', 'learning_rate': '6.23e-06', 'epoch': '5.508'}
{'loss': '0.01729', 'grad_norm': '0.0008447', 'learning_rate': '6.215e-06', 'epoch': '5.515'}
{'loss': '0.03192', 'grad_norm': '0.001769', 'learning_rate': '6.2e-06', 'epoch': '5.521'}
{'loss': '0.0002802', 'grad_norm': '0.008276', 'learning_rate': '6.185e-06', 'epoch': '5.527'}
{'loss': '0.0004778', 'grad_norm': '0.0113', 'learning_rate': '6.17e-06', 'epoch': '5.533'}
{'loss': '0.005624', 'grad_norm': '1.039', 'learning_rate': '6.155e-06', 'epoch': '5.539'}
{'loss': '0.0002247', 'grad_norm': '0.007259', 'learning_rate': '6.14e-06', 'epoch': '5.545'}
{'loss': '0.01294', 'grad_norm': '0.003139', 'learning_rate': '6.124e-06', 'epoch': '5.551'}
{'loss': '0.02774', 'grad_norm': '0.003257', 'learning_rate': '6.109e-06', 'epoch': '5.557'}
{'loss': '0.002143', 'grad_norm': '0.005293', 'learning_rate': '6.094e-06', 'epoch': '5.563'}
{'loss': '0.01833', 'grad_norm': '0.003208', 'learning_rate': '6.079e-06', 'epoch': '5.569'}
{'loss': '0.04388', 'grad_norm': '0.03205', 'learning_rate': '6.064e-06', 'epoch': '5.575'}
{'loss': '0.004134', 'grad_norm': '0.09283', 'learning_rate': '6.049e-06', 'epoch': '5.581'}
{'loss': '0.01787', 'grad_norm': '0.1924', 'learning_rate': '6.034e-06', 'epoch': '5.587'}
{'loss': '0.001503', 'grad_norm': '0.04416', 'learning_rate': '6.018e-06', 'epoch': '5.593'}
{'loss': '0.01681', 'grad_norm': '1.349', 'learning_rate': '6.003e-06', 'epoch': '5.599'}
{'loss': '0.001916', 'grad_norm': '0.4541', 'learning_rate': '5.988e-06', 'epoch': '5.605'}
{'loss': '0.02923', 'grad_norm': '0.01002', 'learning_rate': '5.973e-06', 'epoch': '5.611'}
{'loss': '0.0002921', 'grad_norm': '0.007943', 'learning_rate': '5.958e-06', 'epoch': '5.617'}
{'loss': '0.0002244', 'grad_norm': '0.005043', 'learning_rate': '5.943e-06', 'epoch': '5.623'}
{'loss': '0.0001836', 'grad_norm': '0.002876', 'learning_rate': '5.928e-06', 'epoch': '5.63'}
{'loss': '0.0003731', 'grad_norm': '0.003887', 'learning_rate': '5.913e-06', 'epoch': '5.636'}
{'loss': '0.0002049', 'grad_norm': '0.01379', 'learning_rate': '5.897e-06', 'epoch': '5.642'}
{'loss': '0.0001694', 'grad_norm': '0.002197', 'learning_rate': '5.882e-06', 'epoch': '5.648'}
{'loss': '0.04797', 'grad_norm': '0.009438', 'learning_rate': '5.867e-06', 'epoch': '5.654'}
{'loss': '0.00188', 'grad_norm': '0.004794', 'learning_rate': '5.852e-06', 'epoch': '5.66'}
{'loss': '0.007683', 'grad_norm': '1.33', 'learning_rate': '5.837e-06', 'epoch': '5.666'}
{'loss': '0.000434', 'grad_norm': '0.007995', 'learning_rate': '5.822e-06', 'epoch': '5.672'}
{'loss': '0.002477', 'grad_norm': '0.03215', 'learning_rate': '5.807e-06', 'epoch': '5.678'}
{'loss': '0.0003759', 'grad_norm': '0.03845', 'learning_rate': '5.791e-06', 'epoch': '5.684'}
{'loss': '0.02336', 'grad_norm': '0.004749', 'learning_rate': '5.776e-06', 'epoch': '5.69'}
{'loss': '0.0001184', 'grad_norm': '0.002631', 'learning_rate': '5.761e-06', 'epoch': '5.696'}
{'loss': '0.01445', 'grad_norm': '0.01006', 'learning_rate': '5.746e-06', 'epoch': '5.702'}
{'loss': '0.000222', 'grad_norm': '0.01102', 'learning_rate': '5.731e-06', 'epoch': '5.708'}
{'loss': '0.01632', 'grad_norm': '0.01335', 'learning_rate': '5.716e-06', 'epoch': '5.714'}
{'loss': '0.0001406', 'grad_norm': '0.003089', 'learning_rate': '5.701e-06', 'epoch': '5.72'}
{'loss': '0.000476', 'grad_norm': '0.002757', 'learning_rate': '5.686e-06', 'epoch': '5.726'}
{'loss': '0.0002102', 'grad_norm': '0.02782', 'learning_rate': '5.67e-06', 'epoch': '5.732'}
{'loss': '0.01078', 'grad_norm': '0.005631', 'learning_rate': '5.655e-06', 'epoch': '5.738'}
{'loss': '0.0001636', 'grad_norm': '0.005523', 'learning_rate': '5.64e-06', 'epoch': '5.745'}
{'loss': '0.003169', 'grad_norm': '0.001692', 'learning_rate': '5.625e-06', 'epoch': '5.751'}
{'loss': '0.004528', 'grad_norm': '0.01464', 'learning_rate': '5.61e-06', 'epoch': '5.757'}
{'loss': '0.01351', 'grad_norm': '0.8977', 'learning_rate': '5.595e-06', 'epoch': '5.763'}
{'loss': '0.0001274', 'grad_norm': '0.117', 'learning_rate': '5.58e-06', 'epoch': '5.769'}
{'loss': '0.0003798', 'grad_norm': '0.002411', 'learning_rate': '5.564e-06', 'epoch': '5.775'}
{'loss': '0.002799', 'grad_norm': '0.001926', 'learning_rate': '5.549e-06', 'epoch': '5.781'}
{'loss': '0.0006204', 'grad_norm': '0.001661', 'learning_rate': '5.534e-06', 'epoch': '5.787'}
{'loss': '0.004385', 'grad_norm': '0.001505', 'learning_rate': '5.519e-06', 'epoch': '5.793'}
{'loss': '9.418e-05', 'grad_norm': '0.00109', 'learning_rate': '5.504e-06', 'epoch': '5.799'}
{'loss': '0.00186', 'grad_norm': '0.00136', 'learning_rate': '5.489e-06', 'epoch': '5.805'}
{'loss': '0.02887', 'grad_norm': '0.005994', 'learning_rate': '5.474e-06', 'epoch': '5.811'}
{'loss': '0.005712', 'grad_norm': '0.004086', 'learning_rate': '5.459e-06', 'epoch': '5.817'}
{'loss': '0.0001521', 'grad_norm': '0.004906', 'learning_rate': '5.443e-06', 'epoch': '5.823'}
{'loss': '0.007931', 'grad_norm': '0.002567', 'learning_rate': '5.428e-06', 'epoch': '5.829'}
{'loss': '0.0001032', 'grad_norm': '0.002031', 'learning_rate': '5.413e-06', 'epoch': '5.835'}
{'loss': '0.00397', 'grad_norm': '0.001524', 'learning_rate': '5.398e-06', 'epoch': '5.841'}
{'loss': '0.004943', 'grad_norm': '0.002509', 'learning_rate': '5.383e-06', 'epoch': '5.847'}
{'loss': '0.004311', 'grad_norm': '0.001508', 'learning_rate': '5.368e-06', 'epoch': '5.854'}
{'loss': '0.004284', 'grad_norm': '0.001493', 'learning_rate': '5.353e-06', 'epoch': '5.86'}
{'loss': '0.003126', 'grad_norm': '0.001292', 'learning_rate': '5.337e-06', 'epoch': '5.866'}
{'loss': '0.007521', 'grad_norm': '0.00211', 'learning_rate': '5.322e-06', 'epoch': '5.872'}
{'loss': '6.498e-05', 'grad_norm': '0.00142', 'learning_rate': '5.307e-06', 'epoch': '5.878'}
{'loss': '0.01385', 'grad_norm': '0.001061', 'learning_rate': '5.292e-06', 'epoch': '5.884'}
{'loss': '0.00289', 'grad_norm': '0.001111', 'learning_rate': '5.277e-06', 'epoch': '5.89'}
{'loss': '0.003242', 'grad_norm': '0.001331', 'learning_rate': '5.262e-06', 'epoch': '5.896'}
{'loss': '0.02099', 'grad_norm': '0.001634', 'learning_rate': '5.247e-06', 'epoch': '5.902'}
{'loss': '5.267e-05', 'grad_norm': '0.001298', 'learning_rate': '5.232e-06', 'epoch': '5.908'}
{'loss': '0.03621', 'grad_norm': '0.005317', 'learning_rate': '5.216e-06', 'epoch': '5.914'}
{'loss': '0.001987', 'grad_norm': '0.005593', 'learning_rate': '5.201e-06', 'epoch': '5.92'}
{'loss': '0.001381', 'grad_norm': '0.003118', 'learning_rate': '5.186e-06', 'epoch': '5.926'}
{'loss': '0.002443', 'grad_norm': '0.004924', 'learning_rate': '5.171e-06', 'epoch': '5.932'}
{'loss': '0.005111', 'grad_norm': '0.6989', 'learning_rate': '5.156e-06', 'epoch': '5.938'}
{'loss': '0.01368', 'grad_norm': '0.005161', 'learning_rate': '5.141e-06', 'epoch': '5.944'}
{'loss': '0.004499', 'grad_norm': '0.6474', 'learning_rate': '5.126e-06', 'epoch': '5.95'}
{'loss': '0.00221', 'grad_norm': '0.003748', 'learning_rate': '5.11e-06', 'epoch': '5.956'}
{'loss': '0.004388', 'grad_norm': '0.2946', 'learning_rate': '5.095e-06', 'epoch': '5.962'}
{'loss': '0.004809', 'grad_norm': '0.5583', 'learning_rate': '5.08e-06', 'epoch': '5.969'}
{'loss': '7.808e-05', 'grad_norm': '0.003601', 'learning_rate': '5.065e-06', 'epoch': '5.975'}
{'loss': '7.514e-05', 'grad_norm': '0.003329', 'learning_rate': '5.05e-06', 'epoch': '5.981'}
{'loss': '0.01254', 'grad_norm': '0.001861', 'learning_rate': '5.035e-06', 'epoch': '5.987'}
{'loss': '0.002041', 'grad_norm': '0.001498', 'learning_rate': '5.02e-06', 'epoch': '5.993'}
{'loss': '0.001552', 'grad_norm': '0.001527', 'learning_rate': '5.005e-06', 'epoch': '5.999'}
{'eval_loss': '0.6456', 'eval_accuracy': '0.9179', 'eval_precision': '0.9106', 'eval_recall': '0.9363', 'eval_f1': '0.9233', 'eval_runtime': '3.154', 'eval_samples_per_second': '4038', 'eval_steps_per_second': '63.09', 'epoch': '6'}
{'loss': '6.364e-05', 'grad_norm': '0.001503', 'learning_rate': '4.989e-06', 'epoch': '6.005'}
{'loss': '6.087e-05', 'grad_norm': '0.001386', 'learning_rate': '4.974e-06', 'epoch': '6.011'}
{'loss': '7.947e-05', 'grad_norm': '0.1439', 'learning_rate': '4.959e-06', 'epoch': '6.017'}
{'loss': '5.741e-05', 'grad_norm': '0.001355', 'learning_rate': '4.944e-06', 'epoch': '6.023'}
{'loss': '0.001003', 'grad_norm': '0.008676', 'learning_rate': '4.929e-06', 'epoch': '6.029'}
{'loss': '0.006089', 'grad_norm': '0.001489', 'learning_rate': '4.914e-06', 'epoch': '6.035'}
{'loss': '0.002504', 'grad_norm': '0.001627', 'learning_rate': '4.899e-06', 'epoch': '6.041'}
{'loss': '0.000136', 'grad_norm': '0.001265', 'learning_rate': '4.883e-06', 'epoch': '6.047'}
{'loss': '4.804e-05', 'grad_norm': '0.001177', 'learning_rate': '4.868e-06', 'epoch': '6.053'}
{'loss': '0.004922', 'grad_norm': '0.001371', 'learning_rate': '4.853e-06', 'epoch': '6.059'}
{'loss': '0.0001328', 'grad_norm': '0.001044', 'learning_rate': '4.838e-06', 'epoch': '6.065'}
{'loss': '0.003355', 'grad_norm': '0.001862', 'learning_rate': '4.823e-06', 'epoch': '6.071'}
{'loss': '0.004452', 'grad_norm': '0.001237', 'learning_rate': '4.808e-06', 'epoch': '6.077'}
{'loss': '0.008603', 'grad_norm': '0.001484', 'learning_rate': '4.793e-06', 'epoch': '6.084'}
{'loss': '0.003994', 'grad_norm': '0.003434', 'learning_rate': '4.778e-06', 'epoch': '6.09'}
{'loss': '0.007385', 'grad_norm': '0.001212', 'learning_rate': '4.762e-06', 'epoch': '6.096'}
{'loss': '4.77e-05', 'grad_norm': '0.00107', 'learning_rate': '4.747e-06', 'epoch': '6.102'}
{'loss': '0.002065', 'grad_norm': '0.00106', 'learning_rate': '4.732e-06', 'epoch': '6.108'}
{'loss': '4.93e-05', 'grad_norm': '0.001201', 'learning_rate': '4.717e-06', 'epoch': '6.114'}
{'loss': '5.724e-05', 'grad_norm': '0.001502', 'learning_rate': '4.702e-06', 'epoch': '6.12'}
{'loss': '5.14e-05', 'grad_norm': '0.01409', 'learning_rate': '4.687e-06', 'epoch': '6.126'}
{'loss': '0.003477', 'grad_norm': '0.002339', 'learning_rate': '4.672e-06', 'epoch': '6.132'}
{'loss': '0.002126', 'grad_norm': '0.5311', 'learning_rate': '4.656e-06', 'epoch': '6.138'}
{'loss': '4.939e-05', 'grad_norm': '0.001354', 'learning_rate': '4.641e-06', 'epoch': '6.144'}
{'loss': '0.004573', 'grad_norm': '0.001318', 'learning_rate': '4.626e-06', 'epoch': '6.15'}
{'loss': '4.242e-05', 'grad_norm': '0.001123', 'learning_rate': '4.611e-06', 'epoch': '6.156'}
{'loss': '0.005282', 'grad_norm': '0.006527', 'learning_rate': '4.596e-06', 'epoch': '6.162'}
{'loss': '4.076e-05', 'grad_norm': '0.0009624', 'learning_rate': '4.581e-06', 'epoch': '6.168'}
{'loss': '4.616e-05', 'grad_norm': '0.04748', 'learning_rate': '4.566e-06', 'epoch': '6.174'}
{'loss': '0.006912', 'grad_norm': '0.005551', 'learning_rate': '4.551e-06', 'epoch': '6.18'}
{'loss': '0.006514', 'grad_norm': '0.0009766', 'learning_rate': '4.535e-06', 'epoch': '6.186'}
{'loss': '0.01987', 'grad_norm': '0.0009063', 'learning_rate': '4.52e-06', 'epoch': '6.192'}
{'loss': '0.001744', 'grad_norm': '0.0009894', 'learning_rate': '4.505e-06', 'epoch': '6.199'}
{'loss': '0.002591', 'grad_norm': '0.000867', 'learning_rate': '4.49e-06', 'epoch': '6.205'}
{'loss': '3.894e-05', 'grad_norm': '0.001025', 'learning_rate': '4.475e-06', 'epoch': '6.211'}
{'loss': '0.01593', 'grad_norm': '48.8', 'learning_rate': '4.46e-06', 'epoch': '6.217'}
{'loss': '0.004789', 'grad_norm': '0.001098', 'learning_rate': '4.445e-06', 'epoch': '6.223'}
{'loss': '0.01496', 'grad_norm': '0.0009024', 'learning_rate': '4.429e-06', 'epoch': '6.229'}
{'loss': '0.004004', 'grad_norm': '0.0008919', 'learning_rate': '4.414e-06', 'epoch': '6.235'}
{'loss': '0.00416', 'grad_norm': '0.5176', 'learning_rate': '4.399e-06', 'epoch': '6.241'}
{'loss': '4.258e-05', 'grad_norm': '0.0008981', 'learning_rate': '4.384e-06', 'epoch': '6.247'}
{'loss': '0.004071', 'grad_norm': '0.575', 'learning_rate': '4.369e-06', 'epoch': '6.253'}
{'loss': '0.001934', 'grad_norm': '0.001175', 'learning_rate': '4.354e-06', 'epoch': '6.259'}
{'loss': '0.0001234', 'grad_norm': '0.000918', 'learning_rate': '4.339e-06', 'epoch': '6.265'}
{'loss': '0.002063', 'grad_norm': '0.0008493', 'learning_rate': '4.324e-06', 'epoch': '6.271'}
{'loss': '0.001557', 'grad_norm': '0.0009863', 'learning_rate': '4.308e-06', 'epoch': '6.277'}
{'loss': '0.01236', 'grad_norm': '0.0009525', 'learning_rate': '4.293e-06', 'epoch': '6.283'}
{'loss': '0.0008842', 'grad_norm': '0.0008436', 'learning_rate': '4.278e-06', 'epoch': '6.289'}
{'loss': '0.005446', 'grad_norm': '0.4097', 'learning_rate': '4.263e-06', 'epoch': '6.295'}
{'loss': '0.0006353', 'grad_norm': '0.0007829', 'learning_rate': '4.248e-06', 'epoch': '6.301'}
{'loss': '0.004262', 'grad_norm': '0.000787', 'learning_rate': '4.233e-06', 'epoch': '6.308'}
{'loss': '0.02964', 'grad_norm': '0.0008183', 'learning_rate': '4.218e-06', 'epoch': '6.314'}
{'loss': '0.002692', 'grad_norm': '0.0009996', 'learning_rate': '4.202e-06', 'epoch': '6.32'}
{'loss': '3.783e-05', 'grad_norm': '0.0009437', 'learning_rate': '4.187e-06', 'epoch': '6.326'}
{'loss': '0.00242', 'grad_norm': '0.0009965', 'learning_rate': '4.172e-06', 'epoch': '6.332'}
{'loss': '0.004185', 'grad_norm': '0.0008057', 'learning_rate': '4.157e-06', 'epoch': '6.338'}
{'loss': '0.00043', 'grad_norm': '0.0009108', 'learning_rate': '4.142e-06', 'epoch': '6.344'}
{'loss': '3.711e-05', 'grad_norm': '0.0007461', 'learning_rate': '4.127e-06', 'epoch': '6.35'}
{'loss': '0.004633', 'grad_norm': '0.002693', 'learning_rate': '4.112e-06', 'epoch': '6.356'}
{'loss': '5.401e-05', 'grad_norm': '0.001178', 'learning_rate': '4.097e-06', 'epoch': '6.362'}
{'loss': '0.001868', 'grad_norm': '0.0009724', 'learning_rate': '4.081e-06', 'epoch': '6.368'}
{'loss': '0.0229', 'grad_norm': '0.0009606', 'learning_rate': '4.066e-06', 'epoch': '6.374'}
{'loss': '0.002203', 'grad_norm': '0.001078', 'learning_rate': '4.051e-06', 'epoch': '6.38'}
{'loss': '3.438e-05', 'grad_norm': '0.0008234', 'learning_rate': '4.036e-06', 'epoch': '6.386'}
{'loss': '0.00219', 'grad_norm': '0.0009717', 'learning_rate': '4.021e-06', 'epoch': '6.392'}
{'loss': '0.003602', 'grad_norm': '0.7306', 'learning_rate': '4.006e-06', 'epoch': '6.398'}
{'loss': '0.002314', 'grad_norm': '0.0007158', 'learning_rate': '3.991e-06', 'epoch': '6.404'}
{'loss': '3.881e-05', 'grad_norm': '0.002395', 'learning_rate': '3.975e-06', 'epoch': '6.41'}
{'loss': '0.002699', 'grad_norm': '0.0008672', 'learning_rate': '3.96e-06', 'epoch': '6.416'}
{'loss': '3.631e-05', 'grad_norm': '0.0007669', 'learning_rate': '3.945e-06', 'epoch': '6.423'}
{'loss': '0.002162', 'grad_norm': '0.05459', 'learning_rate': '3.93e-06', 'epoch': '6.429'}
{'loss': '0.002075', 'grad_norm': '0.0007172', 'learning_rate': '3.915e-06', 'epoch': '6.435'}
{'loss': '0.001964', 'grad_norm': '0.0008159', 'learning_rate': '3.9e-06', 'epoch': '6.441'}
{'loss': '0.0024', 'grad_norm': '0.000834', 'learning_rate': '3.885e-06', 'epoch': '6.447'}
{'loss': '3.157e-05', 'grad_norm': '0.0008906', 'learning_rate': '3.87e-06', 'epoch': '6.453'}
{'loss': '0.0001466', 'grad_norm': '0.0007868', 'learning_rate': '3.854e-06', 'epoch': '6.459'}
{'loss': '0.002292', 'grad_norm': '0.0007195', 'learning_rate': '3.839e-06', 'epoch': '6.465'}
{'loss': '0.02623', 'grad_norm': '5.937', 'learning_rate': '3.824e-06', 'epoch': '6.471'}
{'loss': '0.001763', 'grad_norm': '0.001066', 'learning_rate': '3.809e-06', 'epoch': '6.477'}
{'loss': '0.002521', 'grad_norm': '0.001128', 'learning_rate': '3.794e-06', 'epoch': '6.483'}
{'loss': '0.002145', 'grad_norm': '0.6226', 'learning_rate': '3.779e-06', 'epoch': '6.489'}
{'loss': '0.005308', 'grad_norm': '0.0007954', 'learning_rate': '3.764e-06', 'epoch': '6.495'}
{'loss': '0.003818', 'grad_norm': '0.001056', 'learning_rate': '3.748e-06', 'epoch': '6.501'}
{'loss': '6.001e-05', 'grad_norm': '0.0009801', 'learning_rate': '3.733e-06', 'epoch': '6.507'}
{'loss': '0.00326', 'grad_norm': '0.0007679', 'learning_rate': '3.718e-06', 'epoch': '6.513'}
{'loss': '3.495e-05', 'grad_norm': '0.0008181', 'learning_rate': '3.703e-06', 'epoch': '6.519'}
{'loss': '0.00157', 'grad_norm': '0.0007259', 'learning_rate': '3.688e-06', 'epoch': '6.525'}
{'loss': '0.002496', 'grad_norm': '0.0008458', 'learning_rate': '3.673e-06', 'epoch': '6.531'}
{'loss': '3.223e-05', 'grad_norm': '0.0007133', 'learning_rate': '3.658e-06', 'epoch': '6.538'}
{'loss': '0.002036', 'grad_norm': '0.001222', 'learning_rate': '3.643e-06', 'epoch': '6.544'}
{'loss': '6.973e-05', 'grad_norm': '0.0007966', 'learning_rate': '3.627e-06', 'epoch': '6.55'}
{'loss': '0.005314', 'grad_norm': '0.0007596', 'learning_rate': '3.612e-06', 'epoch': '6.556'}
{'loss': '0.004627', 'grad_norm': '0.0008804', 'learning_rate': '3.597e-06', 'epoch': '6.562'}
{'loss': '3.709e-05', 'grad_norm': '0.0007837', 'learning_rate': '3.582e-06', 'epoch': '6.568'}
{'loss': '0.003257', 'grad_norm': '0.001304', 'learning_rate': '3.567e-06', 'epoch': '6.574'}
{'loss': '0.002638', 'grad_norm': '0.0009377', 'learning_rate': '3.552e-06', 'epoch': '6.58'}
{'loss': '0.00643', 'grad_norm': '0.03111', 'learning_rate': '3.537e-06', 'epoch': '6.586'}
{'loss': '0.002886', 'grad_norm': '0.0006756', 'learning_rate': '3.521e-06', 'epoch': '6.592'}
{'loss': '2.82e-05', 'grad_norm': '0.0007366', 'learning_rate': '3.506e-06', 'epoch': '6.598'}
{'loss': '2.966e-05', 'grad_norm': '0.0006622', 'learning_rate': '3.491e-06', 'epoch': '6.604'}
{'loss': '0.001621', 'grad_norm': '0.0008073', 'learning_rate': '3.476e-06', 'epoch': '6.61'}
{'loss': '2.875e-05', 'grad_norm': '0.0006931', 'learning_rate': '3.461e-06', 'epoch': '6.616'}
{'loss': '0.0005691', 'grad_norm': '0.000688', 'learning_rate': '3.446e-06', 'epoch': '6.622'}
{'loss': '0.001697', 'grad_norm': '0.0006883', 'learning_rate': '3.431e-06', 'epoch': '6.628'}
{'loss': '2.851e-05', 'grad_norm': '0.0008607', 'learning_rate': '3.416e-06', 'epoch': '6.634'}
{'loss': '3.169e-05', 'grad_norm': '0.0007512', 'learning_rate': '3.4e-06', 'epoch': '6.64'}
{'loss': '0.003769', 'grad_norm': '0.0007715', 'learning_rate': '3.385e-06', 'epoch': '6.646'}
{'loss': '0.002393', 'grad_norm': '0.009575', 'learning_rate': '3.37e-06', 'epoch': '6.653'}
{'loss': '0.005169', 'grad_norm': '0.0006649', 'learning_rate': '3.355e-06', 'epoch': '6.659'}
{'loss': '3.268e-05', 'grad_norm': '0.0006527', 'learning_rate': '3.34e-06', 'epoch': '6.665'}
{'loss': '2.662e-05', 'grad_norm': '0.0006566', 'learning_rate': '3.325e-06', 'epoch': '6.671'}
{'loss': '0.001909', 'grad_norm': '0.000757', 'learning_rate': '3.31e-06', 'epoch': '6.677'}
{'loss': '0.03067', 'grad_norm': '0.0006578', 'learning_rate': '3.294e-06', 'epoch': '6.683'}
{'loss': '0.009204', 'grad_norm': '0.0009253', 'learning_rate': '3.279e-06', 'epoch': '6.689'}
{'loss': '0.004713', 'grad_norm': '0.001068', 'learning_rate': '3.264e-06', 'epoch': '6.695'}
{'loss': '0.002028', 'grad_norm': '0.0007857', 'learning_rate': '3.249e-06', 'epoch': '6.701'}
{'loss': '4.003e-05', 'grad_norm': '0.001417', 'learning_rate': '3.234e-06', 'epoch': '6.707'}
{'loss': '0.002504', 'grad_norm': '0.000826', 'learning_rate': '3.219e-06', 'epoch': '6.713'}
{'loss': '6.72e-05', 'grad_norm': '0.001033', 'learning_rate': '3.204e-06', 'epoch': '6.719'}
{'loss': '3.961e-05', 'grad_norm': '0.001312', 'learning_rate': '3.189e-06', 'epoch': '6.725'}
{'loss': '0.001515', 'grad_norm': '0.00104', 'learning_rate': '3.173e-06', 'epoch': '6.731'}
{'loss': '0.00254', 'grad_norm': '0.6961', 'learning_rate': '3.158e-06', 'epoch': '6.737'}
{'loss': '0.002001', 'grad_norm': '0.01017', 'learning_rate': '3.143e-06', 'epoch': '6.743'}
{'loss': '3.695e-05', 'grad_norm': '0.0008543', 'learning_rate': '3.128e-06', 'epoch': '6.749'}
{'loss': '0.00201', 'grad_norm': '0.0009131', 'learning_rate': '3.113e-06', 'epoch': '6.755'}
{'loss': '3.326e-05', 'grad_norm': '0.001058', 'learning_rate': '3.098e-06', 'epoch': '6.762'}
{'loss': '3.359e-05', 'grad_norm': '0.0008804', 'learning_rate': '3.083e-06', 'epoch': '6.768'}
{'loss': '0.004017', 'grad_norm': '0.001217', 'learning_rate': '3.067e-06', 'epoch': '6.774'}
{'loss': '3.289e-05', 'grad_norm': '0.0009228', 'learning_rate': '3.052e-06', 'epoch': '6.78'}
{'loss': '3.102e-05', 'grad_norm': '0.000702', 'learning_rate': '3.037e-06', 'epoch': '6.786'}
{'loss': '3.56e-05', 'grad_norm': '0.00079', 'learning_rate': '3.022e-06', 'epoch': '6.792'}
{'loss': '0.01834', 'grad_norm': '0.00136', 'learning_rate': '3.007e-06', 'epoch': '6.798'}
{'loss': '0.0007313', 'grad_norm': '0.001916', 'learning_rate': '2.992e-06', 'epoch': '6.804'}
{'loss': '0.006198', 'grad_norm': '0.001779', 'learning_rate': '2.977e-06', 'epoch': '6.81'}
{'loss': '0.001499', 'grad_norm': '0.001128', 'learning_rate': '2.962e-06', 'epoch': '6.816'}
{'loss': '3.591e-05', 'grad_norm': '0.0009099', 'learning_rate': '2.946e-06', 'epoch': '6.822'}
{'loss': '0.01146', 'grad_norm': '0.01344', 'learning_rate': '2.931e-06', 'epoch': '6.828'}
{'loss': '0.01549', 'grad_norm': '0.003455', 'learning_rate': '2.916e-06', 'epoch': '6.834'}
{'loss': '0.002958', 'grad_norm': '0.001388', 'learning_rate': '2.901e-06', 'epoch': '6.84'}
{'loss': '0.000148', 'grad_norm': '0.00121', 'learning_rate': '2.886e-06', 'epoch': '6.846'}
{'loss': '0.000273', 'grad_norm': '0.001081', 'learning_rate': '2.871e-06', 'epoch': '6.852'}
{'loss': '0.004609', 'grad_norm': '0.7248', 'learning_rate': '2.856e-06', 'epoch': '6.858'}
{'loss': '0.01038', 'grad_norm': '0.0055', 'learning_rate': '2.84e-06', 'epoch': '6.864'}
{'loss': '0.009546', 'grad_norm': '0.002823', 'learning_rate': '2.825e-06', 'epoch': '6.87'}
{'loss': '0.002875', 'grad_norm': '0.6354', 'learning_rate': '2.81e-06', 'epoch': '6.877'}
{'loss': '0.002652', 'grad_norm': '0.0009733', 'learning_rate': '2.795e-06', 'epoch': '6.883'}
{'loss': '0.0006706', 'grad_norm': '0.0007692', 'learning_rate': '2.78e-06', 'epoch': '6.889'}
{'loss': '3.319e-05', 'grad_norm': '0.0007958', 'learning_rate': '2.765e-06', 'epoch': '6.895'}
{'loss': '3.305e-05', 'grad_norm': '0.0009308', 'learning_rate': '2.75e-06', 'epoch': '6.901'}
{'loss': '3.656e-05', 'grad_norm': '0.0009504', 'learning_rate': '2.735e-06', 'epoch': '6.907'}
{'loss': '3.088e-05', 'grad_norm': '0.0008271', 'learning_rate': '2.719e-06', 'epoch': '6.913'}
{'loss': '3.522e-05', 'grad_norm': '0.0007079', 'learning_rate': '2.704e-06', 'epoch': '6.919'}
{'loss': '0.01101', 'grad_norm': '0.0006878', 'learning_rate': '2.689e-06', 'epoch': '6.925'}
{'loss': '0.002274', 'grad_norm': '0.5807', 'learning_rate': '2.674e-06', 'epoch': '6.931'}
{'loss': '0.004618', 'grad_norm': '0.0008017', 'learning_rate': '2.659e-06', 'epoch': '6.937'}
{'loss': '0.008334', 'grad_norm': '0.0006359', 'learning_rate': '2.644e-06', 'epoch': '6.943'}
{'loss': '3.381e-05', 'grad_norm': '0.001026', 'learning_rate': '2.629e-06', 'epoch': '6.949'}
{'loss': '3.116e-05', 'grad_norm': '0.0007779', 'learning_rate': '2.613e-06', 'epoch': '6.955'}
{'loss': '0.002931', 'grad_norm': '0.001801', 'learning_rate': '2.598e-06', 'epoch': '6.961'}
{'loss': '0.008302', 'grad_norm': '0.005678', 'learning_rate': '2.583e-06', 'epoch': '6.967'}
{'loss': '0.0003278', 'grad_norm': '0.0007662', 'learning_rate': '2.568e-06', 'epoch': '6.973'}
{'loss': '0.0002005', 'grad_norm': '0.0008206', 'learning_rate': '2.553e-06', 'epoch': '6.979'}
{'loss': '0.00607', 'grad_norm': '0.0007918', 'learning_rate': '2.538e-06', 'epoch': '6.985'}
{'loss': '0.006008', 'grad_norm': '0.0009238', 'learning_rate': '2.523e-06', 'epoch': '6.992'}
{'loss': '0.004836', 'grad_norm': '0.6356', 'learning_rate': '2.508e-06', 'epoch': '6.998'}
{'eval_loss': '0.6877', 'eval_accuracy': '0.9146', 'eval_precision': '0.9165', 'eval_recall': '0.9222', 'eval_f1': '0.9193', 'eval_runtime': '3.124', 'eval_samples_per_second': '4077', 'eval_steps_per_second': '63.71', 'epoch': '7'}
{'loss': '0.006124', 'grad_norm': '1.043', 'learning_rate': '2.492e-06', 'epoch': '7.004'}
{'loss': '0.005281', 'grad_norm': '0.0008447', 'learning_rate': '2.477e-06', 'epoch': '7.01'}
{'loss': '0.002465', 'grad_norm': '0.0007365', 'learning_rate': '2.462e-06', 'epoch': '7.016'}
{'loss': '3.34e-05', 'grad_norm': '0.0009103', 'learning_rate': '2.447e-06', 'epoch': '7.022'}
{'loss': '0.001358', 'grad_norm': '0.4382', 'learning_rate': '2.432e-06', 'epoch': '7.028'}
{'loss': '0.002476', 'grad_norm': '0.001278', 'learning_rate': '2.417e-06', 'epoch': '7.034'}
{'loss': '0.00251', 'grad_norm': '0.002521', 'learning_rate': '2.402e-06', 'epoch': '7.04'}
{'loss': '2.863e-05', 'grad_norm': '0.0006758', 'learning_rate': '2.387e-06', 'epoch': '7.046'}
{'loss': '0.005444', 'grad_norm': '0.06296', 'learning_rate': '2.371e-06', 'epoch': '7.052'}
{'loss': '0.004025', 'grad_norm': '0.0008397', 'learning_rate': '2.356e-06', 'epoch': '7.058'}
{'loss': '2.632e-05', 'grad_norm': '0.0006037', 'learning_rate': '2.341e-06', 'epoch': '7.064'}
{'loss': '2.777e-05', 'grad_norm': '0.0006558', 'learning_rate': '2.326e-06', 'epoch': '7.07'}
{'loss': '0.004126', 'grad_norm': '0.6242', 'learning_rate': '2.311e-06', 'epoch': '7.076'}
{'loss': '0.006632', 'grad_norm': '0.0005925', 'learning_rate': '2.296e-06', 'epoch': '7.082'}
{'loss': '0.001999', 'grad_norm': '0.00122', 'learning_rate': '2.281e-06', 'epoch': '7.088'}
{'loss': '0.002489', 'grad_norm': '0.0006149', 'learning_rate': '2.265e-06', 'epoch': '7.094'}
{'loss': '0.005064', 'grad_norm': '0.0006153', 'learning_rate': '2.25e-06', 'epoch': '7.1'}
{'loss': '0.0001167', 'grad_norm': '0.001078', 'learning_rate': '2.235e-06', 'epoch': '7.107'}
{'loss': '0.0001148', 'grad_norm': '0.0006107', 'learning_rate': '2.22e-06', 'epoch': '7.113'}
{'loss': '2.502e-05', 'grad_norm': '0.0006464', 'learning_rate': '2.205e-06', 'epoch': '7.119'}
{'loss': '2.438e-05', 'grad_norm': '0.0005555', 'learning_rate': '2.19e-06', 'epoch': '7.125'}
{'loss': '0.007185', 'grad_norm': '0.0005848', 'learning_rate': '2.175e-06', 'epoch': '7.131'}
{'loss': '0.002502', 'grad_norm': '0.000655', 'learning_rate': '2.16e-06', 'epoch': '7.137'}
{'loss': '0.003266', 'grad_norm': '1.905', 'learning_rate': '2.144e-06', 'epoch': '7.143'}
{'loss': '2.548e-05', 'grad_norm': '0.00183', 'learning_rate': '2.129e-06', 'epoch': '7.149'}
{'loss': '0.002274', 'grad_norm': '0.6482', 'learning_rate': '2.114e-06', 'epoch': '7.155'}
{'loss': '0.003671', 'grad_norm': '0.5616', 'learning_rate': '2.099e-06', 'epoch': '7.161'}
{'loss': '0.001709', 'grad_norm': '0.0005889', 'learning_rate': '2.084e-06', 'epoch': '7.167'}
{'loss': '2.397e-05', 'grad_norm': '0.0005882', 'learning_rate': '2.069e-06', 'epoch': '7.173'}
{'loss': '0.001759', 'grad_norm': '0.5359', 'learning_rate': '2.054e-06', 'epoch': '7.179'}
{'loss': '0.005063', 'grad_norm': '0.612', 'learning_rate': '2.038e-06', 'epoch': '7.185'}
{'loss': '0.002194', 'grad_norm': '0.0006066', 'learning_rate': '2.023e-06', 'epoch': '7.191'}
{'loss': '2.307e-05', 'grad_norm': '0.0006251', 'learning_rate': '2.008e-06', 'epoch': '7.197'}
{'loss': '0.003947', 'grad_norm': '0.001165', 'learning_rate': '1.993e-06', 'epoch': '7.203'}
{'loss': '0.003156', 'grad_norm': '0.0005286', 'learning_rate': '1.978e-06', 'epoch': '7.209'}
{'loss': '0.003079', 'grad_norm': '0.0005102', 'learning_rate': '1.963e-06', 'epoch': '7.215'}
{'loss': '6.74e-05', 'grad_norm': '0.0005632', 'learning_rate': '1.948e-06', 'epoch': '7.222'}
{'loss': '2.385e-05', 'grad_norm': '0.0005179', 'learning_rate': '1.933e-06', 'epoch': '7.228'}
{'loss': '0.004014', 'grad_norm': '0.0005701', 'learning_rate': '1.917e-06', 'epoch': '7.234'}
{'loss': '2.27e-05', 'grad_norm': '0.0005496', 'learning_rate': '1.902e-06', 'epoch': '7.24'}
{'loss': '0.03608', 'grad_norm': '0.0006388', 'learning_rate': '1.887e-06', 'epoch': '7.246'}
{'loss': '0.002071', 'grad_norm': '0.0007767', 'learning_rate': '1.872e-06', 'epoch': '7.252'}
{'loss': '0.006703', 'grad_norm': '0.0008735', 'learning_rate': '1.857e-06', 'epoch': '7.258'}
{'loss': '3.222e-05', 'grad_norm': '0.0008745', 'learning_rate': '1.842e-06', 'epoch': '7.264'}
{'loss': '3.194e-05', 'grad_norm': '0.002351', 'learning_rate': '1.827e-06', 'epoch': '7.27'}
{'loss': '0.002289', 'grad_norm': '0.001454', 'learning_rate': '1.811e-06', 'epoch': '7.276'}
{'loss': '0.003', 'grad_norm': '0.001407', 'learning_rate': '1.796e-06', 'epoch': '7.282'}
{'loss': '0.002324', 'grad_norm': '0.0008005', 'learning_rate': '1.781e-06', 'epoch': '7.288'}
{'loss': '3.113e-05', 'grad_norm': '0.0007871', 'learning_rate': '1.766e-06', 'epoch': '7.294'}
{'loss': '0.002525', 'grad_norm': '0.0007908', 'learning_rate': '1.751e-06', 'epoch': '7.3'}
{'loss': '0.002386', 'grad_norm': '0.6617', 'learning_rate': '1.736e-06', 'epoch': '7.306'}
{'loss': '3.265e-05', 'grad_norm': '0.0007765', 'learning_rate': '1.721e-06', 'epoch': '7.312'}
{'loss': '2.95e-05', 'grad_norm': '0.0007401', 'learning_rate': '1.706e-06', 'epoch': '7.318'}
{'loss': '2.967e-05', 'grad_norm': '0.0009089', 'learning_rate': '1.69e-06', 'epoch': '7.324'}
{'loss': '3.127e-05', 'grad_norm': '0.001149', 'learning_rate': '1.675e-06', 'epoch': '7.331'}
{'loss': '2.868e-05', 'grad_norm': '0.0006827', 'learning_rate': '1.66e-06', 'epoch': '7.337'}
{'loss': '0.004443', 'grad_norm': '0.0007557', 'learning_rate': '1.645e-06', 'epoch': '7.343'}
{'loss': '0.01717', 'grad_norm': '0.0007751', 'learning_rate': '1.63e-06', 'epoch': '7.349'}
{'loss': '0.004658', 'grad_norm': '0.1817', 'learning_rate': '1.615e-06', 'epoch': '7.355'}
{'loss': '3.009e-05', 'grad_norm': '0.0006958', 'learning_rate': '1.6e-06', 'epoch': '7.361'}
{'loss': '0.004722', 'grad_norm': '0.0007204', 'learning_rate': '1.584e-06', 'epoch': '7.367'}
{'loss': '0.005852', 'grad_norm': '0.0007655', 'learning_rate': '1.569e-06', 'epoch': '7.373'}
{'loss': '0.002721', 'grad_norm': '0.0007398', 'learning_rate': '1.554e-06', 'epoch': '7.379'}
{'loss': '0.002305', 'grad_norm': '0.05999', 'learning_rate': '1.539e-06', 'epoch': '7.385'}
{'loss': '0.0003198', 'grad_norm': '0.001056', 'learning_rate': '1.524e-06', 'epoch': '7.391'}
{'loss': '0.001904', 'grad_norm': '0.0006667', 'learning_rate': '1.509e-06', 'epoch': '7.397'}
{'loss': '0.002372', 'grad_norm': '72.03', 'learning_rate': '1.494e-06', 'epoch': '7.403'}
{'loss': '0.00661', 'grad_norm': '0.0006791', 'learning_rate': '1.479e-06', 'epoch': '7.409'}
{'loss': '0.002025', 'grad_norm': '0.0006899', 'learning_rate': '1.463e-06', 'epoch': '7.415'}
{'loss': '0.004869', 'grad_norm': '0.4897', 'learning_rate': '1.448e-06', 'epoch': '7.421'}
{'loss': '2.829e-05', 'grad_norm': '0.0007851', 'learning_rate': '1.433e-06', 'epoch': '7.427'}
{'loss': '0.007444', 'grad_norm': '0.0006604', 'learning_rate': '1.418e-06', 'epoch': '7.433'}
{'loss': '0.007265', 'grad_norm': '0.0586', 'learning_rate': '1.403e-06', 'epoch': '7.439'}
{'loss': '0.001974', 'grad_norm': '0.5843', 'learning_rate': '1.388e-06', 'epoch': '7.446'}
{'loss': '0.005676', 'grad_norm': '0.0006572', 'learning_rate': '1.373e-06', 'epoch': '7.452'}
{'loss': '0.00274', 'grad_norm': '0.0007128', 'learning_rate': '1.357e-06', 'epoch': '7.458'}
{'loss': '0.004547', 'grad_norm': '0.0007523', 'learning_rate': '1.342e-06', 'epoch': '7.464'}
{'loss': '0.0002908', 'grad_norm': '0.06741', 'learning_rate': '1.327e-06', 'epoch': '7.47'}
{'loss': '2.667e-05', 'grad_norm': '0.0006747', 'learning_rate': '1.312e-06', 'epoch': '7.476'}
{'loss': '0.003046', 'grad_norm': '0.7082', 'learning_rate': '1.297e-06', 'epoch': '7.482'}
{'loss': '0.004749', 'grad_norm': '0.5113', 'learning_rate': '1.282e-06', 'epoch': '7.488'}
{'loss': '0.00289', 'grad_norm': '0.08928', 'learning_rate': '1.267e-06', 'epoch': '7.494'}
{'loss': '2.701e-05', 'grad_norm': '0.0007642', 'learning_rate': '1.252e-06', 'epoch': '7.5'}
{'loss': '0.002111', 'grad_norm': '0.0006661', 'learning_rate': '1.236e-06', 'epoch': '7.506'}
{'loss': '2.606e-05', 'grad_norm': '0.0006591', 'learning_rate': '1.221e-06', 'epoch': '7.512'}
{'loss': '0.002331', 'grad_norm': '0.0006355', 'learning_rate': '1.206e-06', 'epoch': '7.518'}
{'loss': '0.002829', 'grad_norm': '0.0006248', 'learning_rate': '1.191e-06', 'epoch': '7.524'}
{'loss': '2.707e-05', 'grad_norm': '0.0006414', 'learning_rate': '1.176e-06', 'epoch': '7.53'}
{'loss': '3.345e-05', 'grad_norm': '0.0006639', 'learning_rate': '1.161e-06', 'epoch': '7.536'}
{'loss': '0.001714', 'grad_norm': '0.0006818', 'learning_rate': '1.146e-06', 'epoch': '7.542'}
{'loss': '2.59e-05', 'grad_norm': '0.000689', 'learning_rate': '1.13e-06', 'epoch': '7.548'}
{'loss': '0.000153', 'grad_norm': '0.0006112', 'learning_rate': '1.115e-06', 'epoch': '7.554'}
{'loss': '8.664e-05', 'grad_norm': '0.0006335', 'learning_rate': '1.1e-06', 'epoch': '7.561'}
{'loss': '0.002193', 'grad_norm': '0.0005776', 'learning_rate': '1.085e-06', 'epoch': '7.567'}
{'loss': '0.005168', 'grad_norm': '0.6923', 'learning_rate': '1.07e-06', 'epoch': '7.573'}
{'loss': '0.002061', 'grad_norm': '0.0007283', 'learning_rate': '1.055e-06', 'epoch': '7.579'}
{'loss': '2.573e-05', 'grad_norm': '0.0006903', 'learning_rate': '1.04e-06', 'epoch': '7.585'}
{'loss': '0.002306', 'grad_norm': '0.003942', 'learning_rate': '1.025e-06', 'epoch': '7.591'}
{'loss': '0.001931', 'grad_norm': '0.0009978', 'learning_rate': '1.009e-06', 'epoch': '7.597'}
{'loss': '0.002418', 'grad_norm': '0.0005935', 'learning_rate': '9.942e-07', 'epoch': '7.603'}
{'loss': '0.002355', 'grad_norm': '0.0005802', 'learning_rate': '9.791e-07', 'epoch': '7.609'}
{'loss': '0.01032', 'grad_norm': '0.6249', 'learning_rate': '9.64e-07', 'epoch': '7.615'}
{'loss': '2.417e-05', 'grad_norm': '0.0005986', 'learning_rate': '9.488e-07', 'epoch': '7.621'}
{'loss': '0.00229', 'grad_norm': '0.0006469', 'learning_rate': '9.337e-07', 'epoch': '7.627'}
{'loss': '0.00413', 'grad_norm': '0.0007568', 'learning_rate': '9.186e-07', 'epoch': '7.633'}
{'loss': '2.781e-05', 'grad_norm': '0.0006145', 'learning_rate': '9.035e-07', 'epoch': '7.639'}
{'loss': '2.483e-05', 'grad_norm': '0.0006108', 'learning_rate': '8.883e-07', 'epoch': '7.645'}
{'loss': '2.492e-05', 'grad_norm': '0.0006218', 'learning_rate': '8.732e-07', 'epoch': '7.651'}
{'loss': '0.001619', 'grad_norm': '0.0006013', 'learning_rate': '8.581e-07', 'epoch': '7.657'}
{'loss': '0.01781', 'grad_norm': '0.000589', 'learning_rate': '8.429e-07', 'epoch': '7.663'}
{'loss': '0.0001275', 'grad_norm': '0.0006942', 'learning_rate': '8.278e-07', 'epoch': '7.669'}
{'loss': '0.002346', 'grad_norm': '0.0007578', 'learning_rate': '8.127e-07', 'epoch': '7.676'}
{'loss': '0.002517', 'grad_norm': '0.0006115', 'learning_rate': '7.975e-07', 'epoch': '7.682'}
{'loss': '2.558e-05', 'grad_norm': '0.0006049', 'learning_rate': '7.824e-07', 'epoch': '7.688'}
{'loss': '0.009337', 'grad_norm': '0.000678', 'learning_rate': '7.673e-07', 'epoch': '7.694'}
{'loss': '2.448e-05', 'grad_norm': '0.0007525', 'learning_rate': '7.521e-07', 'epoch': '7.7'}
{'loss': '0.002322', 'grad_norm': '0.0007153', 'learning_rate': '7.37e-07', 'epoch': '7.706'}
{'loss': '0.001952', 'grad_norm': '0.0005811', 'learning_rate': '7.219e-07', 'epoch': '7.712'}
{'loss': '0.001982', 'grad_norm': '0.0006414', 'learning_rate': '7.067e-07', 'epoch': '7.718'}
{'loss': '0.002227', 'grad_norm': '0.0006383', 'learning_rate': '6.916e-07', 'epoch': '7.724'}
{'loss': '0.002393', 'grad_norm': '0.000761', 'learning_rate': '6.765e-07', 'epoch': '7.73'}
{'loss': '0.002174', 'grad_norm': '0.001142', 'learning_rate': '6.613e-07', 'epoch': '7.736'}
{'loss': '0.004388', 'grad_norm': '0.6185', 'learning_rate': '6.462e-07', 'epoch': '7.742'}
{'loss': '0.002385', 'grad_norm': '0.0005812', 'learning_rate': '6.311e-07', 'epoch': '7.748'}
{'loss': '0.001929', 'grad_norm': '0.0006166', 'learning_rate': '6.159e-07', 'epoch': '7.754'}
{'loss': '0.002371', 'grad_norm': '0.00061', 'learning_rate': '6.008e-07', 'epoch': '7.76'}
{'loss': '0.002107', 'grad_norm': '0.0005951', 'learning_rate': '5.857e-07', 'epoch': '7.766'}
{'loss': '0.02085', 'grad_norm': '0.5598', 'learning_rate': '5.705e-07', 'epoch': '7.772'}
{'loss': '0.001989', 'grad_norm': '0.000618', 'learning_rate': '5.554e-07', 'epoch': '7.778'}
{'loss': '0.004065', 'grad_norm': '0.0006275', 'learning_rate': '5.403e-07', 'epoch': '7.785'}
{'loss': '0.002859', 'grad_norm': '0.0006063', 'learning_rate': '5.251e-07', 'epoch': '7.791'}
{'loss': '0.002297', 'grad_norm': '0.0005774', 'learning_rate': '5.1e-07', 'epoch': '7.797'}
{'loss': '2.485e-05', 'grad_norm': '0.0006133', 'learning_rate': '4.949e-07', 'epoch': '7.803'}
{'loss': '0.01741', 'grad_norm': '0.0005751', 'learning_rate': '4.797e-07', 'epoch': '7.809'}
{'loss': '9.873e-05', 'grad_norm': '0.06798', 'learning_rate': '4.646e-07', 'epoch': '7.815'}
{'loss': '0.0001147', 'grad_norm': '0.0006376', 'learning_rate': '4.495e-07', 'epoch': '7.821'}
{'loss': '0.01965', 'grad_norm': '16.46', 'learning_rate': '4.343e-07', 'epoch': '7.827'}
{'loss': '0.007221', 'grad_norm': '0.0006415', 'learning_rate': '4.192e-07', 'epoch': '7.833'}
{'loss': '0.002248', 'grad_norm': '0.0009369', 'learning_rate': '4.041e-07', 'epoch': '7.839'}
{'loss': '0.0002806', 'grad_norm': '0.0006952', 'learning_rate': '3.889e-07', 'epoch': '7.845'}
{'loss': '2.539e-05', 'grad_norm': '0.0005885', 'learning_rate': '3.738e-07', 'epoch': '7.851'}
{'loss': '0.004418', 'grad_norm': '0.0005676', 'learning_rate': '3.587e-07', 'epoch': '7.857'}
{'loss': '2.66e-05', 'grad_norm': '0.008092', 'learning_rate': '3.435e-07', 'epoch': '7.863'}
{'loss': '0.002324', 'grad_norm': '0.0006255', 'learning_rate': '3.284e-07', 'epoch': '7.869'}
{'loss': '2.544e-05', 'grad_norm': '0.0006946', 'learning_rate': '3.133e-07', 'epoch': '7.875'}
{'loss': '2.538e-05', 'grad_norm': '0.0006524', 'learning_rate': '2.981e-07', 'epoch': '7.881'}
{'loss': '2.505e-05', 'grad_norm': '0.0006412', 'learning_rate': '2.83e-07', 'epoch': '7.887'}
{'loss': '3.214e-05', 'grad_norm': '0.0007707', 'learning_rate': '2.679e-07', 'epoch': '7.893'}
{'loss': '0.001929', 'grad_norm': '0.0005909', 'learning_rate': '2.527e-07', 'epoch': '7.9'}
{'loss': '0.006395', 'grad_norm': '0.0006478', 'learning_rate': '2.376e-07', 'epoch': '7.906'}
{'loss': '2.547e-05', 'grad_norm': '0.002277', 'learning_rate': '2.225e-07', 'epoch': '7.912'}
{'loss': '0.0001972', 'grad_norm': '0.0006327', 'learning_rate': '2.073e-07', 'epoch': '7.918'}
{'loss': '0.002376', 'grad_norm': '0.6711', 'learning_rate': '1.922e-07', 'epoch': '7.924'}
{'loss': '0.002602', 'grad_norm': '0.0005929', 'learning_rate': '1.771e-07', 'epoch': '7.93'}
{'loss': '0.002612', 'grad_norm': '0.0006286', 'learning_rate': '1.619e-07', 'epoch': '7.936'}
{'loss': '2.481e-05', 'grad_norm': '0.0006981', 'learning_rate': '1.468e-07', 'epoch': '7.942'}
{'loss': '2.793e-05', 'grad_norm': '0.0005964', 'learning_rate': '1.317e-07', 'epoch': '7.948'}
{'loss': '2.494e-05', 'grad_norm': '0.0006048', 'learning_rate': '1.165e-07', 'epoch': '7.954'}
{'loss': '0.006761', 'grad_norm': '0.0006244', 'learning_rate': '1.014e-07', 'epoch': '7.96'}
{'loss': '2.63e-05', 'grad_norm': '0.0006525', 'learning_rate': '8.626e-08', 'epoch': '7.966'}
{'loss': '0.002459', 'grad_norm': '0.0006221', 'learning_rate': '7.113e-08', 'epoch': '7.972'}
{'loss': '0.002394', 'grad_norm': '0.0006238', 'learning_rate': '5.599e-08', 'epoch': '7.978'}
{'loss': '2.973e-05', 'grad_norm': '0.000625', 'learning_rate': '4.086e-08', 'epoch': '7.984'}
{'loss': '0.03295', 'grad_norm': '0.0005832', 'learning_rate': '2.573e-08', 'epoch': '7.99'}
{'loss': '2.496e-05', 'grad_norm': '0.0005973', 'learning_rate': '1.059e-08', 'epoch': '7.996'}
{'eval_loss': '0.7183', 'eval_accuracy': '0.9147', 'eval_precision': '0.924', 'eval_recall': '0.9136', 'eval_f1': '0.9188', 'eval_runtime': '3.173', 'eval_samples_per_second': '4013', 'eval_steps_per_second': '62.71', 'epoch': '8'}
{'train_runtime': '2359', 'train_samples_per_second': '179.2', 'train_steps_per_second': '5.602', 'train_loss': '0.01598', 'epoch': '8'}
Fold F1: 0.9295372596153846
Точность определения арабских заимств.: {'accuracy': 0.9781609195402299, 'precision': 0.8504672897196262, 'recall': 0.9680851063829787, 'f1': 0.9054726368159204}
Точность определения китайских заимств.: {'accuracy': 0.9799247176913425, 'precision': 0.5675675675675675, 'recall': 1.0, 'f1': 0.7241379310344828}
Точность определения английских заимств.: {'accuracy': 0.9867704280155642, 'precision': 0.9694656488549618, 'recall': 0.9980353634577603, 'f1': 0.9835430784123911}
Точность определения французских заимств.: {'accuracy': 0.9875296912114014, 'precision': 0.9825897714907508, 'recall': 0.9944933920704846, 'f1': 0.9885057471264368}
Точность определения немецких заимств.: {'accuracy': 0.9837786259541985, 'precision': 0.9442508710801394, 'recall': 0.9963235294117647, 'f1': 0.9695885509838998}
Точность определения итальянских заимтсв.: {'accuracy': 0.9821615949632738, 'precision': 0.9166666666666666, 'recall': 0.9943502824858758, 'f1': 0.9539295392953929}
Точность определения японских заимств.: {'accuracy': 0.9797752808988764, 'precision': 0.875, 'recall': 0.9824561403508771, 'f1': 0.9256198347107438}
Точность определения польских заимств.: {'accuracy': 0.9759615384615384, 'precision': 0.7647058823529411, 'recall': 0.9285714285714286, 'f1': 0.8387096774193549}

===== Fold 4 =====
{'loss': '0.6554', 'grad_norm': '4.569', 'learning_rate': '1.999e-05', 'epoch': '0.006158'}
{'loss': '0.5207', 'grad_norm': '7.767', 'learning_rate': '1.997e-05', 'epoch': '0.01232'}
{'loss': '0.4506', 'grad_norm': '7.772', 'learning_rate': '1.996e-05', 'epoch': '0.01847'}
{'loss': '0.3441', 'grad_norm': '11.75', 'learning_rate': '1.994e-05', 'epoch': '0.02463'}
{'loss': '0.2828', 'grad_norm': '10.17', 'learning_rate': '1.992e-05', 'epoch': '0.03079'}
{'loss': '0.2287', 'grad_norm': '13.44', 'learning_rate': '1.991e-05', 'epoch': '0.03695'}
{'loss': '0.3278', 'grad_norm': '10.97', 'learning_rate': '1.989e-05', 'epoch': '0.0431'}
{'loss': '0.231', 'grad_norm': '16.99', 'learning_rate': '1.988e-05', 'epoch': '0.04926'}
{'loss': '0.1795', 'grad_norm': '7.713', 'learning_rate': '1.986e-05', 'epoch': '0.05542'}
{'loss': '0.2084', 'grad_norm': '9.832', 'learning_rate': '1.985e-05', 'epoch': '0.06158'}
{'loss': '0.1458', 'grad_norm': '15.35', 'learning_rate': '1.983e-05', 'epoch': '0.06773'}
{'loss': '0.1977', 'grad_norm': '6.126', 'learning_rate': '1.982e-05', 'epoch': '0.07389'}
{'loss': '0.186', 'grad_norm': '22.64', 'learning_rate': '1.98e-05', 'epoch': '0.08005'}
{'loss': '0.1552', 'grad_norm': '14.67', 'learning_rate': '1.979e-05', 'epoch': '0.08621'}
{'loss': '0.1802', 'grad_norm': '16.14', 'learning_rate': '1.977e-05', 'epoch': '0.09236'}
{'loss': '0.1277', 'grad_norm': '17.43', 'learning_rate': '1.976e-05', 'epoch': '0.09852'}
{'loss': '0.1409', 'grad_norm': '10.43', 'learning_rate': '1.974e-05', 'epoch': '0.1047'}
{'loss': '0.1412', 'grad_norm': '6.392', 'learning_rate': '1.972e-05', 'epoch': '0.1108'}
{'loss': '0.1251', 'grad_norm': '4.724', 'learning_rate': '1.971e-05', 'epoch': '0.117'}
{'loss': '0.227', 'grad_norm': '11.39', 'learning_rate': '1.969e-05', 'epoch': '0.1232'}
{'loss': '0.09055', 'grad_norm': '2.944', 'learning_rate': '1.968e-05', 'epoch': '0.1293'}
{'loss': '0.1315', 'grad_norm': '23.22', 'learning_rate': '1.966e-05', 'epoch': '0.1355'}
{'loss': '0.1421', 'grad_norm': '3.213', 'learning_rate': '1.965e-05', 'epoch': '0.1416'}
{'loss': '0.1451', 'grad_norm': '17.6', 'learning_rate': '1.963e-05', 'epoch': '0.1478'}
{'loss': '0.1522', 'grad_norm': '10.86', 'learning_rate': '1.962e-05', 'epoch': '0.1539'}
{'loss': '0.1211', 'grad_norm': '10.74', 'learning_rate': '1.96e-05', 'epoch': '0.1601'}
{'loss': '0.1952', 'grad_norm': '7.396', 'learning_rate': '1.959e-05', 'epoch': '0.1663'}
{'loss': '0.1829', 'grad_norm': '9.253', 'learning_rate': '1.957e-05', 'epoch': '0.1724'}
{'loss': '0.07296', 'grad_norm': '0.7204', 'learning_rate': '1.956e-05', 'epoch': '0.1786'}
{'loss': '0.1013', 'grad_norm': '0.7162', 'learning_rate': '1.954e-05', 'epoch': '0.1847'}
{'loss': '0.1278', 'grad_norm': '10.91', 'learning_rate': '1.952e-05', 'epoch': '0.1909'}
{'loss': '0.06142', 'grad_norm': '12.06', 'learning_rate': '1.951e-05', 'epoch': '0.197'}
{'loss': '0.1276', 'grad_norm': '34.62', 'learning_rate': '1.949e-05', 'epoch': '0.2032'}
{'loss': '0.1528', 'grad_norm': '3.655', 'learning_rate': '1.948e-05', 'epoch': '0.2094'}
{'loss': '0.1287', 'grad_norm': '7.925', 'learning_rate': '1.946e-05', 'epoch': '0.2155'}
{'loss': '0.1191', 'grad_norm': '24.39', 'learning_rate': '1.945e-05', 'epoch': '0.2217'}
{'loss': '0.1122', 'grad_norm': '1.124', 'learning_rate': '1.943e-05', 'epoch': '0.2278'}
{'loss': '0.05548', 'grad_norm': '23.11', 'learning_rate': '1.942e-05', 'epoch': '0.234'}
{'loss': '0.08873', 'grad_norm': '0.05778', 'learning_rate': '1.94e-05', 'epoch': '0.2401'}
{'loss': '0.1063', 'grad_norm': '18.83', 'learning_rate': '1.939e-05', 'epoch': '0.2463'}
{'loss': '0.1499', 'grad_norm': '14.47', 'learning_rate': '1.937e-05', 'epoch': '0.2525'}
{'loss': '0.06764', 'grad_norm': '0.1725', 'learning_rate': '1.935e-05', 'epoch': '0.2586'}
{'loss': '0.05904', 'grad_norm': '2.049', 'learning_rate': '1.934e-05', 'epoch': '0.2648'}
{'loss': '0.02653', 'grad_norm': '12.41', 'learning_rate': '1.932e-05', 'epoch': '0.2709'}
{'loss': '0.07297', 'grad_norm': '28.37', 'learning_rate': '1.931e-05', 'epoch': '0.2771'}
{'loss': '0.1175', 'grad_norm': '13.64', 'learning_rate': '1.929e-05', 'epoch': '0.2833'}
{'loss': '0.05235', 'grad_norm': '4.245', 'learning_rate': '1.928e-05', 'epoch': '0.2894'}
{'loss': '0.03343', 'grad_norm': '0.1391', 'learning_rate': '1.926e-05', 'epoch': '0.2956'}
{'loss': '0.09956', 'grad_norm': '0.1113', 'learning_rate': '1.925e-05', 'epoch': '0.3017'}
{'loss': '0.1167', 'grad_norm': '38.35', 'learning_rate': '1.923e-05', 'epoch': '0.3079'}
{'loss': '0.047', 'grad_norm': '14.79', 'learning_rate': '1.922e-05', 'epoch': '0.314'}
{'loss': '0.09435', 'grad_norm': '0.2712', 'learning_rate': '1.92e-05', 'epoch': '0.3202'}
{'loss': '0.05092', 'grad_norm': '0.05122', 'learning_rate': '1.919e-05', 'epoch': '0.3264'}
{'loss': '0.1246', 'grad_norm': '17.17', 'learning_rate': '1.917e-05', 'epoch': '0.3325'}
{'loss': '0.006336', 'grad_norm': '7.77', 'learning_rate': '1.915e-05', 'epoch': '0.3387'}
{'loss': '0.04956', 'grad_norm': '36.34', 'learning_rate': '1.914e-05', 'epoch': '0.3448'}
{'loss': '0.09764', 'grad_norm': '6.84', 'learning_rate': '1.912e-05', 'epoch': '0.351'}
{'loss': '0.02438', 'grad_norm': '1.058', 'learning_rate': '1.911e-05', 'epoch': '0.3571'}
{'loss': '0.06531', 'grad_norm': '0.08447', 'learning_rate': '1.909e-05', 'epoch': '0.3633'}
{'loss': '0.02585', 'grad_norm': '0.02738', 'learning_rate': '1.908e-05', 'epoch': '0.3695'}
{'loss': '0.09', 'grad_norm': '24.1', 'learning_rate': '1.906e-05', 'epoch': '0.3756'}
{'loss': '0.06214', 'grad_norm': '0.1407', 'learning_rate': '1.905e-05', 'epoch': '0.3818'}
{'loss': '0.08426', 'grad_norm': '2.534', 'learning_rate': '1.903e-05', 'epoch': '0.3879'}
{'loss': '0.04299', 'grad_norm': '5.469', 'learning_rate': '1.902e-05', 'epoch': '0.3941'}
{'loss': '0.1267', 'grad_norm': '5.979', 'learning_rate': '1.9e-05', 'epoch': '0.4002'}
{'loss': '0.06133', 'grad_norm': '0.1882', 'learning_rate': '1.899e-05', 'epoch': '0.4064'}
{'loss': '0.03725', 'grad_norm': '0.06633', 'learning_rate': '1.897e-05', 'epoch': '0.4126'}
{'loss': '0.09863', 'grad_norm': '16.42', 'learning_rate': '1.895e-05', 'epoch': '0.4187'}
{'loss': '0.07557', 'grad_norm': '3.487', 'learning_rate': '1.894e-05', 'epoch': '0.4249'}
{'loss': '0.05396', 'grad_norm': '0.387', 'learning_rate': '1.892e-05', 'epoch': '0.431'}
{'loss': '0.07412', 'grad_norm': '0.1565', 'learning_rate': '1.891e-05', 'epoch': '0.4372'}
{'loss': '0.01019', 'grad_norm': '0.2167', 'learning_rate': '1.889e-05', 'epoch': '0.4433'}
{'loss': '0.09824', 'grad_norm': '10.63', 'learning_rate': '1.888e-05', 'epoch': '0.4495'}
{'loss': '0.06884', 'grad_norm': '5.478', 'learning_rate': '1.886e-05', 'epoch': '0.4557'}
{'loss': '0.0817', 'grad_norm': '0.2246', 'learning_rate': '1.885e-05', 'epoch': '0.4618'}
{'loss': '0.09545', 'grad_norm': '17.96', 'learning_rate': '1.883e-05', 'epoch': '0.468'}
{'loss': '0.06003', 'grad_norm': '0.1526', 'learning_rate': '1.882e-05', 'epoch': '0.4741'}
{'loss': '0.06231', 'grad_norm': '17.16', 'learning_rate': '1.88e-05', 'epoch': '0.4803'}
{'loss': '0.02762', 'grad_norm': '0.09387', 'learning_rate': '1.879e-05', 'epoch': '0.4865'}
{'loss': '0.06054', 'grad_norm': '0.05253', 'learning_rate': '1.877e-05', 'epoch': '0.4926'}
{'loss': '0.06852', 'grad_norm': '0.05227', 'learning_rate': '1.875e-05', 'epoch': '0.4988'}
{'loss': '0.05702', 'grad_norm': '11.87', 'learning_rate': '1.874e-05', 'epoch': '0.5049'}
{'loss': '0.06511', 'grad_norm': '13.68', 'learning_rate': '1.872e-05', 'epoch': '0.5111'}
{'loss': '0.0667', 'grad_norm': '20.71', 'learning_rate': '1.871e-05', 'epoch': '0.5172'}
{'loss': '0.02472', 'grad_norm': '17.57', 'learning_rate': '1.869e-05', 'epoch': '0.5234'}
{'loss': '0.03955', 'grad_norm': '0.1751', 'learning_rate': '1.868e-05', 'epoch': '0.5296'}
{'loss': '0.0741', 'grad_norm': '4.606', 'learning_rate': '1.866e-05', 'epoch': '0.5357'}
{'loss': '0.07228', 'grad_norm': '11.11', 'learning_rate': '1.865e-05', 'epoch': '0.5419'}
{'loss': '0.02755', 'grad_norm': '0.1196', 'learning_rate': '1.863e-05', 'epoch': '0.548'}
{'loss': '0.01928', 'grad_norm': '0.04619', 'learning_rate': '1.862e-05', 'epoch': '0.5542'}
{'loss': '0.05851', 'grad_norm': '0.6584', 'learning_rate': '1.86e-05', 'epoch': '0.5603'}
{'loss': '0.06258', 'grad_norm': '0.23', 'learning_rate': '1.859e-05', 'epoch': '0.5665'}
{'loss': '0.06943', 'grad_norm': '0.6106', 'learning_rate': '1.857e-05', 'epoch': '0.5727'}
{'loss': '0.02261', 'grad_norm': '26.93', 'learning_rate': '1.855e-05', 'epoch': '0.5788'}
{'loss': '0.044', 'grad_norm': '18.71', 'learning_rate': '1.854e-05', 'epoch': '0.585'}
{'loss': '0.04401', 'grad_norm': '0.02333', 'learning_rate': '1.852e-05', 'epoch': '0.5911'}
{'loss': '0.04853', 'grad_norm': '0.1046', 'learning_rate': '1.851e-05', 'epoch': '0.5973'}
{'loss': '0.02891', 'grad_norm': '0.0248', 'learning_rate': '1.849e-05', 'epoch': '0.6034'}
{'loss': '0.08107', 'grad_norm': '12.82', 'learning_rate': '1.848e-05', 'epoch': '0.6096'}
{'loss': '0.07525', 'grad_norm': '0.18', 'learning_rate': '1.846e-05', 'epoch': '0.6158'}
{'loss': '0.0313', 'grad_norm': '27.52', 'learning_rate': '1.845e-05', 'epoch': '0.6219'}
{'loss': '0.03463', 'grad_norm': '8.447', 'learning_rate': '1.843e-05', 'epoch': '0.6281'}
{'loss': '0.06811', 'grad_norm': '0.779', 'learning_rate': '1.842e-05', 'epoch': '0.6342'}
{'loss': '0.04486', 'grad_norm': '1.417', 'learning_rate': '1.84e-05', 'epoch': '0.6404'}
{'loss': '0.03868', 'grad_norm': '0.06889', 'learning_rate': '1.839e-05', 'epoch': '0.6466'}
{'loss': '0.0401', 'grad_norm': '6.453', 'learning_rate': '1.837e-05', 'epoch': '0.6527'}
{'loss': '0.04721', 'grad_norm': '7.946', 'learning_rate': '1.835e-05', 'epoch': '0.6589'}
{'loss': '0.03741', 'grad_norm': '8.918', 'learning_rate': '1.834e-05', 'epoch': '0.665'}
{'loss': '0.01218', 'grad_norm': '24.31', 'learning_rate': '1.832e-05', 'epoch': '0.6712'}
{'loss': '0.03331', 'grad_norm': '38.9', 'learning_rate': '1.831e-05', 'epoch': '0.6773'}
{'loss': '0.07126', 'grad_norm': '59.79', 'learning_rate': '1.829e-05', 'epoch': '0.6835'}
{'loss': '0.01988', 'grad_norm': '48.03', 'learning_rate': '1.828e-05', 'epoch': '0.6897'}
{'loss': '0.05328', 'grad_norm': '4.695', 'learning_rate': '1.826e-05', 'epoch': '0.6958'}
{'loss': '0.04252', 'grad_norm': '0.007573', 'learning_rate': '1.825e-05', 'epoch': '0.702'}
{'loss': '0.04392', 'grad_norm': '1.338', 'learning_rate': '1.823e-05', 'epoch': '0.7081'}
{'loss': '0.01641', 'grad_norm': '0.3335', 'learning_rate': '1.822e-05', 'epoch': '0.7143'}
{'loss': '0.01176', 'grad_norm': '0.0141', 'learning_rate': '1.82e-05', 'epoch': '0.7204'}
{'loss': '0.01375', 'grad_norm': '0.01719', 'learning_rate': '1.819e-05', 'epoch': '0.7266'}
{'loss': '0.02847', 'grad_norm': '63.53', 'learning_rate': '1.817e-05', 'epoch': '0.7328'}
{'loss': '0.07802', 'grad_norm': '0.09173', 'learning_rate': '1.815e-05', 'epoch': '0.7389'}
{'loss': '0.02138', 'grad_norm': '0.3254', 'learning_rate': '1.814e-05', 'epoch': '0.7451'}
{'loss': '0.003463', 'grad_norm': '0.1392', 'learning_rate': '1.812e-05', 'epoch': '0.7512'}
{'loss': '0.07005', 'grad_norm': '0.0139', 'learning_rate': '1.811e-05', 'epoch': '0.7574'}
{'loss': '0.003641', 'grad_norm': '0.03078', 'learning_rate': '1.809e-05', 'epoch': '0.7635'}
{'loss': '0.03018', 'grad_norm': '0.02221', 'learning_rate': '1.808e-05', 'epoch': '0.7697'}
{'loss': '0.04634', 'grad_norm': '0.02059', 'learning_rate': '1.806e-05', 'epoch': '0.7759'}
{'loss': '0.03365', 'grad_norm': '0.1033', 'learning_rate': '1.805e-05', 'epoch': '0.782'}
{'loss': '0.00319', 'grad_norm': '24.24', 'learning_rate': '1.803e-05', 'epoch': '0.7882'}
{'loss': '0.04119', 'grad_norm': '1.929', 'learning_rate': '1.802e-05', 'epoch': '0.7943'}
{'loss': '0.02889', 'grad_norm': '0.5322', 'learning_rate': '1.8e-05', 'epoch': '0.8005'}
{'loss': '0.04793', 'grad_norm': '2.958', 'learning_rate': '1.798e-05', 'epoch': '0.8067'}
{'loss': '0.06284', 'grad_norm': '3.305', 'learning_rate': '1.797e-05', 'epoch': '0.8128'}
{'loss': '0.03327', 'grad_norm': '0.3618', 'learning_rate': '1.795e-05', 'epoch': '0.819'}
{'loss': '0.03406', 'grad_norm': '5.403', 'learning_rate': '1.794e-05', 'epoch': '0.8251'}
{'loss': '0.02595', 'grad_norm': '0.4361', 'learning_rate': '1.792e-05', 'epoch': '0.8313'}
{'loss': '0.02881', 'grad_norm': '0.02086', 'learning_rate': '1.791e-05', 'epoch': '0.8374'}
{'loss': '0.012', 'grad_norm': '0.2833', 'learning_rate': '1.789e-05', 'epoch': '0.8436'}
{'loss': '0.004221', 'grad_norm': '0.4264', 'learning_rate': '1.788e-05', 'epoch': '0.8498'}
{'loss': '0.04732', 'grad_norm': '0.159', 'learning_rate': '1.786e-05', 'epoch': '0.8559'}
{'loss': '0.05597', 'grad_norm': '0.007442', 'learning_rate': '1.785e-05', 'epoch': '0.8621'}
{'loss': '0.02281', 'grad_norm': '0.008228', 'learning_rate': '1.783e-05', 'epoch': '0.8682'}
{'loss': '0.03921', 'grad_norm': '3.544', 'learning_rate': '1.782e-05', 'epoch': '0.8744'}
{'loss': '0.005998', 'grad_norm': '0.6865', 'learning_rate': '1.78e-05', 'epoch': '0.8805'}
{'loss': '0.06435', 'grad_norm': '0.3505', 'learning_rate': '1.778e-05', 'epoch': '0.8867'}
{'loss': '0.01733', 'grad_norm': '0.02605', 'learning_rate': '1.777e-05', 'epoch': '0.8929'}
{'loss': '0.03544', 'grad_norm': '21.88', 'learning_rate': '1.775e-05', 'epoch': '0.899'}
{'loss': '0.001244', 'grad_norm': '0.02357', 'learning_rate': '1.774e-05', 'epoch': '0.9052'}
{'loss': '0.02323', 'grad_norm': '0.07114', 'learning_rate': '1.772e-05', 'epoch': '0.9113'}
{'loss': '0.0349', 'grad_norm': '0.3194', 'learning_rate': '1.771e-05', 'epoch': '0.9175'}
{'loss': '0.01925', 'grad_norm': '0.05161', 'learning_rate': '1.769e-05', 'epoch': '0.9236'}
{'loss': '0.0212', 'grad_norm': '0.01561', 'learning_rate': '1.768e-05', 'epoch': '0.9298'}
{'loss': '0.03968', 'grad_norm': '0.01536', 'learning_rate': '1.766e-05', 'epoch': '0.936'}
{'loss': '0.01122', 'grad_norm': '0.02947', 'learning_rate': '1.765e-05', 'epoch': '0.9421'}
{'loss': '0.03258', 'grad_norm': '3.216', 'learning_rate': '1.763e-05', 'epoch': '0.9483'}
{'loss': '0.04847', 'grad_norm': '0.02434', 'learning_rate': '1.762e-05', 'epoch': '0.9544'}
{'loss': '0.01139', 'grad_norm': '0.0511', 'learning_rate': '1.76e-05', 'epoch': '0.9606'}
{'loss': '0.02914', 'grad_norm': '0.02248', 'learning_rate': '1.758e-05', 'epoch': '0.9667'}
{'loss': '0.0278', 'grad_norm': '0.03687', 'learning_rate': '1.757e-05', 'epoch': '0.9729'}
{'loss': '0.009927', 'grad_norm': '0.7663', 'learning_rate': '1.755e-05', 'epoch': '0.9791'}
{'loss': '0.04049', 'grad_norm': '0.2941', 'learning_rate': '1.754e-05', 'epoch': '0.9852'}
{'loss': '0.03364', 'grad_norm': '0.01487', 'learning_rate': '1.752e-05', 'epoch': '0.9914'}
{'loss': '0.01002', 'grad_norm': '26.96', 'learning_rate': '1.751e-05', 'epoch': '0.9975'}
{'eval_loss': '0.4539', 'eval_accuracy': '0.9218', 'eval_precision': '0.9571', 'eval_recall': '0.9018', 'eval_f1': '0.9286', 'eval_runtime': '3.769', 'eval_samples_per_second': '3617', 'eval_steps_per_second': '56.78', 'epoch': '1'}
{'loss': '0.04055', 'grad_norm': '0.1185', 'learning_rate': '1.749e-05', 'epoch': '1.004'}
{'loss': '0.0103', 'grad_norm': '0.03151', 'learning_rate': '1.748e-05', 'epoch': '1.01'}
{'loss': '0.02632', 'grad_norm': '0.01237', 'learning_rate': '1.746e-05', 'epoch': '1.016'}
{'loss': '0.0006213', 'grad_norm': '0.01099', 'learning_rate': '1.745e-05', 'epoch': '1.022'}
{'loss': '0.03459', 'grad_norm': '0.01443', 'learning_rate': '1.743e-05', 'epoch': '1.028'}
{'loss': '0.03771', 'grad_norm': '3.267', 'learning_rate': '1.742e-05', 'epoch': '1.034'}
{'loss': '0.02461', 'grad_norm': '0.02699', 'learning_rate': '1.74e-05', 'epoch': '1.041'}
{'loss': '0.02116', 'grad_norm': '0.02051', 'learning_rate': '1.738e-05', 'epoch': '1.047'}
{'loss': '0.0024', 'grad_norm': '0.6561', 'learning_rate': '1.737e-05', 'epoch': '1.053'}
{'loss': '0.0006797', 'grad_norm': '0.05083', 'learning_rate': '1.735e-05', 'epoch': '1.059'}
{'loss': '0.002264', 'grad_norm': '18.22', 'learning_rate': '1.734e-05', 'epoch': '1.065'}
{'loss': '0.004923', 'grad_norm': '0.005321', 'learning_rate': '1.732e-05', 'epoch': '1.071'}
{'loss': '0.004733', 'grad_norm': '0.005401', 'learning_rate': '1.731e-05', 'epoch': '1.078'}
{'loss': '0.003263', 'grad_norm': '0.005174', 'learning_rate': '1.729e-05', 'epoch': '1.084'}
{'loss': '0.02204', 'grad_norm': '0.004734', 'learning_rate': '1.728e-05', 'epoch': '1.09'}
{'loss': '0.006111', 'grad_norm': '0.004359', 'learning_rate': '1.726e-05', 'epoch': '1.096'}
{'loss': '0.02478', 'grad_norm': '29.15', 'learning_rate': '1.725e-05', 'epoch': '1.102'}
{'loss': '0.05033', 'grad_norm': '0.004444', 'learning_rate': '1.723e-05', 'epoch': '1.108'}
{'loss': '0.003533', 'grad_norm': '0.009846', 'learning_rate': '1.722e-05', 'epoch': '1.115'}
{'loss': '0.001648', 'grad_norm': '0.004839', 'learning_rate': '1.72e-05', 'epoch': '1.121'}
{'loss': '0.04194', 'grad_norm': '0.00508', 'learning_rate': '1.718e-05', 'epoch': '1.127'}
{'loss': '0.01212', 'grad_norm': '0.2073', 'learning_rate': '1.717e-05', 'epoch': '1.133'}
{'loss': '0.0248', 'grad_norm': '0.009942', 'learning_rate': '1.715e-05', 'epoch': '1.139'}
{'loss': '0.0352', 'grad_norm': '2.903', 'learning_rate': '1.714e-05', 'epoch': '1.145'}
{'loss': '0.0334', 'grad_norm': '0.02454', 'learning_rate': '1.712e-05', 'epoch': '1.151'}
{'loss': '0.02183', 'grad_norm': '0.05162', 'learning_rate': '1.711e-05', 'epoch': '1.158'}
{'loss': '0.006581', 'grad_norm': '0.04776', 'learning_rate': '1.709e-05', 'epoch': '1.164'}
{'loss': '0.01134', 'grad_norm': '0.01004', 'learning_rate': '1.708e-05', 'epoch': '1.17'}
{'loss': '0.03914', 'grad_norm': '10.03', 'learning_rate': '1.706e-05', 'epoch': '1.176'}
{'loss': '0.004702', 'grad_norm': '0.07906', 'learning_rate': '1.705e-05', 'epoch': '1.182'}
{'loss': '0.007239', 'grad_norm': '0.04564', 'learning_rate': '1.703e-05', 'epoch': '1.188'}
{'loss': '0.002583', 'grad_norm': '0.06069', 'learning_rate': '1.702e-05', 'epoch': '1.195'}
{'loss': '0.02602', 'grad_norm': '6.19', 'learning_rate': '1.7e-05', 'epoch': '1.201'}
{'loss': '0.02157', 'grad_norm': '7.235', 'learning_rate': '1.698e-05', 'epoch': '1.207'}
{'loss': '0.01603', 'grad_norm': '0.1297', 'learning_rate': '1.697e-05', 'epoch': '1.213'}
{'loss': '0.0129', 'grad_norm': '0.01349', 'learning_rate': '1.695e-05', 'epoch': '1.219'}
{'loss': '0.02741', 'grad_norm': '0.07105', 'learning_rate': '1.694e-05', 'epoch': '1.225'}
{'loss': '0.03599', 'grad_norm': '0.004398', 'learning_rate': '1.692e-05', 'epoch': '1.232'}
{'loss': '0.02681', 'grad_norm': '0.006793', 'learning_rate': '1.691e-05', 'epoch': '1.238'}
{'loss': '0.005684', 'grad_norm': '0.003842', 'learning_rate': '1.689e-05', 'epoch': '1.244'}
{'loss': '0.03678', 'grad_norm': '0.005253', 'learning_rate': '1.688e-05', 'epoch': '1.25'}
{'loss': '0.008512', 'grad_norm': '0.006601', 'learning_rate': '1.686e-05', 'epoch': '1.256'}
{'loss': '0.01127', 'grad_norm': '0.006095', 'learning_rate': '1.685e-05', 'epoch': '1.262'}
{'loss': '0.003941', 'grad_norm': '0.00519', 'learning_rate': '1.683e-05', 'epoch': '1.268'}
{'loss': '0.0002824', 'grad_norm': '0.004234', 'learning_rate': '1.681e-05', 'epoch': '1.275'}
{'loss': '0.02861', 'grad_norm': '0.003942', 'learning_rate': '1.68e-05', 'epoch': '1.281'}
{'loss': '0.01487', 'grad_norm': '0.008308', 'learning_rate': '1.678e-05', 'epoch': '1.287'}
{'loss': '0.00512', 'grad_norm': '0.00456', 'learning_rate': '1.677e-05', 'epoch': '1.293'}
{'loss': '0.01021', 'grad_norm': '0.004499', 'learning_rate': '1.675e-05', 'epoch': '1.299'}
{'loss': '0.02061', 'grad_norm': '0.3505', 'learning_rate': '1.674e-05', 'epoch': '1.305'}
{'loss': '0.004745', 'grad_norm': '0.003592', 'learning_rate': '1.672e-05', 'epoch': '1.312'}
{'loss': '0.009145', 'grad_norm': '0.2333', 'learning_rate': '1.671e-05', 'epoch': '1.318'}
{'loss': '0.02747', 'grad_norm': '4.459', 'learning_rate': '1.669e-05', 'epoch': '1.324'}
{'loss': '0.0003979', 'grad_norm': '0.004339', 'learning_rate': '1.668e-05', 'epoch': '1.33'}
{'loss': '0.003426', 'grad_norm': '0.6327', 'learning_rate': '1.666e-05', 'epoch': '1.336'}
{'loss': '0.03201', 'grad_norm': '0.004532', 'learning_rate': '1.665e-05', 'epoch': '1.342'}
{'loss': '0.03207', 'grad_norm': '0.003906', 'learning_rate': '1.663e-05', 'epoch': '1.349'}
{'loss': '0.03261', 'grad_norm': '0.6285', 'learning_rate': '1.661e-05', 'epoch': '1.355'}
{'loss': '0.006446', 'grad_norm': '0.3495', 'learning_rate': '1.66e-05', 'epoch': '1.361'}
{'loss': '0.02706', 'grad_norm': '6.372', 'learning_rate': '1.658e-05', 'epoch': '1.367'}
{'loss': '0.0006212', 'grad_norm': '0.004454', 'learning_rate': '1.657e-05', 'epoch': '1.373'}
{'loss': '0.002585', 'grad_norm': '0.005204', 'learning_rate': '1.655e-05', 'epoch': '1.379'}
{'loss': '0.0488', 'grad_norm': '0.6228', 'learning_rate': '1.654e-05', 'epoch': '1.385'}
{'loss': '0.009011', 'grad_norm': '0.6753', 'learning_rate': '1.652e-05', 'epoch': '1.392'}
{'loss': '0.02162', 'grad_norm': '4.319', 'learning_rate': '1.651e-05', 'epoch': '1.398'}
{'loss': '0.01152', 'grad_norm': '0.01531', 'learning_rate': '1.649e-05', 'epoch': '1.404'}
{'loss': '0.000489', 'grad_norm': '0.01401', 'learning_rate': '1.648e-05', 'epoch': '1.41'}
{'loss': '0.001153', 'grad_norm': '0.002752', 'learning_rate': '1.646e-05', 'epoch': '1.416'}
{'loss': '0.01939', 'grad_norm': '27.47', 'learning_rate': '1.645e-05', 'epoch': '1.422'}
{'loss': '0.02902', 'grad_norm': '0.002858', 'learning_rate': '1.643e-05', 'epoch': '1.429'}
{'loss': '0.03138', 'grad_norm': '0.00269', 'learning_rate': '1.641e-05', 'epoch': '1.435'}
{'loss': '0.02235', 'grad_norm': '0.004206', 'learning_rate': '1.64e-05', 'epoch': '1.441'}
{'loss': '0.03561', 'grad_norm': '0.01566', 'learning_rate': '1.638e-05', 'epoch': '1.447'}
{'loss': '0.01204', 'grad_norm': '0.05102', 'learning_rate': '1.637e-05', 'epoch': '1.453'}
{'loss': '0.01844', 'grad_norm': '0.003825', 'learning_rate': '1.635e-05', 'epoch': '1.459'}
{'loss': '0.003368', 'grad_norm': '0.06586', 'learning_rate': '1.634e-05', 'epoch': '1.466'}
{'loss': '0.05219', 'grad_norm': '0.0386', 'learning_rate': '1.632e-05', 'epoch': '1.472'}
{'loss': '0.03154', 'grad_norm': '0.533', 'learning_rate': '1.631e-05', 'epoch': '1.478'}
{'loss': '0.002407', 'grad_norm': '0.2466', 'learning_rate': '1.629e-05', 'epoch': '1.484'}
{'loss': '0.007207', 'grad_norm': '0.02588', 'learning_rate': '1.628e-05', 'epoch': '1.49'}
{'loss': '0.004968', 'grad_norm': '4.429', 'learning_rate': '1.626e-05', 'epoch': '1.496'}
{'loss': '0.002067', 'grad_norm': '0.007477', 'learning_rate': '1.625e-05', 'epoch': '1.502'}
{'loss': '0.0002384', 'grad_norm': '0.02252', 'learning_rate': '1.623e-05', 'epoch': '1.509'}
{'loss': '0.01782', 'grad_norm': '0.004265', 'learning_rate': '1.621e-05', 'epoch': '1.515'}
{'loss': '0.03322', 'grad_norm': '15.6', 'learning_rate': '1.62e-05', 'epoch': '1.521'}
{'loss': '0.02686', 'grad_norm': '4.044', 'learning_rate': '1.618e-05', 'epoch': '1.527'}
{'loss': '0.02844', 'grad_norm': '2.124', 'learning_rate': '1.617e-05', 'epoch': '1.533'}
{'loss': '0.05892', 'grad_norm': '1.315', 'learning_rate': '1.615e-05', 'epoch': '1.539'}
{'loss': '0.03841', 'grad_norm': '0.01966', 'learning_rate': '1.614e-05', 'epoch': '1.546'}
{'loss': '0.006479', 'grad_norm': '0.01207', 'learning_rate': '1.612e-05', 'epoch': '1.552'}
{'loss': '0.0005335', 'grad_norm': '0.009414', 'learning_rate': '1.611e-05', 'epoch': '1.558'}
{'loss': '0.03271', 'grad_norm': '0.02906', 'learning_rate': '1.609e-05', 'epoch': '1.564'}
{'loss': '0.06124', 'grad_norm': '0.01055', 'learning_rate': '1.608e-05', 'epoch': '1.57'}
{'loss': '0.0006325', 'grad_norm': '0.01364', 'learning_rate': '1.606e-05', 'epoch': '1.576'}
{'loss': '0.0547', 'grad_norm': '8.051', 'learning_rate': '1.605e-05', 'epoch': '1.583'}
{'loss': '0.03431', 'grad_norm': '21.8', 'learning_rate': '1.603e-05', 'epoch': '1.589'}
{'loss': '0.01755', 'grad_norm': '0.06212', 'learning_rate': '1.601e-05', 'epoch': '1.595'}
{'loss': '0.03439', 'grad_norm': '1.909', 'learning_rate': '1.6e-05', 'epoch': '1.601'}
{'loss': '0.01396', 'grad_norm': '0.05107', 'learning_rate': '1.598e-05', 'epoch': '1.607'}
{'loss': '0.02528', 'grad_norm': '2.388', 'learning_rate': '1.597e-05', 'epoch': '1.613'}
{'loss': '0.01534', 'grad_norm': '0.0466', 'learning_rate': '1.595e-05', 'epoch': '1.619'}
{'loss': '0.008473', 'grad_norm': '0.00812', 'learning_rate': '1.594e-05', 'epoch': '1.626'}
{'loss': '0.02046', 'grad_norm': '0.01571', 'learning_rate': '1.592e-05', 'epoch': '1.632'}
{'loss': '0.02144', 'grad_norm': '12.3', 'learning_rate': '1.591e-05', 'epoch': '1.638'}
{'loss': '0.001322', 'grad_norm': '3.486', 'learning_rate': '1.589e-05', 'epoch': '1.644'}
{'loss': '0.003155', 'grad_norm': '0.009599', 'learning_rate': '1.588e-05', 'epoch': '1.65'}
{'loss': '0.004081', 'grad_norm': '0.005263', 'learning_rate': '1.586e-05', 'epoch': '1.656'}
{'loss': '0.03297', 'grad_norm': '0.005102', 'learning_rate': '1.585e-05', 'epoch': '1.663'}
{'loss': '0.002117', 'grad_norm': '0.005431', 'learning_rate': '1.583e-05', 'epoch': '1.669'}
{'loss': '0.005145', 'grad_norm': '0.03278', 'learning_rate': '1.581e-05', 'epoch': '1.675'}
{'loss': '0.000388', 'grad_norm': '0.5492', 'learning_rate': '1.58e-05', 'epoch': '1.681'}
{'loss': '0.07621', 'grad_norm': '0.06253', 'learning_rate': '1.578e-05', 'epoch': '1.687'}
{'loss': '0.00459', 'grad_norm': '0.01783', 'learning_rate': '1.577e-05', 'epoch': '1.693'}
{'loss': '0.02796', 'grad_norm': '0.02128', 'learning_rate': '1.575e-05', 'epoch': '1.7'}
{'loss': '0.004963', 'grad_norm': '3.032', 'learning_rate': '1.574e-05', 'epoch': '1.706'}
{'loss': '0.01822', 'grad_norm': '0.01872', 'learning_rate': '1.572e-05', 'epoch': '1.712'}
{'loss': '0.02555', 'grad_norm': '0.05895', 'learning_rate': '1.571e-05', 'epoch': '1.718'}
{'loss': '0.02456', 'grad_norm': '0.1391', 'learning_rate': '1.569e-05', 'epoch': '1.724'}
{'loss': '0.01531', 'grad_norm': '0.02028', 'learning_rate': '1.568e-05', 'epoch': '1.73'}
{'loss': '0.007339', 'grad_norm': '52.65', 'learning_rate': '1.566e-05', 'epoch': '1.736'}
{'loss': '0.03164', 'grad_norm': '0.02162', 'learning_rate': '1.565e-05', 'epoch': '1.743'}
{'loss': '0.003871', 'grad_norm': '0.08514', 'learning_rate': '1.563e-05', 'epoch': '1.749'}
{'loss': '0.02624', 'grad_norm': '0.01513', 'learning_rate': '1.561e-05', 'epoch': '1.755'}
{'loss': '0.02599', 'grad_norm': '2.879', 'learning_rate': '1.56e-05', 'epoch': '1.761'}
{'loss': '0.01374', 'grad_norm': '0.01761', 'learning_rate': '1.558e-05', 'epoch': '1.767'}
{'loss': '0.002396', 'grad_norm': '0.008705', 'learning_rate': '1.557e-05', 'epoch': '1.773'}
{'loss': '0.004121', 'grad_norm': '0.007466', 'learning_rate': '1.555e-05', 'epoch': '1.78'}
{'loss': '0.03131', 'grad_norm': '1.543', 'learning_rate': '1.554e-05', 'epoch': '1.786'}
{'loss': '0.01528', 'grad_norm': '0.007672', 'learning_rate': '1.552e-05', 'epoch': '1.792'}
{'loss': '0.0206', 'grad_norm': '73.01', 'learning_rate': '1.551e-05', 'epoch': '1.798'}
{'loss': '0.01756', 'grad_norm': '0.007377', 'learning_rate': '1.549e-05', 'epoch': '1.804'}
{'loss': '0.04068', 'grad_norm': '0.007522', 'learning_rate': '1.548e-05', 'epoch': '1.81'}
{'loss': '0.03287', 'grad_norm': '0.007766', 'learning_rate': '1.546e-05', 'epoch': '1.817'}
{'loss': '0.006029', 'grad_norm': '0.008706', 'learning_rate': '1.544e-05', 'epoch': '1.823'}
{'loss': '0.0005685', 'grad_norm': '0.005717', 'learning_rate': '1.543e-05', 'epoch': '1.829'}
{'loss': '0.02513', 'grad_norm': '0.4769', 'learning_rate': '1.541e-05', 'epoch': '1.835'}
{'loss': '0.002619', 'grad_norm': '0.005583', 'learning_rate': '1.54e-05', 'epoch': '1.841'}
{'loss': '0.00921', 'grad_norm': '0.006057', 'learning_rate': '1.538e-05', 'epoch': '1.847'}
{'loss': '0.004689', 'grad_norm': '0.006595', 'learning_rate': '1.537e-05', 'epoch': '1.853'}
{'loss': '0.007221', 'grad_norm': '0.005322', 'learning_rate': '1.535e-05', 'epoch': '1.86'}
{'loss': '0.005358', 'grad_norm': '14.16', 'learning_rate': '1.534e-05', 'epoch': '1.866'}
{'loss': '0.001261', 'grad_norm': '0.00415', 'learning_rate': '1.532e-05', 'epoch': '1.872'}
{'loss': '0.001575', 'grad_norm': '0.00406', 'learning_rate': '1.531e-05', 'epoch': '1.878'}
{'loss': '0.02591', 'grad_norm': '36.01', 'learning_rate': '1.529e-05', 'epoch': '1.884'}
{'loss': '0.0001788', 'grad_norm': '0.003876', 'learning_rate': '1.528e-05', 'epoch': '1.89'}
{'loss': '0.02609', 'grad_norm': '0.003753', 'learning_rate': '1.526e-05', 'epoch': '1.897'}
{'loss': '0.05226', 'grad_norm': '15.59', 'learning_rate': '1.524e-05', 'epoch': '1.903'}
{'loss': '0.02045', 'grad_norm': '0.009172', 'learning_rate': '1.523e-05', 'epoch': '1.909'}
{'loss': '0.02268', 'grad_norm': '0.5475', 'learning_rate': '1.521e-05', 'epoch': '1.915'}
{'loss': '0.04626', 'grad_norm': '0.0122', 'learning_rate': '1.52e-05', 'epoch': '1.921'}
{'loss': '0.02764', 'grad_norm': '0.2355', 'learning_rate': '1.518e-05', 'epoch': '1.927'}
{'loss': '0.03144', 'grad_norm': '0.02186', 'learning_rate': '1.517e-05', 'epoch': '1.933'}
{'loss': '0.008458', 'grad_norm': '0.006138', 'learning_rate': '1.515e-05', 'epoch': '1.94'}
{'loss': '0.03479', 'grad_norm': '0.007581', 'learning_rate': '1.514e-05', 'epoch': '1.946'}
{'loss': '0.001657', 'grad_norm': '0.3501', 'learning_rate': '1.512e-05', 'epoch': '1.952'}
{'loss': '0.05426', 'grad_norm': '0.06249', 'learning_rate': '1.511e-05', 'epoch': '1.958'}
{'loss': '0.01409', 'grad_norm': '0.005594', 'learning_rate': '1.509e-05', 'epoch': '1.964'}
{'loss': '0.01313', 'grad_norm': '0.08536', 'learning_rate': '1.508e-05', 'epoch': '1.97'}
{'loss': '0.02048', 'grad_norm': '0.006001', 'learning_rate': '1.506e-05', 'epoch': '1.977'}
{'loss': '0.0636', 'grad_norm': '0.1177', 'learning_rate': '1.504e-05', 'epoch': '1.983'}
{'loss': '0.02916', 'grad_norm': '0.02094', 'learning_rate': '1.503e-05', 'epoch': '1.989'}
{'loss': '0.002906', 'grad_norm': '0.02968', 'learning_rate': '1.501e-05', 'epoch': '1.995'}
{'eval_loss': '0.3977', 'eval_accuracy': '0.9385', 'eval_precision': '0.9439', 'eval_recall': '0.9473', 'eval_f1': '0.9456', 'eval_runtime': '3.378', 'eval_samples_per_second': '4036', 'eval_steps_per_second': '63.35', 'epoch': '2'}
{'loss': '0.01962', 'grad_norm': '0.7217', 'learning_rate': '1.5e-05', 'epoch': '2.001'}
{'loss': '0.003187', 'grad_norm': '0.005054', 'learning_rate': '1.498e-05', 'epoch': '2.007'}
{'loss': '0.009113', 'grad_norm': '0.00519', 'learning_rate': '1.497e-05', 'epoch': '2.014'}
{'loss': '0.005807', 'grad_norm': '0.003807', 'learning_rate': '1.495e-05', 'epoch': '2.02'}
{'loss': '0.003992', 'grad_norm': '0.007721', 'learning_rate': '1.494e-05', 'epoch': '2.026'}
{'loss': '0.006292', 'grad_norm': '0.003466', 'learning_rate': '1.492e-05', 'epoch': '2.032'}
{'loss': '0.004422', 'grad_norm': '1.074', 'learning_rate': '1.491e-05', 'epoch': '2.038'}
{'loss': '0.03058', 'grad_norm': '0.005146', 'learning_rate': '1.489e-05', 'epoch': '2.044'}
{'loss': '0.01356', 'grad_norm': '0.009322', 'learning_rate': '1.488e-05', 'epoch': '2.05'}
{'loss': '0.0384', 'grad_norm': '17.92', 'learning_rate': '1.486e-05', 'epoch': '2.057'}
{'loss': '0.02781', 'grad_norm': '6.276', 'learning_rate': '1.484e-05', 'epoch': '2.063'}
{'loss': '0.005152', 'grad_norm': '0.5686', 'learning_rate': '1.483e-05', 'epoch': '2.069'}
{'loss': '0.03945', 'grad_norm': '0.4696', 'learning_rate': '1.481e-05', 'epoch': '2.075'}
{'loss': '0.0007216', 'grad_norm': '0.01174', 'learning_rate': '1.48e-05', 'epoch': '2.081'}
{'loss': '0.02984', 'grad_norm': '0.02117', 'learning_rate': '1.478e-05', 'epoch': '2.087'}
{'loss': '0.004285', 'grad_norm': '0.02131', 'learning_rate': '1.477e-05', 'epoch': '2.094'}
{'loss': '0.01604', 'grad_norm': '92.94', 'learning_rate': '1.475e-05', 'epoch': '2.1'}
{'loss': '0.0005131', 'grad_norm': '0.008377', 'learning_rate': '1.474e-05', 'epoch': '2.106'}
{'loss': '0.005189', 'grad_norm': '0.4814', 'learning_rate': '1.472e-05', 'epoch': '2.112'}
{'loss': '0.01509', 'grad_norm': '0.5749', 'learning_rate': '1.471e-05', 'epoch': '2.118'}
{'loss': '0.001185', 'grad_norm': '0.006481', 'learning_rate': '1.469e-05', 'epoch': '2.124'}
{'loss': '0.03454', 'grad_norm': '0.672', 'learning_rate': '1.468e-05', 'epoch': '2.131'}
{'loss': '0.004988', 'grad_norm': '0.01441', 'learning_rate': '1.466e-05', 'epoch': '2.137'}
{'loss': '0.001072', 'grad_norm': '0.009598', 'learning_rate': '1.464e-05', 'epoch': '2.143'}
{'loss': '0.0003651', 'grad_norm': '0.005355', 'learning_rate': '1.463e-05', 'epoch': '2.149'}
{'loss': '0.004322', 'grad_norm': '0.007749', 'learning_rate': '1.461e-05', 'epoch': '2.155'}
{'loss': '0.002332', 'grad_norm': '0.9989', 'learning_rate': '1.46e-05', 'epoch': '2.161'}
{'loss': '0.009501', 'grad_norm': '0.009704', 'learning_rate': '1.458e-05', 'epoch': '2.167'}
{'loss': '0.04547', 'grad_norm': '1.916', 'learning_rate': '1.457e-05', 'epoch': '2.174'}
{'loss': '0.01983', 'grad_norm': '0.2461', 'learning_rate': '1.455e-05', 'epoch': '2.18'}
{'loss': '0.004544', 'grad_norm': '0.3503', 'learning_rate': '1.454e-05', 'epoch': '2.186'}
{'loss': '0.01471', 'grad_norm': '0.009847', 'learning_rate': '1.452e-05', 'epoch': '2.192'}
{'loss': '0.02346', 'grad_norm': '0.01194', 'learning_rate': '1.451e-05', 'epoch': '2.198'}
{'loss': '0.009887', 'grad_norm': '0.01698', 'learning_rate': '1.449e-05', 'epoch': '2.204'}
{'loss': '0.01255', 'grad_norm': '0.006719', 'learning_rate': '1.448e-05', 'epoch': '2.211'}
{'loss': '0.01248', 'grad_norm': '0.006682', 'learning_rate': '1.446e-05', 'epoch': '2.217'}
{'loss': '0.00756', 'grad_norm': '0.004788', 'learning_rate': '1.444e-05', 'epoch': '2.223'}
{'loss': '0.002579', 'grad_norm': '0.003982', 'learning_rate': '1.443e-05', 'epoch': '2.229'}
{'loss': '0.03072', 'grad_norm': '0.6097', 'learning_rate': '1.441e-05', 'epoch': '2.235'}
{'loss': '0.0004996', 'grad_norm': '0.0131', 'learning_rate': '1.44e-05', 'epoch': '2.241'}
{'loss': '0.001661', 'grad_norm': '0.009733', 'learning_rate': '1.438e-05', 'epoch': '2.248'}
{'loss': '0.006408', 'grad_norm': '0.005861', 'learning_rate': '1.437e-05', 'epoch': '2.254'}
{'loss': '0.0002514', 'grad_norm': '0.005849', 'learning_rate': '1.435e-05', 'epoch': '2.26'}
{'loss': '0.001629', 'grad_norm': '0.004761', 'learning_rate': '1.434e-05', 'epoch': '2.266'}
{'loss': '0.0001996', 'grad_norm': '0.004346', 'learning_rate': '1.432e-05', 'epoch': '2.272'}
{'loss': '0.009606', 'grad_norm': '0.004327', 'learning_rate': '1.431e-05', 'epoch': '2.278'}
{'loss': '0.000188', 'grad_norm': '0.004549', 'learning_rate': '1.429e-05', 'epoch': '2.284'}
{'loss': '0.001881', 'grad_norm': '0.4093', 'learning_rate': '1.427e-05', 'epoch': '2.291'}
{'loss': '0.0001605', 'grad_norm': '0.003601', 'learning_rate': '1.426e-05', 'epoch': '2.297'}
{'loss': '0.006158', 'grad_norm': '84.84', 'learning_rate': '1.424e-05', 'epoch': '2.303'}
{'loss': '0.03099', 'grad_norm': '6.684', 'learning_rate': '1.423e-05', 'epoch': '2.309'}
{'loss': '0.002856', 'grad_norm': '0.003401', 'learning_rate': '1.421e-05', 'epoch': '2.315'}
{'loss': '0.03144', 'grad_norm': '0.3952', 'learning_rate': '1.42e-05', 'epoch': '2.321'}
{'loss': '0.0196', 'grad_norm': '0.2867', 'learning_rate': '1.418e-05', 'epoch': '2.328'}
{'loss': '0.00656', 'grad_norm': '0.02716', 'learning_rate': '1.417e-05', 'epoch': '2.334'}
{'loss': '0.0236', 'grad_norm': '1.591', 'learning_rate': '1.415e-05', 'epoch': '2.34'}
{'loss': '0.009489', 'grad_norm': '0.7299', 'learning_rate': '1.414e-05', 'epoch': '2.346'}
{'loss': '0.004636', 'grad_norm': '0.005832', 'learning_rate': '1.412e-05', 'epoch': '2.352'}
{'loss': '0.008411', 'grad_norm': '0.004749', 'learning_rate': '1.411e-05', 'epoch': '2.358'}
{'loss': '0.0002323', 'grad_norm': '0.005084', 'learning_rate': '1.409e-05', 'epoch': '2.365'}
{'loss': '0.001953', 'grad_norm': '0.004133', 'learning_rate': '1.407e-05', 'epoch': '2.371'}
{'loss': '0.0268', 'grad_norm': '0.008244', 'learning_rate': '1.406e-05', 'epoch': '2.377'}
{'loss': '0.00234', 'grad_norm': '0.01052', 'learning_rate': '1.404e-05', 'epoch': '2.383'}
{'loss': '0.0004491', 'grad_norm': '0.007939', 'learning_rate': '1.403e-05', 'epoch': '2.389'}
{'loss': '0.03228', 'grad_norm': '0.009002', 'learning_rate': '1.401e-05', 'epoch': '2.395'}
{'loss': '0.00229', 'grad_norm': '0.01706', 'learning_rate': '1.4e-05', 'epoch': '2.401'}
{'loss': '0.003709', 'grad_norm': '0.01257', 'learning_rate': '1.398e-05', 'epoch': '2.408'}
{'loss': '0.002781', 'grad_norm': '0.104', 'learning_rate': '1.397e-05', 'epoch': '2.414'}
{'loss': '0.005042', 'grad_norm': '0.006471', 'learning_rate': '1.395e-05', 'epoch': '2.42'}
{'loss': '0.01682', 'grad_norm': '0.4506', 'learning_rate': '1.394e-05', 'epoch': '2.426'}
{'loss': '0.0002287', 'grad_norm': '0.004381', 'learning_rate': '1.392e-05', 'epoch': '2.432'}
{'loss': '0.00314', 'grad_norm': '0.004196', 'learning_rate': '1.391e-05', 'epoch': '2.438'}
{'loss': '0.0141', 'grad_norm': '0.008777', 'learning_rate': '1.389e-05', 'epoch': '2.445'}
{'loss': '0.02057', 'grad_norm': '0.01936', 'learning_rate': '1.387e-05', 'epoch': '2.451'}
{'loss': '0.0008118', 'grad_norm': '0.04917', 'learning_rate': '1.386e-05', 'epoch': '2.457'}
{'loss': '0.009589', 'grad_norm': '0.5105', 'learning_rate': '1.384e-05', 'epoch': '2.463'}
{'loss': '0.008614', 'grad_norm': '0.005314', 'learning_rate': '1.383e-05', 'epoch': '2.469'}
{'loss': '0.004887', 'grad_norm': '0.007199', 'learning_rate': '1.381e-05', 'epoch': '2.475'}
{'loss': '0.00255', 'grad_norm': '0.003634', 'learning_rate': '1.38e-05', 'epoch': '2.482'}
{'loss': '0.0002364', 'grad_norm': '0.003724', 'learning_rate': '1.378e-05', 'epoch': '2.488'}
{'loss': '0.003397', 'grad_norm': '0.003176', 'learning_rate': '1.377e-05', 'epoch': '2.494'}
{'loss': '0.03', 'grad_norm': '24.92', 'learning_rate': '1.375e-05', 'epoch': '2.5'}
{'loss': '0.002495', 'grad_norm': '0.00355', 'learning_rate': '1.374e-05', 'epoch': '2.506'}
{'loss': '0.005008', 'grad_norm': '0.00309', 'learning_rate': '1.372e-05', 'epoch': '2.512'}
{'loss': '0.02474', 'grad_norm': '0.002708', 'learning_rate': '1.371e-05', 'epoch': '2.518'}
{'loss': '0.002153', 'grad_norm': '0.002725', 'learning_rate': '1.369e-05', 'epoch': '2.525'}
{'loss': '0.0299', 'grad_norm': '0.003056', 'learning_rate': '1.367e-05', 'epoch': '2.531'}
{'loss': '0.05753', 'grad_norm': '31.69', 'learning_rate': '1.366e-05', 'epoch': '2.537'}
{'loss': '0.003021', 'grad_norm': '0.005312', 'learning_rate': '1.364e-05', 'epoch': '2.543'}
{'loss': '0.002125', 'grad_norm': '0.003035', 'learning_rate': '1.363e-05', 'epoch': '2.549'}
{'loss': '0.02366', 'grad_norm': '5.374', 'learning_rate': '1.361e-05', 'epoch': '2.555'}
{'loss': '0.008346', 'grad_norm': '0.01878', 'learning_rate': '1.36e-05', 'epoch': '2.562'}
{'loss': '0.03411', 'grad_norm': '67.69', 'learning_rate': '1.358e-05', 'epoch': '2.568'}
{'loss': '0.05589', 'grad_norm': '23.52', 'learning_rate': '1.357e-05', 'epoch': '2.574'}
{'loss': '0.0025', 'grad_norm': '0.04311', 'learning_rate': '1.355e-05', 'epoch': '2.58'}
{'loss': '0.01933', 'grad_norm': '4.133', 'learning_rate': '1.354e-05', 'epoch': '2.586'}
{'loss': '0.0008224', 'grad_norm': '0.0307', 'learning_rate': '1.352e-05', 'epoch': '2.592'}
{'loss': '0.01552', 'grad_norm': '0.6563', 'learning_rate': '1.351e-05', 'epoch': '2.599'}
{'loss': '0.003168', 'grad_norm': '0.004896', 'learning_rate': '1.349e-05', 'epoch': '2.605'}
{'loss': '0.02458', 'grad_norm': '0.01289', 'learning_rate': '1.347e-05', 'epoch': '2.611'}
{'loss': '0.0008274', 'grad_norm': '0.01068', 'learning_rate': '1.346e-05', 'epoch': '2.617'}
{'loss': '0.009993', 'grad_norm': '0.009476', 'learning_rate': '1.344e-05', 'epoch': '2.623'}
{'loss': '0.01177', 'grad_norm': '0.004622', 'learning_rate': '1.343e-05', 'epoch': '2.629'}
{'loss': '0.02938', 'grad_norm': '0.009232', 'learning_rate': '1.341e-05', 'epoch': '2.635'}
{'loss': '0.003519', 'grad_norm': '0.009771', 'learning_rate': '1.34e-05', 'epoch': '2.642'}
{'loss': '0.01796', 'grad_norm': '0.5112', 'learning_rate': '1.338e-05', 'epoch': '2.648'}
{'loss': '0.003433', 'grad_norm': '0.0563', 'learning_rate': '1.337e-05', 'epoch': '2.654'}
{'loss': '0.0111', 'grad_norm': '0.09891', 'learning_rate': '1.335e-05', 'epoch': '2.66'}
{'loss': '0.007911', 'grad_norm': '0.003972', 'learning_rate': '1.334e-05', 'epoch': '2.666'}
{'loss': '0.003697', 'grad_norm': '0.003947', 'learning_rate': '1.332e-05', 'epoch': '2.672'}
{'loss': '0.01778', 'grad_norm': '0.3651', 'learning_rate': '1.331e-05', 'epoch': '2.679'}
{'loss': '0.007395', 'grad_norm': '0.6218', 'learning_rate': '1.329e-05', 'epoch': '2.685'}
{'loss': '0.003559', 'grad_norm': '0.002689', 'learning_rate': '1.327e-05', 'epoch': '2.691'}
{'loss': '0.01225', 'grad_norm': '0.6024', 'learning_rate': '1.326e-05', 'epoch': '2.697'}
{'loss': '0.01515', 'grad_norm': '0.003182', 'learning_rate': '1.324e-05', 'epoch': '2.703'}
{'loss': '0.03373', 'grad_norm': '0.4491', 'learning_rate': '1.323e-05', 'epoch': '2.709'}
{'loss': '0.04729', 'grad_norm': '0.01457', 'learning_rate': '1.321e-05', 'epoch': '2.716'}
{'loss': '0.004874', 'grad_norm': '0.5065', 'learning_rate': '1.32e-05', 'epoch': '2.722'}
{'loss': '0.008086', 'grad_norm': '0.007513', 'learning_rate': '1.318e-05', 'epoch': '2.728'}
{'loss': '0.001282', 'grad_norm': '0.004228', 'learning_rate': '1.317e-05', 'epoch': '2.734'}
{'loss': '0.001006', 'grad_norm': '0.009123', 'learning_rate': '1.315e-05', 'epoch': '2.74'}
{'loss': '0.01057', 'grad_norm': '0.5237', 'learning_rate': '1.314e-05', 'epoch': '2.746'}
{'loss': '0.001602', 'grad_norm': '0.003594', 'learning_rate': '1.312e-05', 'epoch': '2.752'}
{'loss': '0.008133', 'grad_norm': '0.003159', 'learning_rate': '1.31e-05', 'epoch': '2.759'}
{'loss': '0.002401', 'grad_norm': '0.004412', 'learning_rate': '1.309e-05', 'epoch': '2.765'}
{'loss': '0.004061', 'grad_norm': '0.003087', 'learning_rate': '1.307e-05', 'epoch': '2.771'}
{'loss': '0.002934', 'grad_norm': '0.006061', 'learning_rate': '1.306e-05', 'epoch': '2.777'}
{'loss': '0.003091', 'grad_norm': '0.002485', 'learning_rate': '1.304e-05', 'epoch': '2.783'}
{'loss': '0.03517', 'grad_norm': '0.3961', 'learning_rate': '1.303e-05', 'epoch': '2.789'}
{'loss': '0.006713', 'grad_norm': '0.7101', 'learning_rate': '1.301e-05', 'epoch': '2.796'}
{'loss': '0.00195', 'grad_norm': '0.003327', 'learning_rate': '1.3e-05', 'epoch': '2.802'}
{'loss': '0.0001051', 'grad_norm': '0.002384', 'learning_rate': '1.298e-05', 'epoch': '2.808'}
{'loss': '0.01628', 'grad_norm': '2.255', 'learning_rate': '1.297e-05', 'epoch': '2.814'}
{'loss': '0.01351', 'grad_norm': '0.06995', 'learning_rate': '1.295e-05', 'epoch': '2.82'}
{'loss': '0.007709', 'grad_norm': '0.5648', 'learning_rate': '1.294e-05', 'epoch': '2.826'}
{'loss': '0.00233', 'grad_norm': '0.008208', 'learning_rate': '1.292e-05', 'epoch': '2.833'}
{'loss': '0.002261', 'grad_norm': '0.0025', 'learning_rate': '1.29e-05', 'epoch': '2.839'}
{'loss': '0.05466', 'grad_norm': '0.00251', 'learning_rate': '1.289e-05', 'epoch': '2.845'}
{'loss': '0.03096', 'grad_norm': '0.007582', 'learning_rate': '1.287e-05', 'epoch': '2.851'}
{'loss': '0.002392', 'grad_norm': '0.009329', 'learning_rate': '1.286e-05', 'epoch': '2.857'}
{'loss': '0.003475', 'grad_norm': '0.007061', 'learning_rate': '1.284e-05', 'epoch': '2.863'}
{'loss': '0.009642', 'grad_norm': '0.004788', 'learning_rate': '1.283e-05', 'epoch': '2.869'}
{'loss': '0.006779', 'grad_norm': '0.2864', 'learning_rate': '1.281e-05', 'epoch': '2.876'}
{'loss': '0.01154', 'grad_norm': '0.003871', 'learning_rate': '1.28e-05', 'epoch': '2.882'}
{'loss': '0.0001576', 'grad_norm': '0.003335', 'learning_rate': '1.278e-05', 'epoch': '2.888'}
{'loss': '0.01818', 'grad_norm': '0.003559', 'learning_rate': '1.277e-05', 'epoch': '2.894'}
{'loss': '0.04115', 'grad_norm': '0.00426', 'learning_rate': '1.275e-05', 'epoch': '2.9'}
{'loss': '0.02258', 'grad_norm': '0.003892', 'learning_rate': '1.274e-05', 'epoch': '2.906'}
{'loss': '0.004025', 'grad_norm': '0.003868', 'learning_rate': '1.272e-05', 'epoch': '2.913'}
{'loss': '0.005549', 'grad_norm': '0.004521', 'learning_rate': '1.27e-05', 'epoch': '2.919'}
{'loss': '0.0001481', 'grad_norm': '0.003538', 'learning_rate': '1.269e-05', 'epoch': '2.925'}
{'loss': '0.004436', 'grad_norm': '0.002937', 'learning_rate': '1.267e-05', 'epoch': '2.931'}
{'loss': '0.008902', 'grad_norm': '4.88', 'learning_rate': '1.266e-05', 'epoch': '2.937'}
{'loss': '0.02379', 'grad_norm': '0.00246', 'learning_rate': '1.264e-05', 'epoch': '2.943'}
{'loss': '0.004092', 'grad_norm': '0.09621', 'learning_rate': '1.263e-05', 'epoch': '2.95'}
{'loss': '0.034', 'grad_norm': '0.002793', 'learning_rate': '1.261e-05', 'epoch': '2.956'}
{'loss': '0.006399', 'grad_norm': '0.007389', 'learning_rate': '1.26e-05', 'epoch': '2.962'}
{'loss': '0.00389', 'grad_norm': '0.003954', 'learning_rate': '1.258e-05', 'epoch': '2.968'}
{'loss': '0.0001214', 'grad_norm': '0.00383', 'learning_rate': '1.257e-05', 'epoch': '2.974'}
{'loss': '0.003925', 'grad_norm': '0.4958', 'learning_rate': '1.255e-05', 'epoch': '2.98'}
{'loss': '0.0001019', 'grad_norm': '0.002423', 'learning_rate': '1.254e-05', 'epoch': '2.986'}
{'loss': '0.02165', 'grad_norm': '0.7792', 'learning_rate': '1.252e-05', 'epoch': '2.993'}
{'loss': '0.01384', 'grad_norm': '0.02015', 'learning_rate': '1.25e-05', 'epoch': '2.999'}
{'eval_loss': '0.4278', 'eval_accuracy': '0.9416', 'eval_precision': '0.9632', 'eval_recall': '0.9321', 'eval_f1': '0.9474', 'eval_runtime': '3.395', 'eval_samples_per_second': '4016', 'eval_steps_per_second': '63.04', 'epoch': '3'}
{'loss': '0.004022', 'grad_norm': '0.00559', 'learning_rate': '1.249e-05', 'epoch': '3.005'}
{'loss': '0.007919', 'grad_norm': '0.002151', 'learning_rate': '1.247e-05', 'epoch': '3.011'}
{'loss': '0.02851', 'grad_norm': '0.9552', 'learning_rate': '1.246e-05', 'epoch': '3.017'}
{'loss': '0.01747', 'grad_norm': '0.001819', 'learning_rate': '1.244e-05', 'epoch': '3.023'}
{'loss': '0.00895', 'grad_norm': '0.003367', 'learning_rate': '1.243e-05', 'epoch': '3.03'}
{'loss': '0.02485', 'grad_norm': '0.5544', 'learning_rate': '1.241e-05', 'epoch': '3.036'}
{'loss': '0.004613', 'grad_norm': '0.01008', 'learning_rate': '1.24e-05', 'epoch': '3.042'}
{'loss': '0.002177', 'grad_norm': '0.002826', 'learning_rate': '1.238e-05', 'epoch': '3.048'}
{'loss': '0.0287', 'grad_norm': '0.004034', 'learning_rate': '1.237e-05', 'epoch': '3.054'}
{'loss': '0.004193', 'grad_norm': '0.005734', 'learning_rate': '1.235e-05', 'epoch': '3.06'}
{'loss': '0.009993', 'grad_norm': '0.005626', 'learning_rate': '1.234e-05', 'epoch': '3.067'}
{'loss': '0.005037', 'grad_norm': '0.008888', 'learning_rate': '1.232e-05', 'epoch': '3.073'}
{'loss': '0.006466', 'grad_norm': '0.01008', 'learning_rate': '1.23e-05', 'epoch': '3.079'}
{'loss': '0.003334', 'grad_norm': '0.001831', 'learning_rate': '1.229e-05', 'epoch': '3.085'}
{'loss': '0.005093', 'grad_norm': '0.5556', 'learning_rate': '1.227e-05', 'epoch': '3.091'}
{'loss': '0.02274', 'grad_norm': '0.001564', 'learning_rate': '1.226e-05', 'epoch': '3.097'}
{'loss': '0.005106', 'grad_norm': '0.01076', 'learning_rate': '1.224e-05', 'epoch': '3.103'}
{'loss': '0.00201', 'grad_norm': '0.475', 'learning_rate': '1.223e-05', 'epoch': '3.11'}
{'loss': '0.007328', 'grad_norm': '0.001505', 'learning_rate': '1.221e-05', 'epoch': '3.116'}
{'loss': '0.01933', 'grad_norm': '0.001572', 'learning_rate': '1.22e-05', 'epoch': '3.122'}
{'loss': '0.0002663', 'grad_norm': '0.2546', 'learning_rate': '1.218e-05', 'epoch': '3.128'}
{'loss': '0.01739', 'grad_norm': '0.7271', 'learning_rate': '1.217e-05', 'epoch': '3.134'}
{'loss': '0.005336', 'grad_norm': '0.001414', 'learning_rate': '1.215e-05', 'epoch': '3.14'}
{'loss': '0.0005095', 'grad_norm': '0.001468', 'learning_rate': '1.214e-05', 'epoch': '3.147'}
{'loss': '0.01477', 'grad_norm': '0.03114', 'learning_rate': '1.212e-05', 'epoch': '3.153'}
{'loss': '0.003551', 'grad_norm': '0.001364', 'learning_rate': '1.21e-05', 'epoch': '3.159'}
{'loss': '0.003551', 'grad_norm': '0.001397', 'learning_rate': '1.209e-05', 'epoch': '3.165'}
{'loss': '0.005743', 'grad_norm': '0.001305', 'learning_rate': '1.207e-05', 'epoch': '3.171'}
{'loss': '0.004595', 'grad_norm': '0.6098', 'learning_rate': '1.206e-05', 'epoch': '3.177'}
{'loss': '0.01396', 'grad_norm': '0.001346', 'learning_rate': '1.204e-05', 'epoch': '3.183'}
{'loss': '0.01816', 'grad_norm': '0.001356', 'learning_rate': '1.203e-05', 'epoch': '3.19'}
{'loss': '0.01968', 'grad_norm': '0.0014', 'learning_rate': '1.201e-05', 'epoch': '3.196'}
{'loss': '0.02496', 'grad_norm': '0.01215', 'learning_rate': '1.2e-05', 'epoch': '3.202'}
{'loss': '0.009493', 'grad_norm': '1.084', 'learning_rate': '1.198e-05', 'epoch': '3.208'}
{'loss': '0.03001', 'grad_norm': '0.003821', 'learning_rate': '1.197e-05', 'epoch': '3.214'}
{'loss': '0.001857', 'grad_norm': '0.002537', 'learning_rate': '1.195e-05', 'epoch': '3.22'}
{'loss': '0.0154', 'grad_norm': '0.001553', 'learning_rate': '1.194e-05', 'epoch': '3.227'}
{'loss': '0.009308', 'grad_norm': '0.0028', 'learning_rate': '1.192e-05', 'epoch': '3.233'}
{'loss': '0.002236', 'grad_norm': '0.008745', 'learning_rate': '1.19e-05', 'epoch': '3.239'}
{'loss': '0.002196', 'grad_norm': '0.01198', 'learning_rate': '1.189e-05', 'epoch': '3.245'}
{'loss': '0.005871', 'grad_norm': '4.139', 'learning_rate': '1.187e-05', 'epoch': '3.251'}
{'loss': '0.002806', 'grad_norm': '0.001826', 'learning_rate': '1.186e-05', 'epoch': '3.257'}
{'loss': '0.003893', 'grad_norm': '0.9071', 'learning_rate': '1.184e-05', 'epoch': '3.264'}
{'loss': '0.001466', 'grad_norm': '0.001277', 'learning_rate': '1.183e-05', 'epoch': '3.27'}
{'loss': '0.002281', 'grad_norm': '0.001278', 'learning_rate': '1.181e-05', 'epoch': '3.276'}
{'loss': '0.0003971', 'grad_norm': '0.001199', 'learning_rate': '1.18e-05', 'epoch': '3.282'}
{'loss': '0.003216', 'grad_norm': '0.486', 'learning_rate': '1.178e-05', 'epoch': '3.288'}
{'loss': '0.03541', 'grad_norm': '29.21', 'learning_rate': '1.177e-05', 'epoch': '3.294'}
{'loss': '0.01136', 'grad_norm': '0.001132', 'learning_rate': '1.175e-05', 'epoch': '3.3'}
{'loss': '0.01179', 'grad_norm': '0.001221', 'learning_rate': '1.173e-05', 'epoch': '3.307'}
{'loss': '0.00462', 'grad_norm': '0.63', 'learning_rate': '1.172e-05', 'epoch': '3.313'}
{'loss': '0.002262', 'grad_norm': '0.00108', 'learning_rate': '1.17e-05', 'epoch': '3.319'}
{'loss': '0.0001761', 'grad_norm': '0.001256', 'learning_rate': '1.169e-05', 'epoch': '3.325'}
{'loss': '0.007947', 'grad_norm': '0.001347', 'learning_rate': '1.167e-05', 'epoch': '3.331'}
{'loss': '0.005507', 'grad_norm': '0.001109', 'learning_rate': '1.166e-05', 'epoch': '3.337'}
{'loss': '0.001998', 'grad_norm': '0.001158', 'learning_rate': '1.164e-05', 'epoch': '3.344'}
{'loss': '0.002585', 'grad_norm': '1.786', 'learning_rate': '1.163e-05', 'epoch': '3.35'}
{'loss': '0.03105', 'grad_norm': '0.001038', 'learning_rate': '1.161e-05', 'epoch': '3.356'}
{'loss': '0.004263', 'grad_norm': '0.001191', 'learning_rate': '1.16e-05', 'epoch': '3.362'}
{'loss': '0.004752', 'grad_norm': '0.001334', 'learning_rate': '1.158e-05', 'epoch': '3.368'}
{'loss': '0.001901', 'grad_norm': '0.00112', 'learning_rate': '1.157e-05', 'epoch': '3.374'}
{'loss': '0.001948', 'grad_norm': '0.002399', 'learning_rate': '1.155e-05', 'epoch': '3.381'}
{'loss': '0.002019', 'grad_norm': '0.001243', 'learning_rate': '1.153e-05', 'epoch': '3.387'}
{'loss': '0.01186', 'grad_norm': '0.001496', 'learning_rate': '1.152e-05', 'epoch': '3.393'}
{'loss': '0.005415', 'grad_norm': '0.00112', 'learning_rate': '1.15e-05', 'epoch': '3.399'}
{'loss': '0.05571', 'grad_norm': '0.001288', 'learning_rate': '1.149e-05', 'epoch': '3.405'}
{'loss': '0.0068', 'grad_norm': '0.07008', 'learning_rate': '1.147e-05', 'epoch': '3.411'}
{'loss': '0.0003608', 'grad_norm': '0.001834', 'learning_rate': '1.146e-05', 'epoch': '3.417'}
{'loss': '0.007306', 'grad_norm': '0.001511', 'learning_rate': '1.144e-05', 'epoch': '3.424'}
{'loss': '0.01183', 'grad_norm': '0.6768', 'learning_rate': '1.143e-05', 'epoch': '3.43'}
{'loss': '6.503e-05', 'grad_norm': '0.001844', 'learning_rate': '1.141e-05', 'epoch': '3.436'}
{'loss': '0.0006406', 'grad_norm': '0.001171', 'learning_rate': '1.14e-05', 'epoch': '3.442'}
{'loss': '0.03044', 'grad_norm': '0.00127', 'learning_rate': '1.138e-05', 'epoch': '3.448'}
{'loss': '0.012', 'grad_norm': '0.002448', 'learning_rate': '1.137e-05', 'epoch': '3.454'}
{'loss': '0.02357', 'grad_norm': '0.002047', 'learning_rate': '1.135e-05', 'epoch': '3.461'}
{'loss': '0.002929', 'grad_norm': '0.004647', 'learning_rate': '1.133e-05', 'epoch': '3.467'}
{'loss': '0.00363', 'grad_norm': '0.00252', 'learning_rate': '1.132e-05', 'epoch': '3.473'}
{'loss': '0.02104', 'grad_norm': '0.001529', 'learning_rate': '1.13e-05', 'epoch': '3.479'}
{'loss': '0.00215', 'grad_norm': '0.001646', 'learning_rate': '1.129e-05', 'epoch': '3.485'}
{'loss': '0.004718', 'grad_norm': '0.6716', 'learning_rate': '1.127e-05', 'epoch': '3.491'}
{'loss': '0.005412', 'grad_norm': '0.7288', 'learning_rate': '1.126e-05', 'epoch': '3.498'}
{'loss': '0.005502', 'grad_norm': '0.00115', 'learning_rate': '1.124e-05', 'epoch': '3.504'}
{'loss': '0.01819', 'grad_norm': '8.83', 'learning_rate': '1.123e-05', 'epoch': '3.51'}
{'loss': '0.005918', 'grad_norm': '0.007219', 'learning_rate': '1.121e-05', 'epoch': '3.516'}
{'loss': '0.00877', 'grad_norm': '0.007421', 'learning_rate': '1.12e-05', 'epoch': '3.522'}
{'loss': '0.001644', 'grad_norm': '0.001451', 'learning_rate': '1.118e-05', 'epoch': '3.528'}
{'loss': '0.002576', 'grad_norm': '0.04665', 'learning_rate': '1.117e-05', 'epoch': '3.534'}
{'loss': '6.935e-05', 'grad_norm': '0.001861', 'learning_rate': '1.115e-05', 'epoch': '3.541'}
{'loss': '0.01511', 'grad_norm': '106.1', 'learning_rate': '1.113e-05', 'epoch': '3.547'}
{'loss': '0.007348', 'grad_norm': '0.001172', 'learning_rate': '1.112e-05', 'epoch': '3.553'}
{'loss': '0.05682', 'grad_norm': '0.4615', 'learning_rate': '1.11e-05', 'epoch': '3.559'}
{'loss': '0.003634', 'grad_norm': '0.02496', 'learning_rate': '1.109e-05', 'epoch': '3.565'}
{'loss': '0.007742', 'grad_norm': '0.004364', 'learning_rate': '1.107e-05', 'epoch': '3.571'}
{'loss': '0.004765', 'grad_norm': '0.02612', 'learning_rate': '1.106e-05', 'epoch': '3.578'}
{'loss': '0.004401', 'grad_norm': '0.001617', 'learning_rate': '1.104e-05', 'epoch': '3.584'}
{'loss': '0.002081', 'grad_norm': '0.002453', 'learning_rate': '1.103e-05', 'epoch': '3.59'}
{'loss': '0.004981', 'grad_norm': '0.001333', 'learning_rate': '1.101e-05', 'epoch': '3.596'}
{'loss': '0.002019', 'grad_norm': '0.5287', 'learning_rate': '1.1e-05', 'epoch': '3.602'}
{'loss': '0.00246', 'grad_norm': '0.001267', 'learning_rate': '1.098e-05', 'epoch': '3.608'}
{'loss': '0.006304', 'grad_norm': '0.001331', 'learning_rate': '1.097e-05', 'epoch': '3.615'}
{'loss': '0.002046', 'grad_norm': '0.001874', 'learning_rate': '1.095e-05', 'epoch': '3.621'}
{'loss': '5.437e-05', 'grad_norm': '0.001116', 'learning_rate': '1.093e-05', 'epoch': '3.627'}
{'loss': '0.004079', 'grad_norm': '0.001174', 'learning_rate': '1.092e-05', 'epoch': '3.633'}
{'loss': '0.004185', 'grad_norm': '0.001176', 'learning_rate': '1.09e-05', 'epoch': '3.639'}
{'loss': '0.002238', 'grad_norm': '0.004989', 'learning_rate': '1.089e-05', 'epoch': '3.645'}
{'loss': '0.009958', 'grad_norm': '0.0009918', 'learning_rate': '1.087e-05', 'epoch': '3.651'}
{'loss': '0.01139', 'grad_norm': '0.001015', 'learning_rate': '1.086e-05', 'epoch': '3.658'}
{'loss': '0.03505', 'grad_norm': '4.176', 'learning_rate': '1.084e-05', 'epoch': '3.664'}
{'loss': '0.02118', 'grad_norm': '0.5478', 'learning_rate': '1.083e-05', 'epoch': '3.67'}
{'loss': '0.009487', 'grad_norm': '0.03167', 'learning_rate': '1.081e-05', 'epoch': '3.676'}
{'loss': '8.21e-05', 'grad_norm': '0.001898', 'learning_rate': '1.08e-05', 'epoch': '3.682'}
{'loss': '0.006324', 'grad_norm': '0.001616', 'learning_rate': '1.078e-05', 'epoch': '3.688'}
{'loss': '0.0039', 'grad_norm': '0.001395', 'learning_rate': '1.077e-05', 'epoch': '3.695'}
{'loss': '0.004749', 'grad_norm': '0.001387', 'learning_rate': '1.075e-05', 'epoch': '3.701'}
{'loss': '0.004829', 'grad_norm': '0.001405', 'learning_rate': '1.073e-05', 'epoch': '3.707'}
{'loss': '0.002362', 'grad_norm': '0.627', 'learning_rate': '1.072e-05', 'epoch': '3.713'}
{'loss': '6.142e-05', 'grad_norm': '0.001147', 'learning_rate': '1.07e-05', 'epoch': '3.719'}
{'loss': '5.717e-05', 'grad_norm': '0.001107', 'learning_rate': '1.069e-05', 'epoch': '3.725'}
{'loss': '4.717e-05', 'grad_norm': '0.001991', 'learning_rate': '1.067e-05', 'epoch': '3.732'}
{'loss': '0.003962', 'grad_norm': '0.007212', 'learning_rate': '1.066e-05', 'epoch': '3.738'}
{'loss': '0.004067', 'grad_norm': '0.005318', 'learning_rate': '1.064e-05', 'epoch': '3.744'}
{'loss': '0.02219', 'grad_norm': '0.001022', 'learning_rate': '1.063e-05', 'epoch': '3.75'}
{'loss': '0.007718', 'grad_norm': '0.001175', 'learning_rate': '1.061e-05', 'epoch': '3.756'}
{'loss': '0.006409', 'grad_norm': '0.001165', 'learning_rate': '1.06e-05', 'epoch': '3.762'}
{'loss': '0.008349', 'grad_norm': '0.469', 'learning_rate': '1.058e-05', 'epoch': '3.768'}
{'loss': '0.01095', 'grad_norm': '0.001072', 'learning_rate': '1.056e-05', 'epoch': '3.775'}
{'loss': '0.002982', 'grad_norm': '0.3735', 'learning_rate': '1.055e-05', 'epoch': '3.781'}
{'loss': '7.312e-05', 'grad_norm': '0.008187', 'learning_rate': '1.053e-05', 'epoch': '3.787'}
{'loss': '0.02187', 'grad_norm': '0.0009479', 'learning_rate': '1.052e-05', 'epoch': '3.793'}
{'loss': '0.001973', 'grad_norm': '0.003103', 'learning_rate': '1.05e-05', 'epoch': '3.799'}
{'loss': '0.004758', 'grad_norm': '0.1065', 'learning_rate': '1.049e-05', 'epoch': '3.805'}
{'loss': '0.003444', 'grad_norm': '0.001475', 'learning_rate': '1.047e-05', 'epoch': '3.812'}
{'loss': '0.006218', 'grad_norm': '0.8224', 'learning_rate': '1.046e-05', 'epoch': '3.818'}
{'loss': '0.003117', 'grad_norm': '0.4278', 'learning_rate': '1.044e-05', 'epoch': '3.824'}
{'loss': '0.02021', 'grad_norm': '0.00143', 'learning_rate': '1.043e-05', 'epoch': '3.83'}
{'loss': '0.004662', 'grad_norm': '0.09164', 'learning_rate': '1.041e-05', 'epoch': '3.836'}
{'loss': '0.01044', 'grad_norm': '0.5831', 'learning_rate': '1.04e-05', 'epoch': '3.842'}
{'loss': '5.742e-05', 'grad_norm': '0.004355', 'learning_rate': '1.038e-05', 'epoch': '3.849'}
{'loss': '0.0001533', 'grad_norm': '0.0009205', 'learning_rate': '1.036e-05', 'epoch': '3.855'}
{'loss': '0.007594', 'grad_norm': '0.002208', 'learning_rate': '1.035e-05', 'epoch': '3.861'}
{'loss': '0.00153', 'grad_norm': '0.6811', 'learning_rate': '1.033e-05', 'epoch': '3.867'}
{'loss': '0.003629', 'grad_norm': '0.0007771', 'learning_rate': '1.032e-05', 'epoch': '3.873'}
{'loss': '0.001078', 'grad_norm': '0.3412', 'learning_rate': '1.03e-05', 'epoch': '3.879'}
{'loss': '0.004242', 'grad_norm': '0.000731', 'learning_rate': '1.029e-05', 'epoch': '3.885'}
{'loss': '0.005134', 'grad_norm': '0.001266', 'learning_rate': '1.027e-05', 'epoch': '3.892'}
{'loss': '8.34e-05', 'grad_norm': '0.001324', 'learning_rate': '1.026e-05', 'epoch': '3.898'}
{'loss': '0.01139', 'grad_norm': '0.5992', 'learning_rate': '1.024e-05', 'epoch': '3.904'}
{'loss': '0.02129', 'grad_norm': '0.0008012', 'learning_rate': '1.023e-05', 'epoch': '3.91'}
{'loss': '5.353e-05', 'grad_norm': '0.0008046', 'learning_rate': '1.021e-05', 'epoch': '3.916'}
{'loss': '0.01913', 'grad_norm': '0.6239', 'learning_rate': '1.02e-05', 'epoch': '3.922'}
{'loss': '0.008292', 'grad_norm': '0.305', 'learning_rate': '1.018e-05', 'epoch': '3.929'}
{'loss': '0.002351', 'grad_norm': '0.004539', 'learning_rate': '1.016e-05', 'epoch': '3.935'}
{'loss': '0.008305', 'grad_norm': '0.0008497', 'learning_rate': '1.015e-05', 'epoch': '3.941'}
{'loss': '0.004252', 'grad_norm': '0.005686', 'learning_rate': '1.013e-05', 'epoch': '3.947'}
{'loss': '3.617e-05', 'grad_norm': '0.001601', 'learning_rate': '1.012e-05', 'epoch': '3.953'}
{'loss': '0.00252', 'grad_norm': '0.0008008', 'learning_rate': '1.01e-05', 'epoch': '3.959'}
{'loss': '0.0272', 'grad_norm': '0.0009724', 'learning_rate': '1.009e-05', 'epoch': '3.966'}
{'loss': '0.004527', 'grad_norm': '0.01242', 'learning_rate': '1.007e-05', 'epoch': '3.972'}
{'loss': '0.0001274', 'grad_norm': '0.002097', 'learning_rate': '1.006e-05', 'epoch': '3.978'}
{'loss': '0.01486', 'grad_norm': '0.0007312', 'learning_rate': '1.004e-05', 'epoch': '3.984'}
{'loss': '0.005198', 'grad_norm': '0.0008686', 'learning_rate': '1.003e-05', 'epoch': '3.99'}
{'loss': '0.006742', 'grad_norm': '0.0007756', 'learning_rate': '1.001e-05', 'epoch': '3.996'}
{'eval_loss': '0.7068', 'eval_accuracy': '0.9243', 'eval_precision': '0.9784', 'eval_recall': '0.8853', 'eval_f1': '0.9295', 'eval_runtime': '3.454', 'eval_samples_per_second': '3947', 'eval_steps_per_second': '61.96', 'epoch': '4'}
{'loss': '0.00448', 'grad_norm': '0.03559', 'learning_rate': '9.995e-06', 'epoch': '4.002'}
{'loss': '0.004877', 'grad_norm': '0.01727', 'learning_rate': '9.98e-06', 'epoch': '4.009'}
{'loss': '0.001558', 'grad_norm': '0.0009855', 'learning_rate': '9.965e-06', 'epoch': '4.015'}
{'loss': '0.002476', 'grad_norm': '0.0007735', 'learning_rate': '9.949e-06', 'epoch': '4.021'}
{'loss': '0.002059', 'grad_norm': '0.0006976', 'learning_rate': '9.934e-06', 'epoch': '4.027'}
{'loss': '0.00218', 'grad_norm': '0.000839', 'learning_rate': '9.918e-06', 'epoch': '4.033'}
{'loss': '0.001845', 'grad_norm': '0.01193', 'learning_rate': '9.903e-06', 'epoch': '4.039'}
{'loss': '3.156e-05', 'grad_norm': '0.002071', 'learning_rate': '9.888e-06', 'epoch': '4.046'}
{'loss': '0.004101', 'grad_norm': '0.0007382', 'learning_rate': '9.872e-06', 'epoch': '4.052'}
{'loss': '0.007702', 'grad_norm': '0.0008788', 'learning_rate': '9.857e-06', 'epoch': '4.058'}
{'loss': '2.851e-05', 'grad_norm': '0.0006653', 'learning_rate': '9.841e-06', 'epoch': '4.064'}
{'loss': '0.005086', 'grad_norm': '0.0006721', 'learning_rate': '9.826e-06', 'epoch': '4.07'}
{'loss': '0.006384', 'grad_norm': '0.0006261', 'learning_rate': '9.811e-06', 'epoch': '4.076'}
{'loss': '0.00753', 'grad_norm': '0.3776', 'learning_rate': '9.795e-06', 'epoch': '4.083'}
{'loss': '0.002026', 'grad_norm': '0.0006829', 'learning_rate': '9.78e-06', 'epoch': '4.089'}
{'loss': '0.007499', 'grad_norm': '0.0006363', 'learning_rate': '9.764e-06', 'epoch': '4.095'}
{'loss': '0.002972', 'grad_norm': '0.0006557', 'learning_rate': '9.749e-06', 'epoch': '4.101'}
{'loss': '2.649e-05', 'grad_norm': '0.0006069', 'learning_rate': '9.734e-06', 'epoch': '4.107'}
{'loss': '0.005759', 'grad_norm': '0.0006063', 'learning_rate': '9.718e-06', 'epoch': '4.113'}
{'loss': '0.001961', 'grad_norm': '0.0007526', 'learning_rate': '9.703e-06', 'epoch': '4.119'}
{'loss': '0.003901', 'grad_norm': '0.5631', 'learning_rate': '9.687e-06', 'epoch': '4.126'}
{'loss': '0.007605', 'grad_norm': '0.0006366', 'learning_rate': '9.672e-06', 'epoch': '4.132'}
{'loss': '0.001581', 'grad_norm': '0.001606', 'learning_rate': '9.657e-06', 'epoch': '4.138'}
{'loss': '0.002122', 'grad_norm': '0.0005798', 'learning_rate': '9.641e-06', 'epoch': '4.144'}
{'loss': '0.002626', 'grad_norm': '0.002347', 'learning_rate': '9.626e-06', 'epoch': '4.15'}
{'loss': '0.001289', 'grad_norm': '0.0006054', 'learning_rate': '9.611e-06', 'epoch': '4.156'}
{'loss': '2.619e-05', 'grad_norm': '0.0005461', 'learning_rate': '9.595e-06', 'epoch': '4.163'}
{'loss': '0.002595', 'grad_norm': '0.0005646', 'learning_rate': '9.58e-06', 'epoch': '4.169'}
{'loss': '0.007706', 'grad_norm': '0.2956', 'learning_rate': '9.564e-06', 'epoch': '4.175'}
{'loss': '0.008666', 'grad_norm': '0.0005704', 'learning_rate': '9.549e-06', 'epoch': '4.181'}
{'loss': '0.005575', 'grad_norm': '0.0005462', 'learning_rate': '9.534e-06', 'epoch': '4.187'}
{'loss': '0.00407', 'grad_norm': '0.0005639', 'learning_rate': '9.518e-06', 'epoch': '4.193'}
{'loss': '0.03248', 'grad_norm': '0.0007262', 'learning_rate': '9.503e-06', 'epoch': '4.2'}
{'loss': '0.001536', 'grad_norm': '0.001231', 'learning_rate': '9.487e-06', 'epoch': '4.206'}
{'loss': '0.004', 'grad_norm': '0.0008378', 'learning_rate': '9.472e-06', 'epoch': '4.212'}
{'loss': '0.009794', 'grad_norm': '0.0009706', 'learning_rate': '9.457e-06', 'epoch': '4.218'}
{'loss': '0.002379', 'grad_norm': '0.0007544', 'learning_rate': '9.441e-06', 'epoch': '4.224'}
{'loss': '0.02883', 'grad_norm': '0.5221', 'learning_rate': '9.426e-06', 'epoch': '4.23'}
{'loss': '0.0111', 'grad_norm': '0.0007398', 'learning_rate': '9.41e-06', 'epoch': '4.236'}
{'loss': '0.008118', 'grad_norm': '0.0006306', 'learning_rate': '9.395e-06', 'epoch': '4.243'}
{'loss': '0.008034', 'grad_norm': '0.001248', 'learning_rate': '9.38e-06', 'epoch': '4.249'}
{'loss': '0.009426', 'grad_norm': '0.6158', 'learning_rate': '9.364e-06', 'epoch': '4.255'}
{'loss': '0.00679', 'grad_norm': '0.2226', 'learning_rate': '9.349e-06', 'epoch': '4.261'}
{'loss': '0.002306', 'grad_norm': '0.000599', 'learning_rate': '9.333e-06', 'epoch': '4.267'}
{'loss': '0.008178', 'grad_norm': '0.0008089', 'learning_rate': '9.318e-06', 'epoch': '4.273'}
{'loss': '0.02339', 'grad_norm': '0.0007504', 'learning_rate': '9.303e-06', 'epoch': '4.28'}
{'loss': '2.518e-05', 'grad_norm': '0.000584', 'learning_rate': '9.287e-06', 'epoch': '4.286'}
{'loss': '0.00406', 'grad_norm': '0.6325', 'learning_rate': '9.272e-06', 'epoch': '4.292'}
{'loss': '2.7e-05', 'grad_norm': '0.0005598', 'learning_rate': '9.256e-06', 'epoch': '4.298'}
{'loss': '0.002672', 'grad_norm': '0.004794', 'learning_rate': '9.241e-06', 'epoch': '4.304'}
{'loss': '0.005803', 'grad_norm': '0.011', 'learning_rate': '9.226e-06', 'epoch': '4.31'}
{'loss': '2.342e-05', 'grad_norm': '0.0005364', 'learning_rate': '9.21e-06', 'epoch': '4.317'}
{'loss': '0.001928', 'grad_norm': '0.0005679', 'learning_rate': '9.195e-06', 'epoch': '4.323'}
{'loss': '0.004519', 'grad_norm': '0.0004818', 'learning_rate': '9.179e-06', 'epoch': '4.329'}
{'loss': '0.003081', 'grad_norm': '0.4529', 'learning_rate': '9.164e-06', 'epoch': '4.335'}
{'loss': '0.02367', 'grad_norm': '0.587', 'learning_rate': '9.149e-06', 'epoch': '4.341'}
{'loss': '2.472e-05', 'grad_norm': '0.0005994', 'learning_rate': '9.133e-06', 'epoch': '4.347'}
{'loss': '0.002288', 'grad_norm': '0.0005852', 'learning_rate': '9.118e-06', 'epoch': '4.353'}
{'loss': '2.495e-05', 'grad_norm': '0.0006093', 'learning_rate': '9.103e-06', 'epoch': '4.36'}
{'loss': '2.453e-05', 'grad_norm': '0.0005778', 'learning_rate': '9.087e-06', 'epoch': '4.366'}
{'loss': '0.003828', 'grad_norm': '0.0005713', 'learning_rate': '9.072e-06', 'epoch': '4.372'}
{'loss': '0.002076', 'grad_norm': '0.6002', 'learning_rate': '9.056e-06', 'epoch': '4.378'}
{'loss': '2.395e-05', 'grad_norm': '0.0005774', 'learning_rate': '9.041e-06', 'epoch': '4.384'}
{'loss': '0.007435', 'grad_norm': '0.0005656', 'learning_rate': '9.026e-06', 'epoch': '4.39'}
{'loss': '0.002369', 'grad_norm': '0.0005711', 'learning_rate': '9.01e-06', 'epoch': '4.397'}
{'loss': '0.005323', 'grad_norm': '0.0006095', 'learning_rate': '8.995e-06', 'epoch': '4.403'}
{'loss': '0.009222', 'grad_norm': '0.0006391', 'learning_rate': '8.979e-06', 'epoch': '4.409'}
{'loss': '2.638e-05', 'grad_norm': '0.0005964', 'learning_rate': '8.964e-06', 'epoch': '4.415'}
{'loss': '0.00413', 'grad_norm': '0.01602', 'learning_rate': '8.949e-06', 'epoch': '4.421'}
{'loss': '0.006296', 'grad_norm': '0.0005872', 'learning_rate': '8.933e-06', 'epoch': '4.427'}
{'loss': '0.001919', 'grad_norm': '0.0006881', 'learning_rate': '8.918e-06', 'epoch': '4.433'}
{'loss': '0.005518', 'grad_norm': '0.0005601', 'learning_rate': '8.902e-06', 'epoch': '4.44'}
{'loss': '0.03698', 'grad_norm': '0.4258', 'learning_rate': '8.887e-06', 'epoch': '4.446'}
{'loss': '0.01865', 'grad_norm': '0.000618', 'learning_rate': '8.872e-06', 'epoch': '4.452'}
{'loss': '0.005196', 'grad_norm': '0.6594', 'learning_rate': '8.856e-06', 'epoch': '4.458'}
{'loss': '0.01242', 'grad_norm': '0.6075', 'learning_rate': '8.841e-06', 'epoch': '4.464'}
{'loss': '0.01472', 'grad_norm': '0.002487', 'learning_rate': '8.825e-06', 'epoch': '4.47'}
{'loss': '0.007038', 'grad_norm': '0.000756', 'learning_rate': '8.81e-06', 'epoch': '4.477'}
{'loss': '0.004278', 'grad_norm': '0.6252', 'learning_rate': '8.795e-06', 'epoch': '4.483'}
{'loss': '0.00226', 'grad_norm': '0.6349', 'learning_rate': '8.779e-06', 'epoch': '4.489'}
{'loss': '0.001532', 'grad_norm': '0.0005669', 'learning_rate': '8.764e-06', 'epoch': '4.495'}
{'loss': '0.003896', 'grad_norm': '0.0006204', 'learning_rate': '8.748e-06', 'epoch': '4.501'}
{'loss': '0.008834', 'grad_norm': '0.0009374', 'learning_rate': '8.733e-06', 'epoch': '4.507'}
{'loss': '2.478e-05', 'grad_norm': '0.0005765', 'learning_rate': '8.718e-06', 'epoch': '4.514'}
{'loss': '0.004303', 'grad_norm': '0.000548', 'learning_rate': '8.702e-06', 'epoch': '4.52'}
{'loss': '0.004843', 'grad_norm': '0.0006344', 'learning_rate': '8.687e-06', 'epoch': '4.526'}
{'loss': '0.005425', 'grad_norm': '0.0005998', 'learning_rate': '8.671e-06', 'epoch': '4.532'}
{'loss': '0.009239', 'grad_norm': '3.64', 'learning_rate': '8.656e-06', 'epoch': '4.538'}
{'loss': '0.003398', 'grad_norm': '0.007281', 'learning_rate': '8.641e-06', 'epoch': '4.544'}
{'loss': '2.413e-05', 'grad_norm': '0.0005398', 'learning_rate': '8.625e-06', 'epoch': '4.55'}
{'loss': '0.009125', 'grad_norm': '0.0005405', 'learning_rate': '8.61e-06', 'epoch': '4.557'}
{'loss': '0.02247', 'grad_norm': '0.5338', 'learning_rate': '8.595e-06', 'epoch': '4.563'}
{'loss': '0.005308', 'grad_norm': '0.0005597', 'learning_rate': '8.579e-06', 'epoch': '4.569'}
{'loss': '0.002577', 'grad_norm': '0.0005876', 'learning_rate': '8.564e-06', 'epoch': '4.575'}
{'loss': '0.002775', 'grad_norm': '0.0005988', 'learning_rate': '8.548e-06', 'epoch': '4.581'}
{'loss': '0.006942', 'grad_norm': '0.0005586', 'learning_rate': '8.533e-06', 'epoch': '4.587'}
{'loss': '0.03391', 'grad_norm': '12.55', 'learning_rate': '8.518e-06', 'epoch': '4.594'}
{'loss': '0.003918', 'grad_norm': '0.0008242', 'learning_rate': '8.502e-06', 'epoch': '4.6'}
{'loss': '0.001764', 'grad_norm': '0.001992', 'learning_rate': '8.487e-06', 'epoch': '4.606'}
{'loss': '0.02781', 'grad_norm': '0.001056', 'learning_rate': '8.471e-06', 'epoch': '4.612'}
{'loss': '0.02195', 'grad_norm': '0.5837', 'learning_rate': '8.456e-06', 'epoch': '4.618'}
{'loss': '0.002197', 'grad_norm': '0.001555', 'learning_rate': '8.441e-06', 'epoch': '4.624'}
{'loss': '0.004123', 'grad_norm': '0.001498', 'learning_rate': '8.425e-06', 'epoch': '4.631'}
{'loss': '0.007055', 'grad_norm': '0.001315', 'learning_rate': '8.41e-06', 'epoch': '4.637'}
{'loss': '0.00666', 'grad_norm': '0.0006416', 'learning_rate': '8.394e-06', 'epoch': '4.643'}
{'loss': '0.001522', 'grad_norm': '0.0007014', 'learning_rate': '8.379e-06', 'epoch': '4.649'}
{'loss': '0.003674', 'grad_norm': '0.6324', 'learning_rate': '8.364e-06', 'epoch': '4.655'}
{'loss': '0.005055', 'grad_norm': '0.0005784', 'learning_rate': '8.348e-06', 'epoch': '4.661'}
{'loss': '0.001544', 'grad_norm': '0.0005635', 'learning_rate': '8.333e-06', 'epoch': '4.667'}
{'loss': '0.006597', 'grad_norm': '1.158', 'learning_rate': '8.317e-06', 'epoch': '4.674'}
{'loss': '0.0079', 'grad_norm': '0.6211', 'learning_rate': '8.302e-06', 'epoch': '4.68'}
{'loss': '0.0021', 'grad_norm': '0.001579', 'learning_rate': '8.287e-06', 'epoch': '4.686'}
{'loss': '0.00149', 'grad_norm': '0.4727', 'learning_rate': '8.271e-06', 'epoch': '4.692'}
{'loss': '0.0041', 'grad_norm': '0.0005736', 'learning_rate': '8.256e-06', 'epoch': '4.698'}
{'loss': '0.006206', 'grad_norm': '0.0005071', 'learning_rate': '8.24e-06', 'epoch': '4.704'}
{'loss': '0.002463', 'grad_norm': '0.0005932', 'learning_rate': '8.225e-06', 'epoch': '4.711'}
{'loss': '0.007498', 'grad_norm': '0.0005711', 'learning_rate': '8.21e-06', 'epoch': '4.717'}
{'loss': '0.002492', 'grad_norm': '0.0005243', 'learning_rate': '8.194e-06', 'epoch': '4.723'}
{'loss': '0.003789', 'grad_norm': '0.00322', 'learning_rate': '8.179e-06', 'epoch': '4.729'}
{'loss': '0.001864', 'grad_norm': '0.000969', 'learning_rate': '8.163e-06', 'epoch': '4.735'}
{'loss': '0.002545', 'grad_norm': '0.0004815', 'learning_rate': '8.148e-06', 'epoch': '4.741'}
{'loss': '0.004291', 'grad_norm': '36.57', 'learning_rate': '8.133e-06', 'epoch': '4.748'}
{'loss': '0.009247', 'grad_norm': '0.000486', 'learning_rate': '8.117e-06', 'epoch': '4.754'}
{'loss': '0.005359', 'grad_norm': '0.0004462', 'learning_rate': '8.102e-06', 'epoch': '4.76'}
{'loss': '0.006523', 'grad_norm': '1.466', 'learning_rate': '8.087e-06', 'epoch': '4.766'}
{'loss': '0.01772', 'grad_norm': '0.6681', 'learning_rate': '8.071e-06', 'epoch': '4.772'}
{'loss': '1.938e-05', 'grad_norm': '0.0004788', 'learning_rate': '8.056e-06', 'epoch': '4.778'}
{'loss': '0.01727', 'grad_norm': '158', 'learning_rate': '8.04e-06', 'epoch': '4.784'}
{'loss': '0.004563', 'grad_norm': '0.0009158', 'learning_rate': '8.025e-06', 'epoch': '4.791'}
{'loss': '1.913e-05', 'grad_norm': '0.0004446', 'learning_rate': '8.01e-06', 'epoch': '4.797'}
{'loss': '0.02127', 'grad_norm': '59.25', 'learning_rate': '7.994e-06', 'epoch': '4.803'}
{'loss': '0.003603', 'grad_norm': '0.0004903', 'learning_rate': '7.979e-06', 'epoch': '4.809'}
{'loss': '0.003691', 'grad_norm': '0.6211', 'learning_rate': '7.963e-06', 'epoch': '4.815'}
{'loss': '0.003049', 'grad_norm': '0.02624', 'learning_rate': '7.948e-06', 'epoch': '4.821'}
{'loss': '0.00194', 'grad_norm': '0.0007471', 'learning_rate': '7.933e-06', 'epoch': '4.828'}
{'loss': '0.003644', 'grad_norm': '0.01577', 'learning_rate': '7.917e-06', 'epoch': '4.834'}
{'loss': '0.005725', 'grad_norm': '0.0004851', 'learning_rate': '7.902e-06', 'epoch': '4.84'}
{'loss': '0.007258', 'grad_norm': '0.0004956', 'learning_rate': '7.886e-06', 'epoch': '4.846'}
{'loss': '0.002966', 'grad_norm': '0.0004633', 'learning_rate': '7.871e-06', 'epoch': '4.852'}
{'loss': '0.003578', 'grad_norm': '0.0004182', 'learning_rate': '7.856e-06', 'epoch': '4.858'}
{'loss': '0.003425', 'grad_norm': '0.4118', 'learning_rate': '7.84e-06', 'epoch': '4.865'}
{'loss': '0.004483', 'grad_norm': '0.5158', 'learning_rate': '7.825e-06', 'epoch': '4.871'}
{'loss': '2.081e-05', 'grad_norm': '0.0004089', 'learning_rate': '7.809e-06', 'epoch': '4.877'}
{'loss': '0.005899', 'grad_norm': '0.681', 'learning_rate': '7.794e-06', 'epoch': '4.883'}
{'loss': '0.008419', 'grad_norm': '36.94', 'learning_rate': '7.779e-06', 'epoch': '4.889'}
{'loss': '6.578e-05', 'grad_norm': '0.0004551', 'learning_rate': '7.763e-06', 'epoch': '4.895'}
{'loss': '0.02008', 'grad_norm': '0.0004726', 'learning_rate': '7.748e-06', 'epoch': '4.901'}
{'loss': '0.0112', 'grad_norm': '0.003953', 'learning_rate': '7.732e-06', 'epoch': '4.908'}
{'loss': '0.006668', 'grad_norm': '0.0009444', 'learning_rate': '7.717e-06', 'epoch': '4.914'}
{'loss': '0.006863', 'grad_norm': '0.000774', 'learning_rate': '7.702e-06', 'epoch': '4.92'}
{'loss': '0.003103', 'grad_norm': '0.0007754', 'learning_rate': '7.686e-06', 'epoch': '4.926'}
{'loss': '0.02051', 'grad_norm': '0.01099', 'learning_rate': '7.671e-06', 'epoch': '4.932'}
{'loss': '0.008041', 'grad_norm': '0.626', 'learning_rate': '7.655e-06', 'epoch': '4.938'}
{'loss': '0.001451', 'grad_norm': '0.001038', 'learning_rate': '7.64e-06', 'epoch': '4.945'}
{'loss': '0.003855', 'grad_norm': '0.001021', 'learning_rate': '7.625e-06', 'epoch': '4.951'}
{'loss': '5.367e-05', 'grad_norm': '0.0006866', 'learning_rate': '7.609e-06', 'epoch': '4.957'}
{'loss': '7.285e-05', 'grad_norm': '0.01797', 'learning_rate': '7.594e-06', 'epoch': '4.963'}
{'loss': '0.003624', 'grad_norm': '0.0006851', 'learning_rate': '7.579e-06', 'epoch': '4.969'}
{'loss': '0.005618', 'grad_norm': '0.0006172', 'learning_rate': '7.563e-06', 'epoch': '4.975'}
{'loss': '0.003897', 'grad_norm': '0.0006216', 'learning_rate': '7.548e-06', 'epoch': '4.982'}
{'loss': '0.008695', 'grad_norm': '0.1005', 'learning_rate': '7.532e-06', 'epoch': '4.988'}
{'loss': '3.084e-05', 'grad_norm': '0.0005718', 'learning_rate': '7.517e-06', 'epoch': '4.994'}
{'loss': '0.01544', 'grad_norm': '0.0005552', 'learning_rate': '7.502e-06', 'epoch': '5'}
{'eval_loss': '0.6625', 'eval_accuracy': '0.9286', 'eval_precision': '0.9624', 'eval_recall': '0.9088', 'eval_f1': '0.9349', 'eval_runtime': '3.395', 'eval_samples_per_second': '4016', 'eval_steps_per_second': '63.03', 'epoch': '5'}
{'loss': '0.00817', 'grad_norm': '0.0005673', 'learning_rate': '7.486e-06', 'epoch': '5.006'}
{'loss': '0.003532', 'grad_norm': '0.6049', 'learning_rate': '7.471e-06', 'epoch': '5.012'}
{'loss': '0.001496', 'grad_norm': '2.18', 'learning_rate': '7.455e-06', 'epoch': '5.018'}
{'loss': '2.377e-05', 'grad_norm': '0.0005476', 'learning_rate': '7.44e-06', 'epoch': '5.025'}
{'loss': '2.402e-05', 'grad_norm': '0.000584', 'learning_rate': '7.425e-06', 'epoch': '5.031'}
{'loss': '2.436e-05', 'grad_norm': '0.0007439', 'learning_rate': '7.409e-06', 'epoch': '5.037'}
{'loss': '2.337e-05', 'grad_norm': '0.0005509', 'learning_rate': '7.394e-06', 'epoch': '5.043'}
{'loss': '0.01142', 'grad_norm': '85.2', 'learning_rate': '7.378e-06', 'epoch': '5.049'}
{'loss': '2.304e-05', 'grad_norm': '0.0005671', 'learning_rate': '7.363e-06', 'epoch': '5.055'}
{'loss': '0.0009569', 'grad_norm': '0.0005885', 'learning_rate': '7.348e-06', 'epoch': '5.062'}
{'loss': '0.01458', 'grad_norm': '0.6552', 'learning_rate': '7.332e-06', 'epoch': '5.068'}
{'loss': '2.354e-05', 'grad_norm': '0.0005745', 'learning_rate': '7.317e-06', 'epoch': '5.074'}
{'loss': '0.002867', 'grad_norm': '0.7587', 'learning_rate': '7.301e-06', 'epoch': '5.08'}
{'loss': '0.0108', 'grad_norm': '0.0005411', 'learning_rate': '7.286e-06', 'epoch': '5.086'}
{'loss': '0.003432', 'grad_norm': '0.0004982', 'learning_rate': '7.271e-06', 'epoch': '5.092'}
{'loss': '0.009627', 'grad_norm': '0.515', 'learning_rate': '7.255e-06', 'epoch': '5.099'}
{'loss': '0.006676', 'grad_norm': '0.2128', 'learning_rate': '7.24e-06', 'epoch': '5.105'}
{'loss': '2.319e-05', 'grad_norm': '0.0005636', 'learning_rate': '7.224e-06', 'epoch': '5.111'}
{'loss': '2.188e-05', 'grad_norm': '0.0004982', 'learning_rate': '7.209e-06', 'epoch': '5.117'}
{'loss': '0.007982', 'grad_norm': '2.122', 'learning_rate': '7.194e-06', 'epoch': '5.123'}
{'loss': '2.041e-05', 'grad_norm': '0.0004974', 'learning_rate': '7.178e-06', 'epoch': '5.129'}
{'loss': '0.03152', 'grad_norm': '6.337', 'learning_rate': '7.163e-06', 'epoch': '5.135'}
{'loss': '0.01042', 'grad_norm': '0.6435', 'learning_rate': '7.147e-06', 'epoch': '5.142'}
{'loss': '0.004197', 'grad_norm': '0.0019', 'learning_rate': '7.132e-06', 'epoch': '5.148'}
{'loss': '0.005632', 'grad_norm': '0.5801', 'learning_rate': '7.117e-06', 'epoch': '5.154'}
{'loss': '0.003514', 'grad_norm': '0.0009824', 'learning_rate': '7.101e-06', 'epoch': '5.16'}
{'loss': '0.007427', 'grad_norm': '0.3045', 'learning_rate': '7.086e-06', 'epoch': '5.166'}
{'loss': '0.008248', 'grad_norm': '0.5806', 'learning_rate': '7.071e-06', 'epoch': '5.172'}
{'loss': '0.002406', 'grad_norm': '0.001462', 'learning_rate': '7.055e-06', 'epoch': '5.179'}
{'loss': '0.006725', 'grad_norm': '0.003288', 'learning_rate': '7.04e-06', 'epoch': '5.185'}
{'loss': '0.00482', 'grad_norm': '0.0006983', 'learning_rate': '7.024e-06', 'epoch': '5.191'}
{'loss': '2.609e-05', 'grad_norm': '0.0005841', 'learning_rate': '7.009e-06', 'epoch': '5.197'}
{'loss': '0.004142', 'grad_norm': '0.001168', 'learning_rate': '6.994e-06', 'epoch': '5.203'}
{'loss': '0.02074', 'grad_norm': '0.0006497', 'learning_rate': '6.978e-06', 'epoch': '5.209'}
{'loss': '0.001565', 'grad_norm': '0.0006523', 'learning_rate': '6.963e-06', 'epoch': '5.216'}
{'loss': '0.01294', 'grad_norm': '0.0006839', 'learning_rate': '6.947e-06', 'epoch': '5.222'}
{'loss': '0.008061', 'grad_norm': '0.000631', 'learning_rate': '6.932e-06', 'epoch': '5.228'}
{'loss': '0.005468', 'grad_norm': '0.0007166', 'learning_rate': '6.917e-06', 'epoch': '5.234'}
{'loss': '0.001837', 'grad_norm': '0.0005057', 'learning_rate': '6.901e-06', 'epoch': '5.24'}
{'loss': '0.007555', 'grad_norm': '0.6656', 'learning_rate': '6.886e-06', 'epoch': '5.246'}
{'loss': '0.002397', 'grad_norm': '0.0005432', 'learning_rate': '6.87e-06', 'epoch': '5.252'}
{'loss': '0.001675', 'grad_norm': '0.0005184', 'learning_rate': '6.855e-06', 'epoch': '5.259'}
{'loss': '0.005421', 'grad_norm': '0.6423', 'learning_rate': '6.84e-06', 'epoch': '5.265'}
{'loss': '0.001698', 'grad_norm': '0.0004631', 'learning_rate': '6.824e-06', 'epoch': '5.271'}
{'loss': '0.003591', 'grad_norm': '0.0004457', 'learning_rate': '6.809e-06', 'epoch': '5.277'}
{'loss': '0.004059', 'grad_norm': '0.0004854', 'learning_rate': '6.793e-06', 'epoch': '5.283'}
{'loss': '0.002705', 'grad_norm': '0.0005574', 'learning_rate': '6.778e-06', 'epoch': '5.289'}
{'loss': '0.001746', 'grad_norm': '0.0005163', 'learning_rate': '6.763e-06', 'epoch': '5.296'}
{'loss': '0.001841', 'grad_norm': '0.0004257', 'learning_rate': '6.747e-06', 'epoch': '5.302'}
{'loss': '0.007477', 'grad_norm': '0.0004233', 'learning_rate': '6.732e-06', 'epoch': '5.308'}
{'loss': '0.00488', 'grad_norm': '0.0004193', 'learning_rate': '6.716e-06', 'epoch': '5.314'}
{'loss': '0.002415', 'grad_norm': '0.0004255', 'learning_rate': '6.701e-06', 'epoch': '5.32'}
{'loss': '0.004399', 'grad_norm': '0.0004487', 'learning_rate': '6.686e-06', 'epoch': '5.326'}
{'loss': '0.002114', 'grad_norm': '0.0004108', 'learning_rate': '6.67e-06', 'epoch': '5.333'}
{'loss': '0.004022', 'grad_norm': '0.0005883', 'learning_rate': '6.655e-06', 'epoch': '5.339'}
{'loss': '1.761e-05', 'grad_norm': '0.0004161', 'learning_rate': '6.639e-06', 'epoch': '5.345'}
{'loss': '0.001979', 'grad_norm': '0.0003845', 'learning_rate': '6.624e-06', 'epoch': '5.351'}
{'loss': '0.001193', 'grad_norm': '0.0004036', 'learning_rate': '6.609e-06', 'epoch': '5.357'}
{'loss': '0.01096', 'grad_norm': '0.0004163', 'learning_rate': '6.593e-06', 'epoch': '5.363'}
{'loss': '0.002655', 'grad_norm': '0.001899', 'learning_rate': '6.578e-06', 'epoch': '5.369'}
{'loss': '0.011', 'grad_norm': '0.6901', 'learning_rate': '6.563e-06', 'epoch': '5.376'}
{'loss': '0.00431', 'grad_norm': '0.0004139', 'learning_rate': '6.547e-06', 'epoch': '5.382'}
{'loss': '0.009132', 'grad_norm': '0.0003844', 'learning_rate': '6.532e-06', 'epoch': '5.388'}
{'loss': '0.007938', 'grad_norm': '0.4888', 'learning_rate': '6.516e-06', 'epoch': '5.394'}
{'loss': '0.002179', 'grad_norm': '0.0003535', 'learning_rate': '6.501e-06', 'epoch': '5.4'}
{'loss': '0.001675', 'grad_norm': '0.0004485', 'learning_rate': '6.486e-06', 'epoch': '5.406'}
{'loss': '0.002313', 'grad_norm': '0.0003796', 'learning_rate': '6.47e-06', 'epoch': '5.413'}
{'loss': '0.00377', 'grad_norm': '0.0003938', 'learning_rate': '6.455e-06', 'epoch': '5.419'}
{'loss': '1.652e-05', 'grad_norm': '0.0003894', 'learning_rate': '6.439e-06', 'epoch': '5.425'}
{'loss': '0.004403', 'grad_norm': '0.0004238', 'learning_rate': '6.424e-06', 'epoch': '5.431'}
{'loss': '1.601e-05', 'grad_norm': '0.0004087', 'learning_rate': '6.409e-06', 'epoch': '5.437'}
{'loss': '0.002277', 'grad_norm': '0.000388', 'learning_rate': '6.393e-06', 'epoch': '5.443'}
{'loss': '0.007405', 'grad_norm': '0.0003933', 'learning_rate': '6.378e-06', 'epoch': '5.45'}
{'loss': '0.004718', 'grad_norm': '0.0004099', 'learning_rate': '6.362e-06', 'epoch': '5.456'}
{'loss': '0.002517', 'grad_norm': '0.0004032', 'learning_rate': '6.347e-06', 'epoch': '5.462'}
{'loss': '0.001602', 'grad_norm': '0.0003721', 'learning_rate': '6.332e-06', 'epoch': '5.468'}
{'loss': '0.002752', 'grad_norm': '0.01363', 'learning_rate': '6.316e-06', 'epoch': '5.474'}
{'loss': '0.002128', 'grad_norm': '0.0005228', 'learning_rate': '6.301e-06', 'epoch': '5.48'}
{'loss': '0.00822', 'grad_norm': '0.004433', 'learning_rate': '6.285e-06', 'epoch': '5.486'}
{'loss': '0.001965', 'grad_norm': '0.0003817', 'learning_rate': '6.27e-06', 'epoch': '5.493'}
{'loss': '0.002566', 'grad_norm': '0.0003795', 'learning_rate': '6.255e-06', 'epoch': '5.499'}
{'loss': '0.004174', 'grad_norm': '0.0003709', 'learning_rate': '6.239e-06', 'epoch': '5.505'}
{'loss': '0.008352', 'grad_norm': '0.0003519', 'learning_rate': '6.224e-06', 'epoch': '5.511'}
{'loss': '1.499e-05', 'grad_norm': '0.0004889', 'learning_rate': '6.208e-06', 'epoch': '5.517'}
{'loss': '0.03679', 'grad_norm': '0.001085', 'learning_rate': '6.193e-06', 'epoch': '5.523'}
{'loss': '0.02491', 'grad_norm': '0.02047', 'learning_rate': '6.178e-06', 'epoch': '5.53'}
{'loss': '0.001792', 'grad_norm': '0.003633', 'learning_rate': '6.162e-06', 'epoch': '5.536'}
{'loss': '0.005779', 'grad_norm': '0.001807', 'learning_rate': '6.147e-06', 'epoch': '5.542'}
{'loss': '6.832e-05', 'grad_norm': '0.001502', 'learning_rate': '6.131e-06', 'epoch': '5.548'}
{'loss': '0.004869', 'grad_norm': '0.001366', 'learning_rate': '6.116e-06', 'epoch': '5.554'}
{'loss': '0.01147', 'grad_norm': '0.7332', 'learning_rate': '6.101e-06', 'epoch': '5.56'}
{'loss': '0.005091', 'grad_norm': '0.001193', 'learning_rate': '6.085e-06', 'epoch': '5.567'}
{'loss': '0.004138', 'grad_norm': '0.0009662', 'learning_rate': '6.07e-06', 'epoch': '5.573'}
{'loss': '0.01894', 'grad_norm': '0.000887', 'learning_rate': '6.054e-06', 'epoch': '5.579'}
{'loss': '0.017', 'grad_norm': '0.001012', 'learning_rate': '6.039e-06', 'epoch': '5.585'}
{'loss': '0.03012', 'grad_norm': '0.005807', 'learning_rate': '6.024e-06', 'epoch': '5.591'}
{'loss': '0.01443', 'grad_norm': '0.7567', 'learning_rate': '6.008e-06', 'epoch': '5.597'}
{'loss': '0.005436', 'grad_norm': '0.001467', 'learning_rate': '5.993e-06', 'epoch': '5.603'}
{'loss': '9.004e-05', 'grad_norm': '0.001671', 'learning_rate': '5.978e-06', 'epoch': '5.61'}
{'loss': '0.002493', 'grad_norm': '0.001164', 'learning_rate': '5.962e-06', 'epoch': '5.616'}
{'loss': '0.01205', 'grad_norm': '12.83', 'learning_rate': '5.947e-06', 'epoch': '5.622'}
{'loss': '0.008478', 'grad_norm': '0.001154', 'learning_rate': '5.931e-06', 'epoch': '5.628'}
{'loss': '0.0157', 'grad_norm': '0.002009', 'learning_rate': '5.916e-06', 'epoch': '5.634'}
{'loss': '0.008903', 'grad_norm': '0.6567', 'learning_rate': '5.901e-06', 'epoch': '5.64'}
{'loss': '0.008582', 'grad_norm': '0.0009056', 'learning_rate': '5.885e-06', 'epoch': '5.647'}
{'loss': '0.002192', 'grad_norm': '0.0009264', 'learning_rate': '5.87e-06', 'epoch': '5.653'}
{'loss': '0.007532', 'grad_norm': '0.0008879', 'learning_rate': '5.854e-06', 'epoch': '5.659'}
{'loss': '0.01791', 'grad_norm': '0.001032', 'learning_rate': '5.839e-06', 'epoch': '5.665'}
{'loss': '0.001863', 'grad_norm': '0.0008244', 'learning_rate': '5.824e-06', 'epoch': '5.671'}
{'loss': '3.886e-05', 'grad_norm': '0.0007714', 'learning_rate': '5.808e-06', 'epoch': '5.677'}
{'loss': '6.126e-05', 'grad_norm': '0.0008315', 'learning_rate': '5.793e-06', 'epoch': '5.683'}
{'loss': '7.819e-05', 'grad_norm': '0.0008953', 'learning_rate': '5.777e-06', 'epoch': '5.69'}
{'loss': '0.007118', 'grad_norm': '0.0007207', 'learning_rate': '5.762e-06', 'epoch': '5.696'}
{'loss': '3.352e-05', 'grad_norm': '0.0008807', 'learning_rate': '5.747e-06', 'epoch': '5.702'}
{'loss': '4.987e-05', 'grad_norm': '0.001728', 'learning_rate': '5.731e-06', 'epoch': '5.708'}
{'loss': '3.099e-05', 'grad_norm': '0.0007267', 'learning_rate': '5.716e-06', 'epoch': '5.714'}
{'loss': '0.00524', 'grad_norm': '0.004288', 'learning_rate': '5.7e-06', 'epoch': '5.72'}
{'loss': '0.005162', 'grad_norm': '0.0007433', 'learning_rate': '5.685e-06', 'epoch': '5.727'}
{'loss': '0.005045', 'grad_norm': '0.0006798', 'learning_rate': '5.67e-06', 'epoch': '5.733'}
{'loss': '0.002306', 'grad_norm': '0.001386', 'learning_rate': '5.654e-06', 'epoch': '5.739'}
{'loss': '0.0148', 'grad_norm': '0.05676', 'learning_rate': '5.639e-06', 'epoch': '5.745'}
{'loss': '0.01805', 'grad_norm': '0.0008813', 'learning_rate': '5.623e-06', 'epoch': '5.751'}
{'loss': '0.003398', 'grad_norm': '0.00067', 'learning_rate': '5.608e-06', 'epoch': '5.757'}
{'loss': '0.03756', 'grad_norm': '0.7528', 'learning_rate': '5.593e-06', 'epoch': '5.764'}
{'loss': '0.003057', 'grad_norm': '0.009319', 'learning_rate': '5.577e-06', 'epoch': '5.77'}
{'loss': '0.002382', 'grad_norm': '0.007107', 'learning_rate': '5.562e-06', 'epoch': '5.776'}
{'loss': '0.002317', 'grad_norm': '0.001745', 'learning_rate': '5.546e-06', 'epoch': '5.782'}
{'loss': '0.00597', 'grad_norm': '0.004698', 'learning_rate': '5.531e-06', 'epoch': '5.788'}
{'loss': '0.007722', 'grad_norm': '0.0008116', 'learning_rate': '5.516e-06', 'epoch': '5.794'}
{'loss': '4.297e-05', 'grad_norm': '0.0008442', 'learning_rate': '5.5e-06', 'epoch': '5.8'}
{'loss': '0.003107', 'grad_norm': '0.0007962', 'learning_rate': '5.485e-06', 'epoch': '5.807'}
{'loss': '0.006901', 'grad_norm': '0.000745', 'learning_rate': '5.47e-06', 'epoch': '5.813'}
{'loss': '0.008568', 'grad_norm': '0.6109', 'learning_rate': '5.454e-06', 'epoch': '5.819'}
{'loss': '0.004453', 'grad_norm': '0.5491', 'learning_rate': '5.439e-06', 'epoch': '5.825'}
{'loss': '0.007745', 'grad_norm': '0.0007509', 'learning_rate': '5.423e-06', 'epoch': '5.831'}
{'loss': '0.01799', 'grad_norm': '0.5409', 'learning_rate': '5.408e-06', 'epoch': '5.837'}
{'loss': '0.00712', 'grad_norm': '0.6961', 'learning_rate': '5.393e-06', 'epoch': '5.844'}
{'loss': '0.003668', 'grad_norm': '45.1', 'learning_rate': '5.377e-06', 'epoch': '5.85'}
{'loss': '0.004783', 'grad_norm': '0.7028', 'learning_rate': '5.362e-06', 'epoch': '5.856'}
{'loss': '0.00523', 'grad_norm': '0.00077', 'learning_rate': '5.346e-06', 'epoch': '5.862'}
{'loss': '0.005732', 'grad_norm': '0.0009', 'learning_rate': '5.331e-06', 'epoch': '5.868'}
{'loss': '0.005278', 'grad_norm': '0.0007011', 'learning_rate': '5.316e-06', 'epoch': '5.874'}
{'loss': '0.002332', 'grad_norm': '0.0007137', 'learning_rate': '5.3e-06', 'epoch': '5.881'}
{'loss': '0.009137', 'grad_norm': '0.0007695', 'learning_rate': '5.285e-06', 'epoch': '5.887'}
{'loss': '2.76e-05', 'grad_norm': '0.0006692', 'learning_rate': '5.269e-06', 'epoch': '5.893'}
{'loss': '0.001629', 'grad_norm': '0.0006853', 'learning_rate': '5.254e-06', 'epoch': '5.899'}
{'loss': '0.005387', 'grad_norm': '0.0006112', 'learning_rate': '5.239e-06', 'epoch': '5.905'}
{'loss': '0.03173', 'grad_norm': '4.898', 'learning_rate': '5.223e-06', 'epoch': '5.911'}
{'loss': '0.004763', 'grad_norm': '0.0008461', 'learning_rate': '5.208e-06', 'epoch': '5.917'}
{'loss': '5.741e-05', 'grad_norm': '0.002452', 'learning_rate': '5.192e-06', 'epoch': '5.924'}
{'loss': '0.003557', 'grad_norm': '0.00125', 'learning_rate': '5.177e-06', 'epoch': '5.93'}
{'loss': '0.003661', 'grad_norm': '0.0009015', 'learning_rate': '5.162e-06', 'epoch': '5.936'}
{'loss': '0.004352', 'grad_norm': '0.001283', 'learning_rate': '5.146e-06', 'epoch': '5.942'}
{'loss': '0.007783', 'grad_norm': '0.787', 'learning_rate': '5.131e-06', 'epoch': '5.948'}
{'loss': '0.002411', 'grad_norm': '0.0009597', 'learning_rate': '5.115e-06', 'epoch': '5.954'}
{'loss': '0.00672', 'grad_norm': '0.0009419', 'learning_rate': '5.1e-06', 'epoch': '5.961'}
{'loss': '0.02974', 'grad_norm': '0.006765', 'learning_rate': '5.085e-06', 'epoch': '5.967'}
{'loss': '0.007762', 'grad_norm': '0.01378', 'learning_rate': '5.069e-06', 'epoch': '5.973'}
{'loss': '0.007036', 'grad_norm': '0.01621', 'learning_rate': '5.054e-06', 'epoch': '5.979'}
{'loss': '0.002636', 'grad_norm': '0.004118', 'learning_rate': '5.038e-06', 'epoch': '5.985'}
{'loss': '0.006516', 'grad_norm': '0.002503', 'learning_rate': '5.023e-06', 'epoch': '5.991'}
{'loss': '0.006824', 'grad_norm': '0.002198', 'learning_rate': '5.008e-06', 'epoch': '5.998'}
{'eval_loss': '0.6715', 'eval_accuracy': '0.9275', 'eval_precision': '0.9622', 'eval_recall': '0.907', 'eval_f1': '0.9338', 'eval_runtime': '3.407', 'eval_samples_per_second': '4002', 'eval_steps_per_second': '62.82', 'epoch': '6'}
{'loss': '6.167e-05', 'grad_norm': '0.001922', 'learning_rate': '4.992e-06', 'epoch': '6.004'}
{'loss': '0.004661', 'grad_norm': '0.005538', 'learning_rate': '4.977e-06', 'epoch': '6.01'}
{'loss': '0.005796', 'grad_norm': '0.001562', 'learning_rate': '4.962e-06', 'epoch': '6.016'}
{'loss': '0.004425', 'grad_norm': '0.6438', 'learning_rate': '4.946e-06', 'epoch': '6.022'}
{'loss': '0.001991', 'grad_norm': '0.001375', 'learning_rate': '4.931e-06', 'epoch': '6.028'}
{'loss': '4.703e-05', 'grad_norm': '0.001255', 'learning_rate': '4.915e-06', 'epoch': '6.034'}
{'loss': '0.006669', 'grad_norm': '0.000961', 'learning_rate': '4.9e-06', 'epoch': '6.041'}
{'loss': '0.001786', 'grad_norm': '0.001206', 'learning_rate': '4.885e-06', 'epoch': '6.047'}
{'loss': '0.0106', 'grad_norm': '0.717', 'learning_rate': '4.869e-06', 'epoch': '6.053'}
{'loss': '0.002269', 'grad_norm': '0.001043', 'learning_rate': '4.854e-06', 'epoch': '6.059'}
{'loss': '0.002564', 'grad_norm': '0.0009428', 'learning_rate': '4.838e-06', 'epoch': '6.065'}
{'loss': '0.01611', 'grad_norm': '0.0008755', 'learning_rate': '4.823e-06', 'epoch': '6.071'}
{'loss': '0.004531', 'grad_norm': '0.0007926', 'learning_rate': '4.808e-06', 'epoch': '6.078'}
{'loss': '0.00634', 'grad_norm': '0.0008599', 'learning_rate': '4.792e-06', 'epoch': '6.084'}
{'loss': '3.605e-05', 'grad_norm': '0.0008604', 'learning_rate': '4.777e-06', 'epoch': '6.09'}
{'loss': '0.002012', 'grad_norm': '0.0007389', 'learning_rate': '4.761e-06', 'epoch': '6.096'}
{'loss': '0.005468', 'grad_norm': '0.0008273', 'learning_rate': '4.746e-06', 'epoch': '6.102'}
{'loss': '0.004776', 'grad_norm': '0.0007705', 'learning_rate': '4.731e-06', 'epoch': '6.108'}
{'loss': '0.005316', 'grad_norm': '0.000735', 'learning_rate': '4.715e-06', 'epoch': '6.115'}
{'loss': '0.002197', 'grad_norm': '0.0007875', 'learning_rate': '4.7e-06', 'epoch': '6.121'}
{'loss': '0.006148', 'grad_norm': '0.0007613', 'learning_rate': '4.684e-06', 'epoch': '6.127'}
{'loss': '0.001791', 'grad_norm': '0.0006642', 'learning_rate': '4.669e-06', 'epoch': '6.133'}
{'loss': '0.002921', 'grad_norm': '0.0007511', 'learning_rate': '4.654e-06', 'epoch': '6.139'}
{'loss': '0.001888', 'grad_norm': '0.0007215', 'learning_rate': '4.638e-06', 'epoch': '6.145'}
{'loss': '0.004913', 'grad_norm': '0.0007262', 'learning_rate': '4.623e-06', 'epoch': '6.151'}
{'loss': '0.01029', 'grad_norm': '0.0007033', 'learning_rate': '4.607e-06', 'epoch': '6.158'}
{'loss': '0.01708', 'grad_norm': '0.0007148', 'learning_rate': '4.592e-06', 'epoch': '6.164'}
{'loss': '0.004403', 'grad_norm': '0.0006682', 'learning_rate': '4.577e-06', 'epoch': '6.17'}
{'loss': '2.781e-05', 'grad_norm': '0.0006419', 'learning_rate': '4.561e-06', 'epoch': '6.176'}
{'loss': '0.002269', 'grad_norm': '0.0007364', 'learning_rate': '4.546e-06', 'epoch': '6.182'}
{'loss': '0.01051', 'grad_norm': '0.4796', 'learning_rate': '4.53e-06', 'epoch': '6.188'}
{'loss': '0.00228', 'grad_norm': '0.0006843', 'learning_rate': '4.515e-06', 'epoch': '6.195'}
{'loss': '2.666e-05', 'grad_norm': '0.0006381', 'learning_rate': '4.5e-06', 'epoch': '6.201'}
{'loss': '0.004669', 'grad_norm': '0.0006769', 'learning_rate': '4.484e-06', 'epoch': '6.207'}
{'loss': '0.002307', 'grad_norm': '0.0006895', 'learning_rate': '4.469e-06', 'epoch': '6.213'}
{'loss': '0.008005', 'grad_norm': '0.0006298', 'learning_rate': '4.454e-06', 'epoch': '6.219'}
{'loss': '0.004336', 'grad_norm': '0.0006136', 'learning_rate': '4.438e-06', 'epoch': '6.225'}
{'loss': '0.001829', 'grad_norm': '0.0005594', 'learning_rate': '4.423e-06', 'epoch': '6.232'}
{'loss': '0.007358', 'grad_norm': '0.5606', 'learning_rate': '4.407e-06', 'epoch': '6.238'}
{'loss': '0.00867', 'grad_norm': '0.0006138', 'learning_rate': '4.392e-06', 'epoch': '6.244'}
{'loss': '0.003626', 'grad_norm': '0.0005947', 'learning_rate': '4.377e-06', 'epoch': '6.25'}
{'loss': '0.01295', 'grad_norm': '0.2805', 'learning_rate': '4.361e-06', 'epoch': '6.256'}
{'loss': '0.005358', 'grad_norm': '0.0005456', 'learning_rate': '4.346e-06', 'epoch': '6.262'}
{'loss': '0.004335', 'grad_norm': '0.0005754', 'learning_rate': '4.33e-06', 'epoch': '6.268'}
{'loss': '0.00723', 'grad_norm': '0.6927', 'learning_rate': '4.315e-06', 'epoch': '6.275'}
{'loss': '0.004886', 'grad_norm': '0.0005402', 'learning_rate': '4.3e-06', 'epoch': '6.281'}
{'loss': '2.27e-05', 'grad_norm': '0.0005957', 'learning_rate': '4.284e-06', 'epoch': '6.287'}
{'loss': '0.00388', 'grad_norm': '0.4881', 'learning_rate': '4.269e-06', 'epoch': '6.293'}
{'loss': '0.002173', 'grad_norm': '0.0005729', 'learning_rate': '4.253e-06', 'epoch': '6.299'}
{'loss': '0.0003113', 'grad_norm': '0.0005327', 'learning_rate': '4.238e-06', 'epoch': '6.305'}
{'loss': '0.005123', 'grad_norm': '0.0005341', 'learning_rate': '4.223e-06', 'epoch': '6.312'}
{'loss': '0.00499', 'grad_norm': '0.0005894', 'learning_rate': '4.207e-06', 'epoch': '6.318'}
{'loss': '0.002317', 'grad_norm': '0.0005356', 'learning_rate': '4.192e-06', 'epoch': '6.324'}
{'loss': '0.00629', 'grad_norm': '0.7296', 'learning_rate': '4.176e-06', 'epoch': '6.33'}
{'loss': '0.004044', 'grad_norm': '0.000515', 'learning_rate': '4.161e-06', 'epoch': '6.336'}
{'loss': '0.003251', 'grad_norm': '0.0005325', 'learning_rate': '4.146e-06', 'epoch': '6.342'}
{'loss': '0.004675', 'grad_norm': '0.4977', 'learning_rate': '4.13e-06', 'epoch': '6.349'}
{'loss': '0.002186', 'grad_norm': '0.0005148', 'learning_rate': '4.115e-06', 'epoch': '6.355'}
{'loss': '0.003617', 'grad_norm': '0.5247', 'learning_rate': '4.099e-06', 'epoch': '6.361'}
{'loss': '0.002605', 'grad_norm': '0.000544', 'learning_rate': '4.084e-06', 'epoch': '6.367'}
{'loss': '0.01301', 'grad_norm': '0.5086', 'learning_rate': '4.069e-06', 'epoch': '6.373'}
{'loss': '0.007847', 'grad_norm': '0.0005065', 'learning_rate': '4.053e-06', 'epoch': '6.379'}
{'loss': '0.00245', 'grad_norm': '0.6759', 'learning_rate': '4.038e-06', 'epoch': '6.385'}
{'loss': '0.003691', 'grad_norm': '0.0005101', 'learning_rate': '4.022e-06', 'epoch': '6.392'}
{'loss': '0.005929', 'grad_norm': '0.0006398', 'learning_rate': '4.007e-06', 'epoch': '6.398'}
{'loss': '2.042e-05', 'grad_norm': '0.0004497', 'learning_rate': '3.992e-06', 'epoch': '6.404'}
{'loss': '1.961e-05', 'grad_norm': '0.0004741', 'learning_rate': '3.976e-06', 'epoch': '6.41'}
{'loss': '0.001703', 'grad_norm': '0.0004852', 'learning_rate': '3.961e-06', 'epoch': '6.416'}
{'loss': '0.02604', 'grad_norm': '0.0005785', 'learning_rate': '3.946e-06', 'epoch': '6.422'}
{'loss': '0.004367', 'grad_norm': '0.6205', 'learning_rate': '3.93e-06', 'epoch': '6.429'}
{'loss': '0.009317', 'grad_norm': '0.000968', 'learning_rate': '3.915e-06', 'epoch': '6.435'}
{'loss': '0.005181', 'grad_norm': '0.001641', 'learning_rate': '3.899e-06', 'epoch': '6.441'}
{'loss': '0.002881', 'grad_norm': '0.0007133', 'learning_rate': '3.884e-06', 'epoch': '6.447'}
{'loss': '0.01509', 'grad_norm': '0.0006577', 'learning_rate': '3.869e-06', 'epoch': '6.453'}
{'loss': '0.002705', 'grad_norm': '0.001261', 'learning_rate': '3.853e-06', 'epoch': '6.459'}
{'loss': '0.006612', 'grad_norm': '0.0006986', 'learning_rate': '3.838e-06', 'epoch': '6.466'}
{'loss': '0.001972', 'grad_norm': '0.000583', 'learning_rate': '3.822e-06', 'epoch': '6.472'}
{'loss': '0.002072', 'grad_norm': '0.01232', 'learning_rate': '3.807e-06', 'epoch': '6.478'}
{'loss': '2.283e-05', 'grad_norm': '0.0005572', 'learning_rate': '3.792e-06', 'epoch': '6.484'}
{'loss': '0.007928', 'grad_norm': '0.0005385', 'learning_rate': '3.776e-06', 'epoch': '6.49'}
{'loss': '0.003991', 'grad_norm': '0.6675', 'learning_rate': '3.761e-06', 'epoch': '6.496'}
{'loss': '2.226e-05', 'grad_norm': '0.0005875', 'learning_rate': '3.745e-06', 'epoch': '6.502'}
{'loss': '0.002167', 'grad_norm': '0.0005132', 'learning_rate': '3.73e-06', 'epoch': '6.509'}
{'loss': '4.639e-05', 'grad_norm': '0.000482', 'learning_rate': '3.715e-06', 'epoch': '6.515'}
{'loss': '0.004834', 'grad_norm': '0.7286', 'learning_rate': '3.699e-06', 'epoch': '6.521'}
{'loss': '0.002437', 'grad_norm': '0.0004968', 'learning_rate': '3.684e-06', 'epoch': '6.527'}
{'loss': '0.003264', 'grad_norm': '0.0114', 'learning_rate': '3.668e-06', 'epoch': '6.533'}
{'loss': '0.00221', 'grad_norm': '0.0004747', 'learning_rate': '3.653e-06', 'epoch': '6.539'}
{'loss': '0.008433', 'grad_norm': '0.7167', 'learning_rate': '3.638e-06', 'epoch': '6.546'}
{'loss': '0.01262', 'grad_norm': '0.0004855', 'learning_rate': '3.622e-06', 'epoch': '6.552'}
{'loss': '0.006057', 'grad_norm': '0.7131', 'learning_rate': '3.607e-06', 'epoch': '6.558'}
{'loss': '0.007722', 'grad_norm': '0.0004771', 'learning_rate': '3.591e-06', 'epoch': '6.564'}
{'loss': '0.002256', 'grad_norm': '0.0004736', 'learning_rate': '3.576e-06', 'epoch': '6.57'}
{'loss': '2.06e-05', 'grad_norm': '0.0004551', 'learning_rate': '3.561e-06', 'epoch': '6.576'}
{'loss': '0.00149', 'grad_norm': '0.0004793', 'learning_rate': '3.545e-06', 'epoch': '6.583'}
{'loss': '0.0006053', 'grad_norm': '0.0004667', 'learning_rate': '3.53e-06', 'epoch': '6.589'}
{'loss': '0.001771', 'grad_norm': '0.0004501', 'learning_rate': '3.514e-06', 'epoch': '6.595'}
{'loss': '0.005081', 'grad_norm': '0.6413', 'learning_rate': '3.499e-06', 'epoch': '6.601'}
{'loss': '1.798e-05', 'grad_norm': '0.0007732', 'learning_rate': '3.484e-06', 'epoch': '6.607'}
{'loss': '0.007222', 'grad_norm': '0.0004631', 'learning_rate': '3.468e-06', 'epoch': '6.613'}
{'loss': '0.005951', 'grad_norm': '0.0004166', 'learning_rate': '3.453e-06', 'epoch': '6.619'}
{'loss': '0.007209', 'grad_norm': '0.0004227', 'learning_rate': '3.438e-06', 'epoch': '6.626'}
{'loss': '0.00289', 'grad_norm': '0.0004529', 'learning_rate': '3.422e-06', 'epoch': '6.632'}
{'loss': '0.007323', 'grad_norm': '0.0004312', 'learning_rate': '3.407e-06', 'epoch': '6.638'}
{'loss': '0.003489', 'grad_norm': '0.000419', 'learning_rate': '3.391e-06', 'epoch': '6.644'}
{'loss': '0.002767', 'grad_norm': '0.0004295', 'learning_rate': '3.376e-06', 'epoch': '6.65'}
{'loss': '0.002229', 'grad_norm': '0.6447', 'learning_rate': '3.361e-06', 'epoch': '6.656'}
{'loss': '0.002516', 'grad_norm': '0.0004382', 'learning_rate': '3.345e-06', 'epoch': '6.663'}
{'loss': '0.0001448', 'grad_norm': '0.0004296', 'learning_rate': '3.33e-06', 'epoch': '6.669'}
{'loss': '0.007402', 'grad_norm': '0.658', 'learning_rate': '3.314e-06', 'epoch': '6.675'}
{'loss': '1.959e-05', 'grad_norm': '0.001193', 'learning_rate': '3.299e-06', 'epoch': '6.681'}
{'loss': '0.007258', 'grad_norm': '0.0004302', 'learning_rate': '3.284e-06', 'epoch': '6.687'}
{'loss': '0.007904', 'grad_norm': '0.0004022', 'learning_rate': '3.268e-06', 'epoch': '6.693'}
{'loss': '0.002639', 'grad_norm': '0.0004209', 'learning_rate': '3.253e-06', 'epoch': '6.7'}
{'loss': '0.002228', 'grad_norm': '0.0004016', 'learning_rate': '3.237e-06', 'epoch': '6.706'}
{'loss': '0.0001071', 'grad_norm': '0.0003875', 'learning_rate': '3.222e-06', 'epoch': '6.712'}
{'loss': '0.004907', 'grad_norm': '0.0003918', 'learning_rate': '3.207e-06', 'epoch': '6.718'}
{'loss': '0.004788', 'grad_norm': '0.0004111', 'learning_rate': '3.191e-06', 'epoch': '6.724'}
{'loss': '0.002191', 'grad_norm': '0.0004066', 'learning_rate': '3.176e-06', 'epoch': '6.73'}
{'loss': '0.00728', 'grad_norm': '0.0004259', 'learning_rate': '3.16e-06', 'epoch': '6.736'}
{'loss': '0.006466', 'grad_norm': '0.6477', 'learning_rate': '3.145e-06', 'epoch': '6.743'}
{'loss': '0.0046', 'grad_norm': '0.0003928', 'learning_rate': '3.13e-06', 'epoch': '6.749'}
{'loss': '1.54e-05', 'grad_norm': '0.0003822', 'learning_rate': '3.114e-06', 'epoch': '6.755'}
{'loss': '0.006928', 'grad_norm': '0.0003724', 'learning_rate': '3.099e-06', 'epoch': '6.761'}
{'loss': '0.006321', 'grad_norm': '0.0003914', 'learning_rate': '3.083e-06', 'epoch': '6.767'}
{'loss': '0.007446', 'grad_norm': '0.0003806', 'learning_rate': '3.068e-06', 'epoch': '6.773'}
{'loss': '0.001947', 'grad_norm': '0.000393', 'learning_rate': '3.053e-06', 'epoch': '6.78'}
{'loss': '0.007997', 'grad_norm': '0.000383', 'learning_rate': '3.037e-06', 'epoch': '6.786'}
{'loss': '0.007746', 'grad_norm': '0.0004121', 'learning_rate': '3.022e-06', 'epoch': '6.792'}
{'loss': '0.002196', 'grad_norm': '0.0003637', 'learning_rate': '3.006e-06', 'epoch': '6.798'}
{'loss': '1.553e-05', 'grad_norm': '0.000827', 'learning_rate': '2.991e-06', 'epoch': '6.804'}
{'loss': '0.004127', 'grad_norm': '0.0004053', 'learning_rate': '2.976e-06', 'epoch': '6.81'}
{'loss': '0.002734', 'grad_norm': '0.0003665', 'learning_rate': '2.96e-06', 'epoch': '6.817'}
{'loss': '0.01305', 'grad_norm': '0.0003676', 'learning_rate': '2.945e-06', 'epoch': '6.823'}
{'loss': '0.01987', 'grad_norm': '0.0004265', 'learning_rate': '2.929e-06', 'epoch': '6.829'}
{'loss': '0.004229', 'grad_norm': '0.6015', 'learning_rate': '2.914e-06', 'epoch': '6.835'}
{'loss': '0.005399', 'grad_norm': '0.000424', 'learning_rate': '2.899e-06', 'epoch': '6.841'}
{'loss': '0.003587', 'grad_norm': '0.0004211', 'learning_rate': '2.883e-06', 'epoch': '6.847'}
{'loss': '0.005528', 'grad_norm': '0.0003902', 'learning_rate': '2.868e-06', 'epoch': '6.853'}
{'loss': '0.000114', 'grad_norm': '0.0003962', 'learning_rate': '2.853e-06', 'epoch': '6.86'}
{'loss': '0.002296', 'grad_norm': '0.0003787', 'learning_rate': '2.837e-06', 'epoch': '6.866'}
{'loss': '0.005584', 'grad_norm': '0.00043', 'learning_rate': '2.822e-06', 'epoch': '6.872'}
{'loss': '0.0001479', 'grad_norm': '0.0003955', 'learning_rate': '2.806e-06', 'epoch': '6.878'}
{'loss': '0.003816', 'grad_norm': '0.0004068', 'learning_rate': '2.791e-06', 'epoch': '6.884'}
{'loss': '0.00424', 'grad_norm': '0.0004252', 'learning_rate': '2.776e-06', 'epoch': '6.89'}
{'loss': '0.01251', 'grad_norm': '0.5035', 'learning_rate': '2.76e-06', 'epoch': '6.897'}
{'loss': '0.002323', 'grad_norm': '0.000393', 'learning_rate': '2.745e-06', 'epoch': '6.903'}
{'loss': '1.637e-05', 'grad_norm': '0.0004261', 'learning_rate': '2.729e-06', 'epoch': '6.909'}
{'loss': '0.004263', 'grad_norm': '0.6937', 'learning_rate': '2.714e-06', 'epoch': '6.915'}
{'loss': '0.003138', 'grad_norm': '0.0003874', 'learning_rate': '2.699e-06', 'epoch': '6.921'}
{'loss': '0.01059', 'grad_norm': '0.0004003', 'learning_rate': '2.683e-06', 'epoch': '6.927'}
{'loss': '0.007683', 'grad_norm': '0.6824', 'learning_rate': '2.668e-06', 'epoch': '6.933'}
{'loss': '0.006076', 'grad_norm': '0.0003748', 'learning_rate': '2.652e-06', 'epoch': '6.94'}
{'loss': '0.007302', 'grad_norm': '0.4577', 'learning_rate': '2.637e-06', 'epoch': '6.946'}
{'loss': '1.527e-05', 'grad_norm': '0.0003713', 'learning_rate': '2.622e-06', 'epoch': '6.952'}
{'loss': '1.575e-05', 'grad_norm': '0.0004511', 'learning_rate': '2.606e-06', 'epoch': '6.958'}
{'loss': '0.002272', 'grad_norm': '0.001077', 'learning_rate': '2.591e-06', 'epoch': '6.964'}
{'loss': '0.01377', 'grad_norm': '0.000435', 'learning_rate': '2.575e-06', 'epoch': '6.97'}
{'loss': '0.001719', 'grad_norm': '0.5302', 'learning_rate': '2.56e-06', 'epoch': '6.977'}
{'loss': '0.00553', 'grad_norm': '0.0004156', 'learning_rate': '2.545e-06', 'epoch': '6.983'}
{'loss': '0.00257', 'grad_norm': '0.04122', 'learning_rate': '2.529e-06', 'epoch': '6.989'}
{'loss': '0.00933', 'grad_norm': '0.0003952', 'learning_rate': '2.514e-06', 'epoch': '6.995'}
{'eval_loss': '0.7248', 'eval_accuracy': '0.9291', 'eval_precision': '0.9619', 'eval_recall': '0.9103', 'eval_f1': '0.9354', 'eval_runtime': '3.375', 'eval_samples_per_second': '4039', 'eval_steps_per_second': '63.4', 'epoch': '7'}
{'loss': '0.0003671', 'grad_norm': '0.0004375', 'learning_rate': '2.498e-06', 'epoch': '7.001'}
{'loss': '1.589e-05', 'grad_norm': '0.0003838', 'learning_rate': '2.483e-06', 'epoch': '7.007'}
{'loss': '0.004722', 'grad_norm': '0.0004006', 'learning_rate': '2.468e-06', 'epoch': '7.014'}
{'loss': '0.01118', 'grad_norm': '0.0003851', 'learning_rate': '2.452e-06', 'epoch': '7.02'}
{'loss': '0.001791', 'grad_norm': '0.000504', 'learning_rate': '2.437e-06', 'epoch': '7.026'}
{'loss': '0.00776', 'grad_norm': '0.5422', 'learning_rate': '2.421e-06', 'epoch': '7.032'}
{'loss': '0.00916', 'grad_norm': '0.6972', 'learning_rate': '2.406e-06', 'epoch': '7.038'}
{'loss': '0.001971', 'grad_norm': '0.0003868', 'learning_rate': '2.391e-06', 'epoch': '7.044'}
{'loss': '1.521e-05', 'grad_norm': '0.000354', 'learning_rate': '2.375e-06', 'epoch': '7.05'}
{'loss': '0.004195', 'grad_norm': '0.0005712', 'learning_rate': '2.36e-06', 'epoch': '7.057'}
{'loss': '0.00675', 'grad_norm': '0.0003767', 'learning_rate': '2.345e-06', 'epoch': '7.063'}
{'loss': '0.008662', 'grad_norm': '0.0003749', 'learning_rate': '2.329e-06', 'epoch': '7.069'}
{'loss': '0.004108', 'grad_norm': '0.0003856', 'learning_rate': '2.314e-06', 'epoch': '7.075'}
{'loss': '0.003975', 'grad_norm': '0.0003678', 'learning_rate': '2.298e-06', 'epoch': '7.081'}
{'loss': '0.004178', 'grad_norm': '0.0003679', 'learning_rate': '2.283e-06', 'epoch': '7.087'}
{'loss': '0.008009', 'grad_norm': '0.0003534', 'learning_rate': '2.268e-06', 'epoch': '7.094'}
{'loss': '0.01784', 'grad_norm': '0.0003665', 'learning_rate': '2.252e-06', 'epoch': '7.1'}
{'loss': '1.491e-05', 'grad_norm': '0.0004082', 'learning_rate': '2.237e-06', 'epoch': '7.106'}
{'loss': '0.004323', 'grad_norm': '0.0004896', 'learning_rate': '2.221e-06', 'epoch': '7.112'}
{'loss': '0.03271', 'grad_norm': '0.5106', 'learning_rate': '2.206e-06', 'epoch': '7.118'}
{'loss': '0.007243', 'grad_norm': '0.0003762', 'learning_rate': '2.191e-06', 'epoch': '7.124'}
{'loss': '3.062e-05', 'grad_norm': '0.0003876', 'learning_rate': '2.175e-06', 'epoch': '7.131'}
{'loss': '0.004896', 'grad_norm': '0.0003901', 'learning_rate': '2.16e-06', 'epoch': '7.137'}
{'loss': '1.546e-05', 'grad_norm': '0.001721', 'learning_rate': '2.144e-06', 'epoch': '7.143'}
{'loss': '0.004329', 'grad_norm': '0.0003793', 'learning_rate': '2.129e-06', 'epoch': '7.149'}
{'loss': '1.452e-05', 'grad_norm': '0.0003673', 'learning_rate': '2.114e-06', 'epoch': '7.155'}
{'loss': '0.004841', 'grad_norm': '0.0003587', 'learning_rate': '2.098e-06', 'epoch': '7.161'}
{'loss': '0.01446', 'grad_norm': '0.0004091', 'learning_rate': '2.083e-06', 'epoch': '7.167'}
{'loss': '0.004379', 'grad_norm': '0.0004432', 'learning_rate': '2.067e-06', 'epoch': '7.174'}
{'loss': '0.001565', 'grad_norm': '0.4967', 'learning_rate': '2.052e-06', 'epoch': '7.18'}
{'loss': '0.005297', 'grad_norm': '0.0003892', 'learning_rate': '2.037e-06', 'epoch': '7.186'}
{'loss': '0.002662', 'grad_norm': '0.001134', 'learning_rate': '2.021e-06', 'epoch': '7.192'}
{'loss': '0.002086', 'grad_norm': '0.0004125', 'learning_rate': '2.006e-06', 'epoch': '7.198'}
{'loss': '0.00175', 'grad_norm': '0.5388', 'learning_rate': '1.99e-06', 'epoch': '7.204'}
{'loss': '0.002411', 'grad_norm': '0.0004231', 'learning_rate': '1.975e-06', 'epoch': '7.211'}
{'loss': '0.002436', 'grad_norm': '0.0006937', 'learning_rate': '1.96e-06', 'epoch': '7.217'}
{'loss': '0.009286', 'grad_norm': '0.6568', 'learning_rate': '1.944e-06', 'epoch': '7.223'}
{'loss': '0.008244', 'grad_norm': '0.7196', 'learning_rate': '1.929e-06', 'epoch': '7.229'}
{'loss': '0.003108', 'grad_norm': '0.7871', 'learning_rate': '1.913e-06', 'epoch': '7.235'}
{'loss': '1.591e-05', 'grad_norm': '0.0004207', 'learning_rate': '1.898e-06', 'epoch': '7.241'}
{'loss': '0.006865', 'grad_norm': '0.6298', 'learning_rate': '1.883e-06', 'epoch': '7.248'}
{'loss': '0.00849', 'grad_norm': '0.564', 'learning_rate': '1.867e-06', 'epoch': '7.254'}
{'loss': '0.03856', 'grad_norm': '0.0004955', 'learning_rate': '1.852e-06', 'epoch': '7.26'}
{'loss': '0.004522', 'grad_norm': '0.0007408', 'learning_rate': '1.837e-06', 'epoch': '7.266'}
{'loss': '0.007608', 'grad_norm': '0.8391', 'learning_rate': '1.821e-06', 'epoch': '7.272'}
{'loss': '0.002187', 'grad_norm': '0.0005789', 'learning_rate': '1.806e-06', 'epoch': '7.278'}
{'loss': '0.002071', 'grad_norm': '0.04279', 'learning_rate': '1.79e-06', 'epoch': '7.284'}
{'loss': '0.008857', 'grad_norm': '0.0006098', 'learning_rate': '1.775e-06', 'epoch': '7.291'}
{'loss': '0.005221', 'grad_norm': '0.0004938', 'learning_rate': '1.76e-06', 'epoch': '7.297'}
{'loss': '0.002075', 'grad_norm': '0.0005019', 'learning_rate': '1.744e-06', 'epoch': '7.303'}
{'loss': '0.0023', 'grad_norm': '0.001131', 'learning_rate': '1.729e-06', 'epoch': '7.309'}
{'loss': '0.007228', 'grad_norm': '0.0005133', 'learning_rate': '1.713e-06', 'epoch': '7.315'}
{'loss': '0.002548', 'grad_norm': '0.0004936', 'learning_rate': '1.698e-06', 'epoch': '7.321'}
{'loss': '0.01026', 'grad_norm': '0.677', 'learning_rate': '1.683e-06', 'epoch': '7.328'}
{'loss': '0.003977', 'grad_norm': '0.01431', 'learning_rate': '1.667e-06', 'epoch': '7.334'}
{'loss': '0.007142', 'grad_norm': '0.006971', 'learning_rate': '1.652e-06', 'epoch': '7.34'}
{'loss': '0.006974', 'grad_norm': '0.000614', 'learning_rate': '1.636e-06', 'epoch': '7.346'}
{'loss': '0.004493', 'grad_norm': '0.0004446', 'learning_rate': '1.621e-06', 'epoch': '7.352'}
{'loss': '0.002286', 'grad_norm': '0.0004229', 'learning_rate': '1.606e-06', 'epoch': '7.358'}
{'loss': '0.01329', 'grad_norm': '0.0004351', 'learning_rate': '1.59e-06', 'epoch': '7.365'}
{'loss': '1.895e-05', 'grad_norm': '0.000562', 'learning_rate': '1.575e-06', 'epoch': '7.371'}
{'loss': '0.003349', 'grad_norm': '0.4737', 'learning_rate': '1.559e-06', 'epoch': '7.377'}
{'loss': '0.005566', 'grad_norm': '0.000932', 'learning_rate': '1.544e-06', 'epoch': '7.383'}
{'loss': '1.746e-05', 'grad_norm': '0.0005897', 'learning_rate': '1.529e-06', 'epoch': '7.389'}
{'loss': '0.01051', 'grad_norm': '0.001896', 'learning_rate': '1.513e-06', 'epoch': '7.395'}
{'loss': '0.004518', 'grad_norm': '0.000448', 'learning_rate': '1.498e-06', 'epoch': '7.401'}
{'loss': '0.002069', 'grad_norm': '0.001559', 'learning_rate': '1.482e-06', 'epoch': '7.408'}
{'loss': '0.002201', 'grad_norm': '0.0003816', 'learning_rate': '1.467e-06', 'epoch': '7.414'}
{'loss': '0.008128', 'grad_norm': '0.000411', 'learning_rate': '1.452e-06', 'epoch': '7.42'}
{'loss': '0.00244', 'grad_norm': '0.0004654', 'learning_rate': '1.436e-06', 'epoch': '7.426'}
{'loss': '0.004635', 'grad_norm': '0.0004412', 'learning_rate': '1.421e-06', 'epoch': '7.432'}
{'loss': '0.005674', 'grad_norm': '0.6376', 'learning_rate': '1.405e-06', 'epoch': '7.438'}
{'loss': '0.009397', 'grad_norm': '0.0006741', 'learning_rate': '1.39e-06', 'epoch': '7.445'}
{'loss': '0.01703', 'grad_norm': '0.000431', 'learning_rate': '1.375e-06', 'epoch': '7.451'}
{'loss': '0.006664', 'grad_norm': '0.06414', 'learning_rate': '1.359e-06', 'epoch': '7.457'}
{'loss': '0.002482', 'grad_norm': '0.002298', 'learning_rate': '1.344e-06', 'epoch': '7.463'}
{'loss': '0.002958', 'grad_norm': '0.7718', 'learning_rate': '1.329e-06', 'epoch': '7.469'}
{'loss': '0.002686', 'grad_norm': '0.8112', 'learning_rate': '1.313e-06', 'epoch': '7.475'}
{'loss': '0.002023', 'grad_norm': '0.0004298', 'learning_rate': '1.298e-06', 'epoch': '7.482'}
{'loss': '0.004451', 'grad_norm': '0.0003795', 'learning_rate': '1.282e-06', 'epoch': '7.488'}
{'loss': '0.008238', 'grad_norm': '0.0004241', 'learning_rate': '1.267e-06', 'epoch': '7.494'}
{'loss': '0.006223', 'grad_norm': '0.5569', 'learning_rate': '1.252e-06', 'epoch': '7.5'}
{'loss': '1.87e-05', 'grad_norm': '0.0004239', 'learning_rate': '1.236e-06', 'epoch': '7.506'}
{'loss': '0.004103', 'grad_norm': '0.6335', 'learning_rate': '1.221e-06', 'epoch': '7.512'}
{'loss': '0.007192', 'grad_norm': '0.5658', 'learning_rate': '1.205e-06', 'epoch': '7.518'}
{'loss': '0.007727', 'grad_norm': '0.0003854', 'learning_rate': '1.19e-06', 'epoch': '7.525'}
{'loss': '0.004245', 'grad_norm': '0.0004101', 'learning_rate': '1.175e-06', 'epoch': '7.531'}
{'loss': '2.164e-05', 'grad_norm': '0.00204', 'learning_rate': '1.159e-06', 'epoch': '7.537'}
{'loss': '0.002079', 'grad_norm': '0.0003782', 'learning_rate': '1.144e-06', 'epoch': '7.543'}
{'loss': '0.00675', 'grad_norm': '0.5216', 'learning_rate': '1.128e-06', 'epoch': '7.549'}
{'loss': '0.005038', 'grad_norm': '0.0003886', 'learning_rate': '1.113e-06', 'epoch': '7.555'}
{'loss': '0.003003', 'grad_norm': '0.0003622', 'learning_rate': '1.098e-06', 'epoch': '7.562'}
{'loss': '0.004938', 'grad_norm': '0.01391', 'learning_rate': '1.082e-06', 'epoch': '7.568'}
{'loss': '0.004842', 'grad_norm': '0.0006242', 'learning_rate': '1.067e-06', 'epoch': '7.574'}
{'loss': '0.002149', 'grad_norm': '0.0004028', 'learning_rate': '1.051e-06', 'epoch': '7.58'}
{'loss': '0.003776', 'grad_norm': '0.0003584', 'learning_rate': '1.036e-06', 'epoch': '7.586'}
{'loss': '1.574e-05', 'grad_norm': '0.0003994', 'learning_rate': '1.021e-06', 'epoch': '7.592'}
{'loss': '0.002272', 'grad_norm': '0.004206', 'learning_rate': '1.005e-06', 'epoch': '7.599'}
{'loss': '0.004327', 'grad_norm': '0.0003888', 'learning_rate': '9.898e-07', 'epoch': '7.605'}
{'loss': '0.004208', 'grad_norm': '0.0004106', 'learning_rate': '9.744e-07', 'epoch': '7.611'}
{'loss': '0.003503', 'grad_norm': '0.5486', 'learning_rate': '9.591e-07', 'epoch': '7.617'}
{'loss': '0.01068', 'grad_norm': '0.0003618', 'learning_rate': '9.437e-07', 'epoch': '7.623'}
{'loss': '0.002156', 'grad_norm': '0.0004525', 'learning_rate': '9.283e-07', 'epoch': '7.629'}
{'loss': '0.009509', 'grad_norm': '0.0003837', 'learning_rate': '9.129e-07', 'epoch': '7.635'}
{'loss': '0.006449', 'grad_norm': '0.0003922', 'learning_rate': '8.975e-07', 'epoch': '7.642'}
{'loss': '0.002607', 'grad_norm': '0.1032', 'learning_rate': '8.821e-07', 'epoch': '7.648'}
{'loss': '1.716e-05', 'grad_norm': '0.00036', 'learning_rate': '8.667e-07', 'epoch': '7.654'}
{'loss': '0.009142', 'grad_norm': '0.003198', 'learning_rate': '8.513e-07', 'epoch': '7.66'}
{'loss': '0.002144', 'grad_norm': '0.0003708', 'learning_rate': '8.359e-07', 'epoch': '7.666'}
{'loss': '1.55e-05', 'grad_norm': '0.0009252', 'learning_rate': '8.205e-07', 'epoch': '7.672'}
{'loss': '0.00214', 'grad_norm': '0.000554', 'learning_rate': '8.051e-07', 'epoch': '7.679'}
{'loss': '0.00222', 'grad_norm': '0.0003596', 'learning_rate': '7.897e-07', 'epoch': '7.685'}
{'loss': '0.0002456', 'grad_norm': '0.0003874', 'learning_rate': '7.743e-07', 'epoch': '7.691'}
{'loss': '0.0002824', 'grad_norm': '0.000398', 'learning_rate': '7.589e-07', 'epoch': '7.697'}
{'loss': '0.008415', 'grad_norm': '0.0003838', 'learning_rate': '7.435e-07', 'epoch': '7.703'}
{'loss': '1.621e-05', 'grad_norm': '0.002937', 'learning_rate': '7.281e-07', 'epoch': '7.709'}
{'loss': '0.002208', 'grad_norm': '0.0003903', 'learning_rate': '7.127e-07', 'epoch': '7.716'}
{'loss': '1.613e-05', 'grad_norm': '0.0004709', 'learning_rate': '6.974e-07', 'epoch': '7.722'}
{'loss': '0.006303', 'grad_norm': '0.0003878', 'learning_rate': '6.82e-07', 'epoch': '7.728'}
{'loss': '0.004206', 'grad_norm': '0.0003479', 'learning_rate': '6.666e-07', 'epoch': '7.734'}
{'loss': '0.003721', 'grad_norm': '0.0003676', 'learning_rate': '6.512e-07', 'epoch': '7.74'}
{'loss': '0.00199', 'grad_norm': '0.0003819', 'learning_rate': '6.358e-07', 'epoch': '7.746'}
{'loss': '0.008115', 'grad_norm': '0.0003912', 'learning_rate': '6.204e-07', 'epoch': '7.752'}
{'loss': '0.00846', 'grad_norm': '3.083', 'learning_rate': '6.05e-07', 'epoch': '7.759'}
{'loss': '0.009458', 'grad_norm': '0.000386', 'learning_rate': '5.896e-07', 'epoch': '7.765'}
{'loss': '0.006949', 'grad_norm': '0.583', 'learning_rate': '5.742e-07', 'epoch': '7.771'}
{'loss': '0.003478', 'grad_norm': '0.0003451', 'learning_rate': '5.588e-07', 'epoch': '7.777'}
{'loss': '0.004156', 'grad_norm': '0.0004755', 'learning_rate': '5.434e-07', 'epoch': '7.783'}
{'loss': '0.03362', 'grad_norm': '15.51', 'learning_rate': '5.28e-07', 'epoch': '7.789'}
{'loss': '1.457e-05', 'grad_norm': '0.0003737', 'learning_rate': '5.126e-07', 'epoch': '7.796'}
{'loss': '0.007582', 'grad_norm': '0.6343', 'learning_rate': '4.972e-07', 'epoch': '7.802'}
{'loss': '1.588e-05', 'grad_norm': '0.0006344', 'learning_rate': '4.818e-07', 'epoch': '7.808'}
{'loss': '2.043e-05', 'grad_norm': '0.0003946', 'learning_rate': '4.664e-07', 'epoch': '7.814'}
{'loss': '0.006963', 'grad_norm': '0.0003734', 'learning_rate': '4.51e-07', 'epoch': '7.82'}
{'loss': '0.005176', 'grad_norm': '0.0003894', 'learning_rate': '4.357e-07', 'epoch': '7.826'}
{'loss': '0.002313', 'grad_norm': '0.0004128', 'learning_rate': '4.203e-07', 'epoch': '7.833'}
{'loss': '0.002418', 'grad_norm': '0.0003821', 'learning_rate': '4.049e-07', 'epoch': '7.839'}
{'loss': '0.0001665', 'grad_norm': '0.0472', 'learning_rate': '3.895e-07', 'epoch': '7.845'}
{'loss': '0.002545', 'grad_norm': '0.6942', 'learning_rate': '3.741e-07', 'epoch': '7.851'}
{'loss': '0.004243', 'grad_norm': '0.000374', 'learning_rate': '3.587e-07', 'epoch': '7.857'}
{'loss': '0.00204', 'grad_norm': '0.0004608', 'learning_rate': '3.433e-07', 'epoch': '7.863'}
{'loss': '0.001753', 'grad_norm': '0.5288', 'learning_rate': '3.279e-07', 'epoch': '7.869'}
{'loss': '0.006174', 'grad_norm': '1.205', 'learning_rate': '3.125e-07', 'epoch': '7.876'}
{'loss': '0.002356', 'grad_norm': '0.0003937', 'learning_rate': '2.971e-07', 'epoch': '7.882'}
{'loss': '0.004353', 'grad_norm': '0.000382', 'learning_rate': '2.817e-07', 'epoch': '7.888'}
{'loss': '0.004825', 'grad_norm': '0.0004836', 'learning_rate': '2.663e-07', 'epoch': '7.894'}
{'loss': '0.006495', 'grad_norm': '0.6779', 'learning_rate': '2.509e-07', 'epoch': '7.9'}
{'loss': '0.004097', 'grad_norm': '0.0003605', 'learning_rate': '2.355e-07', 'epoch': '7.906'}
{'loss': '0.001739', 'grad_norm': '0.5297', 'learning_rate': '2.201e-07', 'epoch': '7.913'}
{'loss': '0.002235', 'grad_norm': '0.0004007', 'learning_rate': '2.047e-07', 'epoch': '7.919'}
{'loss': '0.001707', 'grad_norm': '0.5189', 'learning_rate': '1.893e-07', 'epoch': '7.925'}
{'loss': '0.004232', 'grad_norm': '0.0004323', 'learning_rate': '1.74e-07', 'epoch': '7.931'}
{'loss': '0.003703', 'grad_norm': '0.0003791', 'learning_rate': '1.586e-07', 'epoch': '7.937'}
{'loss': '0.0045', 'grad_norm': '0.6885', 'learning_rate': '1.432e-07', 'epoch': '7.943'}
{'loss': '0.003064', 'grad_norm': '0.000392', 'learning_rate': '1.278e-07', 'epoch': '7.95'}
{'loss': '1.512e-05', 'grad_norm': '0.0009563', 'learning_rate': '1.124e-07', 'epoch': '7.956'}
{'loss': '1.517e-05', 'grad_norm': '0.00037', 'learning_rate': '9.698e-08', 'epoch': '7.962'}
{'loss': '0.007009', 'grad_norm': '0.6843', 'learning_rate': '8.159e-08', 'epoch': '7.968'}
{'loss': '0.005379', 'grad_norm': '0.0004067', 'learning_rate': '6.619e-08', 'epoch': '7.974'}
{'loss': '0.006995', 'grad_norm': '0.0003827', 'learning_rate': '5.08e-08', 'epoch': '7.98'}
{'loss': '0.003296', 'grad_norm': '0.3687', 'learning_rate': '3.541e-08', 'epoch': '7.986'}
{'loss': '0.00212', 'grad_norm': '0.0003508', 'learning_rate': '2.001e-08', 'epoch': '7.993'}
{'loss': '0.002489', 'grad_norm': '0.0003647', 'learning_rate': '4.618e-09', 'epoch': '7.999'}
{'eval_loss': '0.7264', 'eval_accuracy': '0.9278', 'eval_precision': '0.9615', 'eval_recall': '0.9085', 'eval_f1': '0.9342', 'eval_runtime': '3.36', 'eval_samples_per_second': '4058', 'eval_steps_per_second': '63.69', 'epoch': '8'}
{'train_runtime': '2347', 'train_samples_per_second': '177.1', 'train_steps_per_second': '5.535', 'train_loss': '0.0178', 'epoch': '8'}
Fold F1: 0.945974025974026
Точность определения арабских заимств.: {'accuracy': 0.9862068965517241, 'precision': 0.8942307692307693, 'recall': 0.9893617021276596, 'f1': 0.9393939393939394}
Точность определения китайских заимств.: {'accuracy': 0.986198243412798, 'precision': 0.65625, 'recall': 1.0, 'f1': 0.7924528301886793}
Точность определения английских заимств.: {'accuracy': 0.9906614785992218, 'precision': 0.9788053949903661, 'recall': 0.9980353634577603, 'f1': 0.9883268482490273}
Точность определения французских заимств.: {'accuracy': 0.9910926365795725, 'precision': 0.9879781420765027, 'recall': 0.9955947136563876, 'f1': 0.9917718047174986}
Точность определения немецких заимств.: {'accuracy': 0.9875954198473282, 'precision': 0.9608540925266904, 'recall': 0.9926470588235294, 'f1': 0.976491862567812}
Точность определения итальянских заимтсв.: {'accuracy': 0.9842602308499475, 'precision': 0.9402173913043478, 'recall': 0.9774011299435028, 'f1': 0.9584487534626038}
Точность определения японских заимств.: {'accuracy': 0.9865168539325843, 'precision': 0.9112903225806451, 'recall': 0.9912280701754386, 'f1': 0.9495798319327731}
Точность определения польских заимств.: {'accuracy': 0.984375, 'precision': 0.8307692307692308, 'recall': 0.9642857142857143, 'f1': 0.8925619834710744}

===== Fold 5 =====
{'loss': '0.6735', 'grad_norm': '4.416', 'learning_rate': '1.999e-05', 'epoch': '0.00605'}
{'loss': '0.6156', 'grad_norm': '3.821', 'learning_rate': '1.997e-05', 'epoch': '0.0121'}
{'loss': '0.4582', 'grad_norm': '8.336', 'learning_rate': '1.996e-05', 'epoch': '0.01815'}
{'loss': '0.4468', 'grad_norm': '21.74', 'learning_rate': '1.994e-05', 'epoch': '0.0242'}
{'loss': '0.3401', 'grad_norm': '5.803', 'learning_rate': '1.993e-05', 'epoch': '0.03025'}
{'loss': '0.2712', 'grad_norm': '17.88', 'learning_rate': '1.991e-05', 'epoch': '0.0363'}
{'loss': '0.2184', 'grad_norm': '9.281', 'learning_rate': '1.99e-05', 'epoch': '0.04235'}
{'loss': '0.2313', 'grad_norm': '11.32', 'learning_rate': '1.988e-05', 'epoch': '0.0484'}
{'loss': '0.1894', 'grad_norm': '6.784', 'learning_rate': '1.987e-05', 'epoch': '0.05445'}
{'loss': '0.22', 'grad_norm': '14.8', 'learning_rate': '1.985e-05', 'epoch': '0.0605'}
{'loss': '0.1363', 'grad_norm': '9.824', 'learning_rate': '1.984e-05', 'epoch': '0.06655'}
{'loss': '0.2255', 'grad_norm': '7.705', 'learning_rate': '1.982e-05', 'epoch': '0.0726'}
{'loss': '0.1694', 'grad_norm': '17.3', 'learning_rate': '1.98e-05', 'epoch': '0.07864'}
{'loss': '0.1949', 'grad_norm': '9.49', 'learning_rate': '1.979e-05', 'epoch': '0.08469'}
{'loss': '0.1801', 'grad_norm': '9.374', 'learning_rate': '1.977e-05', 'epoch': '0.09074'}
{'loss': '0.2119', 'grad_norm': '30.16', 'learning_rate': '1.976e-05', 'epoch': '0.09679'}
{'loss': '0.2371', 'grad_norm': '1.614', 'learning_rate': '1.974e-05', 'epoch': '0.1028'}
{'loss': '0.1391', 'grad_norm': '27.73', 'learning_rate': '1.973e-05', 'epoch': '0.1089'}
{'loss': '0.1422', 'grad_norm': '1.062', 'learning_rate': '1.971e-05', 'epoch': '0.1149'}
{'loss': '0.1568', 'grad_norm': '6.137', 'learning_rate': '1.97e-05', 'epoch': '0.121'}
{'loss': '0.1827', 'grad_norm': '10.3', 'learning_rate': '1.968e-05', 'epoch': '0.127'}
{'loss': '0.06644', 'grad_norm': '3.733', 'learning_rate': '1.967e-05', 'epoch': '0.1331'}
{'loss': '0.152', 'grad_norm': '13.86', 'learning_rate': '1.965e-05', 'epoch': '0.1391'}
{'loss': '0.1185', 'grad_norm': '26.58', 'learning_rate': '1.964e-05', 'epoch': '0.1452'}
{'loss': '0.169', 'grad_norm': '2.582', 'learning_rate': '1.962e-05', 'epoch': '0.1512'}
{'loss': '0.1047', 'grad_norm': '8.184', 'learning_rate': '1.961e-05', 'epoch': '0.1573'}
{'loss': '0.135', 'grad_norm': '17.85', 'learning_rate': '1.959e-05', 'epoch': '0.1633'}
{'loss': '0.07951', 'grad_norm': '12.93', 'learning_rate': '1.958e-05', 'epoch': '0.1694'}
{'loss': '0.144', 'grad_norm': '4.088', 'learning_rate': '1.956e-05', 'epoch': '0.1754'}
{'loss': '0.09808', 'grad_norm': '10.36', 'learning_rate': '1.955e-05', 'epoch': '0.1815'}
{'loss': '0.05208', 'grad_norm': '1.045', 'learning_rate': '1.953e-05', 'epoch': '0.1875'}
{'loss': '0.1404', 'grad_norm': '22', 'learning_rate': '1.952e-05', 'epoch': '0.1936'}
{'loss': '0.06827', 'grad_norm': '8.374', 'learning_rate': '1.95e-05', 'epoch': '0.1996'}
{'loss': '0.1138', 'grad_norm': '3.191', 'learning_rate': '1.949e-05', 'epoch': '0.2057'}
{'loss': '0.08286', 'grad_norm': '0.2142', 'learning_rate': '1.947e-05', 'epoch': '0.2117'}
{'loss': '0.1115', 'grad_norm': '10.48', 'learning_rate': '1.946e-05', 'epoch': '0.2178'}
{'loss': '0.08428', 'grad_norm': '21.68', 'learning_rate': '1.944e-05', 'epoch': '0.2238'}
{'loss': '0.09659', 'grad_norm': '8.349', 'learning_rate': '1.943e-05', 'epoch': '0.2299'}
{'loss': '0.0579', 'grad_norm': '0.6494', 'learning_rate': '1.941e-05', 'epoch': '0.2359'}
{'loss': '0.09576', 'grad_norm': '17.33', 'learning_rate': '1.94e-05', 'epoch': '0.242'}
{'loss': '0.09176', 'grad_norm': '23.48', 'learning_rate': '1.938e-05', 'epoch': '0.248'}
{'loss': '0.04927', 'grad_norm': '12.97', 'learning_rate': '1.937e-05', 'epoch': '0.2541'}
{'loss': '0.04504', 'grad_norm': '0.1179', 'learning_rate': '1.935e-05', 'epoch': '0.2601'}
{'loss': '0.1211', 'grad_norm': '1.765', 'learning_rate': '1.934e-05', 'epoch': '0.2662'}
{'loss': '0.06717', 'grad_norm': '2.904', 'learning_rate': '1.932e-05', 'epoch': '0.2722'}
{'loss': '0.06342', 'grad_norm': '44.1', 'learning_rate': '1.931e-05', 'epoch': '0.2783'}
{'loss': '0.0387', 'grad_norm': '0.3545', 'learning_rate': '1.929e-05', 'epoch': '0.2843'}
{'loss': '0.03905', 'grad_norm': '0.08351', 'learning_rate': '1.928e-05', 'epoch': '0.2904'}
{'loss': '0.113', 'grad_norm': '0.2733', 'learning_rate': '1.926e-05', 'epoch': '0.2964'}
{'loss': '0.04045', 'grad_norm': '0.1337', 'learning_rate': '1.925e-05', 'epoch': '0.3025'}
{'loss': '0.02167', 'grad_norm': '2.949', 'learning_rate': '1.923e-05', 'epoch': '0.3085'}
{'loss': '0.07917', 'grad_norm': '5.193', 'learning_rate': '1.922e-05', 'epoch': '0.3146'}
{'loss': '0.0405', 'grad_norm': '0.07934', 'learning_rate': '1.92e-05', 'epoch': '0.3206'}
{'loss': '0.08022', 'grad_norm': '0.06765', 'learning_rate': '1.918e-05', 'epoch': '0.3267'}
{'loss': '0.08498', 'grad_norm': '2.165', 'learning_rate': '1.917e-05', 'epoch': '0.3327'}
{'loss': '0.0487', 'grad_norm': '0.1197', 'learning_rate': '1.915e-05', 'epoch': '0.3388'}
{'loss': '0.06438', 'grad_norm': '2.598', 'learning_rate': '1.914e-05', 'epoch': '0.3448'}
{'loss': '0.1408', 'grad_norm': '13.1', 'learning_rate': '1.912e-05', 'epoch': '0.3509'}
{'loss': '0.09592', 'grad_norm': '5.509', 'learning_rate': '1.911e-05', 'epoch': '0.3569'}
{'loss': '0.04939', 'grad_norm': '2.862', 'learning_rate': '1.909e-05', 'epoch': '0.363'}
{'loss': '0.119', 'grad_norm': '10.16', 'learning_rate': '1.908e-05', 'epoch': '0.369'}
{'loss': '0.04665', 'grad_norm': '11.46', 'learning_rate': '1.906e-05', 'epoch': '0.3751'}
{'loss': '0.04836', 'grad_norm': '0.1314', 'learning_rate': '1.905e-05', 'epoch': '0.3811'}
{'loss': '0.06328', 'grad_norm': '0.1175', 'learning_rate': '1.903e-05', 'epoch': '0.3872'}
{'loss': '0.02367', 'grad_norm': '6.953', 'learning_rate': '1.902e-05', 'epoch': '0.3932'}
{'loss': '0.112', 'grad_norm': '15.75', 'learning_rate': '1.9e-05', 'epoch': '0.3993'}
{'loss': '0.02232', 'grad_norm': '3.464', 'learning_rate': '1.899e-05', 'epoch': '0.4053'}
{'loss': '0.05595', 'grad_norm': '10.96', 'learning_rate': '1.897e-05', 'epoch': '0.4114'}
{'loss': '0.02722', 'grad_norm': '0.06943', 'learning_rate': '1.896e-05', 'epoch': '0.4174'}
{'loss': '0.0165', 'grad_norm': '0.07152', 'learning_rate': '1.894e-05', 'epoch': '0.4235'}
{'loss': '0.05102', 'grad_norm': '0.5342', 'learning_rate': '1.893e-05', 'epoch': '0.4295'}
{'loss': '0.05524', 'grad_norm': '0.1566', 'learning_rate': '1.891e-05', 'epoch': '0.4356'}
{'loss': '0.06252', 'grad_norm': '0.09219', 'learning_rate': '1.89e-05', 'epoch': '0.4416'}
{'loss': '0.04084', 'grad_norm': '0.3082', 'learning_rate': '1.888e-05', 'epoch': '0.4477'}
{'loss': '0.03772', 'grad_norm': '1.383', 'learning_rate': '1.887e-05', 'epoch': '0.4537'}
{'loss': '0.05584', 'grad_norm': '2.012', 'learning_rate': '1.885e-05', 'epoch': '0.4598'}
{'loss': '0.02206', 'grad_norm': '0.1335', 'learning_rate': '1.884e-05', 'epoch': '0.4658'}
{'loss': '0.02557', 'grad_norm': '34.51', 'learning_rate': '1.882e-05', 'epoch': '0.4719'}
{'loss': '0.1063', 'grad_norm': '0.0654', 'learning_rate': '1.881e-05', 'epoch': '0.4779'}
{'loss': '0.05348', 'grad_norm': '0.06749', 'learning_rate': '1.879e-05', 'epoch': '0.484'}
{'loss': '0.0551', 'grad_norm': '2.008', 'learning_rate': '1.878e-05', 'epoch': '0.49'}
{'loss': '0.02545', 'grad_norm': '11.92', 'learning_rate': '1.876e-05', 'epoch': '0.4961'}
{'loss': '0.03952', 'grad_norm': '40.15', 'learning_rate': '1.875e-05', 'epoch': '0.5021'}
{'loss': '0.02876', 'grad_norm': '56.65', 'learning_rate': '1.873e-05', 'epoch': '0.5082'}
{'loss': '0.02257', 'grad_norm': '1.349', 'learning_rate': '1.872e-05', 'epoch': '0.5142'}
{'loss': '0.03796', 'grad_norm': '0.06935', 'learning_rate': '1.87e-05', 'epoch': '0.5203'}
{'loss': '0.06935', 'grad_norm': '3.46', 'learning_rate': '1.869e-05', 'epoch': '0.5263'}
{'loss': '0.0207', 'grad_norm': '0.03918', 'learning_rate': '1.867e-05', 'epoch': '0.5324'}
{'loss': '0.02909', 'grad_norm': '0.01578', 'learning_rate': '1.866e-05', 'epoch': '0.5384'}
{'loss': '0.08359', 'grad_norm': '0.01851', 'learning_rate': '1.864e-05', 'epoch': '0.5445'}
{'loss': '0.06515', 'grad_norm': '0.02791', 'learning_rate': '1.863e-05', 'epoch': '0.5505'}
{'loss': '0.05249', 'grad_norm': '0.01809', 'learning_rate': '1.861e-05', 'epoch': '0.5566'}
{'loss': '0.05873', 'grad_norm': '0.4016', 'learning_rate': '1.859e-05', 'epoch': '0.5626'}
{'loss': '0.04568', 'grad_norm': '2.19', 'learning_rate': '1.858e-05', 'epoch': '0.5687'}
{'loss': '0.04701', 'grad_norm': '6.583', 'learning_rate': '1.856e-05', 'epoch': '0.5747'}
{'loss': '0.01595', 'grad_norm': '0.1758', 'learning_rate': '1.855e-05', 'epoch': '0.5808'}
{'loss': '0.04339', 'grad_norm': '20.02', 'learning_rate': '1.853e-05', 'epoch': '0.5868'}
{'loss': '0.06183', 'grad_norm': '0.08232', 'learning_rate': '1.852e-05', 'epoch': '0.5929'}
{'loss': '0.001986', 'grad_norm': '0.02533', 'learning_rate': '1.85e-05', 'epoch': '0.5989'}
{'loss': '0.02091', 'grad_norm': '0.0179', 'learning_rate': '1.849e-05', 'epoch': '0.605'}
{'loss': '0.03136', 'grad_norm': '0.02008', 'learning_rate': '1.847e-05', 'epoch': '0.611'}
{'loss': '0.07197', 'grad_norm': '5.778', 'learning_rate': '1.846e-05', 'epoch': '0.6171'}
{'loss': '0.0798', 'grad_norm': '0.01926', 'learning_rate': '1.844e-05', 'epoch': '0.6231'}
{'loss': '0.009042', 'grad_norm': '0.2198', 'learning_rate': '1.843e-05', 'epoch': '0.6292'}
{'loss': '0.06199', 'grad_norm': '1.186', 'learning_rate': '1.841e-05', 'epoch': '0.6352'}
{'loss': '0.01458', 'grad_norm': '28.18', 'learning_rate': '1.84e-05', 'epoch': '0.6413'}
{'loss': '0.07224', 'grad_norm': '0.01266', 'learning_rate': '1.838e-05', 'epoch': '0.6473'}
{'loss': '0.04989', 'grad_norm': '0.01718', 'learning_rate': '1.837e-05', 'epoch': '0.6534'}
{'loss': '0.0452', 'grad_norm': '0.0224', 'learning_rate': '1.835e-05', 'epoch': '0.6594'}
{'loss': '0.03191', 'grad_norm': '1.003', 'learning_rate': '1.834e-05', 'epoch': '0.6655'}
{'loss': '0.02372', 'grad_norm': '0.02875', 'learning_rate': '1.832e-05', 'epoch': '0.6715'}
{'loss': '0.0411', 'grad_norm': '0.0434', 'learning_rate': '1.831e-05', 'epoch': '0.6776'}
{'loss': '0.01407', 'grad_norm': '0.06656', 'learning_rate': '1.829e-05', 'epoch': '0.6836'}
{'loss': '0.05479', 'grad_norm': '0.9007', 'learning_rate': '1.828e-05', 'epoch': '0.6897'}
{'loss': '0.0238', 'grad_norm': '0.06968', 'learning_rate': '1.826e-05', 'epoch': '0.6957'}
{'loss': '0.08714', 'grad_norm': '3.263', 'learning_rate': '1.825e-05', 'epoch': '0.7018'}
{'loss': '0.05299', 'grad_norm': '0.05938', 'learning_rate': '1.823e-05', 'epoch': '0.7078'}
{'loss': '0.03716', 'grad_norm': '0.5823', 'learning_rate': '1.822e-05', 'epoch': '0.7139'}
{'loss': '0.006337', 'grad_norm': '0.0339', 'learning_rate': '1.82e-05', 'epoch': '0.7199'}
{'loss': '0.02421', 'grad_norm': '29.7', 'learning_rate': '1.819e-05', 'epoch': '0.726'}
{'loss': '0.01891', 'grad_norm': '0.1111', 'learning_rate': '1.817e-05', 'epoch': '0.732'}
{'loss': '0.004252', 'grad_norm': '0.06394', 'learning_rate': '1.816e-05', 'epoch': '0.7381'}
{'loss': '0.05906', 'grad_norm': '57.72', 'learning_rate': '1.814e-05', 'epoch': '0.7441'}
{'loss': '0.02044', 'grad_norm': '0.02855', 'learning_rate': '1.813e-05', 'epoch': '0.7502'}
{'loss': '0.07622', 'grad_norm': '0.3869', 'learning_rate': '1.811e-05', 'epoch': '0.7562'}
{'loss': '0.03876', 'grad_norm': '0.02774', 'learning_rate': '1.81e-05', 'epoch': '0.7623'}
{'loss': '0.01556', 'grad_norm': '0.417', 'learning_rate': '1.808e-05', 'epoch': '0.7683'}
{'loss': '0.02609', 'grad_norm': '11.83', 'learning_rate': '1.807e-05', 'epoch': '0.7743'}
{'loss': '0.002435', 'grad_norm': '0.1337', 'learning_rate': '1.805e-05', 'epoch': '0.7804'}
{'loss': '0.01289', 'grad_norm': '0.007217', 'learning_rate': '1.804e-05', 'epoch': '0.7864'}
{'loss': '0.03605', 'grad_norm': '6.453', 'learning_rate': '1.802e-05', 'epoch': '0.7925'}
{'loss': '0.02493', 'grad_norm': '0.01748', 'learning_rate': '1.801e-05', 'epoch': '0.7985'}
{'loss': '0.04178', 'grad_norm': '0.1901', 'learning_rate': '1.799e-05', 'epoch': '0.8046'}
{'loss': '0.02336', 'grad_norm': '2.63', 'learning_rate': '1.797e-05', 'epoch': '0.8106'}
{'loss': '0.004933', 'grad_norm': '0.03404', 'learning_rate': '1.796e-05', 'epoch': '0.8167'}
{'loss': '0.03444', 'grad_norm': '14.62', 'learning_rate': '1.794e-05', 'epoch': '0.8227'}
{'loss': '0.04077', 'grad_norm': '0.02356', 'learning_rate': '1.793e-05', 'epoch': '0.8288'}
{'loss': '0.03171', 'grad_norm': '0.1343', 'learning_rate': '1.791e-05', 'epoch': '0.8348'}
{'loss': '0.01994', 'grad_norm': '0.02065', 'learning_rate': '1.79e-05', 'epoch': '0.8409'}
{'loss': '0.009477', 'grad_norm': '0.009147', 'learning_rate': '1.788e-05', 'epoch': '0.8469'}
{'loss': '0.02958', 'grad_norm': '0.1142', 'learning_rate': '1.787e-05', 'epoch': '0.853'}
{'loss': '0.003916', 'grad_norm': '0.5149', 'learning_rate': '1.785e-05', 'epoch': '0.859'}
{'loss': '0.01086', 'grad_norm': '0.01495', 'learning_rate': '1.784e-05', 'epoch': '0.8651'}
{'loss': '0.01442', 'grad_norm': '0.005027', 'learning_rate': '1.782e-05', 'epoch': '0.8711'}
{'loss': '0.005369', 'grad_norm': '0.01079', 'learning_rate': '1.781e-05', 'epoch': '0.8772'}
{'loss': '0.0491', 'grad_norm': '0.01526', 'learning_rate': '1.779e-05', 'epoch': '0.8832'}
{'loss': '0.005771', 'grad_norm': '0.01395', 'learning_rate': '1.778e-05', 'epoch': '0.8893'}
{'loss': '0.03296', 'grad_norm': '0.01108', 'learning_rate': '1.776e-05', 'epoch': '0.8953'}
{'loss': '0.002099', 'grad_norm': '0.01345', 'learning_rate': '1.775e-05', 'epoch': '0.9014'}
{'loss': '0.03954', 'grad_norm': '25.12', 'learning_rate': '1.773e-05', 'epoch': '0.9074'}
{'loss': '0.01102', 'grad_norm': '0.01011', 'learning_rate': '1.772e-05', 'epoch': '0.9135'}
{'loss': '0.07507', 'grad_norm': '27.62', 'learning_rate': '1.77e-05', 'epoch': '0.9195'}
{'loss': '0.06264', 'grad_norm': '0.07755', 'learning_rate': '1.769e-05', 'epoch': '0.9256'}
{'loss': '0.05112', 'grad_norm': '0.05191', 'learning_rate': '1.767e-05', 'epoch': '0.9316'}
{'loss': '0.01552', 'grad_norm': '0.4756', 'learning_rate': '1.766e-05', 'epoch': '0.9377'}
{'loss': '0.01452', 'grad_norm': '0.03873', 'learning_rate': '1.764e-05', 'epoch': '0.9437'}
{'loss': '0.001929', 'grad_norm': '0.04119', 'learning_rate': '1.763e-05', 'epoch': '0.9498'}
{'loss': '0.03301', 'grad_norm': '11.69', 'learning_rate': '1.761e-05', 'epoch': '0.9558'}
{'loss': '0.0496', 'grad_norm': '0.02599', 'learning_rate': '1.76e-05', 'epoch': '0.9619'}
{'loss': '0.04274', 'grad_norm': '0.03523', 'learning_rate': '1.758e-05', 'epoch': '0.9679'}
{'loss': '0.01254', 'grad_norm': '0.3928', 'learning_rate': '1.757e-05', 'epoch': '0.974'}
{'loss': '0.006012', 'grad_norm': '8.246', 'learning_rate': '1.755e-05', 'epoch': '0.98'}
{'loss': '0.03813', 'grad_norm': '0.005762', 'learning_rate': '1.754e-05', 'epoch': '0.9861'}
{'loss': '0.06817', 'grad_norm': '45.45', 'learning_rate': '1.752e-05', 'epoch': '0.9921'}
{'loss': '0.03916', 'grad_norm': '0.337', 'learning_rate': '1.751e-05', 'epoch': '0.9982'}
{'eval_loss': '0.4926', 'eval_accuracy': '0.9168', 'eval_precision': '0.9605', 'eval_recall': '0.8918', 'eval_f1': '0.9249', 'eval_runtime': '3.125', 'eval_samples_per_second': '4067', 'eval_steps_per_second': '63.68', 'epoch': '1'}
{'loss': '0.04013', 'grad_norm': '61.78', 'learning_rate': '1.749e-05', 'epoch': '1.004'}
{'loss': '0.01382', 'grad_norm': '0.01438', 'learning_rate': '1.748e-05', 'epoch': '1.01'}
{'loss': '0.02147', 'grad_norm': '0.02713', 'learning_rate': '1.746e-05', 'epoch': '1.016'}
{'loss': '0.008181', 'grad_norm': '0.1454', 'learning_rate': '1.745e-05', 'epoch': '1.022'}
{'loss': '0.00556', 'grad_norm': '0.004986', 'learning_rate': '1.743e-05', 'epoch': '1.028'}
{'loss': '0.04342', 'grad_norm': '0.007095', 'learning_rate': '1.742e-05', 'epoch': '1.034'}
{'loss': '0.03342', 'grad_norm': '9.915', 'learning_rate': '1.74e-05', 'epoch': '1.041'}
{'loss': '0.005619', 'grad_norm': '0.004921', 'learning_rate': '1.739e-05', 'epoch': '1.047'}
{'loss': '0.02108', 'grad_norm': '0.01888', 'learning_rate': '1.737e-05', 'epoch': '1.053'}
{'loss': '0.0008257', 'grad_norm': '0.003731', 'learning_rate': '1.735e-05', 'epoch': '1.059'}
{'loss': '0.001463', 'grad_norm': '0.003745', 'learning_rate': '1.734e-05', 'epoch': '1.065'}
{'loss': '0.0001718', 'grad_norm': '0.003888', 'learning_rate': '1.732e-05', 'epoch': '1.071'}
{'loss': '0.0001476', 'grad_norm': '0.002878', 'learning_rate': '1.731e-05', 'epoch': '1.077'}
{'loss': '0.0048', 'grad_norm': '0.006814', 'learning_rate': '1.729e-05', 'epoch': '1.083'}
{'loss': '0.0009993', 'grad_norm': '0.002629', 'learning_rate': '1.728e-05', 'epoch': '1.089'}
{'loss': '0.01066', 'grad_norm': '0.003082', 'learning_rate': '1.726e-05', 'epoch': '1.095'}
{'loss': '0.02622', 'grad_norm': '0.00288', 'learning_rate': '1.725e-05', 'epoch': '1.101'}
{'loss': '0.000115', 'grad_norm': '0.002809', 'learning_rate': '1.723e-05', 'epoch': '1.107'}
{'loss': '0.0002677', 'grad_norm': '1.465', 'learning_rate': '1.722e-05', 'epoch': '1.113'}
{'loss': '0.0411', 'grad_norm': '0.002379', 'learning_rate': '1.72e-05', 'epoch': '1.119'}
{'loss': '0.02459', 'grad_norm': '3.063', 'learning_rate': '1.719e-05', 'epoch': '1.125'}
{'loss': '0.03919', 'grad_norm': '43.2', 'learning_rate': '1.717e-05', 'epoch': '1.131'}
{'loss': '0.003717', 'grad_norm': '1.429', 'learning_rate': '1.716e-05', 'epoch': '1.137'}
{'loss': '0.02196', 'grad_norm': '0.006783', 'learning_rate': '1.714e-05', 'epoch': '1.143'}
{'loss': '0.02126', 'grad_norm': '0.01018', 'learning_rate': '1.713e-05', 'epoch': '1.149'}
{'loss': '0.004905', 'grad_norm': '0.00517', 'learning_rate': '1.711e-05', 'epoch': '1.155'}
{'loss': '0.002582', 'grad_norm': '0.006538', 'learning_rate': '1.71e-05', 'epoch': '1.162'}
{'loss': '0.0139', 'grad_norm': '0.003446', 'learning_rate': '1.708e-05', 'epoch': '1.168'}
{'loss': '0.002593', 'grad_norm': '0.05147', 'learning_rate': '1.707e-05', 'epoch': '1.174'}
{'loss': '0.0002355', 'grad_norm': '0.1048', 'learning_rate': '1.705e-05', 'epoch': '1.18'}
{'loss': '0.002049', 'grad_norm': '0.5819', 'learning_rate': '1.704e-05', 'epoch': '1.186'}
{'loss': '0.000169', 'grad_norm': '0.2387', 'learning_rate': '1.702e-05', 'epoch': '1.192'}
{'loss': '0.0001209', 'grad_norm': '0.002319', 'learning_rate': '1.701e-05', 'epoch': '1.198'}
{'loss': '0.01435', 'grad_norm': '0.0414', 'learning_rate': '1.699e-05', 'epoch': '1.204'}
{'loss': '0.0001624', 'grad_norm': '0.002538', 'learning_rate': '1.698e-05', 'epoch': '1.21'}
{'loss': '0.001326', 'grad_norm': '0.003759', 'learning_rate': '1.696e-05', 'epoch': '1.216'}
{'loss': '0.002314', 'grad_norm': '0.002157', 'learning_rate': '1.695e-05', 'epoch': '1.222'}
{'loss': '0.01445', 'grad_norm': '0.001815', 'learning_rate': '1.693e-05', 'epoch': '1.228'}
{'loss': '0.0295', 'grad_norm': '9.809', 'learning_rate': '1.692e-05', 'epoch': '1.234'}
{'loss': '0.001911', 'grad_norm': '0.00298', 'learning_rate': '1.69e-05', 'epoch': '1.24'}
{'loss': '0.009634', 'grad_norm': '0.002158', 'learning_rate': '1.689e-05', 'epoch': '1.246'}
{'loss': '0.0161', 'grad_norm': '0.001956', 'learning_rate': '1.687e-05', 'epoch': '1.252'}
{'loss': '0.0007551', 'grad_norm': '0.00187', 'learning_rate': '1.686e-05', 'epoch': '1.258'}
{'loss': '0.06322', 'grad_norm': '118.7', 'learning_rate': '1.684e-05', 'epoch': '1.264'}
{'loss': '0.003807', 'grad_norm': '0.09847', 'learning_rate': '1.683e-05', 'epoch': '1.27'}
{'loss': '0.004243', 'grad_norm': '0.006884', 'learning_rate': '1.681e-05', 'epoch': '1.276'}
{'loss': '0.0222', 'grad_norm': '0.002789', 'learning_rate': '1.68e-05', 'epoch': '1.283'}
{'loss': '0.0006697', 'grad_norm': '0.004234', 'learning_rate': '1.678e-05', 'epoch': '1.289'}
{'loss': '0.0001453', 'grad_norm': '0.01241', 'learning_rate': '1.676e-05', 'epoch': '1.295'}
{'loss': '0.003546', 'grad_norm': '0.03596', 'learning_rate': '1.675e-05', 'epoch': '1.301'}
{'loss': '0.01559', 'grad_norm': '0.605', 'learning_rate': '1.673e-05', 'epoch': '1.307'}
{'loss': '0.004192', 'grad_norm': '0.005642', 'learning_rate': '1.672e-05', 'epoch': '1.313'}
{'loss': '0.02775', 'grad_norm': '0.01682', 'learning_rate': '1.67e-05', 'epoch': '1.319'}
{'loss': '0.02459', 'grad_norm': '0.8056', 'learning_rate': '1.669e-05', 'epoch': '1.325'}
{'loss': '0.01797', 'grad_norm': '19.56', 'learning_rate': '1.667e-05', 'epoch': '1.331'}
{'loss': '0.0006768', 'grad_norm': '0.007293', 'learning_rate': '1.666e-05', 'epoch': '1.337'}
{'loss': '0.0004477', 'grad_norm': '0.00441', 'learning_rate': '1.664e-05', 'epoch': '1.343'}
{'loss': '0.02459', 'grad_norm': '15.79', 'learning_rate': '1.663e-05', 'epoch': '1.349'}
{'loss': '0.0124', 'grad_norm': '0.004475', 'learning_rate': '1.661e-05', 'epoch': '1.355'}
{'loss': '0.009394', 'grad_norm': '0.004328', 'learning_rate': '1.66e-05', 'epoch': '1.361'}
{'loss': '0.01416', 'grad_norm': '0.003166', 'learning_rate': '1.658e-05', 'epoch': '1.367'}
{'loss': '0.001611', 'grad_norm': '0.0276', 'learning_rate': '1.657e-05', 'epoch': '1.373'}
{'loss': '0.00679', 'grad_norm': '21.58', 'learning_rate': '1.655e-05', 'epoch': '1.379'}
{'loss': '0.0195', 'grad_norm': '0.05035', 'learning_rate': '1.654e-05', 'epoch': '1.385'}
{'loss': '0.02915', 'grad_norm': '31.65', 'learning_rate': '1.652e-05', 'epoch': '1.391'}
{'loss': '0.0007194', 'grad_norm': '0.005379', 'learning_rate': '1.651e-05', 'epoch': '1.397'}
{'loss': '0.005629', 'grad_norm': '60.95', 'learning_rate': '1.649e-05', 'epoch': '1.404'}
{'loss': '0.01259', 'grad_norm': '0.05745', 'learning_rate': '1.648e-05', 'epoch': '1.41'}
{'loss': '9.593e-05', 'grad_norm': '0.009727', 'learning_rate': '1.646e-05', 'epoch': '1.416'}
{'loss': '0.008704', 'grad_norm': '0.01968', 'learning_rate': '1.645e-05', 'epoch': '1.422'}
{'loss': '0.0336', 'grad_norm': '34.46', 'learning_rate': '1.643e-05', 'epoch': '1.428'}
{'loss': '0.01508', 'grad_norm': '0.7153', 'learning_rate': '1.642e-05', 'epoch': '1.434'}
{'loss': '0.004906', 'grad_norm': '18.5', 'learning_rate': '1.64e-05', 'epoch': '1.44'}
{'loss': '0.006537', 'grad_norm': '0.008297', 'learning_rate': '1.639e-05', 'epoch': '1.446'}
{'loss': '0.02769', 'grad_norm': '0.07794', 'learning_rate': '1.637e-05', 'epoch': '1.452'}
{'loss': '0.02261', 'grad_norm': '0.00814', 'learning_rate': '1.636e-05', 'epoch': '1.458'}
{'loss': '0.009516', 'grad_norm': '7.002', 'learning_rate': '1.634e-05', 'epoch': '1.464'}
{'loss': '0.02049', 'grad_norm': '0.004055', 'learning_rate': '1.633e-05', 'epoch': '1.47'}
{'loss': '0.02476', 'grad_norm': '0.00623', 'learning_rate': '1.631e-05', 'epoch': '1.476'}
{'loss': '0.02839', 'grad_norm': '0.006398', 'learning_rate': '1.63e-05', 'epoch': '1.482'}
{'loss': '0.01521', 'grad_norm': '0.02545', 'learning_rate': '1.628e-05', 'epoch': '1.488'}
{'loss': '0.01487', 'grad_norm': '46.18', 'learning_rate': '1.627e-05', 'epoch': '1.494'}
{'loss': '0.00975', 'grad_norm': '0.005223', 'learning_rate': '1.625e-05', 'epoch': '1.5'}
{'loss': '0.0003044', 'grad_norm': '0.02286', 'learning_rate': '1.624e-05', 'epoch': '1.506'}
{'loss': '0.0001825', 'grad_norm': '0.1859', 'learning_rate': '1.622e-05', 'epoch': '1.512'}
{'loss': '0.06146', 'grad_norm': '0.2241', 'learning_rate': '1.621e-05', 'epoch': '1.518'}
{'loss': '0.0241', 'grad_norm': '0.133', 'learning_rate': '1.619e-05', 'epoch': '1.525'}
{'loss': '0.0004625', 'grad_norm': '0.002808', 'learning_rate': '1.618e-05', 'epoch': '1.531'}
{'loss': '0.0002434', 'grad_norm': '0.01105', 'learning_rate': '1.616e-05', 'epoch': '1.537'}
{'loss': '0.001794', 'grad_norm': '0.00251', 'learning_rate': '1.614e-05', 'epoch': '1.543'}
{'loss': '0.01502', 'grad_norm': '0.003311', 'learning_rate': '1.613e-05', 'epoch': '1.549'}
{'loss': '0.002386', 'grad_norm': '0.003129', 'learning_rate': '1.611e-05', 'epoch': '1.555'}
{'loss': '0.02287', 'grad_norm': '0.001436', 'learning_rate': '1.61e-05', 'epoch': '1.561'}
{'loss': '0.0001525', 'grad_norm': '0.01898', 'learning_rate': '1.608e-05', 'epoch': '1.567'}
{'loss': '0.01118', 'grad_norm': '0.002477', 'learning_rate': '1.607e-05', 'epoch': '1.573'}
{'loss': '0.006062', 'grad_norm': '0.001228', 'learning_rate': '1.605e-05', 'epoch': '1.579'}
{'loss': '0.003902', 'grad_norm': '0.001203', 'learning_rate': '1.604e-05', 'epoch': '1.585'}
{'loss': '0.0003676', 'grad_norm': '0.7383', 'learning_rate': '1.602e-05', 'epoch': '1.591'}
{'loss': '0.004039', 'grad_norm': '0.001156', 'learning_rate': '1.601e-05', 'epoch': '1.597'}
{'loss': '0.01022', 'grad_norm': '0.001062', 'learning_rate': '1.599e-05', 'epoch': '1.603'}
{'loss': '0.00334', 'grad_norm': '0.001008', 'learning_rate': '1.598e-05', 'epoch': '1.609'}
{'loss': '0.03278', 'grad_norm': '0.002088', 'learning_rate': '1.596e-05', 'epoch': '1.615'}
{'loss': '0.002257', 'grad_norm': '0.001304', 'learning_rate': '1.595e-05', 'epoch': '1.621'}
{'loss': '0.02102', 'grad_norm': '0.001813', 'learning_rate': '1.593e-05', 'epoch': '1.627'}
{'loss': '0.02995', 'grad_norm': '0.02439', 'learning_rate': '1.592e-05', 'epoch': '1.633'}
{'loss': '0.0001274', 'grad_norm': '0.00408', 'learning_rate': '1.59e-05', 'epoch': '1.639'}
{'loss': '0.0003473', 'grad_norm': '0.332', 'learning_rate': '1.589e-05', 'epoch': '1.645'}
{'loss': '0.01926', 'grad_norm': '0.6008', 'learning_rate': '1.587e-05', 'epoch': '1.652'}
{'loss': '0.001094', 'grad_norm': '0.004332', 'learning_rate': '1.586e-05', 'epoch': '1.658'}
{'loss': '0.0386', 'grad_norm': '57.62', 'learning_rate': '1.584e-05', 'epoch': '1.664'}
{'loss': '0.0005149', 'grad_norm': '0.02914', 'learning_rate': '1.583e-05', 'epoch': '1.67'}
{'loss': '0.0564', 'grad_norm': '0.01738', 'learning_rate': '1.581e-05', 'epoch': '1.676'}
{'loss': '0.03543', 'grad_norm': '0.08851', 'learning_rate': '1.58e-05', 'epoch': '1.682'}
{'loss': '0.01548', 'grad_norm': '0.04668', 'learning_rate': '1.578e-05', 'epoch': '1.688'}
{'loss': '0.0006236', 'grad_norm': '0.01087', 'learning_rate': '1.577e-05', 'epoch': '1.694'}
{'loss': '0.0002077', 'grad_norm': '0.1397', 'learning_rate': '1.575e-05', 'epoch': '1.7'}
{'loss': '0.01058', 'grad_norm': '0.003298', 'learning_rate': '1.574e-05', 'epoch': '1.706'}
{'loss': '0.009339', 'grad_norm': '0.01257', 'learning_rate': '1.572e-05', 'epoch': '1.712'}
{'loss': '0.02213', 'grad_norm': '3.414', 'learning_rate': '1.571e-05', 'epoch': '1.718'}
{'loss': '0.01932', 'grad_norm': '0.2336', 'learning_rate': '1.569e-05', 'epoch': '1.724'}
{'loss': '0.0009462', 'grad_norm': '0.01026', 'learning_rate': '1.568e-05', 'epoch': '1.73'}
{'loss': '0.002091', 'grad_norm': '0.002416', 'learning_rate': '1.566e-05', 'epoch': '1.736'}
{'loss': '0.02728', 'grad_norm': '0.002535', 'learning_rate': '1.565e-05', 'epoch': '1.742'}
{'loss': '0.006267', 'grad_norm': '0.00967', 'learning_rate': '1.563e-05', 'epoch': '1.748'}
{'loss': '0.02214', 'grad_norm': '0.004959', 'learning_rate': '1.562e-05', 'epoch': '1.754'}
{'loss': '0.02421', 'grad_norm': '0.005824', 'learning_rate': '1.56e-05', 'epoch': '1.76'}
{'loss': '0.01607', 'grad_norm': '10.67', 'learning_rate': '1.559e-05', 'epoch': '1.766'}
{'loss': '0.02051', 'grad_norm': '0.006802', 'learning_rate': '1.557e-05', 'epoch': '1.773'}
{'loss': '0.02148', 'grad_norm': '0.04749', 'learning_rate': '1.556e-05', 'epoch': '1.779'}
{'loss': '0.01903', 'grad_norm': '0.003347', 'learning_rate': '1.554e-05', 'epoch': '1.785'}
{'loss': '0.02085', 'grad_norm': '0.006584', 'learning_rate': '1.552e-05', 'epoch': '1.791'}
{'loss': '0.01109', 'grad_norm': '0.0505', 'learning_rate': '1.551e-05', 'epoch': '1.797'}
{'loss': '0.008441', 'grad_norm': '0.0163', 'learning_rate': '1.549e-05', 'epoch': '1.803'}
{'loss': '0.007221', 'grad_norm': '0.00952', 'learning_rate': '1.548e-05', 'epoch': '1.809'}
{'loss': '0.01453', 'grad_norm': '0.00993', 'learning_rate': '1.546e-05', 'epoch': '1.815'}
{'loss': '0.008907', 'grad_norm': '0.002986', 'learning_rate': '1.545e-05', 'epoch': '1.821'}
{'loss': '0.02398', 'grad_norm': '0.01448', 'learning_rate': '1.543e-05', 'epoch': '1.827'}
{'loss': '0.01513', 'grad_norm': '0.02758', 'learning_rate': '1.542e-05', 'epoch': '1.833'}
{'loss': '0.002112', 'grad_norm': '0.003091', 'learning_rate': '1.54e-05', 'epoch': '1.839'}
{'loss': '0.02749', 'grad_norm': '0.002524', 'learning_rate': '1.539e-05', 'epoch': '1.845'}
{'loss': '0.01133', 'grad_norm': '0.005583', 'learning_rate': '1.537e-05', 'epoch': '1.851'}
{'loss': '0.001842', 'grad_norm': '0.02041', 'learning_rate': '1.536e-05', 'epoch': '1.857'}
{'loss': '0.003231', 'grad_norm': '0.002328', 'learning_rate': '1.534e-05', 'epoch': '1.863'}
{'loss': '0.003045', 'grad_norm': '0.01299', 'learning_rate': '1.533e-05', 'epoch': '1.869'}
{'loss': '0.02614', 'grad_norm': '0.3344', 'learning_rate': '1.531e-05', 'epoch': '1.875'}
{'loss': '0.0007002', 'grad_norm': '0.9673', 'learning_rate': '1.53e-05', 'epoch': '1.881'}
{'loss': '0.02231', 'grad_norm': '83.82', 'learning_rate': '1.528e-05', 'epoch': '1.887'}
{'loss': '0.004086', 'grad_norm': '0.001507', 'learning_rate': '1.527e-05', 'epoch': '1.894'}
{'loss': '0.006098', 'grad_norm': '0.6787', 'learning_rate': '1.525e-05', 'epoch': '1.9'}
{'loss': '0.00231', 'grad_norm': '0.002346', 'learning_rate': '1.524e-05', 'epoch': '1.906'}
{'loss': '0.03239', 'grad_norm': '0.003497', 'learning_rate': '1.522e-05', 'epoch': '1.912'}
{'loss': '0.01226', 'grad_norm': '0.001821', 'learning_rate': '1.521e-05', 'epoch': '1.918'}
{'loss': '0.009407', 'grad_norm': '0.2768', 'learning_rate': '1.519e-05', 'epoch': '1.924'}
{'loss': '0.007005', 'grad_norm': '0.008109', 'learning_rate': '1.518e-05', 'epoch': '1.93'}
{'loss': '0.03354', 'grad_norm': '0.002069', 'learning_rate': '1.516e-05', 'epoch': '1.936'}
{'loss': '0.002599', 'grad_norm': '0.00146', 'learning_rate': '1.515e-05', 'epoch': '1.942'}
{'loss': '0.01314', 'grad_norm': '39.81', 'learning_rate': '1.513e-05', 'epoch': '1.948'}
{'loss': '0.04815', 'grad_norm': '59.94', 'learning_rate': '1.512e-05', 'epoch': '1.954'}
{'loss': '0.005534', 'grad_norm': '0.01923', 'learning_rate': '1.51e-05', 'epoch': '1.96'}
{'loss': '0.003927', 'grad_norm': '0.003582', 'learning_rate': '1.509e-05', 'epoch': '1.966'}
{'loss': '0.004964', 'grad_norm': '0.002964', 'learning_rate': '1.507e-05', 'epoch': '1.972'}
{'loss': '0.02821', 'grad_norm': '30.01', 'learning_rate': '1.506e-05', 'epoch': '1.978'}
{'loss': '0.004166', 'grad_norm': '0.03744', 'learning_rate': '1.504e-05', 'epoch': '1.984'}
{'loss': '0.002271', 'grad_norm': '0.00187', 'learning_rate': '1.503e-05', 'epoch': '1.99'}
{'loss': '0.006225', 'grad_norm': '0.781', 'learning_rate': '1.501e-05', 'epoch': '1.996'}
{'eval_loss': '0.6235', 'eval_accuracy': '0.9218', 'eval_precision': '0.9302', 'eval_recall': '0.934', 'eval_f1': '0.9321', 'eval_runtime': '3.243', 'eval_samples_per_second': '3920', 'eval_steps_per_second': '61.36', 'epoch': '2'}
{'loss': '0.0003693', 'grad_norm': '0.001568', 'learning_rate': '1.5e-05', 'epoch': '2.002'}
{'loss': '0.007387', 'grad_norm': '0.001785', 'learning_rate': '1.498e-05', 'epoch': '2.008'}
{'loss': '0.00221', 'grad_norm': '0.001439', 'learning_rate': '1.497e-05', 'epoch': '2.015'}
{'loss': '0.002195', 'grad_norm': '0.1029', 'learning_rate': '1.495e-05', 'epoch': '2.021'}
{'loss': '0.002735', 'grad_norm': '0.002027', 'learning_rate': '1.493e-05', 'epoch': '2.027'}
{'loss': '0.0001', 'grad_norm': '0.001171', 'learning_rate': '1.492e-05', 'epoch': '2.033'}
{'loss': '4.937e-05', 'grad_norm': '0.001759', 'learning_rate': '1.49e-05', 'epoch': '2.039'}
{'loss': '0.001861', 'grad_norm': '0.002022', 'learning_rate': '1.489e-05', 'epoch': '2.045'}
{'loss': '0.01292', 'grad_norm': '1.355', 'learning_rate': '1.487e-05', 'epoch': '2.051'}
{'loss': '5.617e-05', 'grad_norm': '0.001659', 'learning_rate': '1.486e-05', 'epoch': '2.057'}
{'loss': '0.009674', 'grad_norm': '0.001179', 'learning_rate': '1.484e-05', 'epoch': '2.063'}
{'loss': '0.008723', 'grad_norm': '0.004955', 'learning_rate': '1.483e-05', 'epoch': '2.069'}
{'loss': '0.01537', 'grad_norm': '0.001269', 'learning_rate': '1.481e-05', 'epoch': '2.075'}
{'loss': '0.03314', 'grad_norm': '17.97', 'learning_rate': '1.48e-05', 'epoch': '2.081'}
{'loss': '6.131e-05', 'grad_norm': '0.00147', 'learning_rate': '1.478e-05', 'epoch': '2.087'}
{'loss': '0.02471', 'grad_norm': '0.001632', 'learning_rate': '1.477e-05', 'epoch': '2.093'}
{'loss': '7.499e-05', 'grad_norm': '0.001259', 'learning_rate': '1.475e-05', 'epoch': '2.099'}
{'loss': '0.0003058', 'grad_norm': '1.055', 'learning_rate': '1.474e-05', 'epoch': '2.105'}
{'loss': '0.0399', 'grad_norm': '0.597', 'learning_rate': '1.472e-05', 'epoch': '2.111'}
{'loss': '0.004753', 'grad_norm': '0.6421', 'learning_rate': '1.471e-05', 'epoch': '2.117'}
{'loss': '0.000105', 'grad_norm': '0.005707', 'learning_rate': '1.469e-05', 'epoch': '2.123'}
{'loss': '4.86e-05', 'grad_norm': '0.001225', 'learning_rate': '1.468e-05', 'epoch': '2.129'}
{'loss': '0.009942', 'grad_norm': '0.007909', 'learning_rate': '1.466e-05', 'epoch': '2.136'}
{'loss': '0.01037', 'grad_norm': '0.6195', 'learning_rate': '1.465e-05', 'epoch': '2.142'}
{'loss': '5.08e-05', 'grad_norm': '0.002013', 'learning_rate': '1.463e-05', 'epoch': '2.148'}
{'loss': '0.00365', 'grad_norm': '0.001063', 'learning_rate': '1.462e-05', 'epoch': '2.154'}
{'loss': '0.002145', 'grad_norm': '0.0009807', 'learning_rate': '1.46e-05', 'epoch': '2.16'}
{'loss': '0.0006779', 'grad_norm': '0.005679', 'learning_rate': '1.459e-05', 'epoch': '2.166'}
{'loss': '0.0273', 'grad_norm': '0.003319', 'learning_rate': '1.457e-05', 'epoch': '2.172'}
{'loss': '0.002075', 'grad_norm': '0.001787', 'learning_rate': '1.456e-05', 'epoch': '2.178'}
{'loss': '0.003494', 'grad_norm': '0.001323', 'learning_rate': '1.454e-05', 'epoch': '2.184'}
{'loss': '0.0259', 'grad_norm': '0.07296', 'learning_rate': '1.453e-05', 'epoch': '2.19'}
{'loss': '0.003243', 'grad_norm': '0.01494', 'learning_rate': '1.451e-05', 'epoch': '2.196'}
{'loss': '6.124e-05', 'grad_norm': '0.006053', 'learning_rate': '1.45e-05', 'epoch': '2.202'}
{'loss': '0.02448', 'grad_norm': '0.007544', 'learning_rate': '1.448e-05', 'epoch': '2.208'}
{'loss': '0.0001146', 'grad_norm': '0.001971', 'learning_rate': '1.447e-05', 'epoch': '2.214'}
{'loss': '0.02158', 'grad_norm': '0.01306', 'learning_rate': '1.445e-05', 'epoch': '2.22'}
{'loss': '0.01822', 'grad_norm': '0.5915', 'learning_rate': '1.444e-05', 'epoch': '2.226'}
{'loss': '0.002618', 'grad_norm': '0.001554', 'learning_rate': '1.442e-05', 'epoch': '2.232'}
{'loss': '0.003175', 'grad_norm': '0.00404', 'learning_rate': '1.441e-05', 'epoch': '2.238'}
{'loss': '0.005819', 'grad_norm': '0.003492', 'learning_rate': '1.439e-05', 'epoch': '2.244'}
{'loss': '0.0002964', 'grad_norm': '0.003589', 'learning_rate': '1.438e-05', 'epoch': '2.25'}
{'loss': '0.001527', 'grad_norm': '0.001774', 'learning_rate': '1.436e-05', 'epoch': '2.257'}
{'loss': '3.712e-05', 'grad_norm': '0.0007618', 'learning_rate': '1.435e-05', 'epoch': '2.263'}
{'loss': '0.004839', 'grad_norm': '0.4392', 'learning_rate': '1.433e-05', 'epoch': '2.269'}
{'loss': '0.0002616', 'grad_norm': '0.002032', 'learning_rate': '1.431e-05', 'epoch': '2.275'}
{'loss': '0.001272', 'grad_norm': '0.02433', 'learning_rate': '1.43e-05', 'epoch': '2.281'}
{'loss': '0.001388', 'grad_norm': '0.0008659', 'learning_rate': '1.428e-05', 'epoch': '2.287'}
{'loss': '0.002446', 'grad_norm': '0.006824', 'learning_rate': '1.427e-05', 'epoch': '2.293'}
{'loss': '0.003574', 'grad_norm': '0.001972', 'learning_rate': '1.425e-05', 'epoch': '2.299'}
{'loss': '0.0005646', 'grad_norm': '0.0007061', 'learning_rate': '1.424e-05', 'epoch': '2.305'}
{'loss': '0.002786', 'grad_norm': '0.003906', 'learning_rate': '1.422e-05', 'epoch': '2.311'}
{'loss': '0.001466', 'grad_norm': '0.0007031', 'learning_rate': '1.421e-05', 'epoch': '2.317'}
{'loss': '0.002594', 'grad_norm': '0.5275', 'learning_rate': '1.419e-05', 'epoch': '2.323'}
{'loss': '0.0322', 'grad_norm': '0.8296', 'learning_rate': '1.418e-05', 'epoch': '2.329'}
{'loss': '0.04729', 'grad_norm': '0.001224', 'learning_rate': '1.416e-05', 'epoch': '2.335'}
{'loss': '0.002405', 'grad_norm': '0.006652', 'learning_rate': '1.415e-05', 'epoch': '2.341'}
{'loss': '0.002011', 'grad_norm': '0.01873', 'learning_rate': '1.413e-05', 'epoch': '2.347'}
{'loss': '0.02411', 'grad_norm': '0.001559', 'learning_rate': '1.412e-05', 'epoch': '2.353'}
{'loss': '0.01676', 'grad_norm': '0.002226', 'learning_rate': '1.41e-05', 'epoch': '2.359'}
{'loss': '0.03139', 'grad_norm': '0.002222', 'learning_rate': '1.409e-05', 'epoch': '2.365'}
{'loss': '0.0001009', 'grad_norm': '0.001268', 'learning_rate': '1.407e-05', 'epoch': '2.371'}
{'loss': '0.03335', 'grad_norm': '0.003778', 'learning_rate': '1.406e-05', 'epoch': '2.377'}
{'loss': '0.005045', 'grad_norm': '0.002784', 'learning_rate': '1.404e-05', 'epoch': '2.384'}
{'loss': '9.201e-05', 'grad_norm': '0.01639', 'learning_rate': '1.403e-05', 'epoch': '2.39'}
{'loss': '0.01625', 'grad_norm': '0.002729', 'learning_rate': '1.401e-05', 'epoch': '2.396'}
{'loss': '0.001709', 'grad_norm': '0.00281', 'learning_rate': '1.4e-05', 'epoch': '2.402'}
{'loss': '0.002604', 'grad_norm': '0.02492', 'learning_rate': '1.398e-05', 'epoch': '2.408'}
{'loss': '0.02105', 'grad_norm': '21.37', 'learning_rate': '1.397e-05', 'epoch': '2.414'}
{'loss': '0.001723', 'grad_norm': '0.002133', 'learning_rate': '1.395e-05', 'epoch': '2.42'}
{'loss': '0.001968', 'grad_norm': '0.2268', 'learning_rate': '1.394e-05', 'epoch': '2.426'}
{'loss': '0.005096', 'grad_norm': '0.7122', 'learning_rate': '1.392e-05', 'epoch': '2.432'}
{'loss': '0.005425', 'grad_norm': '0.000663', 'learning_rate': '1.391e-05', 'epoch': '2.438'}
{'loss': '3.151e-05', 'grad_norm': '0.001819', 'learning_rate': '1.389e-05', 'epoch': '2.444'}
{'loss': '4.393e-05', 'grad_norm': '0.001221', 'learning_rate': '1.388e-05', 'epoch': '2.45'}
{'loss': '0.0004316', 'grad_norm': '0.0006197', 'learning_rate': '1.386e-05', 'epoch': '2.456'}
{'loss': '0.003994', 'grad_norm': '0.001183', 'learning_rate': '1.385e-05', 'epoch': '2.462'}
{'loss': '0.003905', 'grad_norm': '0.0005959', 'learning_rate': '1.383e-05', 'epoch': '2.468'}
{'loss': '0.01657', 'grad_norm': '0.000619', 'learning_rate': '1.382e-05', 'epoch': '2.474'}
{'loss': '0.0002864', 'grad_norm': '5.446', 'learning_rate': '1.38e-05', 'epoch': '2.48'}
{'loss': '2.791e-05', 'grad_norm': '0.003308', 'learning_rate': '1.379e-05', 'epoch': '2.486'}
{'loss': '3.655e-05', 'grad_norm': '0.003369', 'learning_rate': '1.377e-05', 'epoch': '2.492'}
{'loss': '0.02932', 'grad_norm': '0.000701', 'learning_rate': '1.376e-05', 'epoch': '2.498'}
{'loss': '0.0008365', 'grad_norm': '0.002706', 'learning_rate': '1.374e-05', 'epoch': '2.505'}
{'loss': '0.08253', 'grad_norm': '203.9', 'learning_rate': '1.373e-05', 'epoch': '2.511'}
{'loss': '0.00736', 'grad_norm': '0.01488', 'learning_rate': '1.371e-05', 'epoch': '2.517'}
{'loss': '0.003936', 'grad_norm': '10.71', 'learning_rate': '1.369e-05', 'epoch': '2.523'}
{'loss': '0.002442', 'grad_norm': '0.00122', 'learning_rate': '1.368e-05', 'epoch': '2.529'}
{'loss': '0.02423', 'grad_norm': '0.0007172', 'learning_rate': '1.366e-05', 'epoch': '2.535'}
{'loss': '0.05415', 'grad_norm': '0.02946', 'learning_rate': '1.365e-05', 'epoch': '2.541'}
{'loss': '0.0008547', 'grad_norm': '0.04838', 'learning_rate': '1.363e-05', 'epoch': '2.547'}
{'loss': '0.00216', 'grad_norm': '0.07552', 'learning_rate': '1.362e-05', 'epoch': '2.553'}
{'loss': '0.007849', 'grad_norm': '0.003678', 'learning_rate': '1.36e-05', 'epoch': '2.559'}
{'loss': '0.02631', 'grad_norm': '0.002118', 'learning_rate': '1.359e-05', 'epoch': '2.565'}
{'loss': '0.02734', 'grad_norm': '0.002882', 'learning_rate': '1.357e-05', 'epoch': '2.571'}
{'loss': '0.002685', 'grad_norm': '0.004716', 'learning_rate': '1.356e-05', 'epoch': '2.577'}
{'loss': '0.01731', 'grad_norm': '0.006988', 'learning_rate': '1.354e-05', 'epoch': '2.583'}
{'loss': '0.0003383', 'grad_norm': '0.01255', 'learning_rate': '1.353e-05', 'epoch': '2.589'}
{'loss': '0.0015', 'grad_norm': '0.01387', 'learning_rate': '1.351e-05', 'epoch': '2.595'}
{'loss': '0.002253', 'grad_norm': '0.002749', 'learning_rate': '1.35e-05', 'epoch': '2.601'}
{'loss': '0.0009883', 'grad_norm': '0.004727', 'learning_rate': '1.348e-05', 'epoch': '2.607'}
{'loss': '0.002208', 'grad_norm': '0.07873', 'learning_rate': '1.347e-05', 'epoch': '2.613'}
{'loss': '0.02186', 'grad_norm': '0.009112', 'learning_rate': '1.345e-05', 'epoch': '2.619'}
{'loss': '0.001848', 'grad_norm': '0.002103', 'learning_rate': '1.344e-05', 'epoch': '2.626'}
{'loss': '0.002224', 'grad_norm': '0.001386', 'learning_rate': '1.342e-05', 'epoch': '2.632'}
{'loss': '0.01714', 'grad_norm': '2.873', 'learning_rate': '1.341e-05', 'epoch': '2.638'}
{'loss': '0.005528', 'grad_norm': '0.003029', 'learning_rate': '1.339e-05', 'epoch': '2.644'}
{'loss': '0.01569', 'grad_norm': '0.002431', 'learning_rate': '1.338e-05', 'epoch': '2.65'}
{'loss': '0.0001922', 'grad_norm': '0.01416', 'learning_rate': '1.336e-05', 'epoch': '2.656'}
{'loss': '0.04248', 'grad_norm': '46.67', 'learning_rate': '1.335e-05', 'epoch': '2.662'}
{'loss': '0.0001216', 'grad_norm': '0.00163', 'learning_rate': '1.333e-05', 'epoch': '2.668'}
{'loss': '0.002695', 'grad_norm': '0.001332', 'learning_rate': '1.332e-05', 'epoch': '2.674'}
{'loss': '0.00233', 'grad_norm': '0.001663', 'learning_rate': '1.33e-05', 'epoch': '2.68'}
{'loss': '6.617e-05', 'grad_norm': '0.002703', 'learning_rate': '1.329e-05', 'epoch': '2.686'}
{'loss': '0.002641', 'grad_norm': '0.0007768', 'learning_rate': '1.327e-05', 'epoch': '2.692'}
{'loss': '0.02328', 'grad_norm': '0.001453', 'learning_rate': '1.326e-05', 'epoch': '2.698'}
{'loss': '0.002809', 'grad_norm': '0.1902', 'learning_rate': '1.324e-05', 'epoch': '2.704'}
{'loss': '0.009211', 'grad_norm': '0.001749', 'learning_rate': '1.323e-05', 'epoch': '2.71'}
{'loss': '7.985e-05', 'grad_norm': '0.04891', 'learning_rate': '1.321e-05', 'epoch': '2.716'}
{'loss': '4.852e-05', 'grad_norm': '0.001254', 'learning_rate': '1.32e-05', 'epoch': '2.722'}
{'loss': '0.005512', 'grad_norm': '0.0009951', 'learning_rate': '1.318e-05', 'epoch': '2.728'}
{'loss': '0.01727', 'grad_norm': '0.0007855', 'learning_rate': '1.317e-05', 'epoch': '2.734'}
{'loss': '0.002307', 'grad_norm': '0.001382', 'learning_rate': '1.315e-05', 'epoch': '2.74'}
{'loss': '0.003182', 'grad_norm': '0.000945', 'learning_rate': '1.314e-05', 'epoch': '2.747'}
{'loss': '6.812e-05', 'grad_norm': '0.01735', 'learning_rate': '1.312e-05', 'epoch': '2.753'}
{'loss': '0.01899', 'grad_norm': '0.002629', 'learning_rate': '1.31e-05', 'epoch': '2.759'}
{'loss': '0.002564', 'grad_norm': '0.001167', 'learning_rate': '1.309e-05', 'epoch': '2.765'}
{'loss': '0.002614', 'grad_norm': '0.001251', 'learning_rate': '1.307e-05', 'epoch': '2.771'}
{'loss': '0.02428', 'grad_norm': '0.001572', 'learning_rate': '1.306e-05', 'epoch': '2.777'}
{'loss': '4.237e-05', 'grad_norm': '0.003374', 'learning_rate': '1.304e-05', 'epoch': '2.783'}
{'loss': '3.04e-05', 'grad_norm': '0.0058', 'learning_rate': '1.303e-05', 'epoch': '2.789'}
{'loss': '0.001617', 'grad_norm': '0.0009182', 'learning_rate': '1.301e-05', 'epoch': '2.795'}
{'loss': '0.04324', 'grad_norm': '0.0006219', 'learning_rate': '1.3e-05', 'epoch': '2.801'}
{'loss': '0.001602', 'grad_norm': '0.001653', 'learning_rate': '1.298e-05', 'epoch': '2.807'}
{'loss': '0.0029', 'grad_norm': '0.0005782', 'learning_rate': '1.297e-05', 'epoch': '2.813'}
{'loss': '4.269e-05', 'grad_norm': '0.0006846', 'learning_rate': '1.295e-05', 'epoch': '2.819'}
{'loss': '0.00258', 'grad_norm': '0.0005926', 'learning_rate': '1.294e-05', 'epoch': '2.825'}
{'loss': '0.01363', 'grad_norm': '0.0009176', 'learning_rate': '1.292e-05', 'epoch': '2.831'}
{'loss': '4.978e-05', 'grad_norm': '0.001016', 'learning_rate': '1.291e-05', 'epoch': '2.837'}
{'loss': '0.005151', 'grad_norm': '1.394', 'learning_rate': '1.289e-05', 'epoch': '2.843'}
{'loss': '0.003905', 'grad_norm': '0.0008514', 'learning_rate': '1.288e-05', 'epoch': '2.849'}
{'loss': '0.002613', 'grad_norm': '0.001207', 'learning_rate': '1.286e-05', 'epoch': '2.855'}
{'loss': '0.008325', 'grad_norm': '0.0008031', 'learning_rate': '1.285e-05', 'epoch': '2.861'}
{'loss': '2.907e-05', 'grad_norm': '0.01443', 'learning_rate': '1.283e-05', 'epoch': '2.868'}
{'loss': '0.0027', 'grad_norm': '0.04176', 'learning_rate': '1.282e-05', 'epoch': '2.874'}
{'loss': '2.514e-05', 'grad_norm': '0.0006624', 'learning_rate': '1.28e-05', 'epoch': '2.88'}
{'loss': '0.02613', 'grad_norm': '9.346', 'learning_rate': '1.279e-05', 'epoch': '2.886'}
{'loss': '0.005076', 'grad_norm': '0.0005156', 'learning_rate': '1.277e-05', 'epoch': '2.892'}
{'loss': '0.01409', 'grad_norm': '0.001578', 'learning_rate': '1.276e-05', 'epoch': '2.898'}
{'loss': '6.176e-05', 'grad_norm': '0.0007256', 'learning_rate': '1.274e-05', 'epoch': '2.904'}
{'loss': '0.004363', 'grad_norm': '0.0006241', 'learning_rate': '1.273e-05', 'epoch': '2.91'}
{'loss': '0.02205', 'grad_norm': '0.0008887', 'learning_rate': '1.271e-05', 'epoch': '2.916'}
{'loss': '2.831e-05', 'grad_norm': '0.0007573', 'learning_rate': '1.27e-05', 'epoch': '2.922'}
{'loss': '0.00243', 'grad_norm': '0.0008668', 'learning_rate': '1.268e-05', 'epoch': '2.928'}
{'loss': '2.906e-05', 'grad_norm': '0.0006036', 'learning_rate': '1.267e-05', 'epoch': '2.934'}
{'loss': '0.001951', 'grad_norm': '0.001637', 'learning_rate': '1.265e-05', 'epoch': '2.94'}
{'loss': '0.00188', 'grad_norm': '0.0007447', 'learning_rate': '1.264e-05', 'epoch': '2.946'}
{'loss': '7.347e-05', 'grad_norm': '0.004623', 'learning_rate': '1.262e-05', 'epoch': '2.952'}
{'loss': '0.002449', 'grad_norm': '0.6851', 'learning_rate': '1.261e-05', 'epoch': '2.958'}
{'loss': '0.0383', 'grad_norm': '7.244', 'learning_rate': '1.259e-05', 'epoch': '2.964'}
{'loss': '0.01209', 'grad_norm': '3.198', 'learning_rate': '1.258e-05', 'epoch': '2.97'}
{'loss': '0.004995', 'grad_norm': '0.00185', 'learning_rate': '1.256e-05', 'epoch': '2.976'}
{'loss': '0.004694', 'grad_norm': '0.007505', 'learning_rate': '1.255e-05', 'epoch': '2.982'}
{'loss': '0.003223', 'grad_norm': '0.1379', 'learning_rate': '1.253e-05', 'epoch': '2.989'}
{'loss': '0.0001566', 'grad_norm': '0.0009943', 'learning_rate': '1.252e-05', 'epoch': '2.995'}
{'eval_loss': '0.5687', 'eval_accuracy': '0.9238', 'eval_precision': '0.9329', 'eval_recall': '0.9347', 'eval_f1': '0.9338', 'eval_runtime': '3.145', 'eval_samples_per_second': '4042', 'eval_steps_per_second': '63.28', 'epoch': '3'}
{'loss': '0.002364', 'grad_norm': '0.01288', 'learning_rate': '1.25e-05', 'epoch': '3.001'}
{'loss': '0.00245', 'grad_norm': '0.6809', 'learning_rate': '1.248e-05', 'epoch': '3.007'}
{'loss': '0.002494', 'grad_norm': '0.04108', 'learning_rate': '1.247e-05', 'epoch': '3.013'}
{'loss': '0.004814', 'grad_norm': '0.004283', 'learning_rate': '1.245e-05', 'epoch': '3.019'}
{'loss': '0.01593', 'grad_norm': '0.0006862', 'learning_rate': '1.244e-05', 'epoch': '3.025'}
{'loss': '2.954e-05', 'grad_norm': '0.0007801', 'learning_rate': '1.242e-05', 'epoch': '3.031'}
{'loss': '0.005619', 'grad_norm': '4.831', 'learning_rate': '1.241e-05', 'epoch': '3.037'}
{'loss': '0.003943', 'grad_norm': '0.5421', 'learning_rate': '1.239e-05', 'epoch': '3.043'}
{'loss': '0.005504', 'grad_norm': '0.6849', 'learning_rate': '1.238e-05', 'epoch': '3.049'}
{'loss': '2.266e-05', 'grad_norm': '0.0106', 'learning_rate': '1.236e-05', 'epoch': '3.055'}
{'loss': '3.632e-05', 'grad_norm': '0.0004087', 'learning_rate': '1.235e-05', 'epoch': '3.061'}
{'loss': '0.003856', 'grad_norm': '0.0004648', 'learning_rate': '1.233e-05', 'epoch': '3.067'}
{'loss': '0.02085', 'grad_norm': '0.0004463', 'learning_rate': '1.232e-05', 'epoch': '3.073'}
{'loss': '0.001095', 'grad_norm': '0.0004056', 'learning_rate': '1.23e-05', 'epoch': '3.079'}
{'loss': '0.005212', 'grad_norm': '0.6349', 'learning_rate': '1.229e-05', 'epoch': '3.085'}
{'loss': '0.006546', 'grad_norm': '0.0004057', 'learning_rate': '1.227e-05', 'epoch': '3.091'}
{'loss': '0.002413', 'grad_norm': '0.0004827', 'learning_rate': '1.226e-05', 'epoch': '3.097'}
{'loss': '2.628e-05', 'grad_norm': '0.000485', 'learning_rate': '1.224e-05', 'epoch': '3.103'}
{'loss': '0.005068', 'grad_norm': '0.0003951', 'learning_rate': '1.223e-05', 'epoch': '3.109'}
{'loss': '2.743e-05', 'grad_norm': '0.0004271', 'learning_rate': '1.221e-05', 'epoch': '3.116'}
{'loss': '0.005596', 'grad_norm': '0.0005516', 'learning_rate': '1.22e-05', 'epoch': '3.122'}
{'loss': '0.005005', 'grad_norm': '0.0005541', 'learning_rate': '1.218e-05', 'epoch': '3.128'}
{'loss': '0.003717', 'grad_norm': '0.001865', 'learning_rate': '1.217e-05', 'epoch': '3.134'}
{'loss': '1.707e-05', 'grad_norm': '0.0003912', 'learning_rate': '1.215e-05', 'epoch': '3.14'}
{'loss': '1.705e-05', 'grad_norm': '0.0004015', 'learning_rate': '1.214e-05', 'epoch': '3.146'}
{'loss': '1.63e-05', 'grad_norm': '0.0003777', 'learning_rate': '1.212e-05', 'epoch': '3.152'}
{'loss': '1.666e-05', 'grad_norm': '0.0003648', 'learning_rate': '1.211e-05', 'epoch': '3.158'}
{'loss': '0.003144', 'grad_norm': '0.0003924', 'learning_rate': '1.209e-05', 'epoch': '3.164'}
{'loss': '0.002439', 'grad_norm': '0.0003609', 'learning_rate': '1.208e-05', 'epoch': '3.17'}
{'loss': '0.04754', 'grad_norm': '0.2938', 'learning_rate': '1.206e-05', 'epoch': '3.176'}
{'loss': '0.0337', 'grad_norm': '0.001406', 'learning_rate': '1.205e-05', 'epoch': '3.182'}
{'loss': '0.00417', 'grad_norm': '0.0006269', 'learning_rate': '1.203e-05', 'epoch': '3.188'}
{'loss': '0.001693', 'grad_norm': '37.3', 'learning_rate': '1.202e-05', 'epoch': '3.194'}
{'loss': '0.001759', 'grad_norm': '0.002036', 'learning_rate': '1.2e-05', 'epoch': '3.2'}
{'loss': '2.843e-05', 'grad_norm': '0.0006393', 'learning_rate': '1.199e-05', 'epoch': '3.206'}
{'loss': '0.003419', 'grad_norm': '0.0005654', 'learning_rate': '1.197e-05', 'epoch': '3.212'}
{'loss': '2.415e-05', 'grad_norm': '0.002361', 'learning_rate': '1.196e-05', 'epoch': '3.218'}
{'loss': '0.001946', 'grad_norm': '0.0004792', 'learning_rate': '1.194e-05', 'epoch': '3.224'}
{'loss': '0.003416', 'grad_norm': '0.002838', 'learning_rate': '1.193e-05', 'epoch': '3.23'}
{'loss': '0.04198', 'grad_norm': '0.5973', 'learning_rate': '1.191e-05', 'epoch': '3.237'}
{'loss': '0.002908', 'grad_norm': '0.0004274', 'learning_rate': '1.19e-05', 'epoch': '3.243'}
{'loss': '2.361e-05', 'grad_norm': '0.01065', 'learning_rate': '1.188e-05', 'epoch': '3.249'}
{'loss': '2.055e-05', 'grad_norm': '0.01163', 'learning_rate': '1.186e-05', 'epoch': '3.255'}
{'loss': '0.0169', 'grad_norm': '0.000483', 'learning_rate': '1.185e-05', 'epoch': '3.261'}
{'loss': '0.002915', 'grad_norm': '0.0004754', 'learning_rate': '1.183e-05', 'epoch': '3.267'}
{'loss': '0.003102', 'grad_norm': '0.003748', 'learning_rate': '1.182e-05', 'epoch': '3.273'}
{'loss': '0.0384', 'grad_norm': '114.2', 'learning_rate': '1.18e-05', 'epoch': '3.279'}
{'loss': '2.762e-05', 'grad_norm': '0.0003895', 'learning_rate': '1.179e-05', 'epoch': '3.285'}
{'loss': '0.02681', 'grad_norm': '0.0009941', 'learning_rate': '1.177e-05', 'epoch': '3.291'}
{'loss': '0.0001383', 'grad_norm': '0.9901', 'learning_rate': '1.176e-05', 'epoch': '3.297'}
{'loss': '0.002925', 'grad_norm': '0.771', 'learning_rate': '1.174e-05', 'epoch': '3.303'}
{'loss': '2.132e-05', 'grad_norm': '0.0005784', 'learning_rate': '1.173e-05', 'epoch': '3.309'}
{'loss': '0.001551', 'grad_norm': '0.001172', 'learning_rate': '1.171e-05', 'epoch': '3.315'}
{'loss': '0.01518', 'grad_norm': '0.002498', 'learning_rate': '1.17e-05', 'epoch': '3.321'}
{'loss': '0.003855', 'grad_norm': '0.0006021', 'learning_rate': '1.168e-05', 'epoch': '3.327'}
{'loss': '9.174e-05', 'grad_norm': '0.003035', 'learning_rate': '1.167e-05', 'epoch': '3.333'}
{'loss': '0.005239', 'grad_norm': '0.0007686', 'learning_rate': '1.165e-05', 'epoch': '3.339'}
{'loss': '0.004934', 'grad_norm': '0.0003882', 'learning_rate': '1.164e-05', 'epoch': '3.345'}
{'loss': '0.004565', 'grad_norm': '0.0009478', 'learning_rate': '1.162e-05', 'epoch': '3.351'}
{'loss': '0.002118', 'grad_norm': '0.3069', 'learning_rate': '1.161e-05', 'epoch': '3.358'}
{'loss': '0.0146', 'grad_norm': '0.0003992', 'learning_rate': '1.159e-05', 'epoch': '3.364'}
{'loss': '0.001604', 'grad_norm': '0.000358', 'learning_rate': '1.158e-05', 'epoch': '3.37'}
{'loss': '1.443e-05', 'grad_norm': '0.0003387', 'learning_rate': '1.156e-05', 'epoch': '3.376'}
{'loss': '0.002649', 'grad_norm': '0.725', 'learning_rate': '1.155e-05', 'epoch': '3.382'}
{'loss': '0.05509', 'grad_norm': '0.4609', 'learning_rate': '1.153e-05', 'epoch': '3.388'}
{'loss': '0.03872', 'grad_norm': '86.83', 'learning_rate': '1.152e-05', 'epoch': '3.394'}
{'loss': '0.02249', 'grad_norm': '0.00456', 'learning_rate': '1.15e-05', 'epoch': '3.4'}
{'loss': '9.855e-05', 'grad_norm': '0.03683', 'learning_rate': '1.149e-05', 'epoch': '3.406'}
{'loss': '0.003037', 'grad_norm': '0.01673', 'learning_rate': '1.147e-05', 'epoch': '3.412'}
{'loss': '0.01604', 'grad_norm': '0.001319', 'learning_rate': '1.146e-05', 'epoch': '3.418'}
{'loss': '0.0518', 'grad_norm': '0.2159', 'learning_rate': '1.144e-05', 'epoch': '3.424'}
{'loss': '0.002078', 'grad_norm': '0.001143', 'learning_rate': '1.143e-05', 'epoch': '3.43'}
{'loss': '0.001868', 'grad_norm': '0.002245', 'learning_rate': '1.141e-05', 'epoch': '3.436'}
{'loss': '0.002087', 'grad_norm': '2.805', 'learning_rate': '1.14e-05', 'epoch': '3.442'}
{'loss': '0.001816', 'grad_norm': '0.01285', 'learning_rate': '1.138e-05', 'epoch': '3.448'}
{'loss': '3.909e-05', 'grad_norm': '0.003145', 'learning_rate': '1.137e-05', 'epoch': '3.454'}
{'loss': '3.595e-05', 'grad_norm': '0.0009698', 'learning_rate': '1.135e-05', 'epoch': '3.46'}
{'loss': '0.0131', 'grad_norm': '0.0007854', 'learning_rate': '1.134e-05', 'epoch': '3.466'}
{'loss': '0.02099', 'grad_norm': '0.007479', 'learning_rate': '1.132e-05', 'epoch': '3.472'}
{'loss': '0.004647', 'grad_norm': '0.08826', 'learning_rate': '1.131e-05', 'epoch': '3.479'}
{'loss': '0.02542', 'grad_norm': '0.01028', 'learning_rate': '1.129e-05', 'epoch': '3.485'}
{'loss': '6.385e-05', 'grad_norm': '0.0009145', 'learning_rate': '1.127e-05', 'epoch': '3.491'}
{'loss': '3.315e-05', 'grad_norm': '0.001442', 'learning_rate': '1.126e-05', 'epoch': '3.497'}
{'loss': '0.0009946', 'grad_norm': '0.01069', 'learning_rate': '1.124e-05', 'epoch': '3.503'}
{'loss': '0.00259', 'grad_norm': '0.001992', 'learning_rate': '1.123e-05', 'epoch': '3.509'}
{'loss': '5.084e-05', 'grad_norm': '0.00589', 'learning_rate': '1.121e-05', 'epoch': '3.515'}
{'loss': '0.02344', 'grad_norm': '0.5161', 'learning_rate': '1.12e-05', 'epoch': '3.521'}
{'loss': '0.0009159', 'grad_norm': '0.01202', 'learning_rate': '1.118e-05', 'epoch': '3.527'}
{'loss': '0.002615', 'grad_norm': '0.007751', 'learning_rate': '1.117e-05', 'epoch': '3.533'}
{'loss': '0.002905', 'grad_norm': '8.614', 'learning_rate': '1.115e-05', 'epoch': '3.539'}
{'loss': '0.002715', 'grad_norm': '0.0008335', 'learning_rate': '1.114e-05', 'epoch': '3.545'}
{'loss': '0.004915', 'grad_norm': '0.0007401', 'learning_rate': '1.112e-05', 'epoch': '3.551'}
{'loss': '0.008682', 'grad_norm': '0.58', 'learning_rate': '1.111e-05', 'epoch': '3.557'}
{'loss': '0.007357', 'grad_norm': '0.03639', 'learning_rate': '1.109e-05', 'epoch': '3.563'}
{'loss': '0.002168', 'grad_norm': '0.0004485', 'learning_rate': '1.108e-05', 'epoch': '3.569'}
{'loss': '1.875e-05', 'grad_norm': '0.0003981', 'learning_rate': '1.106e-05', 'epoch': '3.575'}
{'loss': '0.00258', 'grad_norm': '0.0003933', 'learning_rate': '1.105e-05', 'epoch': '3.581'}
{'loss': '0.002365', 'grad_norm': '0.0006192', 'learning_rate': '1.103e-05', 'epoch': '3.587'}
{'loss': '0.001354', 'grad_norm': '2.784', 'learning_rate': '1.102e-05', 'epoch': '3.593'}
{'loss': '0.02967', 'grad_norm': '0.0006178', 'learning_rate': '1.1e-05', 'epoch': '3.6'}
{'loss': '0.009757', 'grad_norm': '0.000545', 'learning_rate': '1.099e-05', 'epoch': '3.606'}
{'loss': '0.003426', 'grad_norm': '0.0005939', 'learning_rate': '1.097e-05', 'epoch': '3.612'}
{'loss': '0.004994', 'grad_norm': '0.0005721', 'learning_rate': '1.096e-05', 'epoch': '3.618'}
{'loss': '0.00192', 'grad_norm': '0.0004613', 'learning_rate': '1.094e-05', 'epoch': '3.624'}
{'loss': '0.004258', 'grad_norm': '6.103', 'learning_rate': '1.093e-05', 'epoch': '3.63'}
{'loss': '0.002272', 'grad_norm': '0.000484', 'learning_rate': '1.091e-05', 'epoch': '3.636'}
{'loss': '0.02379', 'grad_norm': '0.00142', 'learning_rate': '1.09e-05', 'epoch': '3.642'}
{'loss': '0.005011', 'grad_norm': '0.0004699', 'learning_rate': '1.088e-05', 'epoch': '3.648'}
{'loss': '0.01764', 'grad_norm': '0.004803', 'learning_rate': '1.087e-05', 'epoch': '3.654'}
{'loss': '6.595e-05', 'grad_norm': '0.0005667', 'learning_rate': '1.085e-05', 'epoch': '3.66'}
{'loss': '5.457e-05', 'grad_norm': '0.0003999', 'learning_rate': '1.084e-05', 'epoch': '3.666'}
{'loss': '0.00177', 'grad_norm': '0.0003558', 'learning_rate': '1.082e-05', 'epoch': '3.672'}
{'loss': '0.02904', 'grad_norm': '0.0006915', 'learning_rate': '1.081e-05', 'epoch': '3.678'}
{'loss': '1.801e-05', 'grad_norm': '0.0005281', 'learning_rate': '1.079e-05', 'epoch': '3.684'}
{'loss': '0.01802', 'grad_norm': '0.1211', 'learning_rate': '1.078e-05', 'epoch': '3.69'}
{'loss': '0.00162', 'grad_norm': '0.5022', 'learning_rate': '1.076e-05', 'epoch': '3.696'}
{'loss': '0.005868', 'grad_norm': '0.1102', 'learning_rate': '1.075e-05', 'epoch': '3.702'}
{'loss': '0.00268', 'grad_norm': '0.001507', 'learning_rate': '1.073e-05', 'epoch': '3.708'}
{'loss': '0.01381', 'grad_norm': '0.002109', 'learning_rate': '1.072e-05', 'epoch': '3.714'}
{'loss': '0.004303', 'grad_norm': '0.0005052', 'learning_rate': '1.07e-05', 'epoch': '3.721'}
{'loss': '0.003198', 'grad_norm': '0.8543', 'learning_rate': '1.069e-05', 'epoch': '3.727'}
{'loss': '0.002208', 'grad_norm': '0.0005186', 'learning_rate': '1.067e-05', 'epoch': '3.733'}
{'loss': '5.281e-05', 'grad_norm': '0.003629', 'learning_rate': '1.065e-05', 'epoch': '3.739'}
{'loss': '0.0101', 'grad_norm': '0.001684', 'learning_rate': '1.064e-05', 'epoch': '3.745'}
{'loss': '4.757e-05', 'grad_norm': '0.002732', 'learning_rate': '1.062e-05', 'epoch': '3.751'}
{'loss': '0.03128', 'grad_norm': '0.004751', 'learning_rate': '1.061e-05', 'epoch': '3.757'}
{'loss': '0.003474', 'grad_norm': '0.0007958', 'learning_rate': '1.059e-05', 'epoch': '3.763'}
{'loss': '0.002264', 'grad_norm': '0.002795', 'learning_rate': '1.058e-05', 'epoch': '3.769'}
{'loss': '0.01687', 'grad_norm': '0.008656', 'learning_rate': '1.056e-05', 'epoch': '3.775'}
{'loss': '0.002382', 'grad_norm': '0.03084', 'learning_rate': '1.055e-05', 'epoch': '3.781'}
{'loss': '0.00284', 'grad_norm': '0.03972', 'learning_rate': '1.053e-05', 'epoch': '3.787'}
{'loss': '0.001984', 'grad_norm': '0.0004764', 'learning_rate': '1.052e-05', 'epoch': '3.793'}
{'loss': '2.446e-05', 'grad_norm': '0.0005725', 'learning_rate': '1.05e-05', 'epoch': '3.799'}
{'loss': '1.749e-05', 'grad_norm': '0.000388', 'learning_rate': '1.049e-05', 'epoch': '3.805'}
{'loss': '0.0001838', 'grad_norm': '0.0004706', 'learning_rate': '1.047e-05', 'epoch': '3.811'}
{'loss': '5.357e-05', 'grad_norm': '0.0004171', 'learning_rate': '1.046e-05', 'epoch': '3.817'}
{'loss': '0.02953', 'grad_norm': '0.0004802', 'learning_rate': '1.044e-05', 'epoch': '3.823'}
{'loss': '8.704e-05', 'grad_norm': '0.006446', 'learning_rate': '1.043e-05', 'epoch': '3.829'}
{'loss': '1.738e-05', 'grad_norm': '0.004154', 'learning_rate': '1.041e-05', 'epoch': '3.835'}
{'loss': '1.8e-05', 'grad_norm': '0.0005219', 'learning_rate': '1.04e-05', 'epoch': '3.842'}
{'loss': '2.099e-05', 'grad_norm': '0.005153', 'learning_rate': '1.038e-05', 'epoch': '3.848'}
{'loss': '0.004019', 'grad_norm': '0.0003495', 'learning_rate': '1.037e-05', 'epoch': '3.854'}
{'loss': '1.81e-05', 'grad_norm': '0.000415', 'learning_rate': '1.035e-05', 'epoch': '3.86'}
{'loss': '2.096e-05', 'grad_norm': '0.005198', 'learning_rate': '1.034e-05', 'epoch': '3.866'}
{'loss': '0.002276', 'grad_norm': '0.0004006', 'learning_rate': '1.032e-05', 'epoch': '3.872'}
{'loss': '0.001654', 'grad_norm': '0.000707', 'learning_rate': '1.031e-05', 'epoch': '3.878'}
{'loss': '1.741e-05', 'grad_norm': '0.0003816', 'learning_rate': '1.029e-05', 'epoch': '3.884'}
{'loss': '1.674e-05', 'grad_norm': '0.001805', 'learning_rate': '1.028e-05', 'epoch': '3.89'}
{'loss': '0.00182', 'grad_norm': '0.0007385', 'learning_rate': '1.026e-05', 'epoch': '3.896'}
{'loss': '1.533e-05', 'grad_norm': '0.0003656', 'learning_rate': '1.025e-05', 'epoch': '3.902'}
{'loss': '0.003047', 'grad_norm': '0.0003424', 'learning_rate': '1.023e-05', 'epoch': '3.908'}
{'loss': '0.005838', 'grad_norm': '0.0003874', 'learning_rate': '1.022e-05', 'epoch': '3.914'}
{'loss': '0.00403', 'grad_norm': '0.001185', 'learning_rate': '1.02e-05', 'epoch': '3.92'}
{'loss': '1.541e-05', 'grad_norm': '0.0003349', 'learning_rate': '1.019e-05', 'epoch': '3.926'}
{'loss': '1.425e-05', 'grad_norm': '0.00175', 'learning_rate': '1.017e-05', 'epoch': '3.932'}
{'loss': '1.318e-05', 'grad_norm': '0.0003503', 'learning_rate': '1.016e-05', 'epoch': '3.938'}
{'loss': '1.275e-05', 'grad_norm': '0.000294', 'learning_rate': '1.014e-05', 'epoch': '3.944'}
{'loss': '1.301e-05', 'grad_norm': '0.0003604', 'learning_rate': '1.013e-05', 'epoch': '3.95'}
{'loss': '1.314e-05', 'grad_norm': '0.0004535', 'learning_rate': '1.011e-05', 'epoch': '3.956'}
{'loss': '3.14e-05', 'grad_norm': '0.0003857', 'learning_rate': '1.01e-05', 'epoch': '3.962'}
{'loss': '1.485e-05', 'grad_norm': '0.00101', 'learning_rate': '1.008e-05', 'epoch': '3.969'}
{'loss': '1.788e-05', 'grad_norm': '0.0002792', 'learning_rate': '1.007e-05', 'epoch': '3.975'}
{'loss': '0.002498', 'grad_norm': '0.0002981', 'learning_rate': '1.005e-05', 'epoch': '3.981'}
{'loss': '0.002749', 'grad_norm': '0.002377', 'learning_rate': '1.003e-05', 'epoch': '3.987'}
{'loss': '2.233e-05', 'grad_norm': '0.0004115', 'learning_rate': '1.002e-05', 'epoch': '3.993'}
{'loss': '1.146e-05', 'grad_norm': '0.0002952', 'learning_rate': '1e-05', 'epoch': '3.999'}
{'eval_loss': '0.7285', 'eval_accuracy': '0.924', 'eval_precision': '0.9361', 'eval_recall': '0.9313', 'eval_f1': '0.9337', 'eval_runtime': '3.159', 'eval_samples_per_second': '4024', 'eval_steps_per_second': '63', 'epoch': '4'}
{'loss': '0.007986', 'grad_norm': '0.0002928', 'learning_rate': '9.989e-06', 'epoch': '4.005'}
{'loss': '0.006162', 'grad_norm': '0.000315', 'learning_rate': '9.974e-06', 'epoch': '4.011'}
{'loss': '1.392e-05', 'grad_norm': '0.0003669', 'learning_rate': '9.959e-06', 'epoch': '4.017'}
{'loss': '0.001815', 'grad_norm': '0.0003765', 'learning_rate': '9.944e-06', 'epoch': '4.023'}
{'loss': '0.003162', 'grad_norm': '0.0002524', 'learning_rate': '9.929e-06', 'epoch': '4.029'}
{'loss': '0.007318', 'grad_norm': '0.6961', 'learning_rate': '9.914e-06', 'epoch': '4.035'}
{'loss': '0.001984', 'grad_norm': '0.0002545', 'learning_rate': '9.899e-06', 'epoch': '4.041'}
{'loss': '0.03515', 'grad_norm': '0.000318', 'learning_rate': '9.884e-06', 'epoch': '4.047'}
{'loss': '0.00749', 'grad_norm': '0.0006619', 'learning_rate': '9.868e-06', 'epoch': '4.053'}
{'loss': '3.439e-05', 'grad_norm': '0.001003', 'learning_rate': '9.853e-06', 'epoch': '4.059'}
{'loss': '3.143e-05', 'grad_norm': '0.0009621', 'learning_rate': '9.838e-06', 'epoch': '4.065'}
{'loss': '3.066e-05', 'grad_norm': '0.0008908', 'learning_rate': '9.823e-06', 'epoch': '4.071'}
{'loss': '2.859e-05', 'grad_norm': '0.0009272', 'learning_rate': '9.808e-06', 'epoch': '4.077'}
{'loss': '0.02946', 'grad_norm': '0.001243', 'learning_rate': '9.793e-06', 'epoch': '4.083'}
{'loss': '0.001255', 'grad_norm': '0.0006898', 'learning_rate': '9.778e-06', 'epoch': '4.09'}
{'loss': '2.88e-05', 'grad_norm': '0.0006583', 'learning_rate': '9.763e-06', 'epoch': '4.096'}
{'loss': '0.002962', 'grad_norm': '0.0006216', 'learning_rate': '9.747e-06', 'epoch': '4.102'}
{'loss': '0.004221', 'grad_norm': '0.05638', 'learning_rate': '9.732e-06', 'epoch': '4.108'}
{'loss': '0.002163', 'grad_norm': '0.000506', 'learning_rate': '9.717e-06', 'epoch': '4.114'}
{'loss': '2.466e-05', 'grad_norm': '0.000441', 'learning_rate': '9.702e-06', 'epoch': '4.12'}
{'loss': '0.003815', 'grad_norm': '0.0006844', 'learning_rate': '9.687e-06', 'epoch': '4.126'}
{'loss': '0.0132', 'grad_norm': '0.005436', 'learning_rate': '9.672e-06', 'epoch': '4.132'}
{'loss': '0.0117', 'grad_norm': '0.5985', 'learning_rate': '9.657e-06', 'epoch': '4.138'}
{'loss': '0.001416', 'grad_norm': '0.0005694', 'learning_rate': '9.642e-06', 'epoch': '4.144'}
{'loss': '0.02041', 'grad_norm': '0.0008766', 'learning_rate': '9.626e-06', 'epoch': '4.15'}
{'loss': '1.976e-05', 'grad_norm': '0.0007005', 'learning_rate': '9.611e-06', 'epoch': '4.156'}
{'loss': '0.001704', 'grad_norm': '0.01627', 'learning_rate': '9.596e-06', 'epoch': '4.162'}
{'loss': '0.002127', 'grad_norm': '0.0004086', 'learning_rate': '9.581e-06', 'epoch': '4.168'}
{'loss': '2.158e-05', 'grad_norm': '0.002506', 'learning_rate': '9.566e-06', 'epoch': '4.174'}
{'loss': '0.01773', 'grad_norm': '1.173', 'learning_rate': '9.551e-06', 'epoch': '4.18'}
{'loss': '0.003712', 'grad_norm': '0.0006572', 'learning_rate': '9.536e-06', 'epoch': '4.186'}
{'loss': '0.003635', 'grad_norm': '0.004018', 'learning_rate': '9.521e-06', 'epoch': '4.192'}
{'loss': '0.01854', 'grad_norm': '0.001489', 'learning_rate': '9.505e-06', 'epoch': '4.198'}
{'loss': '0.003945', 'grad_norm': '0.01102', 'learning_rate': '9.49e-06', 'epoch': '4.204'}
{'loss': '0.003171', 'grad_norm': '0.8005', 'learning_rate': '9.475e-06', 'epoch': '4.211'}
{'loss': '0.004756', 'grad_norm': '0.0007158', 'learning_rate': '9.46e-06', 'epoch': '4.217'}
{'loss': '2.396e-05', 'grad_norm': '0.0005563', 'learning_rate': '9.445e-06', 'epoch': '4.223'}
{'loss': '0.002579', 'grad_norm': '0.7134', 'learning_rate': '9.43e-06', 'epoch': '4.229'}
{'loss': '2.307e-05', 'grad_norm': '0.0005451', 'learning_rate': '9.415e-06', 'epoch': '4.235'}
{'loss': '2.427e-05', 'grad_norm': '0.000644', 'learning_rate': '9.4e-06', 'epoch': '4.241'}
{'loss': '0.001863', 'grad_norm': '0.000495', 'learning_rate': '9.384e-06', 'epoch': '4.247'}
{'loss': '2.063e-05', 'grad_norm': '0.000422', 'learning_rate': '9.369e-06', 'epoch': '4.253'}
{'loss': '0.002657', 'grad_norm': '0.0006155', 'learning_rate': '9.354e-06', 'epoch': '4.259'}
{'loss': '0.002262', 'grad_norm': '0.0004993', 'learning_rate': '9.339e-06', 'epoch': '4.265'}
{'loss': '2.138e-05', 'grad_norm': '0.0006435', 'learning_rate': '9.324e-06', 'epoch': '4.271'}
{'loss': '0.005431', 'grad_norm': '0.7998', 'learning_rate': '9.309e-06', 'epoch': '4.277'}
{'loss': '0.0001839', 'grad_norm': '0.0004425', 'learning_rate': '9.294e-06', 'epoch': '4.283'}
{'loss': '2.022e-05', 'grad_norm': '0.008099', 'learning_rate': '9.279e-06', 'epoch': '4.289'}
{'loss': '0.00302', 'grad_norm': '0.0004064', 'learning_rate': '9.263e-06', 'epoch': '4.295'}
{'loss': '0.00578', 'grad_norm': '0.0005074', 'learning_rate': '9.248e-06', 'epoch': '4.301'}
{'loss': '0.03122', 'grad_norm': '0.001189', 'learning_rate': '9.233e-06', 'epoch': '4.307'}
{'loss': '0.004554', 'grad_norm': '0.00807', 'learning_rate': '9.218e-06', 'epoch': '4.313'}
{'loss': '0.004957', 'grad_norm': '0.001895', 'learning_rate': '9.203e-06', 'epoch': '4.319'}
{'loss': '0.002333', 'grad_norm': '0.002342', 'learning_rate': '9.188e-06', 'epoch': '4.325'}
{'loss': '6.965e-05', 'grad_norm': '0.0017', 'learning_rate': '9.173e-06', 'epoch': '4.332'}
{'loss': '0.002864', 'grad_norm': '0.001728', 'learning_rate': '9.158e-06', 'epoch': '4.338'}
{'loss': '0.01665', 'grad_norm': '0.0005774', 'learning_rate': '9.142e-06', 'epoch': '4.344'}
{'loss': '0.01144', 'grad_norm': '0.0006605', 'learning_rate': '9.127e-06', 'epoch': '4.35'}
{'loss': '0.02558', 'grad_norm': '0.000749', 'learning_rate': '9.112e-06', 'epoch': '4.356'}
{'loss': '3.045e-05', 'grad_norm': '0.003592', 'learning_rate': '9.097e-06', 'epoch': '4.362'}
{'loss': '0.009519', 'grad_norm': '0.001564', 'learning_rate': '9.082e-06', 'epoch': '4.368'}
{'loss': '0.01677', 'grad_norm': '55.05', 'learning_rate': '9.067e-06', 'epoch': '4.374'}
{'loss': '0.005613', 'grad_norm': '0.00225', 'learning_rate': '9.052e-06', 'epoch': '4.38'}
{'loss': '0.04852', 'grad_norm': '0.6918', 'learning_rate': '9.037e-06', 'epoch': '4.386'}
{'loss': '0.002595', 'grad_norm': '0.0009866', 'learning_rate': '9.021e-06', 'epoch': '4.392'}
{'loss': '3.524e-05', 'grad_norm': '0.0006755', 'learning_rate': '9.006e-06', 'epoch': '4.398'}
{'loss': '0.01984', 'grad_norm': '0.007658', 'learning_rate': '8.991e-06', 'epoch': '4.404'}
{'loss': '2.822e-05', 'grad_norm': '0.001204', 'learning_rate': '8.976e-06', 'epoch': '4.41'}
{'loss': '6.468e-05', 'grad_norm': '0.01057', 'learning_rate': '8.961e-06', 'epoch': '4.416'}
{'loss': '0.001722', 'grad_norm': '0.0006772', 'learning_rate': '8.946e-06', 'epoch': '4.422'}
{'loss': '0.002107', 'grad_norm': '0.6129', 'learning_rate': '8.931e-06', 'epoch': '4.428'}
{'loss': '0.001494', 'grad_norm': '0.0008128', 'learning_rate': '8.916e-06', 'epoch': '4.434'}
{'loss': '0.001903', 'grad_norm': '0.2896', 'learning_rate': '8.9e-06', 'epoch': '4.44'}
{'loss': '2.357e-05', 'grad_norm': '0.0004463', 'learning_rate': '8.885e-06', 'epoch': '4.446'}
{'loss': '0.007237', 'grad_norm': '0.0008712', 'learning_rate': '8.87e-06', 'epoch': '4.453'}
{'loss': '0.01538', 'grad_norm': '0.003056', 'learning_rate': '8.855e-06', 'epoch': '4.459'}
{'loss': '4.966e-05', 'grad_norm': '0.002539', 'learning_rate': '8.84e-06', 'epoch': '4.465'}
{'loss': '4.409e-05', 'grad_norm': '0.005429', 'learning_rate': '8.825e-06', 'epoch': '4.471'}
{'loss': '0.004681', 'grad_norm': '0.003767', 'learning_rate': '8.81e-06', 'epoch': '4.477'}
{'loss': '0.002121', 'grad_norm': '0.0004112', 'learning_rate': '8.795e-06', 'epoch': '4.483'}
{'loss': '1.854e-05', 'grad_norm': '0.0004205', 'learning_rate': '8.779e-06', 'epoch': '4.489'}
{'loss': '0.01683', 'grad_norm': '0.0005787', 'learning_rate': '8.764e-06', 'epoch': '4.495'}
{'loss': '0.004735', 'grad_norm': '0.004438', 'learning_rate': '8.749e-06', 'epoch': '4.501'}
{'loss': '0.007626', 'grad_norm': '0.01073', 'learning_rate': '8.734e-06', 'epoch': '4.507'}
{'loss': '0.006455', 'grad_norm': '1.073', 'learning_rate': '8.719e-06', 'epoch': '4.513'}
{'loss': '0.03352', 'grad_norm': '12.39', 'learning_rate': '8.704e-06', 'epoch': '4.519'}
{'loss': '0.002456', 'grad_norm': '0.0006283', 'learning_rate': '8.689e-06', 'epoch': '4.525'}
{'loss': '0.03073', 'grad_norm': '0.002177', 'learning_rate': '8.674e-06', 'epoch': '4.531'}
{'loss': '0.002609', 'grad_norm': '0.0119', 'learning_rate': '8.658e-06', 'epoch': '4.537'}
{'loss': '0.01136', 'grad_norm': '80.39', 'learning_rate': '8.643e-06', 'epoch': '4.543'}
{'loss': '0.000119', 'grad_norm': '0.02501', 'learning_rate': '8.628e-06', 'epoch': '4.549'}
{'loss': '0.001823', 'grad_norm': '0.001123', 'learning_rate': '8.613e-06', 'epoch': '4.555'}
{'loss': '0.004756', 'grad_norm': '0.007002', 'learning_rate': '8.598e-06', 'epoch': '4.561'}
{'loss': '4.738e-05', 'grad_norm': '0.02539', 'learning_rate': '8.583e-06', 'epoch': '4.567'}
{'loss': '0.006758', 'grad_norm': '0.5986', 'learning_rate': '8.568e-06', 'epoch': '4.574'}
{'loss': '0.0002028', 'grad_norm': '0.6974', 'learning_rate': '8.553e-06', 'epoch': '4.58'}
{'loss': '4.045e-05', 'grad_norm': '0.001161', 'learning_rate': '8.538e-06', 'epoch': '4.586'}
{'loss': '3.643e-05', 'grad_norm': '0.001742', 'learning_rate': '8.522e-06', 'epoch': '4.592'}
{'loss': '2.337e-05', 'grad_norm': '0.001144', 'learning_rate': '8.507e-06', 'epoch': '4.598'}
{'loss': '3.78e-05', 'grad_norm': '0.001368', 'learning_rate': '8.492e-06', 'epoch': '4.604'}
{'loss': '2.162e-05', 'grad_norm': '0.0007011', 'learning_rate': '8.477e-06', 'epoch': '4.61'}
{'loss': '0.002805', 'grad_norm': '0.0004827', 'learning_rate': '8.462e-06', 'epoch': '4.616'}
{'loss': '0.000324', 'grad_norm': '0.0005076', 'learning_rate': '8.447e-06', 'epoch': '4.622'}
{'loss': '0.0002137', 'grad_norm': '0.00682', 'learning_rate': '8.432e-06', 'epoch': '4.628'}
{'loss': '0.0001002', 'grad_norm': '0.0004233', 'learning_rate': '8.417e-06', 'epoch': '4.634'}
{'loss': '0.005965', 'grad_norm': '0.0004267', 'learning_rate': '8.401e-06', 'epoch': '4.64'}
{'loss': '0.02876', 'grad_norm': '0.001472', 'learning_rate': '8.386e-06', 'epoch': '4.646'}
{'loss': '0.001907', 'grad_norm': '0.0005975', 'learning_rate': '8.371e-06', 'epoch': '4.652'}
{'loss': '2.568e-05', 'grad_norm': '0.0004197', 'learning_rate': '8.356e-06', 'epoch': '4.658'}
{'loss': '2.972e-05', 'grad_norm': '0.002179', 'learning_rate': '8.341e-06', 'epoch': '4.664'}
{'loss': '0.002734', 'grad_norm': '0.0007634', 'learning_rate': '8.326e-06', 'epoch': '4.67'}
{'loss': '1.539e-05', 'grad_norm': '0.003031', 'learning_rate': '8.311e-06', 'epoch': '4.676'}
{'loss': '2.482e-05', 'grad_norm': '0.0003655', 'learning_rate': '8.296e-06', 'epoch': '4.682'}
{'loss': '0.004352', 'grad_norm': '0.0004276', 'learning_rate': '8.28e-06', 'epoch': '4.688'}
{'loss': '0.03847', 'grad_norm': '0.0005913', 'learning_rate': '8.265e-06', 'epoch': '4.694'}
{'loss': '5.212e-05', 'grad_norm': '0.00875', 'learning_rate': '8.25e-06', 'epoch': '4.701'}
{'loss': '0.002796', 'grad_norm': '0.05975', 'learning_rate': '8.235e-06', 'epoch': '4.707'}
{'loss': '0.002766', 'grad_norm': '0.002321', 'learning_rate': '8.22e-06', 'epoch': '4.713'}
{'loss': '0.02509', 'grad_norm': '0.002495', 'learning_rate': '8.205e-06', 'epoch': '4.719'}
{'loss': '0.003536', 'grad_norm': '0.004156', 'learning_rate': '8.19e-06', 'epoch': '4.725'}
{'loss': '0.01054', 'grad_norm': '0.001417', 'learning_rate': '8.175e-06', 'epoch': '4.731'}
{'loss': '6.252e-05', 'grad_norm': '0.01491', 'learning_rate': '8.159e-06', 'epoch': '4.737'}
{'loss': '0.005703', 'grad_norm': '0.001162', 'learning_rate': '8.144e-06', 'epoch': '4.743'}
{'loss': '0.01245', 'grad_norm': '0.01578', 'learning_rate': '8.129e-06', 'epoch': '4.749'}
{'loss': '0.005072', 'grad_norm': '0.009947', 'learning_rate': '8.114e-06', 'epoch': '4.755'}
{'loss': '0.001179', 'grad_norm': '0.0009264', 'learning_rate': '8.099e-06', 'epoch': '4.761'}
{'loss': '3.157e-05', 'grad_norm': '0.00112', 'learning_rate': '8.084e-06', 'epoch': '4.767'}
{'loss': '3.864e-05', 'grad_norm': '0.001128', 'learning_rate': '8.069e-06', 'epoch': '4.773'}
{'loss': '0.02006', 'grad_norm': '0.002989', 'learning_rate': '8.054e-06', 'epoch': '4.779'}
{'loss': '0.002664', 'grad_norm': '0.0009596', 'learning_rate': '8.038e-06', 'epoch': '4.785'}
{'loss': '0.03337', 'grad_norm': '0.0015', 'learning_rate': '8.023e-06', 'epoch': '4.791'}
{'loss': '0.0003024', 'grad_norm': '0.0456', 'learning_rate': '8.008e-06', 'epoch': '4.797'}
{'loss': '8.538e-05', 'grad_norm': '0.001768', 'learning_rate': '7.993e-06', 'epoch': '4.803'}
{'loss': '0.005374', 'grad_norm': '0.5703', 'learning_rate': '7.978e-06', 'epoch': '4.809'}
{'loss': '0.002254', 'grad_norm': '5.774', 'learning_rate': '7.963e-06', 'epoch': '4.815'}
{'loss': '0.002159', 'grad_norm': '0.08093', 'learning_rate': '7.948e-06', 'epoch': '4.822'}
{'loss': '0.00279', 'grad_norm': '0.0009578', 'learning_rate': '7.933e-06', 'epoch': '4.828'}
{'loss': '5.84e-05', 'grad_norm': '0.001214', 'learning_rate': '7.917e-06', 'epoch': '4.834'}
{'loss': '0.01092', 'grad_norm': '0.001081', 'learning_rate': '7.902e-06', 'epoch': '4.84'}
{'loss': '3.557e-05', 'grad_norm': '0.001362', 'learning_rate': '7.887e-06', 'epoch': '4.846'}
{'loss': '0.01295', 'grad_norm': '0.0006794', 'learning_rate': '7.872e-06', 'epoch': '4.852'}
{'loss': '0.004347', 'grad_norm': '0.001722', 'learning_rate': '7.857e-06', 'epoch': '4.858'}
{'loss': '0.002438', 'grad_norm': '0.001419', 'learning_rate': '7.842e-06', 'epoch': '4.864'}
{'loss': '0.00623', 'grad_norm': '0.0007286', 'learning_rate': '7.827e-06', 'epoch': '4.87'}
{'loss': '0.005323', 'grad_norm': '0.000857', 'learning_rate': '7.812e-06', 'epoch': '4.876'}
{'loss': '0.01777', 'grad_norm': '0.01166', 'learning_rate': '7.796e-06', 'epoch': '4.882'}
{'loss': '0.005498', 'grad_norm': '0.0009837', 'learning_rate': '7.781e-06', 'epoch': '4.888'}
{'loss': '3.22e-05', 'grad_norm': '0.001459', 'learning_rate': '7.766e-06', 'epoch': '4.894'}
{'loss': '3.172e-05', 'grad_norm': '0.0009662', 'learning_rate': '7.751e-06', 'epoch': '4.9'}
{'loss': '0.002609', 'grad_norm': '0.0006011', 'learning_rate': '7.736e-06', 'epoch': '4.906'}
{'loss': '2.893e-05', 'grad_norm': '0.0007267', 'learning_rate': '7.721e-06', 'epoch': '4.912'}
{'loss': '0.001722', 'grad_norm': '0.0006274', 'learning_rate': '7.706e-06', 'epoch': '4.918'}
{'loss': '5.417e-05', 'grad_norm': '0.0008614', 'learning_rate': '7.691e-06', 'epoch': '4.924'}
{'loss': '0.01147', 'grad_norm': '0.0008071', 'learning_rate': '7.675e-06', 'epoch': '4.93'}
{'loss': '0.00228', 'grad_norm': '0.0009336', 'learning_rate': '7.66e-06', 'epoch': '4.936'}
{'loss': '3.541e-05', 'grad_norm': '0.0007264', 'learning_rate': '7.645e-06', 'epoch': '4.943'}
{'loss': '0.003157', 'grad_norm': '0.06803', 'learning_rate': '7.63e-06', 'epoch': '4.949'}
{'loss': '0.001766', 'grad_norm': '0.0006182', 'learning_rate': '7.615e-06', 'epoch': '4.955'}
{'loss': '0.00307', 'grad_norm': '0.000682', 'learning_rate': '7.6e-06', 'epoch': '4.961'}
{'loss': '3.75e-05', 'grad_norm': '0.0215', 'learning_rate': '7.585e-06', 'epoch': '4.967'}
{'loss': '0.002269', 'grad_norm': '0.0005213', 'learning_rate': '7.57e-06', 'epoch': '4.973'}
{'loss': '0.002138', 'grad_norm': '0.001381', 'learning_rate': '7.554e-06', 'epoch': '4.979'}
{'loss': '0.002366', 'grad_norm': '0.0006369', 'learning_rate': '7.539e-06', 'epoch': '4.985'}
{'loss': '0.005377', 'grad_norm': '0.0004904', 'learning_rate': '7.524e-06', 'epoch': '4.991'}
{'loss': '2.061e-05', 'grad_norm': '0.0005139', 'learning_rate': '7.509e-06', 'epoch': '4.997'}
{'eval_loss': '0.6819', 'eval_accuracy': '0.9213', 'eval_precision': '0.9161', 'eval_recall': '0.95', 'eval_f1': '0.9328', 'eval_runtime': '3.124', 'eval_samples_per_second': '4069', 'eval_steps_per_second': '63.7', 'epoch': '5'}
{'loss': '0.002104', 'grad_norm': '0.0005143', 'learning_rate': '7.494e-06', 'epoch': '5.003'}
{'loss': '2.088e-05', 'grad_norm': '0.0004681', 'learning_rate': '7.479e-06', 'epoch': '5.009'}
{'loss': '0.004551', 'grad_norm': '0.0007959', 'learning_rate': '7.464e-06', 'epoch': '5.015'}
{'loss': '0.01134', 'grad_norm': '0.000481', 'learning_rate': '7.449e-06', 'epoch': '5.021'}
{'loss': '0.03379', 'grad_norm': '0.0005405', 'learning_rate': '7.433e-06', 'epoch': '5.027'}
{'loss': '0.002258', 'grad_norm': '0.6533', 'learning_rate': '7.418e-06', 'epoch': '5.033'}
{'loss': '0.001616', 'grad_norm': '0.0008708', 'learning_rate': '7.403e-06', 'epoch': '5.039'}
{'loss': '0.004143', 'grad_norm': '0.6133', 'learning_rate': '7.388e-06', 'epoch': '5.045'}
{'loss': '0.002057', 'grad_norm': '0.0006961', 'learning_rate': '7.373e-06', 'epoch': '5.051'}
{'loss': '0.002506', 'grad_norm': '0.0007985', 'learning_rate': '7.358e-06', 'epoch': '5.057'}
{'loss': '0.005806', 'grad_norm': '0.02071', 'learning_rate': '7.343e-06', 'epoch': '5.064'}
{'loss': '3.738e-05', 'grad_norm': '0.06067', 'learning_rate': '7.328e-06', 'epoch': '5.07'}
{'loss': '0.002226', 'grad_norm': '0.001484', 'learning_rate': '7.312e-06', 'epoch': '5.076'}
{'loss': '0.01161', 'grad_norm': '0.000799', 'learning_rate': '7.297e-06', 'epoch': '5.082'}
{'loss': '2.789e-05', 'grad_norm': '0.001539', 'learning_rate': '7.282e-06', 'epoch': '5.088'}
{'loss': '0.00514', 'grad_norm': '0.5881', 'learning_rate': '7.267e-06', 'epoch': '5.094'}
{'loss': '0.001736', 'grad_norm': '0.0006065', 'learning_rate': '7.252e-06', 'epoch': '5.1'}
{'loss': '2.866e-05', 'grad_norm': '0.0007472', 'learning_rate': '7.237e-06', 'epoch': '5.106'}
{'loss': '0.009412', 'grad_norm': '0.001347', 'learning_rate': '7.222e-06', 'epoch': '5.112'}
{'loss': '2.356e-05', 'grad_norm': '0.0005785', 'learning_rate': '7.207e-06', 'epoch': '5.118'}
{'loss': '0.00689', 'grad_norm': '0.0007064', 'learning_rate': '7.191e-06', 'epoch': '5.124'}
{'loss': '0.003678', 'grad_norm': '0.6443', 'learning_rate': '7.176e-06', 'epoch': '5.13'}
{'loss': '2.307e-05', 'grad_norm': '0.0006147', 'learning_rate': '7.161e-06', 'epoch': '5.136'}
{'loss': '0.001515', 'grad_norm': '0.0005896', 'learning_rate': '7.146e-06', 'epoch': '5.142'}
{'loss': '3.774e-05', 'grad_norm': '0.000839', 'learning_rate': '7.131e-06', 'epoch': '5.148'}
{'loss': '0.0002102', 'grad_norm': '0.0004595', 'learning_rate': '7.116e-06', 'epoch': '5.154'}
{'loss': '2.137e-05', 'grad_norm': '0.00298', 'learning_rate': '7.101e-06', 'epoch': '5.16'}
{'loss': '0.002049', 'grad_norm': '0.002022', 'learning_rate': '7.086e-06', 'epoch': '5.166'}
{'loss': '0.00295', 'grad_norm': '0.001746', 'learning_rate': '7.07e-06', 'epoch': '5.172'}
{'loss': '0.02788', 'grad_norm': '0.001259', 'learning_rate': '7.055e-06', 'epoch': '5.178'}
{'loss': '0.005324', 'grad_norm': '0.8089', 'learning_rate': '7.04e-06', 'epoch': '5.185'}
{'loss': '3.641e-05', 'grad_norm': '0.0008408', 'learning_rate': '7.025e-06', 'epoch': '5.191'}
{'loss': '0.002655', 'grad_norm': '0.001563', 'learning_rate': '7.01e-06', 'epoch': '5.197'}
{'loss': '0.006551', 'grad_norm': '0.0007029', 'learning_rate': '6.995e-06', 'epoch': '5.203'}
{'loss': '0.002222', 'grad_norm': '0.004208', 'learning_rate': '6.98e-06', 'epoch': '5.209'}
{'loss': '0.001974', 'grad_norm': '0.003844', 'learning_rate': '6.965e-06', 'epoch': '5.215'}
{'loss': '0.01979', 'grad_norm': '0.01109', 'learning_rate': '6.949e-06', 'epoch': '5.221'}
{'loss': '0.0001691', 'grad_norm': '0.04335', 'learning_rate': '6.934e-06', 'epoch': '5.227'}
{'loss': '2.131e-05', 'grad_norm': '0.001175', 'learning_rate': '6.919e-06', 'epoch': '5.233'}
{'loss': '2.233e-05', 'grad_norm': '0.0009955', 'learning_rate': '6.904e-06', 'epoch': '5.239'}
{'loss': '0.001505', 'grad_norm': '0.0005923', 'learning_rate': '6.889e-06', 'epoch': '5.245'}
{'loss': '2.811e-05', 'grad_norm': '0.0004746', 'learning_rate': '6.874e-06', 'epoch': '5.251'}
{'loss': '1.839e-05', 'grad_norm': '0.0004532', 'learning_rate': '6.859e-06', 'epoch': '5.257'}
{'loss': '0.002288', 'grad_norm': '0.0004731', 'learning_rate': '6.844e-06', 'epoch': '5.263'}
{'loss': '3.064e-05', 'grad_norm': '0.0004229', 'learning_rate': '6.828e-06', 'epoch': '5.269'}
{'loss': '0.004444', 'grad_norm': '0.0005317', 'learning_rate': '6.813e-06', 'epoch': '5.275'}
{'loss': '0.005092', 'grad_norm': '0.0004517', 'learning_rate': '6.798e-06', 'epoch': '5.281'}
{'loss': '1.638e-05', 'grad_norm': '0.0005385', 'learning_rate': '6.783e-06', 'epoch': '5.287'}
{'loss': '1.972e-05', 'grad_norm': '0.0004593', 'learning_rate': '6.768e-06', 'epoch': '5.293'}
{'loss': '1.605e-05', 'grad_norm': '0.0005833', 'learning_rate': '6.753e-06', 'epoch': '5.299'}
{'loss': '1.607e-05', 'grad_norm': '0.0003594', 'learning_rate': '6.738e-06', 'epoch': '5.306'}
{'loss': '0.001729', 'grad_norm': '0.0003893', 'learning_rate': '6.723e-06', 'epoch': '5.312'}
{'loss': '0.002519', 'grad_norm': '3.966', 'learning_rate': '6.708e-06', 'epoch': '5.318'}
{'loss': '0.002836', 'grad_norm': '0.006032', 'learning_rate': '6.692e-06', 'epoch': '5.324'}
{'loss': '0.00147', 'grad_norm': '0.0004149', 'learning_rate': '6.677e-06', 'epoch': '5.33'}
{'loss': '0.006219', 'grad_norm': '0.0004122', 'learning_rate': '6.662e-06', 'epoch': '5.336'}
{'loss': '1.501e-05', 'grad_norm': '0.000418', 'learning_rate': '6.647e-06', 'epoch': '5.342'}
{'loss': '0.001709', 'grad_norm': '0.0003808', 'learning_rate': '6.632e-06', 'epoch': '5.348'}
{'loss': '1.525e-05', 'grad_norm': '0.0004042', 'learning_rate': '6.617e-06', 'epoch': '5.354'}
{'loss': '0.002066', 'grad_norm': '0.0005624', 'learning_rate': '6.602e-06', 'epoch': '5.36'}
{'loss': '0.004196', 'grad_norm': '0.0003726', 'learning_rate': '6.587e-06', 'epoch': '5.366'}
{'loss': '0.004289', 'grad_norm': '0.0003618', 'learning_rate': '6.571e-06', 'epoch': '5.372'}
{'loss': '0.006297', 'grad_norm': '121.3', 'learning_rate': '6.556e-06', 'epoch': '5.378'}
{'loss': '1.41e-05', 'grad_norm': '0.0003594', 'learning_rate': '6.541e-06', 'epoch': '5.384'}
{'loss': '0.002653', 'grad_norm': '0.0003281', 'learning_rate': '6.526e-06', 'epoch': '5.39'}
{'loss': '0.002595', 'grad_norm': '0.0003814', 'learning_rate': '6.511e-06', 'epoch': '5.396'}
{'loss': '0.001626', 'grad_norm': '0.0003513', 'learning_rate': '6.496e-06', 'epoch': '5.402'}
{'loss': '0.02186', 'grad_norm': '0.0003519', 'learning_rate': '6.481e-06', 'epoch': '5.408'}
{'loss': '0.00524', 'grad_norm': '0.002934', 'learning_rate': '6.466e-06', 'epoch': '5.414'}
{'loss': '1.59e-05', 'grad_norm': '0.0004092', 'learning_rate': '6.45e-06', 'epoch': '5.42'}
{'loss': '0.00731', 'grad_norm': '0.7454', 'learning_rate': '6.435e-06', 'epoch': '5.426'}
{'loss': '0.004486', 'grad_norm': '0.0003322', 'learning_rate': '6.42e-06', 'epoch': '5.433'}
{'loss': '1.431e-05', 'grad_norm': '0.0003188', 'learning_rate': '6.405e-06', 'epoch': '5.439'}
{'loss': '1.35e-05', 'grad_norm': '0.000479', 'learning_rate': '6.39e-06', 'epoch': '5.445'}
{'loss': '0.005636', 'grad_norm': '0.0003357', 'learning_rate': '6.375e-06', 'epoch': '5.451'}
{'loss': '0.002229', 'grad_norm': '0.0007449', 'learning_rate': '6.36e-06', 'epoch': '5.457'}
{'loss': '0.00446', 'grad_norm': '0.5448', 'learning_rate': '6.345e-06', 'epoch': '5.463'}
{'loss': '0.008273', 'grad_norm': '0.0003364', 'learning_rate': '6.329e-06', 'epoch': '5.469'}
{'loss': '0.01', 'grad_norm': '0.0003601', 'learning_rate': '6.314e-06', 'epoch': '5.475'}
{'loss': '7.779e-05', 'grad_norm': '0.0003655', 'learning_rate': '6.299e-06', 'epoch': '5.481'}
{'loss': '2.145e-05', 'grad_norm': '0.0003155', 'learning_rate': '6.284e-06', 'epoch': '5.487'}
{'loss': '0.001833', 'grad_norm': '0.001433', 'learning_rate': '6.269e-06', 'epoch': '5.493'}
{'loss': '1.35e-05', 'grad_norm': '0.0004269', 'learning_rate': '6.254e-06', 'epoch': '5.499'}
{'loss': '0.001931', 'grad_norm': '0.5844', 'learning_rate': '6.239e-06', 'epoch': '5.505'}
{'loss': '1.305e-05', 'grad_norm': '0.0003224', 'learning_rate': '6.224e-06', 'epoch': '5.511'}
{'loss': '0.004237', 'grad_norm': '0.0006207', 'learning_rate': '6.208e-06', 'epoch': '5.517'}
{'loss': '0.002336', 'grad_norm': '0.0004054', 'learning_rate': '6.193e-06', 'epoch': '5.523'}
{'loss': '1.294e-05', 'grad_norm': '0.0005783', 'learning_rate': '6.178e-06', 'epoch': '5.529'}
{'loss': '0.002296', 'grad_norm': '0.0003238', 'learning_rate': '6.163e-06', 'epoch': '5.535'}
{'loss': '0.007897', 'grad_norm': '0.6306', 'learning_rate': '6.148e-06', 'epoch': '5.541'}
{'loss': '0.00559', 'grad_norm': '0.0003017', 'learning_rate': '6.133e-06', 'epoch': '5.547'}
{'loss': '0.002567', 'grad_norm': '0.0003137', 'learning_rate': '6.118e-06', 'epoch': '5.554'}
{'loss': '0.002289', 'grad_norm': '0.0003368', 'learning_rate': '6.103e-06', 'epoch': '5.56'}
{'loss': '0.005093', 'grad_norm': '0.0003203', 'learning_rate': '6.087e-06', 'epoch': '5.566'}
{'loss': '0.002891', 'grad_norm': '0.0003087', 'learning_rate': '6.072e-06', 'epoch': '5.572'}
{'loss': '0.002251', 'grad_norm': '0.6552', 'learning_rate': '6.057e-06', 'epoch': '5.578'}
{'loss': '0.004892', 'grad_norm': '0.0002856', 'learning_rate': '6.042e-06', 'epoch': '5.584'}
{'loss': '0.00222', 'grad_norm': '0.0003012', 'learning_rate': '6.027e-06', 'epoch': '5.59'}
{'loss': '1.865e-05', 'grad_norm': '0.0002952', 'learning_rate': '6.012e-06', 'epoch': '5.596'}
{'loss': '0.002851', 'grad_norm': '0.0002666', 'learning_rate': '5.997e-06', 'epoch': '5.602'}
{'loss': '8.623e-05', 'grad_norm': '0.0002869', 'learning_rate': '5.982e-06', 'epoch': '5.608'}
{'loss': '1.176e-05', 'grad_norm': '0.0003054', 'learning_rate': '5.966e-06', 'epoch': '5.614'}
{'loss': '0.02811', 'grad_norm': '15.34', 'learning_rate': '5.951e-06', 'epoch': '5.62'}
{'loss': '1.838e-05', 'grad_norm': '0.0003904', 'learning_rate': '5.936e-06', 'epoch': '5.626'}
{'loss': '1.382e-05', 'grad_norm': '0.00032', 'learning_rate': '5.921e-06', 'epoch': '5.632'}
{'loss': '0.003875', 'grad_norm': '0.001439', 'learning_rate': '5.906e-06', 'epoch': '5.638'}
{'loss': '9.019e-05', 'grad_norm': '0.0002884', 'learning_rate': '5.891e-06', 'epoch': '5.644'}
{'loss': '1.322e-05', 'grad_norm': '0.0003273', 'learning_rate': '5.876e-06', 'epoch': '5.65'}
{'loss': '0.02259', 'grad_norm': '0.0008042', 'learning_rate': '5.861e-06', 'epoch': '5.656'}
{'loss': '1.523e-05', 'grad_norm': '0.000555', 'learning_rate': '5.845e-06', 'epoch': '5.662'}
{'loss': '0.004202', 'grad_norm': '0.000451', 'learning_rate': '5.83e-06', 'epoch': '5.668'}
{'loss': '1.903e-05', 'grad_norm': '0.0003697', 'learning_rate': '5.815e-06', 'epoch': '5.675'}
{'loss': '0.00747', 'grad_norm': '0.0003828', 'learning_rate': '5.8e-06', 'epoch': '5.681'}
{'loss': '0.01355', 'grad_norm': '0.0003698', 'learning_rate': '5.785e-06', 'epoch': '5.687'}
{'loss': '1.528e-05', 'grad_norm': '0.0003801', 'learning_rate': '5.77e-06', 'epoch': '5.693'}
{'loss': '0.01707', 'grad_norm': '0.00045', 'learning_rate': '5.755e-06', 'epoch': '5.699'}
{'loss': '1.543e-05', 'grad_norm': '0.0003736', 'learning_rate': '5.74e-06', 'epoch': '5.705'}
{'loss': '2.305e-05', 'grad_norm': '0.0003589', 'learning_rate': '5.724e-06', 'epoch': '5.711'}
{'loss': '0.002704', 'grad_norm': '0.0005969', 'learning_rate': '5.709e-06', 'epoch': '5.717'}
{'loss': '0.002666', 'grad_norm': '0.001106', 'learning_rate': '5.694e-06', 'epoch': '5.723'}
{'loss': '0.0002601', 'grad_norm': '0.0003543', 'learning_rate': '5.679e-06', 'epoch': '5.729'}
{'loss': '0.001952', 'grad_norm': '0.0004991', 'learning_rate': '5.664e-06', 'epoch': '5.735'}
{'loss': '1.536e-05', 'grad_norm': '0.0003623', 'learning_rate': '5.649e-06', 'epoch': '5.741'}
{'loss': '1.48e-05', 'grad_norm': '0.0004258', 'learning_rate': '5.634e-06', 'epoch': '5.747'}
{'loss': '1.479e-05', 'grad_norm': '0.0003508', 'learning_rate': '5.619e-06', 'epoch': '5.753'}
{'loss': '0.006826', 'grad_norm': '0.0003542', 'learning_rate': '5.603e-06', 'epoch': '5.759'}
{'loss': '1.624e-05', 'grad_norm': '0.001517', 'learning_rate': '5.588e-06', 'epoch': '5.765'}
{'loss': '1.448e-05', 'grad_norm': '0.0004463', 'learning_rate': '5.573e-06', 'epoch': '5.771'}
{'loss': '1.309e-05', 'grad_norm': '0.0003373', 'learning_rate': '5.558e-06', 'epoch': '5.777'}
{'loss': '1.453e-05', 'grad_norm': '0.0004041', 'learning_rate': '5.543e-06', 'epoch': '5.783'}
{'loss': '0.03067', 'grad_norm': '0.000491', 'learning_rate': '5.528e-06', 'epoch': '5.789'}
{'loss': '3.038e-05', 'grad_norm': '0.001692', 'learning_rate': '5.513e-06', 'epoch': '5.796'}
{'loss': '0.002162', 'grad_norm': '0.0007691', 'learning_rate': '5.498e-06', 'epoch': '5.802'}
{'loss': '3.19e-05', 'grad_norm': '0.0009754', 'learning_rate': '5.482e-06', 'epoch': '5.808'}
{'loss': '0.03702', 'grad_norm': '0.003399', 'learning_rate': '5.467e-06', 'epoch': '5.814'}
{'loss': '0.00723', 'grad_norm': '0.003095', 'learning_rate': '5.452e-06', 'epoch': '5.82'}
{'loss': '0.0001139', 'grad_norm': '0.002212', 'learning_rate': '5.437e-06', 'epoch': '5.826'}
{'loss': '0.009589', 'grad_norm': '0.5928', 'learning_rate': '5.422e-06', 'epoch': '5.832'}
{'loss': '9.836e-05', 'grad_norm': '0.01124', 'learning_rate': '5.407e-06', 'epoch': '5.838'}
{'loss': '0.005745', 'grad_norm': '0.7839', 'learning_rate': '5.392e-06', 'epoch': '5.844'}
{'loss': '0.004309', 'grad_norm': '0.002', 'learning_rate': '5.377e-06', 'epoch': '5.85'}
{'loss': '0.002011', 'grad_norm': '0.0008423', 'learning_rate': '5.361e-06', 'epoch': '5.856'}
{'loss': '4.147e-05', 'grad_norm': '0.0009267', 'learning_rate': '5.346e-06', 'epoch': '5.862'}
{'loss': '9.61e-05', 'grad_norm': '0.000802', 'learning_rate': '5.331e-06', 'epoch': '5.868'}
{'loss': '0.004785', 'grad_norm': '0.005445', 'learning_rate': '5.316e-06', 'epoch': '5.874'}
{'loss': '0.0001763', 'grad_norm': '0.0005987', 'learning_rate': '5.301e-06', 'epoch': '5.88'}
{'loss': '0.004887', 'grad_norm': '0.6979', 'learning_rate': '5.286e-06', 'epoch': '5.886'}
{'loss': '0.001985', 'grad_norm': '0.0005338', 'learning_rate': '5.271e-06', 'epoch': '5.892'}
{'loss': '0.002195', 'grad_norm': '0.0007422', 'learning_rate': '5.256e-06', 'epoch': '5.898'}
{'loss': '0.004708', 'grad_norm': '0.6655', 'learning_rate': '5.24e-06', 'epoch': '5.904'}
{'loss': '5.423e-05', 'grad_norm': '0.003972', 'learning_rate': '5.225e-06', 'epoch': '5.91'}
{'loss': '0.001908', 'grad_norm': '0.0005022', 'learning_rate': '5.21e-06', 'epoch': '5.917'}
{'loss': '0.02426', 'grad_norm': '0.3012', 'learning_rate': '5.195e-06', 'epoch': '5.923'}
{'loss': '3.071e-05', 'grad_norm': '0.0006458', 'learning_rate': '5.18e-06', 'epoch': '5.929'}
{'loss': '2.609e-05', 'grad_norm': '0.001728', 'learning_rate': '5.165e-06', 'epoch': '5.935'}
{'loss': '0.004307', 'grad_norm': '0.0008194', 'learning_rate': '5.15e-06', 'epoch': '5.941'}
{'loss': '0.0001921', 'grad_norm': '0.07473', 'learning_rate': '5.135e-06', 'epoch': '5.947'}
{'loss': '2.155e-05', 'grad_norm': '0.0005564', 'learning_rate': '5.119e-06', 'epoch': '5.953'}
{'loss': '1.94e-05', 'grad_norm': '0.0006797', 'learning_rate': '5.104e-06', 'epoch': '5.959'}
{'loss': '0.001882', 'grad_norm': '0.004997', 'learning_rate': '5.089e-06', 'epoch': '5.965'}
{'loss': '0.0001216', 'grad_norm': '0.0004629', 'learning_rate': '5.074e-06', 'epoch': '5.971'}
{'loss': '0.0001293', 'grad_norm': '0.0007937', 'learning_rate': '5.059e-06', 'epoch': '5.977'}
{'loss': '0.002723', 'grad_norm': '0.000535', 'learning_rate': '5.044e-06', 'epoch': '5.983'}
{'loss': '0.002424', 'grad_norm': '0.0007478', 'learning_rate': '5.029e-06', 'epoch': '5.989'}
{'loss': '0.01999', 'grad_norm': '0.0005845', 'learning_rate': '5.014e-06', 'epoch': '5.995'}
{'eval_loss': '0.5478', 'eval_accuracy': '0.9301', 'eval_precision': '0.9399', 'eval_recall': '0.9382', 'eval_f1': '0.9391', 'eval_runtime': '3.143', 'eval_samples_per_second': '4045', 'eval_steps_per_second': '63.33', 'epoch': '6'}
{'loss': '0.003542', 'grad_norm': '0.0008954', 'learning_rate': '4.998e-06', 'epoch': '6.001'}
{'loss': '2.687e-05', 'grad_norm': '0.003202', 'learning_rate': '4.983e-06', 'epoch': '6.007'}
{'loss': '2.244e-05', 'grad_norm': '0.0008719', 'learning_rate': '4.968e-06', 'epoch': '6.013'}
{'loss': '3.621e-05', 'grad_norm': '0.0166', 'learning_rate': '4.953e-06', 'epoch': '6.019'}
{'loss': '0.002464', 'grad_norm': '0.004892', 'learning_rate': '4.938e-06', 'epoch': '6.025'}
{'loss': '0.003679', 'grad_norm': '0.001055', 'learning_rate': '4.923e-06', 'epoch': '6.031'}
{'loss': '0.002094', 'grad_norm': '0.001', 'learning_rate': '4.908e-06', 'epoch': '6.038'}
{'loss': '0.01103', 'grad_norm': '0.0004427', 'learning_rate': '4.893e-06', 'epoch': '6.044'}
{'loss': '1.943e-05', 'grad_norm': '0.000498', 'learning_rate': '4.877e-06', 'epoch': '6.05'}
{'loss': '0.00438', 'grad_norm': '0.002062', 'learning_rate': '4.862e-06', 'epoch': '6.056'}
{'loss': '0.00389', 'grad_norm': '1.772', 'learning_rate': '4.847e-06', 'epoch': '6.062'}
{'loss': '0.001075', 'grad_norm': '0.0003738', 'learning_rate': '4.832e-06', 'epoch': '6.068'}
{'loss': '0.001904', 'grad_norm': '0.0017', 'learning_rate': '4.817e-06', 'epoch': '6.074'}
{'loss': '0.006664', 'grad_norm': '0.6885', 'learning_rate': '4.802e-06', 'epoch': '6.08'}
{'loss': '3.114e-05', 'grad_norm': '0.0005715', 'learning_rate': '4.787e-06', 'epoch': '6.086'}
{'loss': '1.515e-05', 'grad_norm': '0.0007746', 'learning_rate': '4.772e-06', 'epoch': '6.092'}
{'loss': '2.206e-05', 'grad_norm': '0.01638', 'learning_rate': '4.757e-06', 'epoch': '6.098'}
{'loss': '0.001974', 'grad_norm': '0.0003971', 'learning_rate': '4.741e-06', 'epoch': '6.104'}
{'loss': '0.003817', 'grad_norm': '0.0005402', 'learning_rate': '4.726e-06', 'epoch': '6.11'}
{'loss': '1.54e-05', 'grad_norm': '0.0009389', 'learning_rate': '4.711e-06', 'epoch': '6.116'}
{'loss': '1.499e-05', 'grad_norm': '0.001751', 'learning_rate': '4.696e-06', 'epoch': '6.122'}
{'loss': '0.003626', 'grad_norm': '0.0003543', 'learning_rate': '4.681e-06', 'epoch': '6.128'}
{'loss': '0.00389', 'grad_norm': '0.0003846', 'learning_rate': '4.666e-06', 'epoch': '6.134'}
{'loss': '0.01813', 'grad_norm': '0.000318', 'learning_rate': '4.651e-06', 'epoch': '6.14'}
{'loss': '1.412e-05', 'grad_norm': '0.0003726', 'learning_rate': '4.636e-06', 'epoch': '6.146'}
{'loss': '0.001631', 'grad_norm': '0.5214', 'learning_rate': '4.62e-06', 'epoch': '6.152'}
{'loss': '0.004652', 'grad_norm': '0.0003284', 'learning_rate': '4.605e-06', 'epoch': '6.158'}
{'loss': '0.003025', 'grad_norm': '0.0003643', 'learning_rate': '4.59e-06', 'epoch': '6.165'}
{'loss': '1.385e-05', 'grad_norm': '0.0003428', 'learning_rate': '4.575e-06', 'epoch': '6.171'}
{'loss': '0.002505', 'grad_norm': '0.0003777', 'learning_rate': '4.56e-06', 'epoch': '6.177'}
{'loss': '1.295e-05', 'grad_norm': '0.0003287', 'learning_rate': '4.545e-06', 'epoch': '6.183'}
{'loss': '0.006043', 'grad_norm': '1.124', 'learning_rate': '4.53e-06', 'epoch': '6.189'}
{'loss': '1.486e-05', 'grad_norm': '0.0003332', 'learning_rate': '4.515e-06', 'epoch': '6.195'}
{'loss': '0.001978', 'grad_norm': '0.0003451', 'learning_rate': '4.499e-06', 'epoch': '6.201'}
{'loss': '0.002162', 'grad_norm': '0.0008611', 'learning_rate': '4.484e-06', 'epoch': '6.207'}
{'loss': '0.003571', 'grad_norm': '0.001028', 'learning_rate': '4.469e-06', 'epoch': '6.213'}
{'loss': '0.002087', 'grad_norm': '0.6226', 'learning_rate': '4.454e-06', 'epoch': '6.219'}
{'loss': '0.002512', 'grad_norm': '0.0003633', 'learning_rate': '4.439e-06', 'epoch': '6.225'}
{'loss': '0.005109', 'grad_norm': '0.0003822', 'learning_rate': '4.424e-06', 'epoch': '6.231'}
{'loss': '3.332e-05', 'grad_norm': '0.0004483', 'learning_rate': '4.409e-06', 'epoch': '6.237'}
{'loss': '0.002634', 'grad_norm': '0.002471', 'learning_rate': '4.394e-06', 'epoch': '6.243'}
{'loss': '0.003513', 'grad_norm': '0.0003577', 'learning_rate': '4.378e-06', 'epoch': '6.249'}
{'loss': '0.002066', 'grad_norm': '0.0003325', 'learning_rate': '4.363e-06', 'epoch': '6.255'}
{'loss': '0.0008312', 'grad_norm': '0.0003224', 'learning_rate': '4.348e-06', 'epoch': '6.261'}
{'loss': '0.002202', 'grad_norm': '0.0003394', 'learning_rate': '4.333e-06', 'epoch': '6.267'}
{'loss': '1.293e-05', 'grad_norm': '0.0003571', 'learning_rate': '4.318e-06', 'epoch': '6.273'}
{'loss': '1.326e-05', 'grad_norm': '0.0003306', 'learning_rate': '4.303e-06', 'epoch': '6.279'}
{'loss': '1.261e-05', 'grad_norm': '0.0003676', 'learning_rate': '4.288e-06', 'epoch': '6.286'}
{'loss': '0.005572', 'grad_norm': '0.0002794', 'learning_rate': '4.273e-06', 'epoch': '6.292'}
{'loss': '1.526e-05', 'grad_norm': '0.0003382', 'learning_rate': '4.257e-06', 'epoch': '6.298'}
{'loss': '1.253e-05', 'grad_norm': '0.0003465', 'learning_rate': '4.242e-06', 'epoch': '6.304'}
{'loss': '0.002577', 'grad_norm': '0.0005031', 'learning_rate': '4.227e-06', 'epoch': '6.31'}
{'loss': '0.004668', 'grad_norm': '0.00671', 'learning_rate': '4.212e-06', 'epoch': '6.316'}
{'loss': '0.006579', 'grad_norm': '0.0002812', 'learning_rate': '4.197e-06', 'epoch': '6.322'}
{'loss': '1.281e-05', 'grad_norm': '0.0003061', 'learning_rate': '4.182e-06', 'epoch': '6.328'}
{'loss': '0.001732', 'grad_norm': '0.0002732', 'learning_rate': '4.167e-06', 'epoch': '6.334'}
{'loss': '0.002438', 'grad_norm': '0.09023', 'learning_rate': '4.152e-06', 'epoch': '6.34'}
{'loss': '1.284e-05', 'grad_norm': '0.003034', 'learning_rate': '4.136e-06', 'epoch': '6.346'}
{'loss': '0.001779', 'grad_norm': '0.0002957', 'learning_rate': '4.121e-06', 'epoch': '6.352'}
{'loss': '1.197e-05', 'grad_norm': '0.0002977', 'learning_rate': '4.106e-06', 'epoch': '6.358'}
{'loss': '1.25e-05', 'grad_norm': '0.0003856', 'learning_rate': '4.091e-06', 'epoch': '6.364'}
{'loss': '1.297e-05', 'grad_norm': '0.0003465', 'learning_rate': '4.076e-06', 'epoch': '6.37'}
{'loss': '0.004107', 'grad_norm': '0.0003482', 'learning_rate': '4.061e-06', 'epoch': '6.376'}
{'loss': '0.002341', 'grad_norm': '0.0002969', 'learning_rate': '4.046e-06', 'epoch': '6.382'}
{'loss': '0.004062', 'grad_norm': '0.0003063', 'learning_rate': '4.031e-06', 'epoch': '6.388'}
{'loss': '0.006282', 'grad_norm': '0.0002794', 'learning_rate': '4.015e-06', 'epoch': '6.394'}
{'loss': '0.0003232', 'grad_norm': '0.0002757', 'learning_rate': '4e-06', 'epoch': '6.4'}
{'loss': '0.005468', 'grad_norm': '0.0004668', 'learning_rate': '3.985e-06', 'epoch': '6.407'}
{'loss': '0.005198', 'grad_norm': '0.0003401', 'learning_rate': '3.97e-06', 'epoch': '6.413'}
{'loss': '0.002352', 'grad_norm': '0.001046', 'learning_rate': '3.955e-06', 'epoch': '6.419'}
{'loss': '1.164e-05', 'grad_norm': '0.0004681', 'learning_rate': '3.94e-06', 'epoch': '6.425'}
{'loss': '0.001982', 'grad_norm': '0.0002765', 'learning_rate': '3.925e-06', 'epoch': '6.431'}
{'loss': '1.163e-05', 'grad_norm': '0.0003024', 'learning_rate': '3.91e-06', 'epoch': '6.437'}
{'loss': '0.002962', 'grad_norm': '0.001346', 'learning_rate': '3.894e-06', 'epoch': '6.443'}
{'loss': '1.821e-05', 'grad_norm': '0.00031', 'learning_rate': '3.879e-06', 'epoch': '6.449'}
{'loss': '0.008378', 'grad_norm': '0.0004611', 'learning_rate': '3.864e-06', 'epoch': '6.455'}
{'loss': '0.002759', 'grad_norm': '0.0004693', 'learning_rate': '3.849e-06', 'epoch': '6.461'}
{'loss': '0.004345', 'grad_norm': '0.003045', 'learning_rate': '3.834e-06', 'epoch': '6.467'}
{'loss': '0.005357', 'grad_norm': '0.0002905', 'learning_rate': '3.819e-06', 'epoch': '6.473'}
{'loss': '1.165e-05', 'grad_norm': '0.0007883', 'learning_rate': '3.804e-06', 'epoch': '6.479'}
{'loss': '0.000356', 'grad_norm': '0.0002782', 'learning_rate': '3.789e-06', 'epoch': '6.485'}
{'loss': '1.098e-05', 'grad_norm': '0.0002748', 'learning_rate': '3.773e-06', 'epoch': '6.491'}
{'loss': '1.236e-05', 'grad_norm': '0.0002867', 'learning_rate': '3.758e-06', 'epoch': '6.497'}
{'loss': '0.003106', 'grad_norm': '0.7887', 'learning_rate': '3.743e-06', 'epoch': '6.503'}
{'loss': '0.01663', 'grad_norm': '0.0002631', 'learning_rate': '3.728e-06', 'epoch': '6.509'}
{'loss': '1.136e-05', 'grad_norm': '0.0002877', 'learning_rate': '3.713e-06', 'epoch': '6.515'}
{'loss': '5.367e-05', 'grad_norm': '0.003848', 'learning_rate': '3.698e-06', 'epoch': '6.521'}
{'loss': '0.0004277', 'grad_norm': '0.000268', 'learning_rate': '3.683e-06', 'epoch': '6.528'}
{'loss': '0.007146', 'grad_norm': '0.0002954', 'learning_rate': '3.668e-06', 'epoch': '6.534'}
{'loss': '0.002492', 'grad_norm': '0.7023', 'learning_rate': '3.652e-06', 'epoch': '6.54'}
{'loss': '1.184e-05', 'grad_norm': '0.0003271', 'learning_rate': '3.637e-06', 'epoch': '6.546'}
{'loss': '0.002981', 'grad_norm': '0.0002853', 'learning_rate': '3.622e-06', 'epoch': '6.552'}
{'loss': '0.002445', 'grad_norm': '0.0003604', 'learning_rate': '3.607e-06', 'epoch': '6.558'}
{'loss': '0.002014', 'grad_norm': '0.0003022', 'learning_rate': '3.592e-06', 'epoch': '6.564'}
{'loss': '1.149e-05', 'grad_norm': '0.0002748', 'learning_rate': '3.577e-06', 'epoch': '6.57'}
{'loss': '0.00306', 'grad_norm': '0.0002817', 'learning_rate': '3.562e-06', 'epoch': '6.576'}
{'loss': '1.461e-05', 'grad_norm': '0.0002695', 'learning_rate': '3.547e-06', 'epoch': '6.582'}
{'loss': '0.001337', 'grad_norm': '0.0005122', 'learning_rate': '3.531e-06', 'epoch': '6.588'}
{'loss': '0.001333', 'grad_norm': '0.0002567', 'learning_rate': '3.516e-06', 'epoch': '6.594'}
{'loss': '0.002349', 'grad_norm': '0.0002577', 'learning_rate': '3.501e-06', 'epoch': '6.6'}
{'loss': '0.002277', 'grad_norm': '0.0002555', 'learning_rate': '3.486e-06', 'epoch': '6.606'}
{'loss': '1.112e-05', 'grad_norm': '0.0002821', 'learning_rate': '3.471e-06', 'epoch': '6.612'}
{'loss': '1.132e-05', 'grad_norm': '0.0002902', 'learning_rate': '3.456e-06', 'epoch': '6.618'}
{'loss': '1.076e-05', 'grad_norm': '0.0002704', 'learning_rate': '3.441e-06', 'epoch': '6.624'}
{'loss': '1.056e-05', 'grad_norm': '0.000255', 'learning_rate': '3.426e-06', 'epoch': '6.63'}
{'loss': '0.005042', 'grad_norm': '0.0002572', 'learning_rate': '3.41e-06', 'epoch': '6.636'}
{'loss': '0.007048', 'grad_norm': '0.0003137', 'learning_rate': '3.395e-06', 'epoch': '6.642'}
{'loss': '1.609e-05', 'grad_norm': '0.0002601', 'learning_rate': '3.38e-06', 'epoch': '6.649'}
{'loss': '0.002346', 'grad_norm': '0.0002537', 'learning_rate': '3.365e-06', 'epoch': '6.655'}
{'loss': '0.004336', 'grad_norm': '0.0002654', 'learning_rate': '3.35e-06', 'epoch': '6.661'}
{'loss': '0.002857', 'grad_norm': '0.0003109', 'learning_rate': '3.335e-06', 'epoch': '6.667'}
{'loss': '0.002397', 'grad_norm': '0.00028', 'learning_rate': '3.32e-06', 'epoch': '6.673'}
{'loss': '0.002368', 'grad_norm': '0.001345', 'learning_rate': '3.305e-06', 'epoch': '6.679'}
{'loss': '1.03e-05', 'grad_norm': '0.0002566', 'learning_rate': '3.289e-06', 'epoch': '6.685'}
{'loss': '0.00502', 'grad_norm': '0.0002665', 'learning_rate': '3.274e-06', 'epoch': '6.691'}
{'loss': '1.408e-05', 'grad_norm': '0.0004009', 'learning_rate': '3.259e-06', 'epoch': '6.697'}
{'loss': '0.002185', 'grad_norm': '0.0002842', 'learning_rate': '3.244e-06', 'epoch': '6.703'}
{'loss': '1.029e-05', 'grad_norm': '0.0002733', 'learning_rate': '3.229e-06', 'epoch': '6.709'}
{'loss': '1.08e-05', 'grad_norm': '0.0002575', 'learning_rate': '3.214e-06', 'epoch': '6.715'}
{'loss': '1.154e-05', 'grad_norm': '0.0003301', 'learning_rate': '3.199e-06', 'epoch': '6.721'}
{'loss': '1.012e-05', 'grad_norm': '0.0002884', 'learning_rate': '3.184e-06', 'epoch': '6.727'}
{'loss': '1.992e-05', 'grad_norm': '0.1369', 'learning_rate': '3.168e-06', 'epoch': '6.733'}
{'loss': '1.017e-05', 'grad_norm': '0.0002652', 'learning_rate': '3.153e-06', 'epoch': '6.739'}
{'loss': '1.009e-05', 'grad_norm': '0.0002525', 'learning_rate': '3.138e-06', 'epoch': '6.745'}
{'loss': '1.032e-05', 'grad_norm': '0.0002593', 'learning_rate': '3.123e-06', 'epoch': '6.751'}
{'loss': '0.002114', 'grad_norm': '0.0002581', 'learning_rate': '3.108e-06', 'epoch': '6.757'}
{'loss': '1.008e-05', 'grad_norm': '0.0003996', 'learning_rate': '3.093e-06', 'epoch': '6.763'}
{'loss': '1.048e-05', 'grad_norm': '0.0003322', 'learning_rate': '3.078e-06', 'epoch': '6.77'}
{'loss': '9.969e-06', 'grad_norm': '0.0002525', 'learning_rate': '3.063e-06', 'epoch': '6.776'}
{'loss': '9.94e-06', 'grad_norm': '0.0002929', 'learning_rate': '3.047e-06', 'epoch': '6.782'}
{'loss': '9.938e-06', 'grad_norm': '0.0002732', 'learning_rate': '3.032e-06', 'epoch': '6.788'}
{'loss': '0.0001941', 'grad_norm': '0.0002546', 'learning_rate': '3.017e-06', 'epoch': '6.794'}
{'loss': '0.00477', 'grad_norm': '0.7057', 'learning_rate': '3.002e-06', 'epoch': '6.8'}
{'loss': '0.004646', 'grad_norm': '0.000254', 'learning_rate': '2.987e-06', 'epoch': '6.806'}
{'loss': '0.01321', 'grad_norm': '0.000257', 'learning_rate': '2.972e-06', 'epoch': '6.812'}
{'loss': '1.028e-05', 'grad_norm': '0.0002615', 'learning_rate': '2.957e-06', 'epoch': '6.818'}
{'loss': '1.032e-05', 'grad_norm': '0.0002491', 'learning_rate': '2.942e-06', 'epoch': '6.824'}
{'loss': '0.001655', 'grad_norm': '0.000468', 'learning_rate': '2.926e-06', 'epoch': '6.83'}
{'loss': '0.01838', 'grad_norm': '0.5791', 'learning_rate': '2.911e-06', 'epoch': '6.836'}
{'loss': '1.143e-05', 'grad_norm': '0.0004459', 'learning_rate': '2.896e-06', 'epoch': '6.842'}
{'loss': '0.001717', 'grad_norm': '0.002093', 'learning_rate': '2.881e-06', 'epoch': '6.848'}
{'loss': '0.001968', 'grad_norm': '0.000843', 'learning_rate': '2.866e-06', 'epoch': '6.854'}
{'loss': '0.002595', 'grad_norm': '0.7207', 'learning_rate': '2.851e-06', 'epoch': '6.86'}
{'loss': '0.002022', 'grad_norm': '0.0005655', 'learning_rate': '2.836e-06', 'epoch': '6.866'}
{'loss': '1.359e-05', 'grad_norm': '0.0007408', 'learning_rate': '2.821e-06', 'epoch': '6.872'}
{'loss': '0.002101', 'grad_norm': '0.0003113', 'learning_rate': '2.806e-06', 'epoch': '6.878'}
{'loss': '0.005334', 'grad_norm': '0.000457', 'learning_rate': '2.79e-06', 'epoch': '6.884'}
{'loss': '0.001841', 'grad_norm': '0.0003586', 'learning_rate': '2.775e-06', 'epoch': '6.891'}
{'loss': '0.004617', 'grad_norm': '0.0004658', 'learning_rate': '2.76e-06', 'epoch': '6.897'}
{'loss': '1.327e-05', 'grad_norm': '0.0003485', 'learning_rate': '2.745e-06', 'epoch': '6.903'}
{'loss': '0.002349', 'grad_norm': '0.6154', 'learning_rate': '2.73e-06', 'epoch': '6.909'}
{'loss': '0.02176', 'grad_norm': '0.0005114', 'learning_rate': '2.715e-06', 'epoch': '6.915'}
{'loss': '0.0003049', 'grad_norm': '0.0008872', 'learning_rate': '2.7e-06', 'epoch': '6.921'}
{'loss': '0.008951', 'grad_norm': '0.0007532', 'learning_rate': '2.685e-06', 'epoch': '6.927'}
{'loss': '0.002625', 'grad_norm': '0.0007945', 'learning_rate': '2.669e-06', 'epoch': '6.933'}
{'loss': '0.002756', 'grad_norm': '0.002183', 'learning_rate': '2.654e-06', 'epoch': '6.939'}
{'loss': '1.637e-05', 'grad_norm': '0.0007002', 'learning_rate': '2.639e-06', 'epoch': '6.945'}
{'loss': '0.001998', 'grad_norm': '0.0004961', 'learning_rate': '2.624e-06', 'epoch': '6.951'}
{'loss': '0.001867', 'grad_norm': '0.0003873', 'learning_rate': '2.609e-06', 'epoch': '6.957'}
{'loss': '0.004516', 'grad_norm': '0.6756', 'learning_rate': '2.594e-06', 'epoch': '6.963'}
{'loss': '0.01173', 'grad_norm': '0.0005936', 'learning_rate': '2.579e-06', 'epoch': '6.969'}
{'loss': '0.005363', 'grad_norm': '0.6509', 'learning_rate': '2.564e-06', 'epoch': '6.975'}
{'loss': '0.001665', 'grad_norm': '0.00108', 'learning_rate': '2.548e-06', 'epoch': '6.981'}
{'loss': '1.807e-05', 'grad_norm': '0.000399', 'learning_rate': '2.533e-06', 'epoch': '6.987'}
{'loss': '0.006432', 'grad_norm': '0.3306', 'learning_rate': '2.518e-06', 'epoch': '6.993'}
{'loss': '1.423e-05', 'grad_norm': '0.0004014', 'learning_rate': '2.503e-06', 'epoch': '6.999'}
{'eval_loss': '0.6288', 'eval_accuracy': '0.929', 'eval_precision': '0.9308', 'eval_recall': '0.9469', 'eval_f1': '0.9388', 'eval_runtime': '3.139', 'eval_samples_per_second': '4049', 'eval_steps_per_second': '63.39', 'epoch': '7'}
{'loss': '0.002074', 'grad_norm': '0.009492', 'learning_rate': '2.488e-06', 'epoch': '7.005'}
{'loss': '1.248e-05', 'grad_norm': '0.0003175', 'learning_rate': '2.473e-06', 'epoch': '7.011'}
{'loss': '2.997e-05', 'grad_norm': '0.0006902', 'learning_rate': '2.458e-06', 'epoch': '7.018'}
{'loss': '0.001965', 'grad_norm': '0.0006224', 'learning_rate': '2.443e-06', 'epoch': '7.024'}
{'loss': '4.389e-05', 'grad_norm': '0.001196', 'learning_rate': '2.427e-06', 'epoch': '7.03'}
{'loss': '0.001908', 'grad_norm': '0.0004912', 'learning_rate': '2.412e-06', 'epoch': '7.036'}
{'loss': '0.002215', 'grad_norm': '0.0003549', 'learning_rate': '2.397e-06', 'epoch': '7.042'}
{'loss': '1.34e-05', 'grad_norm': '0.0003259', 'learning_rate': '2.382e-06', 'epoch': '7.048'}
{'loss': '0.002579', 'grad_norm': '0.0002687', 'learning_rate': '2.367e-06', 'epoch': '7.054'}
{'loss': '0.003237', 'grad_norm': '0.0005485', 'learning_rate': '2.352e-06', 'epoch': '7.06'}
{'loss': '0.002195', 'grad_norm': '0.0003255', 'learning_rate': '2.337e-06', 'epoch': '7.066'}
{'loss': '0.0001053', 'grad_norm': '0.0003021', 'learning_rate': '2.322e-06', 'epoch': '7.072'}
{'loss': '0.00518', 'grad_norm': '0.0002797', 'learning_rate': '2.306e-06', 'epoch': '7.078'}
{'loss': '0.003649', 'grad_norm': '0.0002825', 'learning_rate': '2.291e-06', 'epoch': '7.084'}
{'loss': '0.002531', 'grad_norm': '0.0002687', 'learning_rate': '2.276e-06', 'epoch': '7.09'}
{'loss': '1.062e-05', 'grad_norm': '0.0002621', 'learning_rate': '2.261e-06', 'epoch': '7.096'}
{'loss': '1.196e-05', 'grad_norm': '0.0002967', 'learning_rate': '2.246e-06', 'epoch': '7.102'}
{'loss': '0.003589', 'grad_norm': '0.0002727', 'learning_rate': '2.231e-06', 'epoch': '7.108'}
{'loss': '0.002152', 'grad_norm': '0.002457', 'learning_rate': '2.216e-06', 'epoch': '7.114'}
{'loss': '0.00345', 'grad_norm': '0.0003121', 'learning_rate': '2.201e-06', 'epoch': '7.12'}
{'loss': '0.0055', 'grad_norm': '0.0002579', 'learning_rate': '2.185e-06', 'epoch': '7.126'}
{'loss': '0.00226', 'grad_norm': '0.0008403', 'learning_rate': '2.17e-06', 'epoch': '7.132'}
{'loss': '0.0024', 'grad_norm': '0.0002581', 'learning_rate': '2.155e-06', 'epoch': '7.139'}
{'loss': '1.391e-05', 'grad_norm': '0.001449', 'learning_rate': '2.14e-06', 'epoch': '7.145'}
{'loss': '0.01287', 'grad_norm': '0.0002805', 'learning_rate': '2.125e-06', 'epoch': '7.151'}
{'loss': '1.693e-05', 'grad_norm': '0.0002854', 'learning_rate': '2.11e-06', 'epoch': '7.157'}
{'loss': '0.004959', 'grad_norm': '0.0002805', 'learning_rate': '2.095e-06', 'epoch': '7.163'}
{'loss': '0.002738', 'grad_norm': '0.0002878', 'learning_rate': '2.08e-06', 'epoch': '7.169'}
{'loss': '1.089e-05', 'grad_norm': '0.0003692', 'learning_rate': '2.064e-06', 'epoch': '7.175'}
{'loss': '1.1e-05', 'grad_norm': '0.0002808', 'learning_rate': '2.049e-06', 'epoch': '7.181'}
{'loss': '0.004745', 'grad_norm': '0.736', 'learning_rate': '2.034e-06', 'epoch': '7.187'}
{'loss': '0.001946', 'grad_norm': '0.0002618', 'learning_rate': '2.019e-06', 'epoch': '7.193'}
{'loss': '0.003739', 'grad_norm': '0.0002802', 'learning_rate': '2.004e-06', 'epoch': '7.199'}
{'loss': '1.17e-05', 'grad_norm': '0.0003476', 'learning_rate': '1.989e-06', 'epoch': '7.205'}
{'loss': '1.381e-05', 'grad_norm': '0.0002838', 'learning_rate': '1.974e-06', 'epoch': '7.211'}
{'loss': '1.16e-05', 'grad_norm': '0.0002802', 'learning_rate': '1.959e-06', 'epoch': '7.217'}
{'loss': '0.001816', 'grad_norm': '0.5162', 'learning_rate': '1.943e-06', 'epoch': '7.223'}
{'loss': '0.05612', 'grad_norm': '19.35', 'learning_rate': '1.928e-06', 'epoch': '7.229'}
{'loss': '0.007897', 'grad_norm': '0.0004644', 'learning_rate': '1.913e-06', 'epoch': '7.235'}
{'loss': '1.146e-05', 'grad_norm': '0.0002852', 'learning_rate': '1.898e-06', 'epoch': '7.241'}
{'loss': '1.21e-05', 'grad_norm': '0.001425', 'learning_rate': '1.883e-06', 'epoch': '7.247'}
{'loss': '0.01029', 'grad_norm': '0.0003125', 'learning_rate': '1.868e-06', 'epoch': '7.253'}
{'loss': '0.001159', 'grad_norm': '0.008285', 'learning_rate': '1.853e-06', 'epoch': '7.26'}
{'loss': '0.002238', 'grad_norm': '0.0003387', 'learning_rate': '1.838e-06', 'epoch': '7.266'}
{'loss': '4.035e-05', 'grad_norm': '0.000424', 'learning_rate': '1.822e-06', 'epoch': '7.272'}
{'loss': '0.004088', 'grad_norm': '0.0002628', 'learning_rate': '1.807e-06', 'epoch': '7.278'}
{'loss': '1.264e-05', 'grad_norm': '0.0002893', 'learning_rate': '1.792e-06', 'epoch': '7.284'}
{'loss': '0.001744', 'grad_norm': '0.0003727', 'learning_rate': '1.777e-06', 'epoch': '7.29'}
{'loss': '0.002284', 'grad_norm': '0.0004169', 'learning_rate': '1.762e-06', 'epoch': '7.296'}
{'loss': '0.00223', 'grad_norm': '0.0003306', 'learning_rate': '1.747e-06', 'epoch': '7.302'}
{'loss': '0.002398', 'grad_norm': '0.0002961', 'learning_rate': '1.732e-06', 'epoch': '7.308'}
{'loss': '0.004549', 'grad_norm': '0.000316', 'learning_rate': '1.717e-06', 'epoch': '7.314'}
{'loss': '0.0008698', 'grad_norm': '0.0004862', 'learning_rate': '1.701e-06', 'epoch': '7.32'}
{'loss': '0.007726', 'grad_norm': '0.0003139', 'learning_rate': '1.686e-06', 'epoch': '7.326'}
{'loss': '0.002332', 'grad_norm': '0.6673', 'learning_rate': '1.671e-06', 'epoch': '7.332'}
{'loss': '0.004534', 'grad_norm': '0.0002841', 'learning_rate': '1.656e-06', 'epoch': '7.338'}
{'loss': '0.006625', 'grad_norm': '0.0003222', 'learning_rate': '1.641e-06', 'epoch': '7.344'}
{'loss': '0.003395', 'grad_norm': '0.0004471', 'learning_rate': '1.626e-06', 'epoch': '7.35'}
{'loss': '1.251e-05', 'grad_norm': '0.0002996', 'learning_rate': '1.611e-06', 'epoch': '7.356'}
{'loss': '1.17e-05', 'grad_norm': '0.0002869', 'learning_rate': '1.596e-06', 'epoch': '7.362'}
{'loss': '1.178e-05', 'grad_norm': '0.0006699', 'learning_rate': '1.58e-06', 'epoch': '7.368'}
{'loss': '0.001793', 'grad_norm': '0.1758', 'learning_rate': '1.565e-06', 'epoch': '7.374'}
{'loss': '2.24e-05', 'grad_norm': '0.0006445', 'learning_rate': '1.55e-06', 'epoch': '7.381'}
{'loss': '0.001891', 'grad_norm': '0.0002775', 'learning_rate': '1.535e-06', 'epoch': '7.387'}
{'loss': '0.002496', 'grad_norm': '0.0002606', 'learning_rate': '1.52e-06', 'epoch': '7.393'}
{'loss': '1.261e-05', 'grad_norm': '0.0003647', 'learning_rate': '1.505e-06', 'epoch': '7.399'}
{'loss': '1.252e-05', 'grad_norm': '0.0003099', 'learning_rate': '1.49e-06', 'epoch': '7.405'}
{'loss': '1.257e-05', 'grad_norm': '0.0003516', 'learning_rate': '1.475e-06', 'epoch': '7.411'}
{'loss': '0.004089', 'grad_norm': '0.6686', 'learning_rate': '1.459e-06', 'epoch': '7.417'}
{'loss': '0.001938', 'grad_norm': '0.0002834', 'learning_rate': '1.444e-06', 'epoch': '7.423'}
{'loss': '0.003549', 'grad_norm': '0.0009414', 'learning_rate': '1.429e-06', 'epoch': '7.429'}
{'loss': '1.222e-05', 'grad_norm': '0.0003193', 'learning_rate': '1.414e-06', 'epoch': '7.435'}
{'loss': '0.002135', 'grad_norm': '0.0002595', 'learning_rate': '1.399e-06', 'epoch': '7.441'}
{'loss': '1.32e-05', 'grad_norm': '0.002814', 'learning_rate': '1.384e-06', 'epoch': '7.447'}
{'loss': '1.212e-05', 'grad_norm': '0.0002614', 'learning_rate': '1.369e-06', 'epoch': '7.453'}
{'loss': '4.247e-05', 'grad_norm': '0.0004401', 'learning_rate': '1.354e-06', 'epoch': '7.459'}
{'loss': '0.007006', 'grad_norm': '0.0002806', 'learning_rate': '1.338e-06', 'epoch': '7.465'}
{'loss': '1.058e-05', 'grad_norm': '0.000496', 'learning_rate': '1.323e-06', 'epoch': '7.471'}
{'loss': '1.136e-05', 'grad_norm': '0.0002914', 'learning_rate': '1.308e-06', 'epoch': '7.477'}
{'loss': '0.001925', 'grad_norm': '0.0002476', 'learning_rate': '1.293e-06', 'epoch': '7.483'}
{'loss': '0.002213', 'grad_norm': '0.0003136', 'learning_rate': '1.278e-06', 'epoch': '7.489'}
{'loss': '0.004589', 'grad_norm': '0.000384', 'learning_rate': '1.263e-06', 'epoch': '7.495'}
{'loss': '0.004863', 'grad_norm': '0.0003885', 'learning_rate': '1.248e-06', 'epoch': '7.502'}
{'loss': '1.172e-05', 'grad_norm': '0.0002593', 'learning_rate': '1.233e-06', 'epoch': '7.508'}
{'loss': '0.002262', 'grad_norm': '0.0003752', 'learning_rate': '1.217e-06', 'epoch': '7.514'}
{'loss': '1.067e-05', 'grad_norm': '0.0003355', 'learning_rate': '1.202e-06', 'epoch': '7.52'}
{'loss': '0.008749', 'grad_norm': '0.0003194', 'learning_rate': '1.187e-06', 'epoch': '7.526'}
{'loss': '0.002479', 'grad_norm': '0.0004555', 'learning_rate': '1.172e-06', 'epoch': '7.532'}
{'loss': '0.00224', 'grad_norm': '0.0002675', 'learning_rate': '1.157e-06', 'epoch': '7.538'}
{'loss': '1.13e-05', 'grad_norm': '0.000287', 'learning_rate': '1.142e-06', 'epoch': '7.544'}
{'loss': '0.003387', 'grad_norm': '0.0003369', 'learning_rate': '1.127e-06', 'epoch': '7.55'}
{'loss': '1.07e-05', 'grad_norm': '0.0002711', 'learning_rate': '1.112e-06', 'epoch': '7.556'}
{'loss': '1.205e-05', 'grad_norm': '0.0002501', 'learning_rate': '1.096e-06', 'epoch': '7.562'}
{'loss': '0.004827', 'grad_norm': '0.0008571', 'learning_rate': '1.081e-06', 'epoch': '7.568'}
{'loss': '1.155e-05', 'grad_norm': '0.0004614', 'learning_rate': '1.066e-06', 'epoch': '7.574'}
{'loss': '0.006725', 'grad_norm': '0.0002818', 'learning_rate': '1.051e-06', 'epoch': '7.58'}
{'loss': '0.002624', 'grad_norm': '0.0002579', 'learning_rate': '1.036e-06', 'epoch': '7.586'}
{'loss': '0.001924', 'grad_norm': '0.0003214', 'learning_rate': '1.021e-06', 'epoch': '7.592'}
{'loss': '0.002487', 'grad_norm': '0.00043', 'learning_rate': '1.006e-06', 'epoch': '7.598'}
{'loss': '1.086e-05', 'grad_norm': '0.0002473', 'learning_rate': '9.906e-07', 'epoch': '7.604'}
{'loss': '0.006873', 'grad_norm': '0.000268', 'learning_rate': '9.755e-07', 'epoch': '7.61'}
{'loss': '1.168e-05', 'grad_norm': '0.001543', 'learning_rate': '9.604e-07', 'epoch': '7.616'}
{'loss': '0.0002718', 'grad_norm': '0.0003097', 'learning_rate': '9.453e-07', 'epoch': '7.623'}
{'loss': '1.108e-05', 'grad_norm': '0.0004386', 'learning_rate': '9.301e-07', 'epoch': '7.629'}
{'loss': '1.101e-05', 'grad_norm': '0.0002863', 'learning_rate': '9.15e-07', 'epoch': '7.635'}
{'loss': '0.004725', 'grad_norm': '0.0005018', 'learning_rate': '8.999e-07', 'epoch': '7.641'}
{'loss': '0.002147', 'grad_norm': '0.0003105', 'learning_rate': '8.848e-07', 'epoch': '7.647'}
{'loss': '1.131e-05', 'grad_norm': '0.0002563', 'learning_rate': '8.696e-07', 'epoch': '7.653'}
{'loss': '0.002266', 'grad_norm': '0.0002578', 'learning_rate': '8.545e-07', 'epoch': '7.659'}
{'loss': '1.019e-05', 'grad_norm': '0.0002522', 'learning_rate': '8.394e-07', 'epoch': '7.665'}
{'loss': '1.293e-05', 'grad_norm': '0.005023', 'learning_rate': '8.243e-07', 'epoch': '7.671'}
{'loss': '0.001782', 'grad_norm': '0.0002585', 'learning_rate': '8.091e-07', 'epoch': '7.677'}
{'loss': '1.07e-05', 'grad_norm': '0.0003744', 'learning_rate': '7.94e-07', 'epoch': '7.683'}
{'loss': '0.03718', 'grad_norm': '0.0006249', 'learning_rate': '7.789e-07', 'epoch': '7.689'}
{'loss': '1.47e-05', 'grad_norm': '0.01176', 'learning_rate': '7.638e-07', 'epoch': '7.695'}
{'loss': '0.002115', 'grad_norm': '0.0003203', 'learning_rate': '7.486e-07', 'epoch': '7.701'}
{'loss': '0.003964', 'grad_norm': '0.0002646', 'learning_rate': '7.335e-07', 'epoch': '7.707'}
{'loss': '0.004394', 'grad_norm': '0.5513', 'learning_rate': '7.184e-07', 'epoch': '7.713'}
{'loss': '1.867e-05', 'grad_norm': '0.0002652', 'learning_rate': '7.033e-07', 'epoch': '7.719'}
{'loss': '1.094e-05', 'grad_norm': '0.0002775', 'learning_rate': '6.881e-07', 'epoch': '7.725'}
{'loss': '3.021e-05', 'grad_norm': '0.0002921', 'learning_rate': '6.73e-07', 'epoch': '7.731'}
{'loss': '1.115e-05', 'grad_norm': '0.0004745', 'learning_rate': '6.579e-07', 'epoch': '7.737'}
{'loss': '1.1e-05', 'grad_norm': '0.0002679', 'learning_rate': '6.428e-07', 'epoch': '7.743'}
{'loss': '0.002338', 'grad_norm': '0.000272', 'learning_rate': '6.276e-07', 'epoch': '7.75'}
{'loss': '0.001967', 'grad_norm': '0.0002827', 'learning_rate': '6.125e-07', 'epoch': '7.756'}
{'loss': '1.327e-05', 'grad_norm': '0.00027', 'learning_rate': '5.974e-07', 'epoch': '7.762'}
{'loss': '1.139e-05', 'grad_norm': '0.0003006', 'learning_rate': '5.823e-07', 'epoch': '7.768'}
{'loss': '1.108e-05', 'grad_norm': '0.0003086', 'learning_rate': '5.672e-07', 'epoch': '7.774'}
{'loss': '0.002074', 'grad_norm': '0.0002668', 'learning_rate': '5.52e-07', 'epoch': '7.78'}
{'loss': '1.133e-05', 'grad_norm': '0.0009265', 'learning_rate': '5.369e-07', 'epoch': '7.786'}
{'loss': '0.001748', 'grad_norm': '0.0003299', 'learning_rate': '5.218e-07', 'epoch': '7.792'}
{'loss': '0.002006', 'grad_norm': '0.0002539', 'learning_rate': '5.067e-07', 'epoch': '7.798'}
{'loss': '0.002207', 'grad_norm': '0.0002427', 'learning_rate': '4.915e-07', 'epoch': '7.804'}
{'loss': '0.005618', 'grad_norm': '0.0002659', 'learning_rate': '4.764e-07', 'epoch': '7.81'}
{'loss': '0.008202', 'grad_norm': '0.0003317', 'learning_rate': '4.613e-07', 'epoch': '7.816'}
{'loss': '0.004633', 'grad_norm': '0.0004045', 'learning_rate': '4.462e-07', 'epoch': '7.822'}
{'loss': '0.001938', 'grad_norm': '0.0002817', 'learning_rate': '4.31e-07', 'epoch': '7.828'}
{'loss': '0.002331', 'grad_norm': '0.0002775', 'learning_rate': '4.159e-07', 'epoch': '7.834'}
{'loss': '1.168e-05', 'grad_norm': '0.0002785', 'learning_rate': '4.008e-07', 'epoch': '7.84'}
{'loss': '0.003745', 'grad_norm': '0.0002806', 'learning_rate': '3.857e-07', 'epoch': '7.846'}
{'loss': '0.002663', 'grad_norm': '0.0002364', 'learning_rate': '3.705e-07', 'epoch': '7.852'}
{'loss': '0.003986', 'grad_norm': '0.0002997', 'learning_rate': '3.554e-07', 'epoch': '7.858'}
{'loss': '1.027e-05', 'grad_norm': '0.0002671', 'learning_rate': '3.403e-07', 'epoch': '7.864'}
{'loss': '0.002861', 'grad_norm': '0.0002877', 'learning_rate': '3.252e-07', 'epoch': '7.871'}
{'loss': '1.085e-05', 'grad_norm': '0.0002587', 'learning_rate': '3.1e-07', 'epoch': '7.877'}
{'loss': '1.046e-05', 'grad_norm': '0.0002762', 'learning_rate': '2.949e-07', 'epoch': '7.883'}
{'loss': '0.00224', 'grad_norm': '0.0003597', 'learning_rate': '2.798e-07', 'epoch': '7.889'}
{'loss': '0.005321', 'grad_norm': '0.0002578', 'learning_rate': '2.647e-07', 'epoch': '7.895'}
{'loss': '1.048e-05', 'grad_norm': '0.0003531', 'learning_rate': '2.495e-07', 'epoch': '7.901'}
{'loss': '1.741e-05', 'grad_norm': '0.0002666', 'learning_rate': '2.344e-07', 'epoch': '7.907'}
{'loss': '1.246e-05', 'grad_norm': '0.0004081', 'learning_rate': '2.193e-07', 'epoch': '7.913'}
{'loss': '2.55e-05', 'grad_norm': '0.0002901', 'learning_rate': '2.042e-07', 'epoch': '7.919'}
{'loss': '0.003474', 'grad_norm': '0.0002617', 'learning_rate': '1.891e-07', 'epoch': '7.925'}
{'loss': '1.048e-05', 'grad_norm': '0.0002611', 'learning_rate': '1.739e-07', 'epoch': '7.931'}
{'loss': '0.002549', 'grad_norm': '0.0002789', 'learning_rate': '1.588e-07', 'epoch': '7.937'}
{'loss': '0.001989', 'grad_norm': '0.0003483', 'learning_rate': '1.437e-07', 'epoch': '7.943'}
{'loss': '0.004571', 'grad_norm': '0.0003324', 'learning_rate': '1.286e-07', 'epoch': '7.949'}
{'loss': '0.001777', 'grad_norm': '0.0008235', 'learning_rate': '1.134e-07', 'epoch': '7.955'}
{'loss': '0.005099', 'grad_norm': '0.6146', 'learning_rate': '9.831e-08', 'epoch': '7.961'}
{'loss': '1.192e-05', 'grad_norm': '0.0003212', 'learning_rate': '8.318e-08', 'epoch': '7.967'}
{'loss': '0.004201', 'grad_norm': '0.5996', 'learning_rate': '6.806e-08', 'epoch': '7.973'}
{'loss': '1.102e-05', 'grad_norm': '0.0003016', 'learning_rate': '5.293e-08', 'epoch': '7.979'}
{'loss': '0.004662', 'grad_norm': '0.0002915', 'learning_rate': '3.781e-08', 'epoch': '7.985'}
{'loss': '1.166e-05', 'grad_norm': '0.0002882', 'learning_rate': '2.269e-08', 'epoch': '7.992'}
{'loss': '0.002274', 'grad_norm': '0.000342', 'learning_rate': '7.562e-09', 'epoch': '7.998'}
{'eval_loss': '0.6643', 'eval_accuracy': '0.9305', 'eval_precision': '0.9513', 'eval_recall': '0.9263', 'eval_f1': '0.9387', 'eval_runtime': '3.177', 'eval_samples_per_second': '4001', 'eval_steps_per_second': '62.64', 'epoch': '8'}
{'train_runtime': '2361', 'train_samples_per_second': '179.2', 'train_steps_per_second': '5.602', 'train_loss': '0.0151', 'epoch': '8'}
Fold F1: 0.9258101193860148
Точность определения арабских заимств.: {'accuracy': 0.9919540229885058, 'precision': 0.9393939393939394, 'recall': 0.9893617021276596, 'f1': 0.9637305699481865}
Точность определения китайских заимств.: {'accuracy': 0.9912170639899623, 'precision': 0.7692307692307693, 'recall': 0.9523809523809523, 'f1': 0.851063829787234}
Точность определения английских заимств.: {'accuracy': 0.9914396887159533, 'precision': 0.9882352941176471, 'recall': 0.9901768172888016, 'f1': 0.9892051030421982}
Точность определения французских заимств.: {'accuracy': 0.9910926365795725, 'precision': 0.9933701657458563, 'recall': 0.9900881057268722, 'f1': 0.9917264202978489}
Точность определения немецких заимств.: {'accuracy': 0.9904580152671756, 'precision': 0.9781021897810219, 'recall': 0.9852941176470589, 'f1': 0.9816849816849816}
Точность определения итальянских заимтсв.: {'accuracy': 0.9905561385099685, 'precision': 0.9666666666666667, 'recall': 0.9830508474576272, 'f1': 0.9747899159663865}
Точность определения японских заимств.: {'accuracy': 0.9910112359550561, 'precision': 0.9491525423728814, 'recall': 0.9824561403508771, 'f1': 0.9655172413793104}
Точность определения польских заимств.: {'accuracy': 0.9879807692307693, 'precision': 0.896551724137931, 'recall': 0.9285714285714286, 'f1': 0.9122807017543859}

===== FINAL RESULT =====
Mean F1: 0.9246346761586646
Std F1: 0.014034129564841086
Total correct predictions per fold: [8139, 8178, 8214, 8256, 8282]
