GPU 0: NVIDIA A100-PCIE-40GB (UUID: GPU-8fe22491-0fcf-953f-984a-d3cef85341a0)
nvcc: NVIDIA (R) Cuda compiler driver
Copyright (c) 2005-2022 NVIDIA Corporation
Built on Wed_Jun__8_16:49:14_PDT_2022
Cuda compilation tools, release 11.7, V11.7.99
Build cuda_11.7.r11.7/compiler.31442593_0
Python 3.10.20

===== Fold 1 =====
{'loss': '0.6889', 'grad_norm': '23.2', 'learning_rate': '2e-05', 'epoch': '0.006083'}
{'loss': '0.6777', 'grad_norm': '38.34', 'learning_rate': '2e-05', 'epoch': '0.01217'}
{'loss': '0.7071', 'grad_norm': '32.82', 'learning_rate': '2e-05', 'epoch': '0.01825'}
{'loss': '0.6817', 'grad_norm': '21.98', 'learning_rate': '2e-05', 'epoch': '0.02433'}
{'loss': '0.6804', 'grad_norm': '28.37', 'learning_rate': '1.999e-05', 'epoch': '0.03041'}
{'loss': '0.6885', 'grad_norm': '71.98', 'learning_rate': '1.999e-05', 'epoch': '0.0365'}
{'loss': '0.6816', 'grad_norm': '39.09', 'learning_rate': '1.999e-05', 'epoch': '0.04258'}
{'loss': '0.6766', 'grad_norm': '24.22', 'learning_rate': '1.999e-05', 'epoch': '0.04866'}
{'loss': '0.6731', 'grad_norm': '39.65', 'learning_rate': '1.999e-05', 'epoch': '0.05474'}
{'loss': '0.6851', 'grad_norm': '16.91', 'learning_rate': '1.999e-05', 'epoch': '0.06083'}
{'loss': '0.6682', 'grad_norm': '15.78', 'learning_rate': '1.999e-05', 'epoch': '0.06691'}
{'loss': '0.6715', 'grad_norm': '15.94', 'learning_rate': '1.999e-05', 'epoch': '0.07299'}
{'loss': '0.6758', 'grad_norm': '21.9', 'learning_rate': '1.998e-05', 'epoch': '0.07908'}
{'loss': '0.6664', 'grad_norm': '34.57', 'learning_rate': '1.998e-05', 'epoch': '0.08516'}
{'loss': '0.6673', 'grad_norm': '28.13', 'learning_rate': '1.998e-05', 'epoch': '0.09124'}
{'loss': '0.6582', 'grad_norm': '22.41', 'learning_rate': '1.998e-05', 'epoch': '0.09732'}
{'loss': '0.6736', 'grad_norm': '21.77', 'learning_rate': '1.998e-05', 'epoch': '0.1034'}
{'loss': '0.6616', 'grad_norm': '19.75', 'learning_rate': '1.998e-05', 'epoch': '0.1095'}
{'loss': '0.6748', 'grad_norm': '10.9', 'learning_rate': '1.998e-05', 'epoch': '0.1156'}
{'loss': '0.669', 'grad_norm': '49.66', 'learning_rate': '1.998e-05', 'epoch': '0.1217'}
{'loss': '0.6658', 'grad_norm': '50.42', 'learning_rate': '1.997e-05', 'epoch': '0.1277'}
{'loss': '0.6693', 'grad_norm': '10.2', 'learning_rate': '1.997e-05', 'epoch': '0.1338'}
{'loss': '0.6475', 'grad_norm': '142.7', 'learning_rate': '1.997e-05', 'epoch': '0.1399'}
{'loss': '0.6615', 'grad_norm': '20.13', 'learning_rate': '1.997e-05', 'epoch': '0.146'}
{'loss': '0.6446', 'grad_norm': '78.52', 'learning_rate': '1.997e-05', 'epoch': '0.1521'}
{'loss': '0.6607', 'grad_norm': '25.03', 'learning_rate': '1.997e-05', 'epoch': '0.1582'}
{'loss': '0.643', 'grad_norm': '69.51', 'learning_rate': '1.997e-05', 'epoch': '0.1642'}
{'loss': '0.6611', 'grad_norm': '31.2', 'learning_rate': '1.997e-05', 'epoch': '0.1703'}
{'loss': '0.652', 'grad_norm': '30.48', 'learning_rate': '1.996e-05', 'epoch': '0.1764'}
{'loss': '0.6384', 'grad_norm': '15.26', 'learning_rate': '1.996e-05', 'epoch': '0.1825'}
{'loss': '0.6371', 'grad_norm': '30.02', 'learning_rate': '1.996e-05', 'epoch': '0.1886'}
{'loss': '0.6324', 'grad_norm': '21.16', 'learning_rate': '1.996e-05', 'epoch': '0.1946'}
{'loss': '0.6347', 'grad_norm': '35.5', 'learning_rate': '1.996e-05', 'epoch': '0.2007'}
{'loss': '0.6294', 'grad_norm': '32.06', 'learning_rate': '1.996e-05', 'epoch': '0.2068'}
{'loss': '0.6441', 'grad_norm': '43.01', 'learning_rate': '1.996e-05', 'epoch': '0.2129'}
{'loss': '0.6426', 'grad_norm': '28.33', 'learning_rate': '1.996e-05', 'epoch': '0.219'}
{'loss': '0.6146', 'grad_norm': '22.31', 'learning_rate': '1.996e-05', 'epoch': '0.2251'}
{'loss': '0.621', 'grad_norm': '20.75', 'learning_rate': '1.995e-05', 'epoch': '0.2311'}
{'loss': '0.6298', 'grad_norm': '86.19', 'learning_rate': '1.995e-05', 'epoch': '0.2372'}
{'loss': '0.6073', 'grad_norm': '29.81', 'learning_rate': '1.995e-05', 'epoch': '0.2433'}
{'loss': '0.6069', 'grad_norm': '68.78', 'learning_rate': '1.995e-05', 'epoch': '0.2494'}
{'loss': '0.6111', 'grad_norm': '37.04', 'learning_rate': '1.995e-05', 'epoch': '0.2555'}
{'loss': '0.6088', 'grad_norm': '37.15', 'learning_rate': '1.995e-05', 'epoch': '0.2616'}
{'loss': '0.6218', 'grad_norm': '44.72', 'learning_rate': '1.995e-05', 'epoch': '0.2676'}
{'loss': '0.6072', 'grad_norm': '72', 'learning_rate': '1.995e-05', 'epoch': '0.2737'}
{'loss': '0.5859', 'grad_norm': '44.16', 'learning_rate': '1.994e-05', 'epoch': '0.2798'}
{'loss': '0.614', 'grad_norm': '33.04', 'learning_rate': '1.994e-05', 'epoch': '0.2859'}
{'loss': '0.576', 'grad_norm': '32.68', 'learning_rate': '1.994e-05', 'epoch': '0.292'}
{'loss': '0.5715', 'grad_norm': '25.42', 'learning_rate': '1.994e-05', 'epoch': '0.2981'}
{'loss': '0.5789', 'grad_norm': '78.59', 'learning_rate': '1.994e-05', 'epoch': '0.3041'}
{'loss': '0.5439', 'grad_norm': '45.36', 'learning_rate': '1.994e-05', 'epoch': '0.3102'}
{'loss': '0.5615', 'grad_norm': '65.46', 'learning_rate': '1.994e-05', 'epoch': '0.3163'}
{'loss': '0.589', 'grad_norm': '57.93', 'learning_rate': '1.994e-05', 'epoch': '0.3224'}
{'loss': '0.5618', 'grad_norm': '42.46', 'learning_rate': '1.993e-05', 'epoch': '0.3285'}
{'loss': '0.5782', 'grad_norm': '94.29', 'learning_rate': '1.993e-05', 'epoch': '0.3345'}
{'loss': '0.5684', 'grad_norm': '50.05', 'learning_rate': '1.993e-05', 'epoch': '0.3406'}
{'loss': '0.5886', 'grad_norm': '34.7', 'learning_rate': '1.993e-05', 'epoch': '0.3467'}
{'loss': '0.5437', 'grad_norm': '60.93', 'learning_rate': '1.993e-05', 'epoch': '0.3528'}
{'loss': '0.507', 'grad_norm': '154.7', 'learning_rate': '1.993e-05', 'epoch': '0.3589'}
{'loss': '0.5489', 'grad_norm': '65.96', 'learning_rate': '1.993e-05', 'epoch': '0.365'}
{'loss': '0.5089', 'grad_norm': '76.31', 'learning_rate': '1.993e-05', 'epoch': '0.371'}
{'loss': '0.4912', 'grad_norm': '62.93', 'learning_rate': '1.992e-05', 'epoch': '0.3771'}
{'loss': '0.5283', 'grad_norm': '86.16', 'learning_rate': '1.992e-05', 'epoch': '0.3832'}
{'loss': '0.5123', 'grad_norm': '89.44', 'learning_rate': '1.992e-05', 'epoch': '0.3893'}
{'loss': '0.5226', 'grad_norm': '67.39', 'learning_rate': '1.992e-05', 'epoch': '0.3954'}
{'loss': '0.5109', 'grad_norm': '67.99', 'learning_rate': '1.992e-05', 'epoch': '0.4015'}
{'loss': '0.5264', 'grad_norm': '87.39', 'learning_rate': '1.992e-05', 'epoch': '0.4075'}
{'loss': '0.5283', 'grad_norm': '71.92', 'learning_rate': '1.992e-05', 'epoch': '0.4136'}
{'loss': '0.5221', 'grad_norm': '44.49', 'learning_rate': '1.992e-05', 'epoch': '0.4197'}
{'loss': '0.4807', 'grad_norm': '57.08', 'learning_rate': '1.991e-05', 'epoch': '0.4258'}
{'loss': '0.5258', 'grad_norm': '48.46', 'learning_rate': '1.991e-05', 'epoch': '0.4319'}
{'loss': '0.4924', 'grad_norm': '80.7', 'learning_rate': '1.991e-05', 'epoch': '0.438'}
{'loss': '0.4912', 'grad_norm': '232.3', 'learning_rate': '1.991e-05', 'epoch': '0.444'}
{'loss': '0.4411', 'grad_norm': '50.34', 'learning_rate': '1.991e-05', 'epoch': '0.4501'}
{'loss': '0.4761', 'grad_norm': '141.6', 'learning_rate': '1.991e-05', 'epoch': '0.4562'}
{'loss': '0.5165', 'grad_norm': '43.48', 'learning_rate': '1.991e-05', 'epoch': '0.4623'}
{'loss': '0.5237', 'grad_norm': '56.42', 'learning_rate': '1.991e-05', 'epoch': '0.4684'}
{'loss': '0.5085', 'grad_norm': '133', 'learning_rate': '1.991e-05', 'epoch': '0.4745'}
{'loss': '0.4945', 'grad_norm': '44.23', 'learning_rate': '1.99e-05', 'epoch': '0.4805'}
{'loss': '0.5178', 'grad_norm': '86.59', 'learning_rate': '1.99e-05', 'epoch': '0.4866'}
{'loss': '0.4636', 'grad_norm': '76.08', 'learning_rate': '1.99e-05', 'epoch': '0.4927'}
{'loss': '0.4701', 'grad_norm': '33.58', 'learning_rate': '1.99e-05', 'epoch': '0.4988'}
{'loss': '0.4754', 'grad_norm': '66.53', 'learning_rate': '1.99e-05', 'epoch': '0.5049'}
{'loss': '0.4788', 'grad_norm': '51.72', 'learning_rate': '1.99e-05', 'epoch': '0.5109'}
{'loss': '0.5088', 'grad_norm': '344.8', 'learning_rate': '1.99e-05', 'epoch': '0.517'}
{'loss': '0.4397', 'grad_norm': '96.85', 'learning_rate': '1.99e-05', 'epoch': '0.5231'}
{'loss': '0.4442', 'grad_norm': '61.09', 'learning_rate': '1.989e-05', 'epoch': '0.5292'}
{'loss': '0.4508', 'grad_norm': '68.13', 'learning_rate': '1.989e-05', 'epoch': '0.5353'}
{'loss': '0.4804', 'grad_norm': '73.43', 'learning_rate': '1.989e-05', 'epoch': '0.5414'}
{'loss': '0.4174', 'grad_norm': '125.2', 'learning_rate': '1.989e-05', 'epoch': '0.5474'}
{'loss': '0.428', 'grad_norm': '63.32', 'learning_rate': '1.989e-05', 'epoch': '0.5535'}
{'loss': '0.4064', 'grad_norm': '47.61', 'learning_rate': '1.989e-05', 'epoch': '0.5596'}
{'loss': '0.4622', 'grad_norm': '282.4', 'learning_rate': '1.989e-05', 'epoch': '0.5657'}
{'loss': '0.4945', 'grad_norm': '94.52', 'learning_rate': '1.989e-05', 'epoch': '0.5718'}
{'loss': '0.4581', 'grad_norm': '50.71', 'learning_rate': '1.988e-05', 'epoch': '0.5779'}
{'loss': '0.4617', 'grad_norm': '82.69', 'learning_rate': '1.988e-05', 'epoch': '0.5839'}
{'loss': '0.454', 'grad_norm': '74.77', 'learning_rate': '1.988e-05', 'epoch': '0.59'}
{'loss': '0.4192', 'grad_norm': '24.48', 'learning_rate': '1.988e-05', 'epoch': '0.5961'}
{'loss': '0.3969', 'grad_norm': '62.44', 'learning_rate': '1.988e-05', 'epoch': '0.6022'}
{'loss': '0.4037', 'grad_norm': '42.08', 'learning_rate': '1.988e-05', 'epoch': '0.6083'}
{'loss': '0.412', 'grad_norm': '39.33', 'learning_rate': '1.988e-05', 'epoch': '0.6144'}
{'loss': '0.4297', 'grad_norm': '195.7', 'learning_rate': '1.988e-05', 'epoch': '0.6204'}
{'loss': '0.4296', 'grad_norm': '23.47', 'learning_rate': '1.987e-05', 'epoch': '0.6265'}
{'loss': '0.4664', 'grad_norm': '66.57', 'learning_rate': '1.987e-05', 'epoch': '0.6326'}
{'loss': '0.3957', 'grad_norm': '76.57', 'learning_rate': '1.987e-05', 'epoch': '0.6387'}
{'loss': '0.3728', 'grad_norm': '27.8', 'learning_rate': '1.987e-05', 'epoch': '0.6448'}
{'loss': '0.405', 'grad_norm': '246.7', 'learning_rate': '1.987e-05', 'epoch': '0.6509'}
{'loss': '0.4359', 'grad_norm': '55.21', 'learning_rate': '1.987e-05', 'epoch': '0.6569'}
{'loss': '0.3805', 'grad_norm': '26.06', 'learning_rate': '1.987e-05', 'epoch': '0.663'}
{'loss': '0.3714', 'grad_norm': '20.32', 'learning_rate': '1.987e-05', 'epoch': '0.6691'}
{'loss': '0.3406', 'grad_norm': '117.5', 'learning_rate': '1.987e-05', 'epoch': '0.6752'}
{'loss': '0.3391', 'grad_norm': '56.83', 'learning_rate': '1.986e-05', 'epoch': '0.6813'}
{'loss': '0.3739', 'grad_norm': '44.46', 'learning_rate': '1.986e-05', 'epoch': '0.6873'}
{'loss': '0.3118', 'grad_norm': '34.73', 'learning_rate': '1.986e-05', 'epoch': '0.6934'}
{'loss': '0.3585', 'grad_norm': '73.56', 'learning_rate': '1.986e-05', 'epoch': '0.6995'}
{'loss': '0.3687', 'grad_norm': '68.13', 'learning_rate': '1.986e-05', 'epoch': '0.7056'}
{'loss': '0.3165', 'grad_norm': '86.06', 'learning_rate': '1.986e-05', 'epoch': '0.7117'}
{'loss': '0.3529', 'grad_norm': '32.43', 'learning_rate': '1.986e-05', 'epoch': '0.7178'}
{'loss': '0.3916', 'grad_norm': '81.86', 'learning_rate': '1.986e-05', 'epoch': '0.7238'}
{'loss': '0.3213', 'grad_norm': '36.63', 'learning_rate': '1.985e-05', 'epoch': '0.7299'}
{'loss': '0.3355', 'grad_norm': '101.9', 'learning_rate': '1.985e-05', 'epoch': '0.736'}
{'loss': '0.3192', 'grad_norm': '52.23', 'learning_rate': '1.985e-05', 'epoch': '0.7421'}
{'loss': '0.3885', 'grad_norm': '39.46', 'learning_rate': '1.985e-05', 'epoch': '0.7482'}
{'loss': '0.3009', 'grad_norm': '59.73', 'learning_rate': '1.985e-05', 'epoch': '0.7543'}
{'loss': '0.3656', 'grad_norm': '57.43', 'learning_rate': '1.985e-05', 'epoch': '0.7603'}
{'loss': '0.2731', 'grad_norm': '144.2', 'learning_rate': '1.985e-05', 'epoch': '0.7664'}
{'loss': '0.3206', 'grad_norm': '26.05', 'learning_rate': '1.985e-05', 'epoch': '0.7725'}
{'loss': '0.3557', 'grad_norm': '90.51', 'learning_rate': '1.984e-05', 'epoch': '0.7786'}
{'loss': '0.3176', 'grad_norm': '52.01', 'learning_rate': '1.984e-05', 'epoch': '0.7847'}
{'loss': '0.3978', 'grad_norm': '87.43', 'learning_rate': '1.984e-05', 'epoch': '0.7908'}
{'loss': '0.3236', 'grad_norm': '79.67', 'learning_rate': '1.984e-05', 'epoch': '0.7968'}
{'loss': '0.3231', 'grad_norm': '26.68', 'learning_rate': '1.984e-05', 'epoch': '0.8029'}
{'loss': '0.2992', 'grad_norm': '158.2', 'learning_rate': '1.984e-05', 'epoch': '0.809'}
{'loss': '0.333', 'grad_norm': '127.7', 'learning_rate': '1.984e-05', 'epoch': '0.8151'}
{'loss': '0.2851', 'grad_norm': '56.47', 'learning_rate': '1.984e-05', 'epoch': '0.8212'}
{'loss': '0.323', 'grad_norm': '61.64', 'learning_rate': '1.983e-05', 'epoch': '0.8273'}
{'loss': '0.3042', 'grad_norm': '36.92', 'learning_rate': '1.983e-05', 'epoch': '0.8333'}
{'loss': '0.3583', 'grad_norm': '41.54', 'learning_rate': '1.983e-05', 'epoch': '0.8394'}
{'loss': '0.3395', 'grad_norm': '19.58', 'learning_rate': '1.983e-05', 'epoch': '0.8455'}
{'loss': '0.3046', 'grad_norm': '60.01', 'learning_rate': '1.983e-05', 'epoch': '0.8516'}
{'loss': '0.3426', 'grad_norm': '51.64', 'learning_rate': '1.983e-05', 'epoch': '0.8577'}
{'loss': '0.3573', 'grad_norm': '135.4', 'learning_rate': '1.983e-05', 'epoch': '0.8637'}
{'loss': '0.2593', 'grad_norm': '36.2', 'learning_rate': '1.983e-05', 'epoch': '0.8698'}
{'loss': '0.2505', 'grad_norm': '27.39', 'learning_rate': '1.982e-05', 'epoch': '0.8759'}
{'loss': '0.2483', 'grad_norm': '26.66', 'learning_rate': '1.982e-05', 'epoch': '0.882'}
{'loss': '0.343', 'grad_norm': '61.76', 'learning_rate': '1.982e-05', 'epoch': '0.8881'}
{'loss': '0.3368', 'grad_norm': '16.16', 'learning_rate': '1.982e-05', 'epoch': '0.8942'}
{'loss': '0.301', 'grad_norm': '20.79', 'learning_rate': '1.982e-05', 'epoch': '0.9002'}
{'loss': '0.2994', 'grad_norm': '41.43', 'learning_rate': '1.982e-05', 'epoch': '0.9063'}
{'loss': '0.29', 'grad_norm': '25.66', 'learning_rate': '1.982e-05', 'epoch': '0.9124'}
{'loss': '0.2195', 'grad_norm': '232.8', 'learning_rate': '1.982e-05', 'epoch': '0.9185'}
{'loss': '0.3267', 'grad_norm': '22.29', 'learning_rate': '1.982e-05', 'epoch': '0.9246'}
{'loss': '0.3035', 'grad_norm': '155.9', 'learning_rate': '1.981e-05', 'epoch': '0.9307'}
{'loss': '0.3139', 'grad_norm': '38.73', 'learning_rate': '1.981e-05', 'epoch': '0.9367'}
{'loss': '0.2935', 'grad_norm': '19.79', 'learning_rate': '1.981e-05', 'epoch': '0.9428'}
{'loss': '0.273', 'grad_norm': '20.9', 'learning_rate': '1.981e-05', 'epoch': '0.9489'}
{'loss': '0.2385', 'grad_norm': '156.9', 'learning_rate': '1.981e-05', 'epoch': '0.955'}
{'loss': '0.2565', 'grad_norm': '29.07', 'learning_rate': '1.981e-05', 'epoch': '0.9611'}
{'loss': '0.3277', 'grad_norm': '17.53', 'learning_rate': '1.981e-05', 'epoch': '0.9672'}
{'loss': '0.2143', 'grad_norm': '162.3', 'learning_rate': '1.981e-05', 'epoch': '0.9732'}
{'loss': '0.2781', 'grad_norm': '43.72', 'learning_rate': '1.98e-05', 'epoch': '0.9793'}
{'loss': '0.2976', 'grad_norm': '14.36', 'learning_rate': '1.98e-05', 'epoch': '0.9854'}
{'loss': '0.3133', 'grad_norm': '116.7', 'learning_rate': '1.98e-05', 'epoch': '0.9915'}
{'loss': '0.2448', 'grad_norm': '14.49', 'learning_rate': '1.98e-05', 'epoch': '0.9976'}
{'eval_loss': '0.2428', 'eval_accuracy': '0.902', 'eval_precision': '0.9142', 'eval_recall': '0.8994', 'eval_f1': '0.9067', 'eval_runtime': '12.05', 'eval_samples_per_second': '1078', 'eval_steps_per_second': '16.93', 'epoch': '1'}
{'loss': '0.2406', 'grad_norm': '44.04', 'learning_rate': '1.98e-05', 'epoch': '1.004'}
{'loss': '0.2426', 'grad_norm': '39.54', 'learning_rate': '1.98e-05', 'epoch': '1.01'}
{'loss': '0.2334', 'grad_norm': '22.37', 'learning_rate': '1.98e-05', 'epoch': '1.016'}
{'loss': '0.2588', 'grad_norm': '58.62', 'learning_rate': '1.98e-05', 'epoch': '1.022'}
{'loss': '0.2412', 'grad_norm': '30.89', 'learning_rate': '1.979e-05', 'epoch': '1.028'}
{'loss': '0.2157', 'grad_norm': '51.06', 'learning_rate': '1.979e-05', 'epoch': '1.034'}
{'loss': '0.2151', 'grad_norm': '44.28', 'learning_rate': '1.979e-05', 'epoch': '1.04'}
{'loss': '0.1999', 'grad_norm': '34.99', 'learning_rate': '1.979e-05', 'epoch': '1.046'}
{'loss': '0.2618', 'grad_norm': '32.96', 'learning_rate': '1.979e-05', 'epoch': '1.052'}
{'loss': '0.2816', 'grad_norm': '30.54', 'learning_rate': '1.979e-05', 'epoch': '1.058'}
{'loss': '0.1988', 'grad_norm': '13.16', 'learning_rate': '1.979e-05', 'epoch': '1.064'}
{'loss': '0.2015', 'grad_norm': '38.63', 'learning_rate': '1.979e-05', 'epoch': '1.071'}
{'loss': '0.2587', 'grad_norm': '22.18', 'learning_rate': '1.978e-05', 'epoch': '1.077'}
{'loss': '0.1827', 'grad_norm': '8.637', 'learning_rate': '1.978e-05', 'epoch': '1.083'}
{'loss': '0.2511', 'grad_norm': '10.3', 'learning_rate': '1.978e-05', 'epoch': '1.089'}
{'loss': '0.2225', 'grad_norm': '30.56', 'learning_rate': '1.978e-05', 'epoch': '1.095'}
{'loss': '0.2995', 'grad_norm': '31.26', 'learning_rate': '1.978e-05', 'epoch': '1.101'}
{'loss': '0.2189', 'grad_norm': '11.82', 'learning_rate': '1.978e-05', 'epoch': '1.107'}
{'loss': '0.1939', 'grad_norm': '51.46', 'learning_rate': '1.978e-05', 'epoch': '1.113'}
{'loss': '0.2497', 'grad_norm': '79.03', 'learning_rate': '1.978e-05', 'epoch': '1.119'}
{'loss': '0.2297', 'grad_norm': '80.8', 'learning_rate': '1.978e-05', 'epoch': '1.125'}
{'loss': '0.2014', 'grad_norm': '21.39', 'learning_rate': '1.977e-05', 'epoch': '1.131'}
{'loss': '0.2467', 'grad_norm': '22.22', 'learning_rate': '1.977e-05', 'epoch': '1.137'}
{'loss': '0.2184', 'grad_norm': '30.84', 'learning_rate': '1.977e-05', 'epoch': '1.144'}
{'loss': '0.2292', 'grad_norm': '59.47', 'learning_rate': '1.977e-05', 'epoch': '1.15'}
{'loss': '0.241', 'grad_norm': '23.96', 'learning_rate': '1.977e-05', 'epoch': '1.156'}
{'loss': '0.2593', 'grad_norm': '22.63', 'learning_rate': '1.977e-05', 'epoch': '1.162'}
{'loss': '0.1841', 'grad_norm': '17.09', 'learning_rate': '1.977e-05', 'epoch': '1.168'}
{'loss': '0.178', 'grad_norm': '11.49', 'learning_rate': '1.977e-05', 'epoch': '1.174'}
{'loss': '0.2354', 'grad_norm': '54.27', 'learning_rate': '1.976e-05', 'epoch': '1.18'}
{'loss': '0.1711', 'grad_norm': '13.66', 'learning_rate': '1.976e-05', 'epoch': '1.186'}
{'loss': '0.1649', 'grad_norm': '16.21', 'learning_rate': '1.976e-05', 'epoch': '1.192'}
{'loss': '0.2188', 'grad_norm': '74.67', 'learning_rate': '1.976e-05', 'epoch': '1.198'}
{'loss': '0.1957', 'grad_norm': '32.64', 'learning_rate': '1.976e-05', 'epoch': '1.204'}
{'loss': '0.1957', 'grad_norm': '22.33', 'learning_rate': '1.976e-05', 'epoch': '1.21'}
{'loss': '0.1543', 'grad_norm': '43.23', 'learning_rate': '1.976e-05', 'epoch': '1.217'}
{'loss': '0.2029', 'grad_norm': '23.84', 'learning_rate': '1.976e-05', 'epoch': '1.223'}
{'loss': '0.2512', 'grad_norm': '13.59', 'learning_rate': '1.975e-05', 'epoch': '1.229'}
{'loss': '0.1463', 'grad_norm': '50.42', 'learning_rate': '1.975e-05', 'epoch': '1.235'}
{'loss': '0.1795', 'grad_norm': '27.3', 'learning_rate': '1.975e-05', 'epoch': '1.241'}
{'loss': '0.1585', 'grad_norm': '11.7', 'learning_rate': '1.975e-05', 'epoch': '1.247'}
{'loss': '0.1959', 'grad_norm': '39.51', 'learning_rate': '1.975e-05', 'epoch': '1.253'}
{'loss': '0.205', 'grad_norm': '105.7', 'learning_rate': '1.975e-05', 'epoch': '1.259'}
{'loss': '0.1999', 'grad_norm': '22.3', 'learning_rate': '1.975e-05', 'epoch': '1.265'}
{'loss': '0.181', 'grad_norm': '44.5', 'learning_rate': '1.975e-05', 'epoch': '1.271'}
{'loss': '0.2627', 'grad_norm': '23.71', 'learning_rate': '1.974e-05', 'epoch': '1.277'}
{'loss': '0.1623', 'grad_norm': '21.19', 'learning_rate': '1.974e-05', 'epoch': '1.283'}
{'loss': '0.2486', 'grad_norm': '38.62', 'learning_rate': '1.974e-05', 'epoch': '1.29'}
{'loss': '0.1922', 'grad_norm': '7.151', 'learning_rate': '1.974e-05', 'epoch': '1.296'}
{'loss': '0.1796', 'grad_norm': '20.34', 'learning_rate': '1.974e-05', 'epoch': '1.302'}
{'loss': '0.2117', 'grad_norm': '26.96', 'learning_rate': '1.974e-05', 'epoch': '1.308'}
{'loss': '0.1986', 'grad_norm': '9.481', 'learning_rate': '1.974e-05', 'epoch': '1.314'}
{'loss': '0.2021', 'grad_norm': '41.82', 'learning_rate': '1.974e-05', 'epoch': '1.32'}
{'loss': '0.2383', 'grad_norm': '100', 'learning_rate': '1.973e-05', 'epoch': '1.326'}
{'loss': '0.1667', 'grad_norm': '22.33', 'learning_rate': '1.973e-05', 'epoch': '1.332'}
{'loss': '0.198', 'grad_norm': '34.99', 'learning_rate': '1.973e-05', 'epoch': '1.338'}
{'loss': '0.1989', 'grad_norm': '28.42', 'learning_rate': '1.973e-05', 'epoch': '1.344'}
{'loss': '0.2431', 'grad_norm': '19.03', 'learning_rate': '1.973e-05', 'epoch': '1.35'}
{'loss': '0.2173', 'grad_norm': '21.34', 'learning_rate': '1.973e-05', 'epoch': '1.356'}
{'loss': '0.1653', 'grad_norm': '21.2', 'learning_rate': '1.973e-05', 'epoch': '1.363'}
{'loss': '0.2127', 'grad_norm': '61.71', 'learning_rate': '1.973e-05', 'epoch': '1.369'}
{'loss': '0.1504', 'grad_norm': '7.61', 'learning_rate': '1.973e-05', 'epoch': '1.375'}
{'loss': '0.197', 'grad_norm': '250.3', 'learning_rate': '1.972e-05', 'epoch': '1.381'}
{'loss': '0.2012', 'grad_norm': '12.79', 'learning_rate': '1.972e-05', 'epoch': '1.387'}
{'loss': '0.2512', 'grad_norm': '7.455', 'learning_rate': '1.972e-05', 'epoch': '1.393'}
{'loss': '0.1627', 'grad_norm': '86.52', 'learning_rate': '1.972e-05', 'epoch': '1.399'}
{'loss': '0.1619', 'grad_norm': '127', 'learning_rate': '1.972e-05', 'epoch': '1.405'}
{'loss': '0.1953', 'grad_norm': '16.94', 'learning_rate': '1.972e-05', 'epoch': '1.411'}
{'loss': '0.2135', 'grad_norm': '22.55', 'learning_rate': '1.972e-05', 'epoch': '1.417'}
{'loss': '0.1329', 'grad_norm': '12.66', 'learning_rate': '1.972e-05', 'epoch': '1.423'}
{'loss': '0.1706', 'grad_norm': '84.21', 'learning_rate': '1.971e-05', 'epoch': '1.429'}
{'loss': '0.1236', 'grad_norm': '11.01', 'learning_rate': '1.971e-05', 'epoch': '1.436'}
{'loss': '0.1346', 'grad_norm': '48.85', 'learning_rate': '1.971e-05', 'epoch': '1.442'}
{'loss': '0.1654', 'grad_norm': '39.84', 'learning_rate': '1.971e-05', 'epoch': '1.448'}
{'loss': '0.1834', 'grad_norm': '32.88', 'learning_rate': '1.971e-05', 'epoch': '1.454'}
{'loss': '0.1567', 'grad_norm': '21.99', 'learning_rate': '1.971e-05', 'epoch': '1.46'}
{'loss': '0.2205', 'grad_norm': '43.47', 'learning_rate': '1.971e-05', 'epoch': '1.466'}
{'loss': '0.135', 'grad_norm': '21.53', 'learning_rate': '1.971e-05', 'epoch': '1.472'}
{'loss': '0.1572', 'grad_norm': '18.59', 'learning_rate': '1.97e-05', 'epoch': '1.478'}
{'loss': '0.157', 'grad_norm': '14.6', 'learning_rate': '1.97e-05', 'epoch': '1.484'}
{'loss': '0.1923', 'grad_norm': '11.86', 'learning_rate': '1.97e-05', 'epoch': '1.49'}
{'loss': '0.1604', 'grad_norm': '142.2', 'learning_rate': '1.97e-05', 'epoch': '1.496'}
{'loss': '0.1089', 'grad_norm': '7.121', 'learning_rate': '1.97e-05', 'epoch': '1.502'}
{'loss': '0.1666', 'grad_norm': '8.924', 'learning_rate': '1.97e-05', 'epoch': '1.509'}
{'loss': '0.1766', 'grad_norm': '27.82', 'learning_rate': '1.97e-05', 'epoch': '1.515'}
{'loss': '0.1353', 'grad_norm': '50.71', 'learning_rate': '1.97e-05', 'epoch': '1.521'}
{'loss': '0.1759', 'grad_norm': '10.31', 'learning_rate': '1.969e-05', 'epoch': '1.527'}
{'loss': '0.1654', 'grad_norm': '18.92', 'learning_rate': '1.969e-05', 'epoch': '1.533'}
{'loss': '0.1119', 'grad_norm': '26.48', 'learning_rate': '1.969e-05', 'epoch': '1.539'}
{'loss': '0.1605', 'grad_norm': '71.44', 'learning_rate': '1.969e-05', 'epoch': '1.545'}
{'loss': '0.2222', 'grad_norm': '5.453', 'learning_rate': '1.969e-05', 'epoch': '1.551'}
{'loss': '0.1246', 'grad_norm': '11.97', 'learning_rate': '1.969e-05', 'epoch': '1.557'}
{'loss': '0.1859', 'grad_norm': '144', 'learning_rate': '1.969e-05', 'epoch': '1.563'}
{'loss': '0.1873', 'grad_norm': '118.5', 'learning_rate': '1.969e-05', 'epoch': '1.569'}
{'loss': '0.1627', 'grad_norm': '6.411', 'learning_rate': '1.969e-05', 'epoch': '1.575'}
{'loss': '0.1299', 'grad_norm': '30.46', 'learning_rate': '1.968e-05', 'epoch': '1.582'}
{'loss': '0.1248', 'grad_norm': '21.31', 'learning_rate': '1.968e-05', 'epoch': '1.588'}
{'loss': '0.1319', 'grad_norm': '28.4', 'learning_rate': '1.968e-05', 'epoch': '1.594'}
{'loss': '0.1249', 'grad_norm': '108.3', 'learning_rate': '1.968e-05', 'epoch': '1.6'}
{'loss': '0.1681', 'grad_norm': '9.859', 'learning_rate': '1.968e-05', 'epoch': '1.606'}
{'loss': '0.124', 'grad_norm': '15.35', 'learning_rate': '1.968e-05', 'epoch': '1.612'}
{'loss': '0.1152', 'grad_norm': '72.08', 'learning_rate': '1.968e-05', 'epoch': '1.618'}
{'loss': '0.1384', 'grad_norm': '7.816', 'learning_rate': '1.968e-05', 'epoch': '1.624'}
{'loss': '0.1342', 'grad_norm': '7.876', 'learning_rate': '1.967e-05', 'epoch': '1.63'}
{'loss': '0.114', 'grad_norm': '22.66', 'learning_rate': '1.967e-05', 'epoch': '1.636'}
{'loss': '0.1352', 'grad_norm': '12.3', 'learning_rate': '1.967e-05', 'epoch': '1.642'}
{'loss': '0.174', 'grad_norm': '12.2', 'learning_rate': '1.967e-05', 'epoch': '1.648'}
{'loss': '0.1133', 'grad_norm': '31.13', 'learning_rate': '1.967e-05', 'epoch': '1.655'}
{'loss': '0.1473', 'grad_norm': '39.02', 'learning_rate': '1.967e-05', 'epoch': '1.661'}
{'loss': '0.1404', 'grad_norm': '30.33', 'learning_rate': '1.967e-05', 'epoch': '1.667'}
{'loss': '0.1222', 'grad_norm': '15.27', 'learning_rate': '1.967e-05', 'epoch': '1.673'}
{'loss': '0.1514', 'grad_norm': '6.488', 'learning_rate': '1.966e-05', 'epoch': '1.679'}
{'loss': '0.1597', 'grad_norm': '28.92', 'learning_rate': '1.966e-05', 'epoch': '1.685'}
{'loss': '0.1205', 'grad_norm': '13.3', 'learning_rate': '1.966e-05', 'epoch': '1.691'}
{'loss': '0.1393', 'grad_norm': '45.09', 'learning_rate': '1.966e-05', 'epoch': '1.697'}
{'loss': '0.1326', 'grad_norm': '18.99', 'learning_rate': '1.966e-05', 'epoch': '1.703'}
{'loss': '0.1467', 'grad_norm': '24.1', 'learning_rate': '1.966e-05', 'epoch': '1.709'}
{'loss': '0.1549', 'grad_norm': '52.28', 'learning_rate': '1.966e-05', 'epoch': '1.715'}
{'loss': '0.1668', 'grad_norm': '720.6', 'learning_rate': '1.966e-05', 'epoch': '1.721'}
{'loss': '0.1858', 'grad_norm': '31.47', 'learning_rate': '1.965e-05', 'epoch': '1.727'}
{'loss': '0.175', 'grad_norm': '15.57', 'learning_rate': '1.965e-05', 'epoch': '1.734'}
{'loss': '0.1634', 'grad_norm': '45.32', 'learning_rate': '1.965e-05', 'epoch': '1.74'}
{'loss': '0.141', 'grad_norm': '10.51', 'learning_rate': '1.965e-05', 'epoch': '1.746'}
{'loss': '0.1163', 'grad_norm': '9.251', 'learning_rate': '1.965e-05', 'epoch': '1.752'}
{'loss': '0.1058', 'grad_norm': '16.27', 'learning_rate': '1.965e-05', 'epoch': '1.758'}
{'loss': '0.09194', 'grad_norm': '11.34', 'learning_rate': '1.965e-05', 'epoch': '1.764'}
{'loss': '0.1594', 'grad_norm': '14.67', 'learning_rate': '1.965e-05', 'epoch': '1.77'}
{'loss': '0.1601', 'grad_norm': '15.58', 'learning_rate': '1.964e-05', 'epoch': '1.776'}
{'loss': '0.1264', 'grad_norm': '12.45', 'learning_rate': '1.964e-05', 'epoch': '1.782'}
{'loss': '0.1206', 'grad_norm': '26.63', 'learning_rate': '1.964e-05', 'epoch': '1.788'}
{'loss': '0.1225', 'grad_norm': '41.38', 'learning_rate': '1.964e-05', 'epoch': '1.794'}
{'loss': '0.1083', 'grad_norm': '103.3', 'learning_rate': '1.964e-05', 'epoch': '1.8'}
{'loss': '0.1286', 'grad_norm': '20.12', 'learning_rate': '1.964e-05', 'epoch': '1.807'}
{'loss': '0.1416', 'grad_norm': '59.19', 'learning_rate': '1.964e-05', 'epoch': '1.813'}
{'loss': '0.132', 'grad_norm': '17.46', 'learning_rate': '1.964e-05', 'epoch': '1.819'}
{'loss': '0.1752', 'grad_norm': '5.874', 'learning_rate': '1.964e-05', 'epoch': '1.825'}
{'loss': '0.1833', 'grad_norm': '8.534', 'learning_rate': '1.963e-05', 'epoch': '1.831'}
{'loss': '0.1081', 'grad_norm': '26.02', 'learning_rate': '1.963e-05', 'epoch': '1.837'}
{'loss': '0.1408', 'grad_norm': '65.94', 'learning_rate': '1.963e-05', 'epoch': '1.843'}
{'loss': '0.1332', 'grad_norm': '2.882', 'learning_rate': '1.963e-05', 'epoch': '1.849'}
{'loss': '0.1114', 'grad_norm': '10.2', 'learning_rate': '1.963e-05', 'epoch': '1.855'}
{'loss': '0.1317', 'grad_norm': '16.53', 'learning_rate': '1.963e-05', 'epoch': '1.861'}
{'loss': '0.1087', 'grad_norm': '3.107', 'learning_rate': '1.963e-05', 'epoch': '1.867'}
{'loss': '0.06431', 'grad_norm': '9.475', 'learning_rate': '1.963e-05', 'epoch': '1.873'}
{'loss': '0.1231', 'grad_norm': '16.18', 'learning_rate': '1.962e-05', 'epoch': '1.88'}
{'loss': '0.1036', 'grad_norm': '6.729', 'learning_rate': '1.962e-05', 'epoch': '1.886'}
{'loss': '0.1088', 'grad_norm': '14.29', 'learning_rate': '1.962e-05', 'epoch': '1.892'}
{'loss': '0.1517', 'grad_norm': '18.67', 'learning_rate': '1.962e-05', 'epoch': '1.898'}
{'loss': '0.09293', 'grad_norm': '10.56', 'learning_rate': '1.962e-05', 'epoch': '1.904'}
{'loss': '0.1423', 'grad_norm': '11.7', 'learning_rate': '1.962e-05', 'epoch': '1.91'}
{'loss': '0.127', 'grad_norm': '39.85', 'learning_rate': '1.962e-05', 'epoch': '1.916'}
{'loss': '0.1351', 'grad_norm': '14.16', 'learning_rate': '1.962e-05', 'epoch': '1.922'}
{'loss': '0.1046', 'grad_norm': '9.697', 'learning_rate': '1.961e-05', 'epoch': '1.928'}
{'loss': '0.191', 'grad_norm': '105.6', 'learning_rate': '1.961e-05', 'epoch': '1.934'}
{'loss': '0.1497', 'grad_norm': '6.474', 'learning_rate': '1.961e-05', 'epoch': '1.94'}
{'loss': '0.1418', 'grad_norm': '4.331', 'learning_rate': '1.961e-05', 'epoch': '1.946'}
{'loss': '0.1653', 'grad_norm': '62.8', 'learning_rate': '1.961e-05', 'epoch': '1.953'}
{'loss': '0.1011', 'grad_norm': '13.37', 'learning_rate': '1.961e-05', 'epoch': '1.959'}
{'loss': '0.1455', 'grad_norm': '13.39', 'learning_rate': '1.961e-05', 'epoch': '1.965'}
{'loss': '0.1263', 'grad_norm': '28.82', 'learning_rate': '1.961e-05', 'epoch': '1.971'}
{'loss': '0.1356', 'grad_norm': '10.53', 'learning_rate': '1.96e-05', 'epoch': '1.977'}
{'loss': '0.151', 'grad_norm': '17.63', 'learning_rate': '1.96e-05', 'epoch': '1.983'}
{'loss': '0.0931', 'grad_norm': '5.69', 'learning_rate': '1.96e-05', 'epoch': '1.989'}
{'loss': '0.1728', 'grad_norm': '88.52', 'learning_rate': '1.96e-05', 'epoch': '1.995'}
{'eval_loss': '0.3987', 'eval_accuracy': '0.9057', 'eval_precision': '0.9136', 'eval_recall': '0.9079', 'eval_f1': '0.9107', 'eval_runtime': '11.6', 'eval_samples_per_second': '1120', 'eval_steps_per_second': '17.59', 'epoch': '2'}
{'loss': '0.1008', 'grad_norm': '12.67', 'learning_rate': '1.96e-05', 'epoch': '2.001'}
{'loss': '0.1328', 'grad_norm': '31.94', 'learning_rate': '1.96e-05', 'epoch': '2.007'}
{'loss': '0.1482', 'grad_norm': '7.984', 'learning_rate': '1.96e-05', 'epoch': '2.013'}
{'loss': '0.121', 'grad_norm': '354.9', 'learning_rate': '1.96e-05', 'epoch': '2.019'}
{'loss': '0.1114', 'grad_norm': '14.91', 'learning_rate': '1.96e-05', 'epoch': '2.026'}
{'loss': '0.1161', 'grad_norm': '7.126', 'learning_rate': '1.959e-05', 'epoch': '2.032'}
{'loss': '0.1154', 'grad_norm': '29.18', 'learning_rate': '1.959e-05', 'epoch': '2.038'}
{'loss': '0.1532', 'grad_norm': '64.28', 'learning_rate': '1.959e-05', 'epoch': '2.044'}
{'loss': '0.09276', 'grad_norm': '7.244', 'learning_rate': '1.959e-05', 'epoch': '2.05'}
{'loss': '0.1211', 'grad_norm': '45.4', 'learning_rate': '1.959e-05', 'epoch': '2.056'}
{'loss': '0.1016', 'grad_norm': '24.82', 'learning_rate': '1.959e-05', 'epoch': '2.062'}
{'loss': '0.1168', 'grad_norm': '13.74', 'learning_rate': '1.959e-05', 'epoch': '2.068'}
{'loss': '0.09324', 'grad_norm': '11.17', 'learning_rate': '1.959e-05', 'epoch': '2.074'}
{'loss': '0.103', 'grad_norm': '5.362', 'learning_rate': '1.958e-05', 'epoch': '2.08'}
{'loss': '0.129', 'grad_norm': '17.9', 'learning_rate': '1.958e-05', 'epoch': '2.086'}
{'loss': '0.1303', 'grad_norm': '3.546', 'learning_rate': '1.958e-05', 'epoch': '2.092'}
{'loss': '0.1029', 'grad_norm': '1.924', 'learning_rate': '1.958e-05', 'epoch': '2.099'}
{'loss': '0.1698', 'grad_norm': '9.13', 'learning_rate': '1.958e-05', 'epoch': '2.105'}
{'loss': '0.1194', 'grad_norm': '48.68', 'learning_rate': '1.958e-05', 'epoch': '2.111'}
{'loss': '0.09631', 'grad_norm': '51.23', 'learning_rate': '1.958e-05', 'epoch': '2.117'}
{'loss': '0.08328', 'grad_norm': '15.48', 'learning_rate': '1.958e-05', 'epoch': '2.123'}
{'loss': '0.1499', 'grad_norm': '18.24', 'learning_rate': '1.957e-05', 'epoch': '2.129'}
{'loss': '0.08929', 'grad_norm': '14.27', 'learning_rate': '1.957e-05', 'epoch': '2.135'}
{'loss': '0.1139', 'grad_norm': '7.041', 'learning_rate': '1.957e-05', 'epoch': '2.141'}
{'loss': '0.1535', 'grad_norm': '7.964', 'learning_rate': '1.957e-05', 'epoch': '2.147'}
{'loss': '0.144', 'grad_norm': '36.52', 'learning_rate': '1.957e-05', 'epoch': '2.153'}
{'loss': '0.1296', 'grad_norm': '6.66', 'learning_rate': '1.957e-05', 'epoch': '2.159'}
{'loss': '0.1364', 'grad_norm': '30.09', 'learning_rate': '1.957e-05', 'epoch': '2.165'}
{'loss': '0.1106', 'grad_norm': '58.51', 'learning_rate': '1.957e-05', 'epoch': '2.172'}
{'loss': '0.1151', 'grad_norm': '24.8', 'learning_rate': '1.956e-05', 'epoch': '2.178'}
{'loss': '0.1235', 'grad_norm': '8.041', 'learning_rate': '1.956e-05', 'epoch': '2.184'}
{'loss': '0.1533', 'grad_norm': '71.25', 'learning_rate': '1.956e-05', 'epoch': '2.19'}
{'loss': '0.07466', 'grad_norm': '5.93', 'learning_rate': '1.956e-05', 'epoch': '2.196'}
{'loss': '0.1135', 'grad_norm': '40.49', 'learning_rate': '1.956e-05', 'epoch': '2.202'}
{'loss': '0.1518', 'grad_norm': '9.26', 'learning_rate': '1.956e-05', 'epoch': '2.208'}
{'loss': '0.1126', 'grad_norm': '31.69', 'learning_rate': '1.956e-05', 'epoch': '2.214'}
{'loss': '0.1724', 'grad_norm': '4.877', 'learning_rate': '1.956e-05', 'epoch': '2.22'}
{'loss': '0.1454', 'grad_norm': '12.13', 'learning_rate': '1.955e-05', 'epoch': '2.226'}
{'loss': '0.108', 'grad_norm': '5.216', 'learning_rate': '1.955e-05', 'epoch': '2.232'}
{'loss': '0.1331', 'grad_norm': '7.439', 'learning_rate': '1.955e-05', 'epoch': '2.238'}
{'loss': '0.1116', 'grad_norm': '8.269', 'learning_rate': '1.955e-05', 'epoch': '2.245'}
{'loss': '0.1062', 'grad_norm': '9.165', 'learning_rate': '1.955e-05', 'epoch': '2.251'}
{'loss': '0.1044', 'grad_norm': '30.97', 'learning_rate': '1.955e-05', 'epoch': '2.257'}
{'loss': '0.1488', 'grad_norm': '91.68', 'learning_rate': '1.955e-05', 'epoch': '2.263'}
{'loss': '0.1199', 'grad_norm': '13.95', 'learning_rate': '1.955e-05', 'epoch': '2.269'}
{'loss': '0.09749', 'grad_norm': '29.99', 'learning_rate': '1.955e-05', 'epoch': '2.275'}
{'loss': '0.1035', 'grad_norm': '18.52', 'learning_rate': '1.954e-05', 'epoch': '2.281'}
{'loss': '0.07206', 'grad_norm': '7.503', 'learning_rate': '1.954e-05', 'epoch': '2.287'}
{'loss': '0.07766', 'grad_norm': '9.323', 'learning_rate': '1.954e-05', 'epoch': '2.293'}
{'loss': '0.122', 'grad_norm': '2.471', 'learning_rate': '1.954e-05', 'epoch': '2.299'}
{'loss': '0.0947', 'grad_norm': '17.56', 'learning_rate': '1.954e-05', 'epoch': '2.305'}
{'loss': '0.1374', 'grad_norm': '10.46', 'learning_rate': '1.954e-05', 'epoch': '2.311'}
{'loss': '0.1136', 'grad_norm': '5.266', 'learning_rate': '1.954e-05', 'epoch': '2.318'}
{'loss': '0.1183', 'grad_norm': '66.59', 'learning_rate': '1.954e-05', 'epoch': '2.324'}
{'loss': '0.1213', 'grad_norm': '12.8', 'learning_rate': '1.953e-05', 'epoch': '2.33'}
{'loss': '0.134', 'grad_norm': '3.409', 'learning_rate': '1.953e-05', 'epoch': '2.336'}
{'loss': '0.1078', 'grad_norm': '22.68', 'learning_rate': '1.953e-05', 'epoch': '2.342'}
{'loss': '0.1225', 'grad_norm': '4.129', 'learning_rate': '1.953e-05', 'epoch': '2.348'}
{'loss': '0.1275', 'grad_norm': '18.21', 'learning_rate': '1.953e-05', 'epoch': '2.354'}
{'loss': '0.118', 'grad_norm': '18.25', 'learning_rate': '1.953e-05', 'epoch': '2.36'}
{'loss': '0.08274', 'grad_norm': '3.596', 'learning_rate': '1.953e-05', 'epoch': '2.366'}
{'loss': '0.07554', 'grad_norm': '16.94', 'learning_rate': '1.953e-05', 'epoch': '2.372'}
{'loss': '0.0996', 'grad_norm': '5.581', 'learning_rate': '1.952e-05', 'epoch': '2.378'}
{'loss': '0.1135', 'grad_norm': '29.13', 'learning_rate': '1.952e-05', 'epoch': '2.384'}
{'loss': '0.1133', 'grad_norm': '30.17', 'learning_rate': '1.952e-05', 'epoch': '2.391'}
{'loss': '0.09418', 'grad_norm': '14.35', 'learning_rate': '1.952e-05', 'epoch': '2.397'}
{'loss': '0.1022', 'grad_norm': '20.99', 'learning_rate': '1.952e-05', 'epoch': '2.403'}
{'loss': '0.08852', 'grad_norm': '40.49', 'learning_rate': '1.952e-05', 'epoch': '2.409'}
{'loss': '0.06622', 'grad_norm': '13.17', 'learning_rate': '1.952e-05', 'epoch': '2.415'}
{'loss': '0.1279', 'grad_norm': '7.975', 'learning_rate': '1.952e-05', 'epoch': '2.421'}
{'loss': '0.08419', 'grad_norm': '3.591', 'learning_rate': '1.951e-05', 'epoch': '2.427'}
{'loss': '0.101', 'grad_norm': '24.8', 'learning_rate': '1.951e-05', 'epoch': '2.433'}
{'loss': '0.1849', 'grad_norm': '15.01', 'learning_rate': '1.951e-05', 'epoch': '2.439'}
{'loss': '0.05956', 'grad_norm': '44.66', 'learning_rate': '1.951e-05', 'epoch': '2.445'}
{'loss': '0.07876', 'grad_norm': '20.44', 'learning_rate': '1.951e-05', 'epoch': '2.451'}
{'loss': '0.06743', 'grad_norm': '4.073', 'learning_rate': '1.951e-05', 'epoch': '2.457'}
{'loss': '0.04277', 'grad_norm': '9.914', 'learning_rate': '1.951e-05', 'epoch': '2.464'}
{'loss': '0.1493', 'grad_norm': '16.71', 'learning_rate': '1.951e-05', 'epoch': '2.47'}
{'loss': '0.0954', 'grad_norm': '53.07', 'learning_rate': '1.95e-05', 'epoch': '2.476'}
{'loss': '0.0683', 'grad_norm': '23.26', 'learning_rate': '1.95e-05', 'epoch': '2.482'}
{'loss': '0.04704', 'grad_norm': '20.32', 'learning_rate': '1.95e-05', 'epoch': '2.488'}
{'loss': '0.08693', 'grad_norm': '26.43', 'learning_rate': '1.95e-05', 'epoch': '2.494'}
{'loss': '0.07116', 'grad_norm': '21.92', 'learning_rate': '1.95e-05', 'epoch': '2.5'}
{'loss': '0.06147', 'grad_norm': '1.915', 'learning_rate': '1.95e-05', 'epoch': '2.506'}
{'loss': '0.08435', 'grad_norm': '1.796', 'learning_rate': '1.95e-05', 'epoch': '2.512'}
{'loss': '0.0996', 'grad_norm': '3.858', 'learning_rate': '1.95e-05', 'epoch': '2.518'}
{'loss': '0.1188', 'grad_norm': '13.3', 'learning_rate': '1.95e-05', 'epoch': '2.524'}
{'loss': '0.08616', 'grad_norm': '0.4576', 'learning_rate': '1.949e-05', 'epoch': '2.53'}
{'loss': '0.1164', 'grad_norm': '30.73', 'learning_rate': '1.949e-05', 'epoch': '2.536'}
{'loss': '0.07721', 'grad_norm': '8.878', 'learning_rate': '1.949e-05', 'epoch': '2.543'}
{'loss': '0.08983', 'grad_norm': '16.37', 'learning_rate': '1.949e-05', 'epoch': '2.549'}
{'loss': '0.1123', 'grad_norm': '9.673', 'learning_rate': '1.949e-05', 'epoch': '2.555'}
{'loss': '0.1301', 'grad_norm': '8.089', 'learning_rate': '1.949e-05', 'epoch': '2.561'}
{'loss': '0.1313', 'grad_norm': '2.607', 'learning_rate': '1.949e-05', 'epoch': '2.567'}
{'loss': '0.08466', 'grad_norm': '8.198', 'learning_rate': '1.949e-05', 'epoch': '2.573'}
{'loss': '0.07218', 'grad_norm': '5.371', 'learning_rate': '1.948e-05', 'epoch': '2.579'}
{'loss': '0.1214', 'grad_norm': '0.09357', 'learning_rate': '1.948e-05', 'epoch': '2.585'}
{'loss': '0.07922', 'grad_norm': '35.47', 'learning_rate': '1.948e-05', 'epoch': '2.591'}
{'loss': '0.09078', 'grad_norm': '8.686', 'learning_rate': '1.948e-05', 'epoch': '2.597'}
{'loss': '0.04505', 'grad_norm': '7.092', 'learning_rate': '1.948e-05', 'epoch': '2.603'}
{'loss': '0.1064', 'grad_norm': '6.968', 'learning_rate': '1.948e-05', 'epoch': '2.609'}
{'loss': '0.08525', 'grad_norm': '9.698', 'learning_rate': '1.948e-05', 'epoch': '2.616'}
{'loss': '0.09762', 'grad_norm': '6.982', 'learning_rate': '1.948e-05', 'epoch': '2.622'}
{'loss': '0.05975', 'grad_norm': '18.03', 'learning_rate': '1.947e-05', 'epoch': '2.628'}
{'loss': '0.08691', 'grad_norm': '9.29', 'learning_rate': '1.947e-05', 'epoch': '2.634'}
{'loss': '0.1167', 'grad_norm': '10.66', 'learning_rate': '1.947e-05', 'epoch': '2.64'}
{'loss': '0.08968', 'grad_norm': '5.742', 'learning_rate': '1.947e-05', 'epoch': '2.646'}
{'loss': '0.08872', 'grad_norm': '8.599', 'learning_rate': '1.947e-05', 'epoch': '2.652'}
{'loss': '0.09874', 'grad_norm': '7.574', 'learning_rate': '1.947e-05', 'epoch': '2.658'}
{'loss': '0.126', 'grad_norm': '7.211', 'learning_rate': '1.947e-05', 'epoch': '2.664'}
{'loss': '0.06561', 'grad_norm': '1.602', 'learning_rate': '1.947e-05', 'epoch': '2.67'}
{'loss': '0.08452', 'grad_norm': '2.346', 'learning_rate': '1.946e-05', 'epoch': '2.676'}
{'loss': '0.1262', 'grad_norm': '6.034', 'learning_rate': '1.946e-05', 'epoch': '2.682'}
{'loss': '0.09197', 'grad_norm': '10.95', 'learning_rate': '1.946e-05', 'epoch': '2.689'}
{'loss': '0.0795', 'grad_norm': '6.362', 'learning_rate': '1.946e-05', 'epoch': '2.695'}
{'loss': '0.06769', 'grad_norm': '7.579', 'learning_rate': '1.946e-05', 'epoch': '2.701'}
{'loss': '0.07976', 'grad_norm': '14.45', 'learning_rate': '1.946e-05', 'epoch': '2.707'}
{'loss': '0.0898', 'grad_norm': '5.16', 'learning_rate': '1.946e-05', 'epoch': '2.713'}
{'loss': '0.06116', 'grad_norm': '8.068', 'learning_rate': '1.946e-05', 'epoch': '2.719'}
{'loss': '0.1123', 'grad_norm': '9.267', 'learning_rate': '1.946e-05', 'epoch': '2.725'}
{'loss': '0.1212', 'grad_norm': '6.012', 'learning_rate': '1.945e-05', 'epoch': '2.731'}
{'loss': '0.06376', 'grad_norm': '10.08', 'learning_rate': '1.945e-05', 'epoch': '2.737'}
{'loss': '0.1474', 'grad_norm': '88.76', 'learning_rate': '1.945e-05', 'epoch': '2.743'}
{'loss': '0.07964', 'grad_norm': '30.84', 'learning_rate': '1.945e-05', 'epoch': '2.749'}
{'loss': '0.09291', 'grad_norm': '10.69', 'learning_rate': '1.945e-05', 'epoch': '2.755'}
{'loss': '0.09336', 'grad_norm': '1.473', 'learning_rate': '1.945e-05', 'epoch': '2.762'}
{'loss': '0.1532', 'grad_norm': '48.45', 'learning_rate': '1.945e-05', 'epoch': '2.768'}
{'loss': '0.1334', 'grad_norm': '12.92', 'learning_rate': '1.945e-05', 'epoch': '2.774'}
{'loss': '0.09661', 'grad_norm': '10.63', 'learning_rate': '1.944e-05', 'epoch': '2.78'}
{'loss': '0.06375', 'grad_norm': '3.353', 'learning_rate': '1.944e-05', 'epoch': '2.786'}
{'loss': '0.08722', 'grad_norm': '18.08', 'learning_rate': '1.944e-05', 'epoch': '2.792'}
{'loss': '0.09638', 'grad_norm': '14.58', 'learning_rate': '1.944e-05', 'epoch': '2.798'}
{'loss': '0.07054', 'grad_norm': '5.015', 'learning_rate': '1.944e-05', 'epoch': '2.804'}
{'loss': '0.1001', 'grad_norm': '15.84', 'learning_rate': '1.944e-05', 'epoch': '2.81'}
{'loss': '0.05593', 'grad_norm': '0.5821', 'learning_rate': '1.944e-05', 'epoch': '2.816'}
{'loss': '0.1229', 'grad_norm': '0.9931', 'learning_rate': '1.944e-05', 'epoch': '2.822'}
{'loss': '0.08675', 'grad_norm': '13.57', 'learning_rate': '1.943e-05', 'epoch': '2.828'}
{'loss': '0.08511', 'grad_norm': '0.7924', 'learning_rate': '1.943e-05', 'epoch': '2.835'}
{'loss': '0.08719', 'grad_norm': '116.2', 'learning_rate': '1.943e-05', 'epoch': '2.841'}
{'loss': '0.1173', 'grad_norm': '7.382', 'learning_rate': '1.943e-05', 'epoch': '2.847'}
{'loss': '0.07254', 'grad_norm': '0.9437', 'learning_rate': '1.943e-05', 'epoch': '2.853'}
{'loss': '0.06576', 'grad_norm': '16.88', 'learning_rate': '1.943e-05', 'epoch': '2.859'}
{'loss': '0.07393', 'grad_norm': '12.7', 'learning_rate': '1.943e-05', 'epoch': '2.865'}
{'loss': '0.09439', 'grad_norm': '13.49', 'learning_rate': '1.943e-05', 'epoch': '2.871'}
{'loss': '0.06341', 'grad_norm': '4.359', 'learning_rate': '1.942e-05', 'epoch': '2.877'}
{'loss': '0.06842', 'grad_norm': '6.598', 'learning_rate': '1.942e-05', 'epoch': '2.883'}
{'loss': '0.07389', 'grad_norm': '12.06', 'learning_rate': '1.942e-05', 'epoch': '2.889'}
{'loss': '0.07535', 'grad_norm': '25.48', 'learning_rate': '1.942e-05', 'epoch': '2.895'}
{'loss': '0.05637', 'grad_norm': '5.985', 'learning_rate': '1.942e-05', 'epoch': '2.901'}
{'loss': '0.1192', 'grad_norm': '93.35', 'learning_rate': '1.942e-05', 'epoch': '2.908'}
{'loss': '0.09158', 'grad_norm': '87.12', 'learning_rate': '1.942e-05', 'epoch': '2.914'}
{'loss': '0.1074', 'grad_norm': '27.68', 'learning_rate': '1.942e-05', 'epoch': '2.92'}
{'loss': '0.0765', 'grad_norm': '15.03', 'learning_rate': '1.941e-05', 'epoch': '2.926'}
{'loss': '0.06519', 'grad_norm': '1.929', 'learning_rate': '1.941e-05', 'epoch': '2.932'}
{'loss': '0.07193', 'grad_norm': '0.8409', 'learning_rate': '1.941e-05', 'epoch': '2.938'}
{'loss': '0.06976', 'grad_norm': '8.075', 'learning_rate': '1.941e-05', 'epoch': '2.944'}
{'loss': '0.1159', 'grad_norm': '23.01', 'learning_rate': '1.941e-05', 'epoch': '2.95'}
{'loss': '0.1013', 'grad_norm': '24.14', 'learning_rate': '1.941e-05', 'epoch': '2.956'}
{'loss': '0.09711', 'grad_norm': '28.67', 'learning_rate': '1.941e-05', 'epoch': '2.962'}
{'loss': '0.0733', 'grad_norm': '0.9058', 'learning_rate': '1.941e-05', 'epoch': '2.968'}
{'loss': '0.1193', 'grad_norm': '0.5814', 'learning_rate': '1.941e-05', 'epoch': '2.974'}
{'loss': '0.09531', 'grad_norm': '1.029', 'learning_rate': '1.94e-05', 'epoch': '2.981'}
{'loss': '0.1258', 'grad_norm': '69.52', 'learning_rate': '1.94e-05', 'epoch': '2.987'}
{'loss': '0.02756', 'grad_norm': '4.356', 'learning_rate': '1.94e-05', 'epoch': '2.993'}
{'loss': '0.08735', 'grad_norm': '19.98', 'learning_rate': '1.94e-05', 'epoch': '2.999'}
{'eval_loss': '0.5515', 'eval_accuracy': '0.9047', 'eval_precision': '0.9094', 'eval_recall': '0.9106', 'eval_f1': '0.91', 'eval_runtime': '11.59', 'eval_samples_per_second': '1121', 'eval_steps_per_second': '17.6', 'epoch': '3'}
{'loss': '0.05034', 'grad_norm': '1.322', 'learning_rate': '1.94e-05', 'epoch': '3.005'}
{'loss': '0.09012', 'grad_norm': '0.7573', 'learning_rate': '1.94e-05', 'epoch': '3.011'}
{'loss': '0.0553', 'grad_norm': '52.14', 'learning_rate': '1.94e-05', 'epoch': '3.017'}
{'loss': '0.08074', 'grad_norm': '6.191', 'learning_rate': '1.94e-05', 'epoch': '3.023'}
{'loss': '0.1231', 'grad_norm': '18.73', 'learning_rate': '1.939e-05', 'epoch': '3.029'}
{'loss': '0.05798', 'grad_norm': '2.643', 'learning_rate': '1.939e-05', 'epoch': '3.035'}
{'loss': '0.04882', 'grad_norm': '5.758', 'learning_rate': '1.939e-05', 'epoch': '3.041'}
{'loss': '0.07974', 'grad_norm': '2.408', 'learning_rate': '1.939e-05', 'epoch': '3.047'}
{'loss': '0.07381', 'grad_norm': '8.652', 'learning_rate': '1.939e-05', 'epoch': '3.054'}
{'loss': '0.04709', 'grad_norm': '2.308', 'learning_rate': '1.939e-05', 'epoch': '3.06'}
{'loss': '0.03714', 'grad_norm': '10.91', 'learning_rate': '1.939e-05', 'epoch': '3.066'}
{'loss': '0.06482', 'grad_norm': '3.65', 'learning_rate': '1.939e-05', 'epoch': '3.072'}
{'loss': '0.09621', 'grad_norm': '14.46', 'learning_rate': '1.938e-05', 'epoch': '3.078'}
{'loss': '0.09271', 'grad_norm': '6.164', 'learning_rate': '1.938e-05', 'epoch': '3.084'}
{'loss': '0.07874', 'grad_norm': '0.2792', 'learning_rate': '1.938e-05', 'epoch': '3.09'}
{'loss': '0.08384', 'grad_norm': '27.27', 'learning_rate': '1.938e-05', 'epoch': '3.096'}
{'loss': '0.0584', 'grad_norm': '19.69', 'learning_rate': '1.938e-05', 'epoch': '3.102'}
{'loss': '0.09888', 'grad_norm': '7.908', 'learning_rate': '1.938e-05', 'epoch': '3.108'}
{'loss': '0.04555', 'grad_norm': '0.3276', 'learning_rate': '1.938e-05', 'epoch': '3.114'}
{'loss': '0.05009', 'grad_norm': '10.75', 'learning_rate': '1.938e-05', 'epoch': '3.12'}
{'loss': '0.08249', 'grad_norm': '1.405', 'learning_rate': '1.937e-05', 'epoch': '3.127'}
{'loss': '0.08768', 'grad_norm': '235.3', 'learning_rate': '1.937e-05', 'epoch': '3.133'}
{'loss': '0.06216', 'grad_norm': '13.87', 'learning_rate': '1.937e-05', 'epoch': '3.139'}
{'loss': '0.04848', 'grad_norm': '11.49', 'learning_rate': '1.937e-05', 'epoch': '3.145'}
{'loss': '0.08082', 'grad_norm': '43.96', 'learning_rate': '1.937e-05', 'epoch': '3.151'}
{'loss': '0.06329', 'grad_norm': '0.2241', 'learning_rate': '1.937e-05', 'epoch': '3.157'}
{'loss': '0.07769', 'grad_norm': '18.3', 'learning_rate': '1.937e-05', 'epoch': '3.163'}
{'loss': '0.08159', 'grad_norm': '18.76', 'learning_rate': '1.937e-05', 'epoch': '3.169'}
{'loss': '0.137', 'grad_norm': '13.08', 'learning_rate': '1.937e-05', 'epoch': '3.175'}
{'loss': '0.09458', 'grad_norm': '8.088', 'learning_rate': '1.936e-05', 'epoch': '3.181'}
{'loss': '0.06745', 'grad_norm': '6.708', 'learning_rate': '1.936e-05', 'epoch': '3.187'}
{'loss': '0.05173', 'grad_norm': '34.78', 'learning_rate': '1.936e-05', 'epoch': '3.193'}
{'loss': '0.04301', 'grad_norm': '5.743', 'learning_rate': '1.936e-05', 'epoch': '3.2'}
{'loss': '0.08703', 'grad_norm': '6.059', 'learning_rate': '1.936e-05', 'epoch': '3.206'}
{'loss': '0.02296', 'grad_norm': '9.218', 'learning_rate': '1.936e-05', 'epoch': '3.212'}
{'loss': '0.0985', 'grad_norm': '18.7', 'learning_rate': '1.936e-05', 'epoch': '3.218'}
{'loss': '0.06074', 'grad_norm': '2.6', 'learning_rate': '1.936e-05', 'epoch': '3.224'}
{'loss': '0.04508', 'grad_norm': '5.619', 'learning_rate': '1.935e-05', 'epoch': '3.23'}
{'loss': '0.1539', 'grad_norm': '67.09', 'learning_rate': '1.935e-05', 'epoch': '3.236'}
{'loss': '0.09979', 'grad_norm': '381.7', 'learning_rate': '1.935e-05', 'epoch': '3.242'}
{'loss': '0.05727', 'grad_norm': '5.167', 'learning_rate': '1.935e-05', 'epoch': '3.248'}
{'loss': '0.1108', 'grad_norm': '41.42', 'learning_rate': '1.935e-05', 'epoch': '3.254'}
{'loss': '0.1421', 'grad_norm': '38.9', 'learning_rate': '1.935e-05', 'epoch': '3.26'}
{'loss': '0.0413', 'grad_norm': '4.56', 'learning_rate': '1.935e-05', 'epoch': '3.266'}
{'loss': '0.07601', 'grad_norm': '13.27', 'learning_rate': '1.935e-05', 'epoch': '3.273'}
{'loss': '0.09888', 'grad_norm': '7.229', 'learning_rate': '1.934e-05', 'epoch': '3.279'}
{'loss': '0.06084', 'grad_norm': '1.765', 'learning_rate': '1.934e-05', 'epoch': '3.285'}
{'loss': '0.08571', 'grad_norm': '156.7', 'learning_rate': '1.934e-05', 'epoch': '3.291'}
{'loss': '0.07089', 'grad_norm': '15.88', 'learning_rate': '1.934e-05', 'epoch': '3.297'}
{'loss': '0.061', 'grad_norm': '12.13', 'learning_rate': '1.934e-05', 'epoch': '3.303'}
{'loss': '0.08386', 'grad_norm': '2.47', 'learning_rate': '1.934e-05', 'epoch': '3.309'}
{'loss': '0.09398', 'grad_norm': '0.5702', 'learning_rate': '1.934e-05', 'epoch': '3.315'}
{'loss': '0.1343', 'grad_norm': '11.82', 'learning_rate': '1.934e-05', 'epoch': '3.321'}
{'loss': '0.04508', 'grad_norm': '5.145', 'learning_rate': '1.933e-05', 'epoch': '3.327'}
{'loss': '0.06692', 'grad_norm': '0.5734', 'learning_rate': '1.933e-05', 'epoch': '3.333'}
{'loss': '0.04224', 'grad_norm': '108.1', 'learning_rate': '1.933e-05', 'epoch': '3.339'}
{'loss': '0.08133', 'grad_norm': '63.35', 'learning_rate': '1.933e-05', 'epoch': '3.345'}
{'loss': '0.04169', 'grad_norm': '3.969', 'learning_rate': '1.933e-05', 'epoch': '3.352'}
{'loss': '0.05645', 'grad_norm': '12.9', 'learning_rate': '1.933e-05', 'epoch': '3.358'}
{'loss': '0.06571', 'grad_norm': '19.79', 'learning_rate': '1.933e-05', 'epoch': '3.364'}
{'loss': '0.08026', 'grad_norm': '13.01', 'learning_rate': '1.933e-05', 'epoch': '3.37'}
{'loss': '0.07773', 'grad_norm': '14.49', 'learning_rate': '1.932e-05', 'epoch': '3.376'}
{'loss': '0.04714', 'grad_norm': '34.71', 'learning_rate': '1.932e-05', 'epoch': '3.382'}
{'loss': '0.1229', 'grad_norm': '5.713', 'learning_rate': '1.932e-05', 'epoch': '3.388'}
{'loss': '0.08092', 'grad_norm': '41.83', 'learning_rate': '1.932e-05', 'epoch': '3.394'}
{'loss': '0.07572', 'grad_norm': '1.136', 'learning_rate': '1.932e-05', 'epoch': '3.4'}
{'loss': '0.08977', 'grad_norm': '10.3', 'learning_rate': '1.932e-05', 'epoch': '3.406'}
{'loss': '0.03334', 'grad_norm': '2.378', 'learning_rate': '1.932e-05', 'epoch': '3.412'}
{'loss': '0.02416', 'grad_norm': '1.489', 'learning_rate': '1.932e-05', 'epoch': '3.418'}
{'loss': '0.06711', 'grad_norm': '2.163', 'learning_rate': '1.932e-05', 'epoch': '3.425'}
{'loss': '0.07032', 'grad_norm': '7.725', 'learning_rate': '1.931e-05', 'epoch': '3.431'}
{'loss': '0.09688', 'grad_norm': '30.52', 'learning_rate': '1.931e-05', 'epoch': '3.437'}
{'loss': '0.06623', 'grad_norm': '33.77', 'learning_rate': '1.931e-05', 'epoch': '3.443'}
{'loss': '0.04967', 'grad_norm': '7.852', 'learning_rate': '1.931e-05', 'epoch': '3.449'}
{'loss': '0.02604', 'grad_norm': '13', 'learning_rate': '1.931e-05', 'epoch': '3.455'}
{'loss': '0.07824', 'grad_norm': '47.34', 'learning_rate': '1.931e-05', 'epoch': '3.461'}
{'loss': '0.06449', 'grad_norm': '13.69', 'learning_rate': '1.931e-05', 'epoch': '3.467'}
{'loss': '0.0615', 'grad_norm': '0.248', 'learning_rate': '1.931e-05', 'epoch': '3.473'}
{'loss': '0.07256', 'grad_norm': '13.49', 'learning_rate': '1.93e-05', 'epoch': '3.479'}
{'loss': '0.09736', 'grad_norm': '29.94', 'learning_rate': '1.93e-05', 'epoch': '3.485'}
{'loss': '0.02508', 'grad_norm': '0.347', 'learning_rate': '1.93e-05', 'epoch': '3.491'}
{'loss': '0.02696', 'grad_norm': '10.35', 'learning_rate': '1.93e-05', 'epoch': '3.498'}
{'loss': '0.09609', 'grad_norm': '12.58', 'learning_rate': '1.93e-05', 'epoch': '3.504'}
{'loss': '0.06195', 'grad_norm': '3.056', 'learning_rate': '1.93e-05', 'epoch': '3.51'}
{'loss': '0.07193', 'grad_norm': '6.175', 'learning_rate': '1.93e-05', 'epoch': '3.516'}
{'loss': '0.03359', 'grad_norm': '2.1', 'learning_rate': '1.93e-05', 'epoch': '3.522'}
{'loss': '0.06466', 'grad_norm': '0.5262', 'learning_rate': '1.929e-05', 'epoch': '3.528'}
{'loss': '0.01813', 'grad_norm': '20.02', 'learning_rate': '1.929e-05', 'epoch': '3.534'}
{'loss': '0.06329', 'grad_norm': '7.02', 'learning_rate': '1.929e-05', 'epoch': '3.54'}
{'loss': '0.1187', 'grad_norm': '5.504', 'learning_rate': '1.929e-05', 'epoch': '3.546'}
{'loss': '0.06564', 'grad_norm': '161.1', 'learning_rate': '1.929e-05', 'epoch': '3.552'}
{'loss': '0.07488', 'grad_norm': '15.99', 'learning_rate': '1.929e-05', 'epoch': '3.558'}
{'loss': '0.1105', 'grad_norm': '3.686', 'learning_rate': '1.929e-05', 'epoch': '3.564'}
{'loss': '0.07475', 'grad_norm': '1.849', 'learning_rate': '1.929e-05', 'epoch': '3.571'}
{'loss': '0.06306', 'grad_norm': '0.3027', 'learning_rate': '1.928e-05', 'epoch': '3.577'}
{'loss': '0.06288', 'grad_norm': '0.1844', 'learning_rate': '1.928e-05', 'epoch': '3.583'}
{'loss': '0.04378', 'grad_norm': '6.074', 'learning_rate': '1.928e-05', 'epoch': '3.589'}
{'loss': '0.03739', 'grad_norm': '1.561', 'learning_rate': '1.928e-05', 'epoch': '3.595'}
{'loss': '0.09857', 'grad_norm': '129', 'learning_rate': '1.928e-05', 'epoch': '3.601'}
{'loss': '0.06456', 'grad_norm': '10.69', 'learning_rate': '1.928e-05', 'epoch': '3.607'}
{'loss': '0.04575', 'grad_norm': '12.75', 'learning_rate': '1.928e-05', 'epoch': '3.613'}
{'loss': '0.1281', 'grad_norm': '1.573', 'learning_rate': '1.928e-05', 'epoch': '3.619'}
{'loss': '0.05768', 'grad_norm': '0.5211', 'learning_rate': '1.928e-05', 'epoch': '3.625'}
{'loss': '0.08352', 'grad_norm': '16.19', 'learning_rate': '1.927e-05', 'epoch': '3.631'}
{'loss': '0.09187', 'grad_norm': '1.576', 'learning_rate': '1.927e-05', 'epoch': '3.637'}
{'loss': '0.06062', 'grad_norm': '11.06', 'learning_rate': '1.927e-05', 'epoch': '3.644'}
{'loss': '0.09115', 'grad_norm': '10.13', 'learning_rate': '1.927e-05', 'epoch': '3.65'}
{'loss': '0.0743', 'grad_norm': '16.35', 'learning_rate': '1.927e-05', 'epoch': '3.656'}
{'loss': '0.05907', 'grad_norm': '0.5691', 'learning_rate': '1.927e-05', 'epoch': '3.662'}
{'loss': '0.06185', 'grad_norm': '78.3', 'learning_rate': '1.927e-05', 'epoch': '3.668'}
{'loss': '0.1334', 'grad_norm': '18.04', 'learning_rate': '1.927e-05', 'epoch': '3.674'}
{'loss': '0.03637', 'grad_norm': '8.178', 'learning_rate': '1.926e-05', 'epoch': '3.68'}
{'loss': '0.06648', 'grad_norm': '3.231', 'learning_rate': '1.926e-05', 'epoch': '3.686'}
{'loss': '0.04927', 'grad_norm': '5.544', 'learning_rate': '1.926e-05', 'epoch': '3.692'}
{'loss': '0.1062', 'grad_norm': '6.939', 'learning_rate': '1.926e-05', 'epoch': '3.698'}
{'loss': '0.05003', 'grad_norm': '0.9688', 'learning_rate': '1.926e-05', 'epoch': '3.704'}
{'loss': '0.05702', 'grad_norm': '8.415', 'learning_rate': '1.926e-05', 'epoch': '3.71'}
{'loss': '0.09974', 'grad_norm': '1.937', 'learning_rate': '1.926e-05', 'epoch': '3.717'}
{'loss': '0.06757', 'grad_norm': '27.31', 'learning_rate': '1.926e-05', 'epoch': '3.723'}
{'loss': '0.03495', 'grad_norm': '3.247', 'learning_rate': '1.925e-05', 'epoch': '3.729'}
{'loss': '0.0424', 'grad_norm': '1.277', 'learning_rate': '1.925e-05', 'epoch': '3.735'}
{'loss': '0.02579', 'grad_norm': '8.077', 'learning_rate': '1.925e-05', 'epoch': '3.741'}
{'loss': '0.04334', 'grad_norm': '15.73', 'learning_rate': '1.925e-05', 'epoch': '3.747'}
{'loss': '0.04551', 'grad_norm': '0.8222', 'learning_rate': '1.925e-05', 'epoch': '3.753'}
{'loss': '0.07816', 'grad_norm': '2.12', 'learning_rate': '1.925e-05', 'epoch': '3.759'}
{'loss': '0.03302', 'grad_norm': '2.262', 'learning_rate': '1.925e-05', 'epoch': '3.765'}
{'loss': '0.04601', 'grad_norm': '0.3336', 'learning_rate': '1.925e-05', 'epoch': '3.771'}
{'loss': '0.07615', 'grad_norm': '7.237', 'learning_rate': '1.924e-05', 'epoch': '3.777'}
{'loss': '0.04795', 'grad_norm': '256', 'learning_rate': '1.924e-05', 'epoch': '3.783'}
{'loss': '0.03773', 'grad_norm': '9.127', 'learning_rate': '1.924e-05', 'epoch': '3.79'}
{'loss': '0.07623', 'grad_norm': '1.852', 'learning_rate': '1.924e-05', 'epoch': '3.796'}
{'loss': '0.05101', 'grad_norm': '10.01', 'learning_rate': '1.924e-05', 'epoch': '3.802'}
{'loss': '0.06734', 'grad_norm': '58.82', 'learning_rate': '1.924e-05', 'epoch': '3.808'}
{'loss': '0.04533', 'grad_norm': '5.35', 'learning_rate': '1.924e-05', 'epoch': '3.814'}
{'loss': '0.04633', 'grad_norm': '13.13', 'learning_rate': '1.924e-05', 'epoch': '3.82'}
{'loss': '0.05185', 'grad_norm': '0.8427', 'learning_rate': '1.923e-05', 'epoch': '3.826'}
{'loss': '0.05268', 'grad_norm': '9.906', 'learning_rate': '1.923e-05', 'epoch': '3.832'}
{'loss': '0.0991', 'grad_norm': '20.8', 'learning_rate': '1.923e-05', 'epoch': '3.838'}
{'loss': '0.01858', 'grad_norm': '11.77', 'learning_rate': '1.923e-05', 'epoch': '3.844'}
{'loss': '0.1201', 'grad_norm': '3.174', 'learning_rate': '1.923e-05', 'epoch': '3.85'}
{'loss': '0.07066', 'grad_norm': '4.506', 'learning_rate': '1.923e-05', 'epoch': '3.856'}
{'loss': '0.06248', 'grad_norm': '37.47', 'learning_rate': '1.923e-05', 'epoch': '3.863'}
{'loss': '0.05665', 'grad_norm': '2.311', 'learning_rate': '1.923e-05', 'epoch': '3.869'}
{'loss': '0.02996', 'grad_norm': '1.518', 'learning_rate': '1.923e-05', 'epoch': '3.875'}
{'loss': '0.04181', 'grad_norm': '65.2', 'learning_rate': '1.922e-05', 'epoch': '3.881'}
{'loss': '0.07708', 'grad_norm': '29.91', 'learning_rate': '1.922e-05', 'epoch': '3.887'}
{'loss': '0.06161', 'grad_norm': '9.397', 'learning_rate': '1.922e-05', 'epoch': '3.893'}
{'loss': '0.1147', 'grad_norm': '3.221', 'learning_rate': '1.922e-05', 'epoch': '3.899'}
{'loss': '0.09177', 'grad_norm': '10.95', 'learning_rate': '1.922e-05', 'epoch': '3.905'}
{'loss': '0.03896', 'grad_norm': '0.6307', 'learning_rate': '1.922e-05', 'epoch': '3.911'}
{'loss': '0.06287', 'grad_norm': '31.88', 'learning_rate': '1.922e-05', 'epoch': '3.917'}
{'loss': '0.05959', 'grad_norm': '9.035', 'learning_rate': '1.922e-05', 'epoch': '3.923'}
{'loss': '0.03799', 'grad_norm': '19.65', 'learning_rate': '1.921e-05', 'epoch': '3.929'}
{'loss': '0.01834', 'grad_norm': '0.1247', 'learning_rate': '1.921e-05', 'epoch': '3.936'}
{'loss': '0.06392', 'grad_norm': '4.469', 'learning_rate': '1.921e-05', 'epoch': '3.942'}
{'loss': '0.05906', 'grad_norm': '6.11', 'learning_rate': '1.921e-05', 'epoch': '3.948'}
{'loss': '0.06757', 'grad_norm': '0.3434', 'learning_rate': '1.921e-05', 'epoch': '3.954'}
{'loss': '0.0524', 'grad_norm': '10.13', 'learning_rate': '1.921e-05', 'epoch': '3.96'}
{'loss': '0.04609', 'grad_norm': '4.216', 'learning_rate': '1.921e-05', 'epoch': '3.966'}
{'loss': '0.04932', 'grad_norm': '0.1276', 'learning_rate': '1.921e-05', 'epoch': '3.972'}
{'loss': '0.109', 'grad_norm': '9.121', 'learning_rate': '1.92e-05', 'epoch': '3.978'}
{'loss': '0.1136', 'grad_norm': '7.747', 'learning_rate': '1.92e-05', 'epoch': '3.984'}
{'loss': '0.1014', 'grad_norm': '24.02', 'learning_rate': '1.92e-05', 'epoch': '3.99'}
{'loss': '0.04521', 'grad_norm': '0.5917', 'learning_rate': '1.92e-05', 'epoch': '3.996'}
{'eval_loss': '0.6609', 'eval_accuracy': '0.9067', 'eval_precision': '0.9096', 'eval_recall': '0.9148', 'eval_f1': '0.9122', 'eval_runtime': '11.6', 'eval_samples_per_second': '1120', 'eval_steps_per_second': '17.59', 'epoch': '4'}
{'loss': '0.03987', 'grad_norm': '4.37', 'learning_rate': '1.92e-05', 'epoch': '4.002'}
{'loss': '0.03867', 'grad_norm': '21.96', 'learning_rate': '1.92e-05', 'epoch': '4.009'}
{'loss': '0.04694', 'grad_norm': '1.681', 'learning_rate': '1.92e-05', 'epoch': '4.015'}
{'loss': '0.04431', 'grad_norm': '8.156', 'learning_rate': '1.92e-05', 'epoch': '4.021'}
{'loss': '0.0726', 'grad_norm': '16.43', 'learning_rate': '1.919e-05', 'epoch': '4.027'}
{'loss': '0.03353', 'grad_norm': '0.2272', 'learning_rate': '1.919e-05', 'epoch': '4.033'}
{'loss': '0.05093', 'grad_norm': '0.5864', 'learning_rate': '1.919e-05', 'epoch': '4.039'}
{'loss': '0.03646', 'grad_norm': '5.003', 'learning_rate': '1.919e-05', 'epoch': '4.045'}
{'loss': '0.01771', 'grad_norm': '0.1633', 'learning_rate': '1.919e-05', 'epoch': '4.051'}
{'loss': '0.02338', 'grad_norm': '0.05756', 'learning_rate': '1.919e-05', 'epoch': '4.057'}
{'loss': '0.0657', 'grad_norm': '2.816', 'learning_rate': '1.919e-05', 'epoch': '4.063'}
{'loss': '0.07395', 'grad_norm': '1.623', 'learning_rate': '1.919e-05', 'epoch': '4.069'}
{'loss': '0.06182', 'grad_norm': '7.541', 'learning_rate': '1.919e-05', 'epoch': '4.075'}
{'loss': '0.02805', 'grad_norm': '150.1', 'learning_rate': '1.918e-05', 'epoch': '4.082'}
{'loss': '0.04005', 'grad_norm': '24.34', 'learning_rate': '1.918e-05', 'epoch': '4.088'}
{'loss': '0.0554', 'grad_norm': '4.177', 'learning_rate': '1.918e-05', 'epoch': '4.094'}
{'loss': '0.06682', 'grad_norm': '10.16', 'learning_rate': '1.918e-05', 'epoch': '4.1'}
{'loss': '0.06302', 'grad_norm': '2.228', 'learning_rate': '1.918e-05', 'epoch': '4.106'}
{'loss': '0.04404', 'grad_norm': '17.82', 'learning_rate': '1.918e-05', 'epoch': '4.112'}
{'loss': '0.03571', 'grad_norm': '0.6081', 'learning_rate': '1.918e-05', 'epoch': '4.118'}
{'loss': '0.1013', 'grad_norm': '7.571', 'learning_rate': '1.918e-05', 'epoch': '4.124'}
{'loss': '0.04901', 'grad_norm': '15.96', 'learning_rate': '1.917e-05', 'epoch': '4.13'}
{'loss': '0.05261', 'grad_norm': '0.05527', 'learning_rate': '1.917e-05', 'epoch': '4.136'}
{'loss': '0.06057', 'grad_norm': '18.96', 'learning_rate': '1.917e-05', 'epoch': '4.142'}
{'loss': '0.04035', 'grad_norm': '0.0798', 'learning_rate': '1.917e-05', 'epoch': '4.148'}
{'loss': '0.08787', 'grad_norm': '102', 'learning_rate': '1.917e-05', 'epoch': '4.155'}
{'loss': '0.05816', 'grad_norm': '6.088', 'learning_rate': '1.917e-05', 'epoch': '4.161'}
{'loss': '0.07232', 'grad_norm': '11.3', 'learning_rate': '1.917e-05', 'epoch': '4.167'}
{'loss': '0.04877', 'grad_norm': '11.75', 'learning_rate': '1.917e-05', 'epoch': '4.173'}
{'loss': '0.0645', 'grad_norm': '6.816', 'learning_rate': '1.916e-05', 'epoch': '4.179'}
{'loss': '0.01455', 'grad_norm': '0.06849', 'learning_rate': '1.916e-05', 'epoch': '4.185'}
{'loss': '0.02573', 'grad_norm': '2.43', 'learning_rate': '1.916e-05', 'epoch': '4.191'}
{'loss': '0.08992', 'grad_norm': '16.79', 'learning_rate': '1.916e-05', 'epoch': '4.197'}
{'loss': '0.04278', 'grad_norm': '1.672', 'learning_rate': '1.916e-05', 'epoch': '4.203'}
{'loss': '0.09904', 'grad_norm': '0.2212', 'learning_rate': '1.916e-05', 'epoch': '4.209'}
{'loss': '0.05379', 'grad_norm': '0.9548', 'learning_rate': '1.916e-05', 'epoch': '4.215'}
{'loss': '0.07831', 'grad_norm': '3.363', 'learning_rate': '1.916e-05', 'epoch': '4.221'}
{'loss': '0.07915', 'grad_norm': '10.32', 'learning_rate': '1.915e-05', 'epoch': '4.227'}
{'loss': '0.04154', 'grad_norm': '0.9195', 'learning_rate': '1.915e-05', 'epoch': '4.234'}
{'loss': '0.03059', 'grad_norm': '4.59', 'learning_rate': '1.915e-05', 'epoch': '4.24'}
{'loss': '0.1163', 'grad_norm': '3.357', 'learning_rate': '1.915e-05', 'epoch': '4.246'}
{'loss': '0.06047', 'grad_norm': '41.45', 'learning_rate': '1.915e-05', 'epoch': '4.252'}
{'loss': '0.04136', 'grad_norm': '0.1548', 'learning_rate': '1.915e-05', 'epoch': '4.258'}
{'loss': '0.02924', 'grad_norm': '3.402', 'learning_rate': '1.915e-05', 'epoch': '4.264'}
{'loss': '0.03165', 'grad_norm': '1.181', 'learning_rate': '1.915e-05', 'epoch': '4.27'}
{'loss': '0.1005', 'grad_norm': '8.053', 'learning_rate': '1.914e-05', 'epoch': '4.276'}
{'loss': '0.0402', 'grad_norm': '0.1293', 'learning_rate': '1.914e-05', 'epoch': '4.282'}
{'loss': '0.04795', 'grad_norm': '2.856', 'learning_rate': '1.914e-05', 'epoch': '4.288'}
{'loss': '0.04823', 'grad_norm': '0.8589', 'learning_rate': '1.914e-05', 'epoch': '4.294'}
{'loss': '0.09295', 'grad_norm': '35.23', 'learning_rate': '1.914e-05', 'epoch': '4.3'}
{'loss': '0.05143', 'grad_norm': '2.385', 'learning_rate': '1.914e-05', 'epoch': '4.307'}
{'loss': '0.04022', 'grad_norm': '10.69', 'learning_rate': '1.914e-05', 'epoch': '4.313'}
{'loss': '0.04764', 'grad_norm': '10.57', 'learning_rate': '1.914e-05', 'epoch': '4.319'}
{'loss': '0.05768', 'grad_norm': '1.596', 'learning_rate': '1.914e-05', 'epoch': '4.325'}
{'loss': '0.07753', 'grad_norm': '16.02', 'learning_rate': '1.913e-05', 'epoch': '4.331'}
{'loss': '0.1432', 'grad_norm': '26.67', 'learning_rate': '1.913e-05', 'epoch': '4.337'}
{'loss': '0.08615', 'grad_norm': '15.79', 'learning_rate': '1.913e-05', 'epoch': '4.343'}
{'loss': '0.07483', 'grad_norm': '56.79', 'learning_rate': '1.913e-05', 'epoch': '4.349'}
{'loss': '0.1028', 'grad_norm': '1.581', 'learning_rate': '1.913e-05', 'epoch': '4.355'}
{'loss': '0.07619', 'grad_norm': '0.6655', 'learning_rate': '1.913e-05', 'epoch': '4.361'}
{'loss': '0.04327', 'grad_norm': '0.1528', 'learning_rate': '1.913e-05', 'epoch': '4.367'}
{'loss': '0.07978', 'grad_norm': '15.94', 'learning_rate': '1.913e-05', 'epoch': '4.373'}
{'loss': '0.06705', 'grad_norm': '0.3418', 'learning_rate': '1.912e-05', 'epoch': '4.38'}
{'loss': '0.04409', 'grad_norm': '14.97', 'learning_rate': '1.912e-05', 'epoch': '4.386'}
{'loss': '0.05987', 'grad_norm': '22.46', 'learning_rate': '1.912e-05', 'epoch': '4.392'}
{'loss': '0.07051', 'grad_norm': '14.76', 'learning_rate': '1.912e-05', 'epoch': '4.398'}
{'loss': '0.03417', 'grad_norm': '0.2347', 'learning_rate': '1.912e-05', 'epoch': '4.404'}
{'loss': '0.04294', 'grad_norm': '49.8', 'learning_rate': '1.912e-05', 'epoch': '4.41'}
{'loss': '0.0714', 'grad_norm': '0.01812', 'learning_rate': '1.912e-05', 'epoch': '4.416'}
{'loss': '0.1156', 'grad_norm': '1.566', 'learning_rate': '1.912e-05', 'epoch': '4.422'}
{'loss': '0.0392', 'grad_norm': '0.3841', 'learning_rate': '1.911e-05', 'epoch': '4.428'}
{'loss': '0.0765', 'grad_norm': '0.07175', 'learning_rate': '1.911e-05', 'epoch': '4.434'}
{'loss': '0.04602', 'grad_norm': '0.1506', 'learning_rate': '1.911e-05', 'epoch': '4.44'}
{'loss': '0.05361', 'grad_norm': '5.728', 'learning_rate': '1.911e-05', 'epoch': '4.446'}
{'loss': '0.06888', 'grad_norm': '0.09847', 'learning_rate': '1.911e-05', 'epoch': '4.453'}
{'loss': '0.03664', 'grad_norm': '0.9689', 'learning_rate': '1.911e-05', 'epoch': '4.459'}
{'loss': '0.08761', 'grad_norm': '0.8771', 'learning_rate': '1.911e-05', 'epoch': '4.465'}
{'loss': '0.03731', 'grad_norm': '39.08', 'learning_rate': '1.911e-05', 'epoch': '4.471'}
{'loss': '0.03002', 'grad_norm': '0.752', 'learning_rate': '1.91e-05', 'epoch': '4.477'}
{'loss': '0.0989', 'grad_norm': '0.9828', 'learning_rate': '1.91e-05', 'epoch': '4.483'}
{'loss': '0.03233', 'grad_norm': '4.881', 'learning_rate': '1.91e-05', 'epoch': '4.489'}
{'loss': '0.07339', 'grad_norm': '0.6702', 'learning_rate': '1.91e-05', 'epoch': '4.495'}
{'loss': '0.0783', 'grad_norm': '0.8311', 'learning_rate': '1.91e-05', 'epoch': '4.501'}
{'loss': '0.04053', 'grad_norm': '0.04625', 'learning_rate': '1.91e-05', 'epoch': '4.507'}
{'loss': '0.03243', 'grad_norm': '2.478', 'learning_rate': '1.91e-05', 'epoch': '4.513'}
{'loss': '0.03989', 'grad_norm': '7.05', 'learning_rate': '1.91e-05', 'epoch': '4.519'}
{'loss': '0.07564', 'grad_norm': '5.227', 'learning_rate': '1.91e-05', 'epoch': '4.526'}
{'loss': '0.03543', 'grad_norm': '6.322', 'learning_rate': '1.909e-05', 'epoch': '4.532'}
{'loss': '0.05016', 'grad_norm': '3.772', 'learning_rate': '1.909e-05', 'epoch': '4.538'}
{'loss': '0.02433', 'grad_norm': '35.44', 'learning_rate': '1.909e-05', 'epoch': '4.544'}
{'loss': '0.02068', 'grad_norm': '0.5559', 'learning_rate': '1.909e-05', 'epoch': '4.55'}
{'loss': '0.07086', 'grad_norm': '2.083', 'learning_rate': '1.909e-05', 'epoch': '4.556'}
{'loss': '0.03278', 'grad_norm': '25.17', 'learning_rate': '1.909e-05', 'epoch': '4.562'}
{'loss': '0.02182', 'grad_norm': '8.999', 'learning_rate': '1.909e-05', 'epoch': '4.568'}
{'loss': '0.0985', 'grad_norm': '71.66', 'learning_rate': '1.909e-05', 'epoch': '4.574'}
{'loss': '0.02245', 'grad_norm': '0.37', 'learning_rate': '1.908e-05', 'epoch': '4.58'}
{'loss': '0.06441', 'grad_norm': '10.85', 'learning_rate': '1.908e-05', 'epoch': '4.586'}
{'loss': '0.03436', 'grad_norm': '0.9539', 'learning_rate': '1.908e-05', 'epoch': '4.592'}
{'loss': '0.0239', 'grad_norm': '0.6182', 'learning_rate': '1.908e-05', 'epoch': '4.599'}
{'loss': '0.04495', 'grad_norm': '0.8395', 'learning_rate': '1.908e-05', 'epoch': '4.605'}
{'loss': '0.02906', 'grad_norm': '4.674', 'learning_rate': '1.908e-05', 'epoch': '4.611'}
{'loss': '0.04778', 'grad_norm': '0.1928', 'learning_rate': '1.908e-05', 'epoch': '4.617'}
{'loss': '0.0657', 'grad_norm': '12.31', 'learning_rate': '1.908e-05', 'epoch': '4.623'}
{'loss': '0.05504', 'grad_norm': '13.6', 'learning_rate': '1.907e-05', 'epoch': '4.629'}
{'loss': '0.02941', 'grad_norm': '0.08563', 'learning_rate': '1.907e-05', 'epoch': '4.635'}
{'loss': '0.09194', 'grad_norm': '9.298', 'learning_rate': '1.907e-05', 'epoch': '4.641'}
{'loss': '0.02174', 'grad_norm': '1.643', 'learning_rate': '1.907e-05', 'epoch': '4.647'}
{'loss': '0.01711', 'grad_norm': '1.024', 'learning_rate': '1.907e-05', 'epoch': '4.653'}
{'loss': '0.1286', 'grad_norm': '0.1733', 'learning_rate': '1.907e-05', 'epoch': '4.659'}
{'loss': '0.02647', 'grad_norm': '0.42', 'learning_rate': '1.907e-05', 'epoch': '4.665'}
{'loss': '0.06075', 'grad_norm': '123.7', 'learning_rate': '1.907e-05', 'epoch': '4.672'}
{'loss': '0.02339', 'grad_norm': '0.175', 'learning_rate': '1.906e-05', 'epoch': '4.678'}
{'loss': '0.01727', 'grad_norm': '1.24', 'learning_rate': '1.906e-05', 'epoch': '4.684'}
{'loss': '0.04631', 'grad_norm': '22.03', 'learning_rate': '1.906e-05', 'epoch': '4.69'}
{'loss': '0.04495', 'grad_norm': '9', 'learning_rate': '1.906e-05', 'epoch': '4.696'}
{'loss': '0.04098', 'grad_norm': '10.13', 'learning_rate': '1.906e-05', 'epoch': '4.702'}
{'loss': '0.04542', 'grad_norm': '0.01056', 'learning_rate': '1.906e-05', 'epoch': '4.708'}
{'loss': '0.04562', 'grad_norm': '8.383', 'learning_rate': '1.906e-05', 'epoch': '4.714'}
{'loss': '0.03365', 'grad_norm': '31.89', 'learning_rate': '1.906e-05', 'epoch': '4.72'}
{'loss': '0.01918', 'grad_norm': '2.381', 'learning_rate': '1.905e-05', 'epoch': '4.726'}
{'loss': '0.0218', 'grad_norm': '1.283', 'learning_rate': '1.905e-05', 'epoch': '4.732'}
{'loss': '0.0367', 'grad_norm': '5.91', 'learning_rate': '1.905e-05', 'epoch': '4.738'}
{'loss': '0.09371', 'grad_norm': '4.592', 'learning_rate': '1.905e-05', 'epoch': '4.745'}
{'loss': '0.03889', 'grad_norm': '0.457', 'learning_rate': '1.905e-05', 'epoch': '4.751'}
{'loss': '0.03026', 'grad_norm': '50.6', 'learning_rate': '1.905e-05', 'epoch': '4.757'}
{'loss': '0.05787', 'grad_norm': '5.809', 'learning_rate': '1.905e-05', 'epoch': '4.763'}
{'loss': '0.0761', 'grad_norm': '5.034', 'learning_rate': '1.905e-05', 'epoch': '4.769'}
{'loss': '0.0238', 'grad_norm': '17.84', 'learning_rate': '1.905e-05', 'epoch': '4.775'}
{'loss': '0.05405', 'grad_norm': '0.2268', 'learning_rate': '1.904e-05', 'epoch': '4.781'}
{'loss': '0.01742', 'grad_norm': '0.4137', 'learning_rate': '1.904e-05', 'epoch': '4.787'}
{'loss': '0.08178', 'grad_norm': '5.633', 'learning_rate': '1.904e-05', 'epoch': '4.793'}
{'loss': '0.02889', 'grad_norm': '282.7', 'learning_rate': '1.904e-05', 'epoch': '4.799'}
{'loss': '0.05592', 'grad_norm': '6.462', 'learning_rate': '1.904e-05', 'epoch': '4.805'}
{'loss': '0.07956', 'grad_norm': '0.006605', 'learning_rate': '1.904e-05', 'epoch': '4.811'}
{'loss': '0.02556', 'grad_norm': '4.403', 'learning_rate': '1.904e-05', 'epoch': '4.818'}
{'loss': '0.03184', 'grad_norm': '5.557', 'learning_rate': '1.904e-05', 'epoch': '4.824'}
{'loss': '0.04985', 'grad_norm': '0.1941', 'learning_rate': '1.903e-05', 'epoch': '4.83'}
{'loss': '0.08587', 'grad_norm': '0.02165', 'learning_rate': '1.903e-05', 'epoch': '4.836'}
{'loss': '0.03814', 'grad_norm': '0.1994', 'learning_rate': '1.903e-05', 'epoch': '4.842'}
{'loss': '0.03091', 'grad_norm': '2.637', 'learning_rate': '1.903e-05', 'epoch': '4.848'}
{'loss': '0.03574', 'grad_norm': '1.673', 'learning_rate': '1.903e-05', 'epoch': '4.854'}
{'loss': '0.1045', 'grad_norm': '12.99', 'learning_rate': '1.903e-05', 'epoch': '4.86'}
{'loss': '0.0319', 'grad_norm': '9.399', 'learning_rate': '1.903e-05', 'epoch': '4.866'}
{'loss': '0.01894', 'grad_norm': '1.872', 'learning_rate': '1.903e-05', 'epoch': '4.872'}
{'loss': '0.05429', 'grad_norm': '0.01149', 'learning_rate': '1.902e-05', 'epoch': '4.878'}
{'loss': '0.01943', 'grad_norm': '2.844', 'learning_rate': '1.902e-05', 'epoch': '4.884'}
{'loss': '0.1004', 'grad_norm': '8.59', 'learning_rate': '1.902e-05', 'epoch': '4.891'}
{'loss': '0.07415', 'grad_norm': '0.1026', 'learning_rate': '1.902e-05', 'epoch': '4.897'}
{'loss': '0.08842', 'grad_norm': '8.482', 'learning_rate': '1.902e-05', 'epoch': '4.903'}
{'loss': '0.06874', 'grad_norm': '7.356', 'learning_rate': '1.902e-05', 'epoch': '4.909'}
{'loss': '0.0215', 'grad_norm': '3.176', 'learning_rate': '1.902e-05', 'epoch': '4.915'}
{'loss': '0.08432', 'grad_norm': '38.95', 'learning_rate': '1.902e-05', 'epoch': '4.921'}
{'loss': '0.07155', 'grad_norm': '13.17', 'learning_rate': '1.901e-05', 'epoch': '4.927'}
{'loss': '0.03432', 'grad_norm': '2.334', 'learning_rate': '1.901e-05', 'epoch': '4.933'}
{'loss': '0.04157', 'grad_norm': '0.6057', 'learning_rate': '1.901e-05', 'epoch': '4.939'}
{'loss': '0.02843', 'grad_norm': '0.3577', 'learning_rate': '1.901e-05', 'epoch': '4.945'}
{'loss': '0.01264', 'grad_norm': '3.14', 'learning_rate': '1.901e-05', 'epoch': '4.951'}
{'loss': '0.04508', 'grad_norm': '0.5907', 'learning_rate': '1.901e-05', 'epoch': '4.957'}
{'loss': '0.0655', 'grad_norm': '0.2652', 'learning_rate': '1.901e-05', 'epoch': '4.964'}
{'loss': '0.05669', 'grad_norm': '4.108', 'learning_rate': '1.901e-05', 'epoch': '4.97'}
{'loss': '0.05574', 'grad_norm': '28.28', 'learning_rate': '1.9e-05', 'epoch': '4.976'}
{'loss': '0.04238', 'grad_norm': '6.998', 'learning_rate': '1.9e-05', 'epoch': '4.982'}
{'loss': '0.02395', 'grad_norm': '0.2339', 'learning_rate': '1.9e-05', 'epoch': '4.988'}
{'loss': '0.04215', 'grad_norm': '0.6791', 'learning_rate': '1.9e-05', 'epoch': '4.994'}
{'loss': '0.03786', 'grad_norm': '0.0242', 'learning_rate': '1.9e-05', 'epoch': '5'}
{'eval_loss': '0.8384', 'eval_accuracy': '0.9007', 'eval_precision': '0.8974', 'eval_recall': '0.9173', 'eval_f1': '0.9072', 'eval_runtime': '11.58', 'eval_samples_per_second': '1123', 'eval_steps_per_second': '17.62', 'epoch': '5'}
{'loss': '0.04387', 'grad_norm': '0.4697', 'learning_rate': '1.9e-05', 'epoch': '5.006'}
{'loss': '0.04848', 'grad_norm': '0.5796', 'learning_rate': '1.9e-05', 'epoch': '5.012'}
{'loss': '0.06003', 'grad_norm': '0.1358', 'learning_rate': '1.9e-05', 'epoch': '5.018'}
{'loss': '0.02069', 'grad_norm': '6.893', 'learning_rate': '1.9e-05', 'epoch': '5.024'}
{'loss': '0.06275', 'grad_norm': '24.65', 'learning_rate': '1.899e-05', 'epoch': '5.03'}
{'loss': '0.07567', 'grad_norm': '3.653', 'learning_rate': '1.899e-05', 'epoch': '5.036'}
{'loss': '0.01862', 'grad_norm': '0.04989', 'learning_rate': '1.899e-05', 'epoch': '5.043'}
{'loss': '0.02767', 'grad_norm': '0.03862', 'learning_rate': '1.899e-05', 'epoch': '5.049'}
{'loss': '0.05154', 'grad_norm': '0.1303', 'learning_rate': '1.899e-05', 'epoch': '5.055'}
{'loss': '0.02854', 'grad_norm': '0.1055', 'learning_rate': '1.899e-05', 'epoch': '5.061'}
{'loss': '0.09052', 'grad_norm': '0.6765', 'learning_rate': '1.899e-05', 'epoch': '5.067'}
{'loss': '0.0216', 'grad_norm': '2.44', 'learning_rate': '1.899e-05', 'epoch': '5.073'}
{'loss': '0.03839', 'grad_norm': '10.05', 'learning_rate': '1.898e-05', 'epoch': '5.079'}
{'loss': '0.0377', 'grad_norm': '0.4911', 'learning_rate': '1.898e-05', 'epoch': '5.085'}
{'loss': '0.02151', 'grad_norm': '3.497', 'learning_rate': '1.898e-05', 'epoch': '5.091'}
{'loss': '0.07336', 'grad_norm': '239.7', 'learning_rate': '1.898e-05', 'epoch': '5.097'}
{'loss': '0.0251', 'grad_norm': '0.0735', 'learning_rate': '1.898e-05', 'epoch': '5.103'}
{'loss': '0.04582', 'grad_norm': '0.05478', 'learning_rate': '1.898e-05', 'epoch': '5.109'}
{'loss': '0.03087', 'grad_norm': '1.773', 'learning_rate': '1.898e-05', 'epoch': '5.116'}
{'loss': '0.05411', 'grad_norm': '4.999', 'learning_rate': '1.898e-05', 'epoch': '5.122'}
{'loss': '0.06659', 'grad_norm': '3.019', 'learning_rate': '1.897e-05', 'epoch': '5.128'}
{'loss': '0.02865', 'grad_norm': '1.214', 'learning_rate': '1.897e-05', 'epoch': '5.134'}
{'loss': '0.01706', 'grad_norm': '18.36', 'learning_rate': '1.897e-05', 'epoch': '5.14'}
{'loss': '0.05101', 'grad_norm': '4.958', 'learning_rate': '1.897e-05', 'epoch': '5.146'}
{'loss': '0.01274', 'grad_norm': '0.0773', 'learning_rate': '1.897e-05', 'epoch': '5.152'}
{'loss': '0.028', 'grad_norm': '0.08422', 'learning_rate': '1.897e-05', 'epoch': '5.158'}
{'loss': '0.04212', 'grad_norm': '4.498', 'learning_rate': '1.897e-05', 'epoch': '5.164'}
{'loss': '0.02158', 'grad_norm': '2.937', 'learning_rate': '1.897e-05', 'epoch': '5.17'}
{'loss': '0.06067', 'grad_norm': '0.6969', 'learning_rate': '1.896e-05', 'epoch': '5.176'}
{'loss': '0.04836', 'grad_norm': '2.971', 'learning_rate': '1.896e-05', 'epoch': '5.182'}
{'loss': '0.03462', 'grad_norm': '3.197', 'learning_rate': '1.896e-05', 'epoch': '5.189'}
{'loss': '0.04167', 'grad_norm': '0.06422', 'learning_rate': '1.896e-05', 'epoch': '5.195'}
{'loss': '0.01873', 'grad_norm': '10.12', 'learning_rate': '1.896e-05', 'epoch': '5.201'}
{'loss': '0.06001', 'grad_norm': '0.1558', 'learning_rate': '1.896e-05', 'epoch': '5.207'}
{'loss': '0.0641', 'grad_norm': '5.739', 'learning_rate': '1.896e-05', 'epoch': '5.213'}
{'loss': '0.0386', 'grad_norm': '0.0525', 'learning_rate': '1.896e-05', 'epoch': '5.219'}
{'loss': '0.04649', 'grad_norm': '0.1821', 'learning_rate': '1.896e-05', 'epoch': '5.225'}
{'loss': '0.05291', 'grad_norm': '11.72', 'learning_rate': '1.895e-05', 'epoch': '5.231'}
{'loss': '0.01443', 'grad_norm': '3.506', 'learning_rate': '1.895e-05', 'epoch': '5.237'}
{'loss': '0.02719', 'grad_norm': '8.073', 'learning_rate': '1.895e-05', 'epoch': '5.243'}
{'loss': '0.05116', 'grad_norm': '15.54', 'learning_rate': '1.895e-05', 'epoch': '5.249'}
{'loss': '0.02303', 'grad_norm': '6.418', 'learning_rate': '1.895e-05', 'epoch': '5.255'}
{'loss': '0.05188', 'grad_norm': '0.783', 'learning_rate': '1.895e-05', 'epoch': '5.262'}
{'loss': '0.04414', 'grad_norm': '0.5611', 'learning_rate': '1.895e-05', 'epoch': '5.268'}
{'loss': '0.01483', 'grad_norm': '1.283', 'learning_rate': '1.895e-05', 'epoch': '5.274'}
{'loss': '0.02864', 'grad_norm': '50.02', 'learning_rate': '1.894e-05', 'epoch': '5.28'}
{'loss': '0.07625', 'grad_norm': '1.547', 'learning_rate': '1.894e-05', 'epoch': '5.286'}
{'loss': '0.006904', 'grad_norm': '0.08298', 'learning_rate': '1.894e-05', 'epoch': '5.292'}
{'loss': '0.03948', 'grad_norm': '0.06865', 'learning_rate': '1.894e-05', 'epoch': '5.298'}
{'loss': '0.03015', 'grad_norm': '0.9689', 'learning_rate': '1.894e-05', 'epoch': '5.304'}
{'loss': '0.05043', 'grad_norm': '3816', 'learning_rate': '1.894e-05', 'epoch': '5.31'}
{'loss': '0.01199', 'grad_norm': '80.1', 'learning_rate': '1.894e-05', 'epoch': '5.316'}
{'loss': '0.04068', 'grad_norm': '1.487', 'learning_rate': '1.894e-05', 'epoch': '5.322'}
{'loss': '0.04568', 'grad_norm': '13.29', 'learning_rate': '1.893e-05', 'epoch': '5.328'}
{'loss': '0.03202', 'grad_norm': '0.06881', 'learning_rate': '1.893e-05', 'epoch': '5.335'}
{'loss': '0.03106', 'grad_norm': '0.04201', 'learning_rate': '1.893e-05', 'epoch': '5.341'}
{'loss': '0.0584', 'grad_norm': '0.9354', 'learning_rate': '1.893e-05', 'epoch': '5.347'}
{'loss': '0.04131', 'grad_norm': '0.02033', 'learning_rate': '1.893e-05', 'epoch': '5.353'}
{'loss': '0.05555', 'grad_norm': '2.321', 'learning_rate': '1.893e-05', 'epoch': '5.359'}
{'loss': '0.05084', 'grad_norm': '9.706', 'learning_rate': '1.893e-05', 'epoch': '5.365'}
{'loss': '0.05878', 'grad_norm': '3.604', 'learning_rate': '1.893e-05', 'epoch': '5.371'}
{'loss': '0.03569', 'grad_norm': '18.14', 'learning_rate': '1.892e-05', 'epoch': '5.377'}
{'loss': '0.0718', 'grad_norm': '10.77', 'learning_rate': '1.892e-05', 'epoch': '5.383'}
{'loss': '0.0516', 'grad_norm': '3.455', 'learning_rate': '1.892e-05', 'epoch': '5.389'}
{'loss': '0.04663', 'grad_norm': '15.18', 'learning_rate': '1.892e-05', 'epoch': '5.395'}
{'loss': '0.03403', 'grad_norm': '0.03044', 'learning_rate': '1.892e-05', 'epoch': '5.401'}
{'loss': '0.04959', 'grad_norm': '12.44', 'learning_rate': '1.892e-05', 'epoch': '5.408'}
{'loss': '0.026', 'grad_norm': '2.578', 'learning_rate': '1.892e-05', 'epoch': '5.414'}
{'loss': '0.08664', 'grad_norm': '0.4753', 'learning_rate': '1.892e-05', 'epoch': '5.42'}
{'loss': '0.05957', 'grad_norm': '26.24', 'learning_rate': '1.891e-05', 'epoch': '5.426'}
{'loss': '0.04951', 'grad_norm': '2.516', 'learning_rate': '1.891e-05', 'epoch': '5.432'}
{'loss': '0.06504', 'grad_norm': '12.23', 'learning_rate': '1.891e-05', 'epoch': '5.438'}
{'loss': '0.04424', 'grad_norm': '0.1033', 'learning_rate': '1.891e-05', 'epoch': '5.444'}
{'loss': '0.02539', 'grad_norm': '11.53', 'learning_rate': '1.891e-05', 'epoch': '5.45'}
{'loss': '0.04476', 'grad_norm': '3.495', 'learning_rate': '1.891e-05', 'epoch': '5.456'}
{'loss': '0.01855', 'grad_norm': '0.4452', 'learning_rate': '1.891e-05', 'epoch': '5.462'}
{'loss': '0.04279', 'grad_norm': '0.3559', 'learning_rate': '1.891e-05', 'epoch': '5.468'}
{'loss': '0.01666', 'grad_norm': '8.705', 'learning_rate': '1.891e-05', 'epoch': '5.474'}
{'loss': '0.01757', 'grad_norm': '6.992', 'learning_rate': '1.89e-05', 'epoch': '5.481'}
{'loss': '0.04387', 'grad_norm': '87.6', 'learning_rate': '1.89e-05', 'epoch': '5.487'}
{'loss': '0.07826', 'grad_norm': '0.1168', 'learning_rate': '1.89e-05', 'epoch': '5.493'}
{'loss': '0.05727', 'grad_norm': '2.579', 'learning_rate': '1.89e-05', 'epoch': '5.499'}
{'loss': '0.05681', 'grad_norm': '1.515', 'learning_rate': '1.89e-05', 'epoch': '5.505'}
{'loss': '0.06135', 'grad_norm': '13.65', 'learning_rate': '1.89e-05', 'epoch': '5.511'}
{'loss': '0.01026', 'grad_norm': '0.1757', 'learning_rate': '1.89e-05', 'epoch': '5.517'}
{'loss': '0.04086', 'grad_norm': '90.94', 'learning_rate': '1.89e-05', 'epoch': '5.523'}
{'loss': '0.05673', 'grad_norm': '1.769', 'learning_rate': '1.889e-05', 'epoch': '5.529'}
{'loss': '0.04073', 'grad_norm': '3.47', 'learning_rate': '1.889e-05', 'epoch': '5.535'}
{'loss': '0.02585', 'grad_norm': '0.04927', 'learning_rate': '1.889e-05', 'epoch': '5.541'}
{'loss': '0.01627', 'grad_norm': '0.4321', 'learning_rate': '1.889e-05', 'epoch': '5.547'}
{'loss': '0.04446', 'grad_norm': '8.13', 'learning_rate': '1.889e-05', 'epoch': '5.554'}
{'loss': '0.02439', 'grad_norm': '21.79', 'learning_rate': '1.889e-05', 'epoch': '5.56'}
{'loss': '0.0264', 'grad_norm': '3.847', 'learning_rate': '1.889e-05', 'epoch': '5.566'}
{'loss': '0.06274', 'grad_norm': '0.1404', 'learning_rate': '1.889e-05', 'epoch': '5.572'}
{'loss': '0.02172', 'grad_norm': '0.07208', 'learning_rate': '1.888e-05', 'epoch': '5.578'}
{'loss': '0.02329', 'grad_norm': '0.1649', 'learning_rate': '1.888e-05', 'epoch': '5.584'}
{'loss': '0.02995', 'grad_norm': '2.656', 'learning_rate': '1.888e-05', 'epoch': '5.59'}
{'loss': '0.06205', 'grad_norm': '1.62', 'learning_rate': '1.888e-05', 'epoch': '5.596'}
{'loss': '0.07594', 'grad_norm': '8.907', 'learning_rate': '1.888e-05', 'epoch': '5.602'}
{'loss': '0.05224', 'grad_norm': '0.2891', 'learning_rate': '1.888e-05', 'epoch': '5.608'}
{'loss': '0.04469', 'grad_norm': '5.751', 'learning_rate': '1.888e-05', 'epoch': '5.614'}
{'loss': '0.03565', 'grad_norm': '5.333', 'learning_rate': '1.888e-05', 'epoch': '5.62'}
{'loss': '0.06762', 'grad_norm': '0.8189', 'learning_rate': '1.887e-05', 'epoch': '5.627'}
{'loss': '0.07409', 'grad_norm': '6.181', 'learning_rate': '1.887e-05', 'epoch': '5.633'}
{'loss': '0.07935', 'grad_norm': '2.596', 'learning_rate': '1.887e-05', 'epoch': '5.639'}
{'loss': '0.0774', 'grad_norm': '0.448', 'learning_rate': '1.887e-05', 'epoch': '5.645'}
{'loss': '0.06581', 'grad_norm': '0.01853', 'learning_rate': '1.887e-05', 'epoch': '5.651'}
{'loss': '0.03079', 'grad_norm': '6.555', 'learning_rate': '1.887e-05', 'epoch': '5.657'}
{'loss': '0.03928', 'grad_norm': '3.87', 'learning_rate': '1.887e-05', 'epoch': '5.663'}
{'loss': '0.01856', 'grad_norm': '0.2271', 'learning_rate': '1.887e-05', 'epoch': '5.669'}
{'loss': '0.06022', 'grad_norm': '0.2174', 'learning_rate': '1.887e-05', 'epoch': '5.675'}
{'loss': '0.09717', 'grad_norm': '25.25', 'learning_rate': '1.886e-05', 'epoch': '5.681'}
{'loss': '0.02654', 'grad_norm': '9.321', 'learning_rate': '1.886e-05', 'epoch': '5.687'}
{'loss': '0.05027', 'grad_norm': '0.1573', 'learning_rate': '1.886e-05', 'epoch': '5.693'}
{'loss': '0.01677', 'grad_norm': '4.733', 'learning_rate': '1.886e-05', 'epoch': '5.7'}
{'loss': '0.04149', 'grad_norm': '6.491', 'learning_rate': '1.886e-05', 'epoch': '5.706'}
{'loss': '0.07183', 'grad_norm': '21.8', 'learning_rate': '1.886e-05', 'epoch': '5.712'}
{'loss': '0.021', 'grad_norm': '0.01834', 'learning_rate': '1.886e-05', 'epoch': '5.718'}
{'loss': '0.02289', 'grad_norm': '0.1291', 'learning_rate': '1.886e-05', 'epoch': '5.724'}
{'loss': '0.05592', 'grad_norm': '1.922', 'learning_rate': '1.885e-05', 'epoch': '5.73'}
{'loss': '0.04999', 'grad_norm': '1.488', 'learning_rate': '1.885e-05', 'epoch': '5.736'}
{'loss': '0.01715', 'grad_norm': '0.07342', 'learning_rate': '1.885e-05', 'epoch': '5.742'}
{'loss': '0.009965', 'grad_norm': '0.01399', 'learning_rate': '1.885e-05', 'epoch': '5.748'}
{'loss': '0.0291', 'grad_norm': '0.232', 'learning_rate': '1.885e-05', 'epoch': '5.754'}
{'loss': '0.07711', 'grad_norm': '3.835', 'learning_rate': '1.885e-05', 'epoch': '5.76'}
{'loss': '0.04588', 'grad_norm': '0.2487', 'learning_rate': '1.885e-05', 'epoch': '5.766'}
{'loss': '0.01025', 'grad_norm': '1.528', 'learning_rate': '1.885e-05', 'epoch': '5.773'}
{'loss': '0.02704', 'grad_norm': '0.2077', 'learning_rate': '1.884e-05', 'epoch': '5.779'}
{'loss': '0.03801', 'grad_norm': '8.484', 'learning_rate': '1.884e-05', 'epoch': '5.785'}
{'loss': '0.05573', 'grad_norm': '42.71', 'learning_rate': '1.884e-05', 'epoch': '5.791'}
{'loss': '0.02882', 'grad_norm': '1.149', 'learning_rate': '1.884e-05', 'epoch': '5.797'}
{'loss': '0.02911', 'grad_norm': '0.3013', 'learning_rate': '1.884e-05', 'epoch': '5.803'}
{'loss': '0.009936', 'grad_norm': '3.259', 'learning_rate': '1.884e-05', 'epoch': '5.809'}
{'loss': '0.05407', 'grad_norm': '0.5321', 'learning_rate': '1.884e-05', 'epoch': '5.815'}
{'loss': '0.07459', 'grad_norm': '1.284', 'learning_rate': '1.884e-05', 'epoch': '5.821'}
{'loss': '0.01139', 'grad_norm': '0.08708', 'learning_rate': '1.883e-05', 'epoch': '5.827'}
{'loss': '0.03725', 'grad_norm': '3.935', 'learning_rate': '1.883e-05', 'epoch': '5.833'}
{'loss': '0.02271', 'grad_norm': '2.201', 'learning_rate': '1.883e-05', 'epoch': '5.839'}
{'loss': '0.05255', 'grad_norm': '0.4179', 'learning_rate': '1.883e-05', 'epoch': '5.845'}
{'loss': '0.02617', 'grad_norm': '6.529', 'learning_rate': '1.883e-05', 'epoch': '5.852'}
{'loss': '0.03048', 'grad_norm': '0.03068', 'learning_rate': '1.883e-05', 'epoch': '5.858'}
{'loss': '0.02773', 'grad_norm': '1.437', 'learning_rate': '1.883e-05', 'epoch': '5.864'}
{'loss': '0.05143', 'grad_norm': '138.6', 'learning_rate': '1.883e-05', 'epoch': '5.87'}
{'loss': '0.03937', 'grad_norm': '13.19', 'learning_rate': '1.882e-05', 'epoch': '5.876'}
{'loss': '0.01173', 'grad_norm': '0.1696', 'learning_rate': '1.882e-05', 'epoch': '5.882'}
{'loss': '0.0268', 'grad_norm': '0.5289', 'learning_rate': '1.882e-05', 'epoch': '5.888'}
{'loss': '0.02924', 'grad_norm': '8.882', 'learning_rate': '1.882e-05', 'epoch': '5.894'}
{'loss': '0.06423', 'grad_norm': '7.793', 'learning_rate': '1.882e-05', 'epoch': '5.9'}
{'loss': '0.006683', 'grad_norm': '0.05753', 'learning_rate': '1.882e-05', 'epoch': '5.906'}
{'loss': '0.0308', 'grad_norm': '1.01', 'learning_rate': '1.882e-05', 'epoch': '5.912'}
{'loss': '0.0421', 'grad_norm': '5.513', 'learning_rate': '1.882e-05', 'epoch': '5.918'}
{'loss': '0.03815', 'grad_norm': '9.104', 'learning_rate': '1.882e-05', 'epoch': '5.925'}
{'loss': '0.01705', 'grad_norm': '0.02736', 'learning_rate': '1.881e-05', 'epoch': '5.931'}
{'loss': '0.0253', 'grad_norm': '4.771', 'learning_rate': '1.881e-05', 'epoch': '5.937'}
{'loss': '0.0449', 'grad_norm': '13.05', 'learning_rate': '1.881e-05', 'epoch': '5.943'}
{'loss': '0.01688', 'grad_norm': '1.152', 'learning_rate': '1.881e-05', 'epoch': '5.949'}
{'loss': '0.02599', 'grad_norm': '7.982', 'learning_rate': '1.881e-05', 'epoch': '5.955'}
{'loss': '0.08217', 'grad_norm': '0.1183', 'learning_rate': '1.881e-05', 'epoch': '5.961'}
{'loss': '0.03881', 'grad_norm': '0.6435', 'learning_rate': '1.881e-05', 'epoch': '5.967'}
{'loss': '0.05586', 'grad_norm': '23.2', 'learning_rate': '1.881e-05', 'epoch': '5.973'}
{'loss': '0.05151', 'grad_norm': '11.6', 'learning_rate': '1.88e-05', 'epoch': '5.979'}
{'loss': '0.02751', 'grad_norm': '5.338', 'learning_rate': '1.88e-05', 'epoch': '5.985'}
{'loss': '0.01669', 'grad_norm': '0.1974', 'learning_rate': '1.88e-05', 'epoch': '5.991'}
{'loss': '0.01271', 'grad_norm': '12.32', 'learning_rate': '1.88e-05', 'epoch': '5.998'}
{'eval_loss': '0.8805', 'eval_accuracy': '0.9042', 'eval_precision': '0.8988', 'eval_recall': '0.923', 'eval_f1': '0.9107', 'eval_runtime': '11.57', 'eval_samples_per_second': '1123', 'eval_steps_per_second': '17.63', 'epoch': '6'}
{'loss': '0.05287', 'grad_norm': '0.03616', 'learning_rate': '1.88e-05', 'epoch': '6.004'}
{'loss': '0.02909', 'grad_norm': '0.1423', 'learning_rate': '1.88e-05', 'epoch': '6.01'}
{'loss': '0.05667', 'grad_norm': '2.871', 'learning_rate': '1.88e-05', 'epoch': '6.016'}
{'loss': '0.05029', 'grad_norm': '1.396', 'learning_rate': '1.88e-05', 'epoch': '6.022'}
{'loss': '0.007837', 'grad_norm': '9.592', 'learning_rate': '1.879e-05', 'epoch': '6.028'}
{'loss': '0.04733', 'grad_norm': '4.784', 'learning_rate': '1.879e-05', 'epoch': '6.034'}
{'loss': '0.05053', 'grad_norm': '17.23', 'learning_rate': '1.879e-05', 'epoch': '6.04'}
{'loss': '0.03204', 'grad_norm': '1.152', 'learning_rate': '1.879e-05', 'epoch': '6.046'}
{'loss': '0.03582', 'grad_norm': '0.2875', 'learning_rate': '1.879e-05', 'epoch': '6.052'}
{'loss': '0.04296', 'grad_norm': '2.706', 'learning_rate': '1.879e-05', 'epoch': '6.058'}
{'loss': '0.0237', 'grad_norm': '2.237', 'learning_rate': '1.879e-05', 'epoch': '6.064'}
{'loss': '0.03257', 'grad_norm': '65.46', 'learning_rate': '1.879e-05', 'epoch': '6.071'}
{'loss': '0.01957', 'grad_norm': '0.2853', 'learning_rate': '1.878e-05', 'epoch': '6.077'}
{'loss': '0.02809', 'grad_norm': '0.06598', 'learning_rate': '1.878e-05', 'epoch': '6.083'}
{'loss': '0.02279', 'grad_norm': '0.5049', 'learning_rate': '1.878e-05', 'epoch': '6.089'}
{'loss': '0.04315', 'grad_norm': '0.1657', 'learning_rate': '1.878e-05', 'epoch': '6.095'}
{'loss': '0.03488', 'grad_norm': '1.409', 'learning_rate': '1.878e-05', 'epoch': '6.101'}
{'loss': '0.01439', 'grad_norm': '52.53', 'learning_rate': '1.878e-05', 'epoch': '6.107'}
{'loss': '0.07549', 'grad_norm': '1.077', 'learning_rate': '1.878e-05', 'epoch': '6.113'}
{'loss': '0.04261', 'grad_norm': '1.49', 'learning_rate': '1.878e-05', 'epoch': '6.119'}
{'loss': '0.003753', 'grad_norm': '0.2607', 'learning_rate': '1.878e-05', 'epoch': '6.125'}
{'loss': '0.02368', 'grad_norm': '4.005', 'learning_rate': '1.877e-05', 'epoch': '6.131'}
{'loss': '0.04178', 'grad_norm': '0.1313', 'learning_rate': '1.877e-05', 'epoch': '6.137'}
{'loss': '0.02679', 'grad_norm': '4.257', 'learning_rate': '1.877e-05', 'epoch': '6.144'}
{'loss': '0.05161', 'grad_norm': '0.195', 'learning_rate': '1.877e-05', 'epoch': '6.15'}
{'loss': '0.01892', 'grad_norm': '305.6', 'learning_rate': '1.877e-05', 'epoch': '6.156'}
{'loss': '0.004691', 'grad_norm': '8.217', 'learning_rate': '1.877e-05', 'epoch': '6.162'}
{'loss': '0.04077', 'grad_norm': '2.511', 'learning_rate': '1.877e-05', 'epoch': '6.168'}
{'loss': '0.02846', 'grad_norm': '0.1238', 'learning_rate': '1.877e-05', 'epoch': '6.174'}
{'loss': '0.0346', 'grad_norm': '8.244', 'learning_rate': '1.876e-05', 'epoch': '6.18'}
{'loss': '0.05166', 'grad_norm': '0.1234', 'learning_rate': '1.876e-05', 'epoch': '6.186'}
{'loss': '0.03835', 'grad_norm': '3.222', 'learning_rate': '1.876e-05', 'epoch': '6.192'}
{'loss': '0.06541', 'grad_norm': '20.02', 'learning_rate': '1.876e-05', 'epoch': '6.198'}
{'loss': '0.0427', 'grad_norm': '0.01579', 'learning_rate': '1.876e-05', 'epoch': '6.204'}
{'loss': '0.06429', 'grad_norm': '54.44', 'learning_rate': '1.876e-05', 'epoch': '6.21'}
{'loss': '0.02988', 'grad_norm': '2.946', 'learning_rate': '1.876e-05', 'epoch': '6.217'}
{'loss': '0.01207', 'grad_norm': '1.657', 'learning_rate': '1.876e-05', 'epoch': '6.223'}
{'loss': '0.0319', 'grad_norm': '7.657', 'learning_rate': '1.875e-05', 'epoch': '6.229'}
{'loss': '0.06713', 'grad_norm': '0.0835', 'learning_rate': '1.875e-05', 'epoch': '6.235'}
{'loss': '0.0291', 'grad_norm': '0.2122', 'learning_rate': '1.875e-05', 'epoch': '6.241'}
{'loss': '0.0131', 'grad_norm': '0.004852', 'learning_rate': '1.875e-05', 'epoch': '6.247'}
{'loss': '0.005674', 'grad_norm': '53.67', 'learning_rate': '1.875e-05', 'epoch': '6.253'}
{'loss': '0.05191', 'grad_norm': '0.09352', 'learning_rate': '1.875e-05', 'epoch': '6.259'}
{'loss': '0.01387', 'grad_norm': '16.73', 'learning_rate': '1.875e-05', 'epoch': '6.265'}
{'loss': '0.0368', 'grad_norm': '15.81', 'learning_rate': '1.875e-05', 'epoch': '6.271'}
{'loss': '0.05767', 'grad_norm': '2.795', 'learning_rate': '1.874e-05', 'epoch': '6.277'}
{'loss': '0.01696', 'grad_norm': '0.02971', 'learning_rate': '1.874e-05', 'epoch': '6.283'}
{'loss': '0.05094', 'grad_norm': '0.5501', 'learning_rate': '1.874e-05', 'epoch': '6.29'}
{'loss': '0.04505', 'grad_norm': '0.006452', 'learning_rate': '1.874e-05', 'epoch': '6.296'}
{'loss': '0.03998', 'grad_norm': '0.00776', 'learning_rate': '1.874e-05', 'epoch': '6.302'}
{'loss': '0.03105', 'grad_norm': '1.159', 'learning_rate': '1.874e-05', 'epoch': '6.308'}
{'loss': '0.02919', 'grad_norm': '15.03', 'learning_rate': '1.874e-05', 'epoch': '6.314'}
{'loss': '0.03183', 'grad_norm': '1.098', 'learning_rate': '1.874e-05', 'epoch': '6.32'}
{'loss': '0.04132', 'grad_norm': '0.2395', 'learning_rate': '1.873e-05', 'epoch': '6.326'}
{'loss': '0.01681', 'grad_norm': '0.07644', 'learning_rate': '1.873e-05', 'epoch': '6.332'}
{'loss': '0.05561', 'grad_norm': '10.34', 'learning_rate': '1.873e-05', 'epoch': '6.338'}
{'loss': '0.0412', 'grad_norm': '4.944', 'learning_rate': '1.873e-05', 'epoch': '6.344'}
{'loss': '0.07137', 'grad_norm': '17.27', 'learning_rate': '1.873e-05', 'epoch': '6.35'}
{'loss': '0.06337', 'grad_norm': '0.06091', 'learning_rate': '1.873e-05', 'epoch': '6.356'}
{'loss': '0.02283', 'grad_norm': '0.7336', 'learning_rate': '1.873e-05', 'epoch': '6.363'}
{'loss': '0.02957', 'grad_norm': '21.18', 'learning_rate': '1.873e-05', 'epoch': '6.369'}
{'loss': '0.0386', 'grad_norm': '6.619', 'learning_rate': '1.873e-05', 'epoch': '6.375'}
{'loss': '0.03', 'grad_norm': '1.372', 'learning_rate': '1.872e-05', 'epoch': '6.381'}
{'loss': '0.006127', 'grad_norm': '1.375', 'learning_rate': '1.872e-05', 'epoch': '6.387'}
{'loss': '0.04257', 'grad_norm': '2.716', 'learning_rate': '1.872e-05', 'epoch': '6.393'}
{'loss': '0.04543', 'grad_norm': '0.01661', 'learning_rate': '1.872e-05', 'epoch': '6.399'}
{'loss': '0.05169', 'grad_norm': '0.9496', 'learning_rate': '1.872e-05', 'epoch': '6.405'}
{'loss': '0.03682', 'grad_norm': '0.4877', 'learning_rate': '1.872e-05', 'epoch': '6.411'}
{'loss': '0.01695', 'grad_norm': '0.8719', 'learning_rate': '1.872e-05', 'epoch': '6.417'}
{'loss': '0.0188', 'grad_norm': '0.6121', 'learning_rate': '1.872e-05', 'epoch': '6.423'}
{'loss': '0.02975', 'grad_norm': '0.03782', 'learning_rate': '1.871e-05', 'epoch': '6.429'}
{'loss': '0.007953', 'grad_norm': '0.01956', 'learning_rate': '1.871e-05', 'epoch': '6.436'}
{'loss': '0.05447', 'grad_norm': '21.6', 'learning_rate': '1.871e-05', 'epoch': '6.442'}
{'loss': '0.03301', 'grad_norm': '1.693', 'learning_rate': '1.871e-05', 'epoch': '6.448'}
{'loss': '0.04949', 'grad_norm': '0.03587', 'learning_rate': '1.871e-05', 'epoch': '6.454'}
{'loss': '0.04213', 'grad_norm': '82.19', 'learning_rate': '1.871e-05', 'epoch': '6.46'}
{'loss': '0.01136', 'grad_norm': '0.9772', 'learning_rate': '1.871e-05', 'epoch': '6.466'}
{'loss': '0.04287', 'grad_norm': '0.01568', 'learning_rate': '1.871e-05', 'epoch': '6.472'}
{'loss': '0.019', 'grad_norm': '0.04352', 'learning_rate': '1.87e-05', 'epoch': '6.478'}
{'loss': '0.02048', 'grad_norm': '0.06501', 'learning_rate': '1.87e-05', 'epoch': '6.484'}
{'loss': '0.04751', 'grad_norm': '0.004212', 'learning_rate': '1.87e-05', 'epoch': '6.49'}
{'loss': '0.03445', 'grad_norm': '0.5728', 'learning_rate': '1.87e-05', 'epoch': '6.496'}
{'loss': '0.02188', 'grad_norm': '0.1388', 'learning_rate': '1.87e-05', 'epoch': '6.502'}
{'loss': '0.002813', 'grad_norm': '0.0132', 'learning_rate': '1.87e-05', 'epoch': '6.509'}
{'loss': '0.07692', 'grad_norm': '29.37', 'learning_rate': '1.87e-05', 'epoch': '6.515'}
{'loss': '0.04445', 'grad_norm': '0.2429', 'learning_rate': '1.87e-05', 'epoch': '6.521'}
{'loss': '0.03671', 'grad_norm': '0.03632', 'learning_rate': '1.869e-05', 'epoch': '6.527'}
{'loss': '0.03982', 'grad_norm': '0.1536', 'learning_rate': '1.869e-05', 'epoch': '6.533'}
{'loss': '0.02728', 'grad_norm': '0.2576', 'learning_rate': '1.869e-05', 'epoch': '6.539'}
{'loss': '0.0365', 'grad_norm': '0.3713', 'learning_rate': '1.869e-05', 'epoch': '6.545'}
{'loss': '0.02464', 'grad_norm': '18.8', 'learning_rate': '1.869e-05', 'epoch': '6.551'}
{'loss': '0.01148', 'grad_norm': '0.3421', 'learning_rate': '1.869e-05', 'epoch': '6.557'}
{'loss': '0.007652', 'grad_norm': '1.849', 'learning_rate': '1.869e-05', 'epoch': '6.563'}
{'loss': '0.01851', 'grad_norm': '0.09198', 'learning_rate': '1.869e-05', 'epoch': '6.569'}
{'loss': '0.09093', 'grad_norm': '0.03883', 'learning_rate': '1.869e-05', 'epoch': '6.575'}
{'loss': '0.05246', 'grad_norm': '0.01195', 'learning_rate': '1.868e-05', 'epoch': '6.582'}
{'loss': '0.05846', 'grad_norm': '7.506', 'learning_rate': '1.868e-05', 'epoch': '6.588'}
{'loss': '0.02369', 'grad_norm': '1.091', 'learning_rate': '1.868e-05', 'epoch': '6.594'}
{'loss': '0.02941', 'grad_norm': '1.544', 'learning_rate': '1.868e-05', 'epoch': '6.6'}
{'loss': '0.03633', 'grad_norm': '7.698', 'learning_rate': '1.868e-05', 'epoch': '6.606'}
{'loss': '0.02276', 'grad_norm': '0.4933', 'learning_rate': '1.868e-05', 'epoch': '6.612'}
{'loss': '0.03422', 'grad_norm': '2.732', 'learning_rate': '1.868e-05', 'epoch': '6.618'}
{'loss': '0.0164', 'grad_norm': '0.8106', 'learning_rate': '1.868e-05', 'epoch': '6.624'}
{'loss': '0.01538', 'grad_norm': '0.2383', 'learning_rate': '1.867e-05', 'epoch': '6.63'}
{'loss': '0.02963', 'grad_norm': '4.663', 'learning_rate': '1.867e-05', 'epoch': '6.636'}
{'loss': '0.01221', 'grad_norm': '3.388', 'learning_rate': '1.867e-05', 'epoch': '6.642'}
{'loss': '0.00974', 'grad_norm': '0.0957', 'learning_rate': '1.867e-05', 'epoch': '6.648'}
{'loss': '0.003832', 'grad_norm': '0.1523', 'learning_rate': '1.867e-05', 'epoch': '6.655'}
{'loss': '0.02817', 'grad_norm': '0.2557', 'learning_rate': '1.867e-05', 'epoch': '6.661'}
{'loss': '0.04489', 'grad_norm': '0.006856', 'learning_rate': '1.867e-05', 'epoch': '6.667'}
{'loss': '0.01105', 'grad_norm': '0.001815', 'learning_rate': '1.867e-05', 'epoch': '6.673'}
{'loss': '0.01975', 'grad_norm': '0.2241', 'learning_rate': '1.866e-05', 'epoch': '6.679'}
{'loss': '0.02959', 'grad_norm': '4.681', 'learning_rate': '1.866e-05', 'epoch': '6.685'}
{'loss': '0.006437', 'grad_norm': '0.05447', 'learning_rate': '1.866e-05', 'epoch': '6.691'}
{'loss': '0.02605', 'grad_norm': '0.02506', 'learning_rate': '1.866e-05', 'epoch': '6.697'}
{'loss': '0.04012', 'grad_norm': '1.9', 'learning_rate': '1.866e-05', 'epoch': '6.703'}
{'loss': '0.03753', 'grad_norm': '17.71', 'learning_rate': '1.866e-05', 'epoch': '6.709'}
{'loss': '0.05574', 'grad_norm': '4.152', 'learning_rate': '1.866e-05', 'epoch': '6.715'}
{'loss': '0.02487', 'grad_norm': '0.1878', 'learning_rate': '1.866e-05', 'epoch': '6.721'}
{'loss': '0.01534', 'grad_norm': '0.6217', 'learning_rate': '1.865e-05', 'epoch': '6.727'}
{'loss': '0.02981', 'grad_norm': '0.01136', 'learning_rate': '1.865e-05', 'epoch': '6.734'}
{'loss': '0.0267', 'grad_norm': '4.451', 'learning_rate': '1.865e-05', 'epoch': '6.74'}
{'loss': '0.01841', 'grad_norm': '0.2641', 'learning_rate': '1.865e-05', 'epoch': '6.746'}
{'loss': '0.02191', 'grad_norm': '2.444', 'learning_rate': '1.865e-05', 'epoch': '6.752'}
{'loss': '0.02437', 'grad_norm': '0.2563', 'learning_rate': '1.865e-05', 'epoch': '6.758'}
{'loss': '0.0295', 'grad_norm': '0.05768', 'learning_rate': '1.865e-05', 'epoch': '6.764'}
{'loss': '0.0507', 'grad_norm': '1.64', 'learning_rate': '1.865e-05', 'epoch': '6.77'}
{'loss': '0.04786', 'grad_norm': '6.779', 'learning_rate': '1.864e-05', 'epoch': '6.776'}
{'loss': '0.0499', 'grad_norm': '17.23', 'learning_rate': '1.864e-05', 'epoch': '6.782'}
{'loss': '0.05639', 'grad_norm': '1.361', 'learning_rate': '1.864e-05', 'epoch': '6.788'}
{'loss': '0.04369', 'grad_norm': '3.062', 'learning_rate': '1.864e-05', 'epoch': '6.794'}
{'loss': '0.02753', 'grad_norm': '0.03284', 'learning_rate': '1.864e-05', 'epoch': '6.8'}
{'loss': '0.04661', 'grad_norm': '0.2633', 'learning_rate': '1.864e-05', 'epoch': '6.807'}
{'loss': '0.05856', 'grad_norm': '25.21', 'learning_rate': '1.864e-05', 'epoch': '6.813'}
{'loss': '0.02688', 'grad_norm': '0.007664', 'learning_rate': '1.864e-05', 'epoch': '6.819'}
{'loss': '0.002527', 'grad_norm': '0.5049', 'learning_rate': '1.864e-05', 'epoch': '6.825'}
{'loss': '0.02066', 'grad_norm': '6.1', 'learning_rate': '1.863e-05', 'epoch': '6.831'}
{'loss': '0.01471', 'grad_norm': '0.9332', 'learning_rate': '1.863e-05', 'epoch': '6.837'}
{'loss': '0.01592', 'grad_norm': '30.09', 'learning_rate': '1.863e-05', 'epoch': '6.843'}
{'loss': '0.01312', 'grad_norm': '0.6559', 'learning_rate': '1.863e-05', 'epoch': '6.849'}
{'loss': '0.01159', 'grad_norm': '10.3', 'learning_rate': '1.863e-05', 'epoch': '6.855'}
{'loss': '0.02262', 'grad_norm': '0.9329', 'learning_rate': '1.863e-05', 'epoch': '6.861'}
{'loss': '0.01347', 'grad_norm': '17.89', 'learning_rate': '1.863e-05', 'epoch': '6.867'}
{'loss': '0.06012', 'grad_norm': '0.6116', 'learning_rate': '1.863e-05', 'epoch': '6.873'}
{'loss': '0.02435', 'grad_norm': '0.8049', 'learning_rate': '1.862e-05', 'epoch': '6.88'}
{'loss': '0.03513', 'grad_norm': '0.9448', 'learning_rate': '1.862e-05', 'epoch': '6.886'}
{'loss': '0.0157', 'grad_norm': '7.34', 'learning_rate': '1.862e-05', 'epoch': '6.892'}
{'loss': '0.01581', 'grad_norm': '0.02301', 'learning_rate': '1.862e-05', 'epoch': '6.898'}
{'loss': '0.1093', 'grad_norm': '3.036', 'learning_rate': '1.862e-05', 'epoch': '6.904'}
{'loss': '0.02118', 'grad_norm': '0.04539', 'learning_rate': '1.862e-05', 'epoch': '6.91'}
{'loss': '0.03318', 'grad_norm': '5.656', 'learning_rate': '1.862e-05', 'epoch': '6.916'}
{'loss': '0.05273', 'grad_norm': '22.5', 'learning_rate': '1.862e-05', 'epoch': '6.922'}
{'loss': '0.02683', 'grad_norm': '0.4576', 'learning_rate': '1.861e-05', 'epoch': '6.928'}
{'loss': '0.04822', 'grad_norm': '31.35', 'learning_rate': '1.861e-05', 'epoch': '6.934'}
{'loss': '0.03667', 'grad_norm': '13.14', 'learning_rate': '1.861e-05', 'epoch': '6.94'}
{'loss': '0.02412', 'grad_norm': '0.7554', 'learning_rate': '1.861e-05', 'epoch': '6.946'}
{'loss': '0.06351', 'grad_norm': '2.771', 'learning_rate': '1.861e-05', 'epoch': '6.953'}
{'loss': '0.02351', 'grad_norm': '12.49', 'learning_rate': '1.861e-05', 'epoch': '6.959'}
{'loss': '0.01303', 'grad_norm': '28.3', 'learning_rate': '1.861e-05', 'epoch': '6.965'}
{'loss': '0.03689', 'grad_norm': '0.01434', 'learning_rate': '1.861e-05', 'epoch': '6.971'}
{'loss': '0.008861', 'grad_norm': '1.572', 'learning_rate': '1.86e-05', 'epoch': '6.977'}
{'loss': '0.001635', 'grad_norm': '0.01757', 'learning_rate': '1.86e-05', 'epoch': '6.983'}
{'loss': '0.02494', 'grad_norm': '0.2311', 'learning_rate': '1.86e-05', 'epoch': '6.989'}
{'loss': '0.07802', 'grad_norm': '0.7179', 'learning_rate': '1.86e-05', 'epoch': '6.995'}
{'eval_loss': '0.8789', 'eval_accuracy': '0.9047', 'eval_precision': '0.8859', 'eval_recall': '0.9413', 'eval_f1': '0.9128', 'eval_runtime': '11.55', 'eval_samples_per_second': '1126', 'eval_steps_per_second': '17.67', 'epoch': '7'}
{'loss': '0.02509', 'grad_norm': '0.9462', 'learning_rate': '1.86e-05', 'epoch': '7.001'}
{'loss': '0.04253', 'grad_norm': '0.0431', 'learning_rate': '1.86e-05', 'epoch': '7.007'}
{'loss': '0.01491', 'grad_norm': '2.994', 'learning_rate': '1.86e-05', 'epoch': '7.013'}
{'loss': '0.01105', 'grad_norm': '6.613', 'learning_rate': '1.86e-05', 'epoch': '7.019'}
{'loss': '0.03259', 'grad_norm': '0.9888', 'learning_rate': '1.86e-05', 'epoch': '7.026'}
{'loss': '0.007585', 'grad_norm': '0.02087', 'learning_rate': '1.859e-05', 'epoch': '7.032'}
{'loss': '0.07744', 'grad_norm': '0.6093', 'learning_rate': '1.859e-05', 'epoch': '7.038'}
{'loss': '0.03594', 'grad_norm': '0.1235', 'learning_rate': '1.859e-05', 'epoch': '7.044'}
{'loss': '0.03672', 'grad_norm': '2.431', 'learning_rate': '1.859e-05', 'epoch': '7.05'}
{'loss': '0.005293', 'grad_norm': '0.2088', 'learning_rate': '1.859e-05', 'epoch': '7.056'}
{'loss': '0.07151', 'grad_norm': '0.01403', 'learning_rate': '1.859e-05', 'epoch': '7.062'}
{'loss': '0.009725', 'grad_norm': '0.06745', 'learning_rate': '1.859e-05', 'epoch': '7.068'}
{'loss': '0.006824', 'grad_norm': '0.9943', 'learning_rate': '1.859e-05', 'epoch': '7.074'}
{'loss': '0.0388', 'grad_norm': '4.091', 'learning_rate': '1.858e-05', 'epoch': '7.08'}
{'loss': '0.007992', 'grad_norm': '38.8', 'learning_rate': '1.858e-05', 'epoch': '7.086'}
{'loss': '0.01233', 'grad_norm': '4.325', 'learning_rate': '1.858e-05', 'epoch': '7.092'}
{'loss': '0.01118', 'grad_norm': '0.07979', 'learning_rate': '1.858e-05', 'epoch': '7.099'}
{'loss': '0.01781', 'grad_norm': '0.1647', 'learning_rate': '1.858e-05', 'epoch': '7.105'}
{'loss': '0.01293', 'grad_norm': '3.402', 'learning_rate': '1.858e-05', 'epoch': '7.111'}
{'loss': '0.05666', 'grad_norm': '13.29', 'learning_rate': '1.858e-05', 'epoch': '7.117'}
{'loss': '0.01317', 'grad_norm': '1.076', 'learning_rate': '1.858e-05', 'epoch': '7.123'}
{'loss': '0.001442', 'grad_norm': '1.222', 'learning_rate': '1.857e-05', 'epoch': '7.129'}
{'loss': '0.01602', 'grad_norm': '1.969', 'learning_rate': '1.857e-05', 'epoch': '7.135'}
{'loss': '0.04045', 'grad_norm': '0.1426', 'learning_rate': '1.857e-05', 'epoch': '7.141'}
{'loss': '0.00975', 'grad_norm': '0.8069', 'learning_rate': '1.857e-05', 'epoch': '7.147'}
{'loss': '0.009544', 'grad_norm': '1.72', 'learning_rate': '1.857e-05', 'epoch': '7.153'}
{'loss': '0.00386', 'grad_norm': '13.9', 'learning_rate': '1.857e-05', 'epoch': '7.159'}
{'loss': '0.01832', 'grad_norm': '5.357', 'learning_rate': '1.857e-05', 'epoch': '7.165'}
{'loss': '0.009548', 'grad_norm': '7.967', 'learning_rate': '1.857e-05', 'epoch': '7.172'}
{'loss': '0.02498', 'grad_norm': '0.05738', 'learning_rate': '1.856e-05', 'epoch': '7.178'}
{'loss': '0.06097', 'grad_norm': '18.6', 'learning_rate': '1.856e-05', 'epoch': '7.184'}
{'loss': '0.005654', 'grad_norm': '1.571', 'learning_rate': '1.856e-05', 'epoch': '7.19'}
{'loss': '0.01207', 'grad_norm': '0.3427', 'learning_rate': '1.856e-05', 'epoch': '7.196'}
{'loss': '0.03409', 'grad_norm': '7.919', 'learning_rate': '1.856e-05', 'epoch': '7.202'}
{'loss': '0.02342', 'grad_norm': '0.01665', 'learning_rate': '1.856e-05', 'epoch': '7.208'}
{'loss': '0.01772', 'grad_norm': '0.06584', 'learning_rate': '1.856e-05', 'epoch': '7.214'}
{'loss': '0.046', 'grad_norm': '0.02155', 'learning_rate': '1.856e-05', 'epoch': '7.22'}
{'loss': '0.026', 'grad_norm': '0.5069', 'learning_rate': '1.855e-05', 'epoch': '7.226'}
{'loss': '0.03155', 'grad_norm': '11.89', 'learning_rate': '1.855e-05', 'epoch': '7.232'}
{'loss': '0.06871', 'grad_norm': '0.9833', 'learning_rate': '1.855e-05', 'epoch': '7.238'}
{'loss': '0.01446', 'grad_norm': '0.002579', 'learning_rate': '1.855e-05', 'epoch': '7.245'}
{'loss': '0.06176', 'grad_norm': '0.1637', 'learning_rate': '1.855e-05', 'epoch': '7.251'}
{'loss': '0.02024', 'grad_norm': '0.4374', 'learning_rate': '1.855e-05', 'epoch': '7.257'}
{'loss': '0.01741', 'grad_norm': '7.46', 'learning_rate': '1.855e-05', 'epoch': '7.263'}
{'loss': '0.037', 'grad_norm': '5.012', 'learning_rate': '1.855e-05', 'epoch': '7.269'}
{'loss': '0.01102', 'grad_norm': '0.01564', 'learning_rate': '1.855e-05', 'epoch': '7.275'}
{'loss': '0.004635', 'grad_norm': '0.2545', 'learning_rate': '1.854e-05', 'epoch': '7.281'}
{'loss': '0.02414', 'grad_norm': '0.2075', 'learning_rate': '1.854e-05', 'epoch': '7.287'}
{'loss': '0.01246', 'grad_norm': '0.005005', 'learning_rate': '1.854e-05', 'epoch': '7.293'}
{'loss': '0.02754', 'grad_norm': '0.04058', 'learning_rate': '1.854e-05', 'epoch': '7.299'}
{'loss': '0.05621', 'grad_norm': '2.106', 'learning_rate': '1.854e-05', 'epoch': '7.305'}
{'loss': '0.01533', 'grad_norm': '4.578', 'learning_rate': '1.854e-05', 'epoch': '7.311'}
{'loss': '0.01868', 'grad_norm': '0.1606', 'learning_rate': '1.854e-05', 'epoch': '7.318'}
{'loss': '0.04459', 'grad_norm': '0.004784', 'learning_rate': '1.854e-05', 'epoch': '7.324'}
{'loss': '0.02552', 'grad_norm': '0.1186', 'learning_rate': '1.853e-05', 'epoch': '7.33'}
{'loss': '0.0388', 'grad_norm': '2.346', 'learning_rate': '1.853e-05', 'epoch': '7.336'}
{'loss': '0.01984', 'grad_norm': '0.001053', 'learning_rate': '1.853e-05', 'epoch': '7.342'}
{'loss': '0.01166', 'grad_norm': '0.04597', 'learning_rate': '1.853e-05', 'epoch': '7.348'}
{'loss': '0.02051', 'grad_norm': '0.02369', 'learning_rate': '1.853e-05', 'epoch': '7.354'}
{'loss': '0.002461', 'grad_norm': '2.516', 'learning_rate': '1.853e-05', 'epoch': '7.36'}
{'loss': '0.04043', 'grad_norm': '0.01999', 'learning_rate': '1.853e-05', 'epoch': '7.366'}
{'loss': '0.02298', 'grad_norm': '15.82', 'learning_rate': '1.853e-05', 'epoch': '7.372'}
{'loss': '0.02869', 'grad_norm': '0.006378', 'learning_rate': '1.852e-05', 'epoch': '7.378'}
{'loss': '0.01031', 'grad_norm': '0.07321', 'learning_rate': '1.852e-05', 'epoch': '7.384'}
{'loss': '0.03019', 'grad_norm': '0.1263', 'learning_rate': '1.852e-05', 'epoch': '7.391'}
{'loss': '0.007787', 'grad_norm': '8.231', 'learning_rate': '1.852e-05', 'epoch': '7.397'}
{'loss': '0.02547', 'grad_norm': '12.38', 'learning_rate': '1.852e-05', 'epoch': '7.403'}
{'loss': '0.02116', 'grad_norm': '0.4276', 'learning_rate': '1.852e-05', 'epoch': '7.409'}
{'loss': '0.02122', 'grad_norm': '0.08363', 'learning_rate': '1.852e-05', 'epoch': '7.415'}
{'loss': '0.05034', 'grad_norm': '0.08321', 'learning_rate': '1.852e-05', 'epoch': '7.421'}
{'loss': '0.03047', 'grad_norm': '0.0225', 'learning_rate': '1.851e-05', 'epoch': '7.427'}
{'loss': '0.01947', 'grad_norm': '0.1853', 'learning_rate': '1.851e-05', 'epoch': '7.433'}
{'loss': '0.05021', 'grad_norm': '6.156', 'learning_rate': '1.851e-05', 'epoch': '7.439'}
{'loss': '0.009113', 'grad_norm': '0.1015', 'learning_rate': '1.851e-05', 'epoch': '7.445'}
{'loss': '0.06342', 'grad_norm': '0.009695', 'learning_rate': '1.851e-05', 'epoch': '7.451'}
{'loss': '0.01124', 'grad_norm': '0.05721', 'learning_rate': '1.851e-05', 'epoch': '7.457'}
{'loss': '0.04006', 'grad_norm': '1.692', 'learning_rate': '1.851e-05', 'epoch': '7.464'}
{'loss': '0.0107', 'grad_norm': '0.006757', 'learning_rate': '1.851e-05', 'epoch': '7.47'}
{'loss': '0.06565', 'grad_norm': '14.42', 'learning_rate': '1.85e-05', 'epoch': '7.476'}
{'loss': '0.03172', 'grad_norm': '2.538', 'learning_rate': '1.85e-05', 'epoch': '7.482'}
{'loss': '0.006396', 'grad_norm': '0.04923', 'learning_rate': '1.85e-05', 'epoch': '7.488'}
{'loss': '0.01939', 'grad_norm': '0.03174', 'learning_rate': '1.85e-05', 'epoch': '7.494'}
{'loss': '0.003384', 'grad_norm': '0.1985', 'learning_rate': '1.85e-05', 'epoch': '7.5'}
{'loss': '0.02312', 'grad_norm': '1.883', 'learning_rate': '1.85e-05', 'epoch': '7.506'}
{'loss': '0.04664', 'grad_norm': '0.04696', 'learning_rate': '1.85e-05', 'epoch': '7.512'}
{'loss': '0.01323', 'grad_norm': '0.2117', 'learning_rate': '1.85e-05', 'epoch': '7.518'}
{'loss': '0.02255', 'grad_norm': '1.19', 'learning_rate': '1.85e-05', 'epoch': '7.524'}
{'loss': '0.01499', 'grad_norm': '0.01426', 'learning_rate': '1.849e-05', 'epoch': '7.53'}
{'loss': '0.03391', 'grad_norm': '4.412', 'learning_rate': '1.849e-05', 'epoch': '7.536'}
{'loss': '0.01365', 'grad_norm': '1.163', 'learning_rate': '1.849e-05', 'epoch': '7.543'}
{'loss': '0.03018', 'grad_norm': '0.09019', 'learning_rate': '1.849e-05', 'epoch': '7.549'}
{'loss': '0.01088', 'grad_norm': '0.4014', 'learning_rate': '1.849e-05', 'epoch': '7.555'}
{'loss': '0.01275', 'grad_norm': '18.05', 'learning_rate': '1.849e-05', 'epoch': '7.561'}
{'loss': '0.01768', 'grad_norm': '6.918', 'learning_rate': '1.849e-05', 'epoch': '7.567'}
{'loss': '0.08779', 'grad_norm': '31.74', 'learning_rate': '1.849e-05', 'epoch': '7.573'}
{'loss': '0.01791', 'grad_norm': '0.06198', 'learning_rate': '1.848e-05', 'epoch': '7.579'}
{'loss': '0.05865', 'grad_norm': '0.06501', 'learning_rate': '1.848e-05', 'epoch': '7.585'}
{'loss': '0.01577', 'grad_norm': '0.2741', 'learning_rate': '1.848e-05', 'epoch': '7.591'}
{'loss': '0.009236', 'grad_norm': '0.06448', 'learning_rate': '1.848e-05', 'epoch': '7.597'}
{'loss': '0.00754', 'grad_norm': '6.552', 'learning_rate': '1.848e-05', 'epoch': '7.603'}
{'loss': '0.05325', 'grad_norm': '11.68', 'learning_rate': '1.848e-05', 'epoch': '7.609'}
{'loss': '0.03641', 'grad_norm': '5.048', 'learning_rate': '1.848e-05', 'epoch': '7.616'}
{'loss': '0.02434', 'grad_norm': '0.0624', 'learning_rate': '1.848e-05', 'epoch': '7.622'}
{'loss': '0.02471', 'grad_norm': '1.215', 'learning_rate': '1.847e-05', 'epoch': '7.628'}
{'loss': '0.03224', 'grad_norm': '0.06977', 'learning_rate': '1.847e-05', 'epoch': '7.634'}
{'loss': '0.05042', 'grad_norm': '0.0794', 'learning_rate': '1.847e-05', 'epoch': '7.64'}
{'loss': '0.008387', 'grad_norm': '0.4136', 'learning_rate': '1.847e-05', 'epoch': '7.646'}
{'loss': '0.01693', 'grad_norm': '0.07834', 'learning_rate': '1.847e-05', 'epoch': '7.652'}
{'loss': '0.02', 'grad_norm': '0.159', 'learning_rate': '1.847e-05', 'epoch': '7.658'}
{'loss': '0.06378', 'grad_norm': '0.01463', 'learning_rate': '1.847e-05', 'epoch': '7.664'}
{'loss': '0.01978', 'grad_norm': '0.3419', 'learning_rate': '1.847e-05', 'epoch': '7.67'}
{'loss': '0.02261', 'grad_norm': '3.014', 'learning_rate': '1.846e-05', 'epoch': '7.676'}
{'loss': '0.03144', 'grad_norm': '9.96', 'learning_rate': '1.846e-05', 'epoch': '7.682'}
{'loss': '0.04285', 'grad_norm': '3.055', 'learning_rate': '1.846e-05', 'epoch': '7.689'}
{'loss': '0.02099', 'grad_norm': '0.06452', 'learning_rate': '1.846e-05', 'epoch': '7.695'}
{'loss': '0.02603', 'grad_norm': '0.03547', 'learning_rate': '1.846e-05', 'epoch': '7.701'}
{'loss': '0.005529', 'grad_norm': '0.08492', 'learning_rate': '1.846e-05', 'epoch': '7.707'}
{'loss': '0.049', 'grad_norm': '2.81', 'learning_rate': '1.846e-05', 'epoch': '7.713'}
{'loss': '0.05525', 'grad_norm': '0.02612', 'learning_rate': '1.846e-05', 'epoch': '7.719'}
{'loss': '0.02746', 'grad_norm': '0.03736', 'learning_rate': '1.846e-05', 'epoch': '7.725'}
{'loss': '0.005576', 'grad_norm': '0.1714', 'learning_rate': '1.845e-05', 'epoch': '7.731'}
{'loss': '0.04879', 'grad_norm': '0.05347', 'learning_rate': '1.845e-05', 'epoch': '7.737'}
{'loss': '0.02433', 'grad_norm': '8.908', 'learning_rate': '1.845e-05', 'epoch': '7.743'}
{'loss': '0.01787', 'grad_norm': '3.208', 'learning_rate': '1.845e-05', 'epoch': '7.749'}
{'loss': '0.03559', 'grad_norm': '0.02143', 'learning_rate': '1.845e-05', 'epoch': '7.755'}
{'loss': '0.0126', 'grad_norm': '0.01412', 'learning_rate': '1.845e-05', 'epoch': '7.762'}
{'loss': '0.07976', 'grad_norm': '83.92', 'learning_rate': '1.845e-05', 'epoch': '7.768'}
{'loss': '0.02148', 'grad_norm': '0.358', 'learning_rate': '1.845e-05', 'epoch': '7.774'}
{'loss': '0.03345', 'grad_norm': '0.2797', 'learning_rate': '1.844e-05', 'epoch': '7.78'}
{'loss': '0.04351', 'grad_norm': '0.3063', 'learning_rate': '1.844e-05', 'epoch': '7.786'}
{'loss': '0.02514', 'grad_norm': '0.05777', 'learning_rate': '1.844e-05', 'epoch': '7.792'}
{'loss': '0.01819', 'grad_norm': '6.391', 'learning_rate': '1.844e-05', 'epoch': '7.798'}
{'loss': '0.02157', 'grad_norm': '0.3253', 'learning_rate': '1.844e-05', 'epoch': '7.804'}
{'loss': '0.06015', 'grad_norm': '0.6946', 'learning_rate': '1.844e-05', 'epoch': '7.81'}
{'loss': '0.007906', 'grad_norm': '0.03597', 'learning_rate': '1.844e-05', 'epoch': '7.816'}
{'loss': '0.006246', 'grad_norm': '1.062', 'learning_rate': '1.844e-05', 'epoch': '7.822'}
{'loss': '0.02081', 'grad_norm': '11.76', 'learning_rate': '1.843e-05', 'epoch': '7.828'}
{'loss': '0.04642', 'grad_norm': '10.82', 'learning_rate': '1.843e-05', 'epoch': '7.835'}
{'loss': '0.07215', 'grad_norm': '0.05973', 'learning_rate': '1.843e-05', 'epoch': '7.841'}
{'loss': '0.01994', 'grad_norm': '0.02776', 'learning_rate': '1.843e-05', 'epoch': '7.847'}
{'loss': '0.003695', 'grad_norm': '0.0164', 'learning_rate': '1.843e-05', 'epoch': '7.853'}
{'loss': '0.005863', 'grad_norm': '44.17', 'learning_rate': '1.843e-05', 'epoch': '7.859'}
{'loss': '0.02468', 'grad_norm': '43.73', 'learning_rate': '1.843e-05', 'epoch': '7.865'}
{'loss': '0.01658', 'grad_norm': '3.658', 'learning_rate': '1.843e-05', 'epoch': '7.871'}
{'loss': '0.02059', 'grad_norm': '2.687', 'learning_rate': '1.842e-05', 'epoch': '7.877'}
{'loss': '0.04053', 'grad_norm': '0.08039', 'learning_rate': '1.842e-05', 'epoch': '7.883'}
{'loss': '0.02528', 'grad_norm': '0.007094', 'learning_rate': '1.842e-05', 'epoch': '7.889'}
{'loss': '0.005122', 'grad_norm': '0.01326', 'learning_rate': '1.842e-05', 'epoch': '7.895'}
{'loss': '0.05856', 'grad_norm': '5.753', 'learning_rate': '1.842e-05', 'epoch': '7.901'}
{'loss': '0.03623', 'grad_norm': '0.5712', 'learning_rate': '1.842e-05', 'epoch': '7.908'}
{'loss': '0.02066', 'grad_norm': '2.18', 'learning_rate': '1.842e-05', 'epoch': '7.914'}
{'loss': '0.01598', 'grad_norm': '0.133', 'learning_rate': '1.842e-05', 'epoch': '7.92'}
{'loss': '0.03448', 'grad_norm': '0.0494', 'learning_rate': '1.841e-05', 'epoch': '7.926'}
{'loss': '0.04497', 'grad_norm': '16.34', 'learning_rate': '1.841e-05', 'epoch': '7.932'}
{'loss': '0.06119', 'grad_norm': '4.277', 'learning_rate': '1.841e-05', 'epoch': '7.938'}
{'loss': '0.0278', 'grad_norm': '0.01072', 'learning_rate': '1.841e-05', 'epoch': '7.944'}
{'loss': '0.02162', 'grad_norm': '0.01942', 'learning_rate': '1.841e-05', 'epoch': '7.95'}
{'loss': '0.03532', 'grad_norm': '1.105', 'learning_rate': '1.841e-05', 'epoch': '7.956'}
{'loss': '0.009943', 'grad_norm': '0.3285', 'learning_rate': '1.841e-05', 'epoch': '7.962'}
{'loss': '0.0415', 'grad_norm': '5.085', 'learning_rate': '1.841e-05', 'epoch': '7.968'}
{'loss': '0.05015', 'grad_norm': '24.92', 'learning_rate': '1.841e-05', 'epoch': '7.974'}
{'loss': '0.04019', 'grad_norm': '3.469', 'learning_rate': '1.84e-05', 'epoch': '7.981'}
{'loss': '0.01992', 'grad_norm': '167.3', 'learning_rate': '1.84e-05', 'epoch': '7.987'}
{'loss': '0.004567', 'grad_norm': '0.5168', 'learning_rate': '1.84e-05', 'epoch': '7.993'}
{'loss': '0.004722', 'grad_norm': '1.959', 'learning_rate': '1.84e-05', 'epoch': '7.999'}
{'eval_loss': '0.9265', 'eval_accuracy': '0.899', 'eval_precision': '0.8941', 'eval_recall': '0.918', 'eval_f1': '0.9059', 'eval_runtime': '11.55', 'eval_samples_per_second': '1125', 'eval_steps_per_second': '17.66', 'epoch': '8'}
{'loss': '0.0184', 'grad_norm': '3.59', 'learning_rate': '1.84e-05', 'epoch': '8.005'}
{'loss': '0.07149', 'grad_norm': '11.19', 'learning_rate': '1.84e-05', 'epoch': '8.011'}
{'loss': '0.01027', 'grad_norm': '1.871', 'learning_rate': '1.84e-05', 'epoch': '8.017'}
{'loss': '0.03497', 'grad_norm': '14.31', 'learning_rate': '1.84e-05', 'epoch': '8.023'}
{'loss': '0.05843', 'grad_norm': '14.41', 'learning_rate': '1.839e-05', 'epoch': '8.029'}
{'loss': '0.007676', 'grad_norm': '8.806', 'learning_rate': '1.839e-05', 'epoch': '8.035'}
{'loss': '0.01012', 'grad_norm': '0.5099', 'learning_rate': '1.839e-05', 'epoch': '8.041'}
{'loss': '0.008766', 'grad_norm': '0.8149', 'learning_rate': '1.839e-05', 'epoch': '8.047'}
{'loss': '0.03131', 'grad_norm': '0.004031', 'learning_rate': '1.839e-05', 'epoch': '8.054'}
{'loss': '0.006403', 'grad_norm': '6.648', 'learning_rate': '1.839e-05', 'epoch': '8.06'}
{'loss': '0.03199', 'grad_norm': '0.02791', 'learning_rate': '1.839e-05', 'epoch': '8.066'}
{'loss': '0.03311', 'grad_norm': '0.2468', 'learning_rate': '1.839e-05', 'epoch': '8.072'}
{'loss': '0.01347', 'grad_norm': '2.219', 'learning_rate': '1.838e-05', 'epoch': '8.078'}
{'loss': '0.009402', 'grad_norm': '0.002341', 'learning_rate': '1.838e-05', 'epoch': '8.084'}
{'loss': '0.00727', 'grad_norm': '1.258', 'learning_rate': '1.838e-05', 'epoch': '8.09'}
{'loss': '0.01763', 'grad_norm': '94.03', 'learning_rate': '1.838e-05', 'epoch': '8.096'}
{'loss': '0.01493', 'grad_norm': '0.004776', 'learning_rate': '1.838e-05', 'epoch': '8.102'}
{'loss': '0.006352', 'grad_norm': '1.398', 'learning_rate': '1.838e-05', 'epoch': '8.108'}
{'loss': '0.0393', 'grad_norm': '0.8732', 'learning_rate': '1.838e-05', 'epoch': '8.114'}
{'loss': '0.03205', 'grad_norm': '0.3312', 'learning_rate': '1.838e-05', 'epoch': '8.12'}
{'loss': '0.009201', 'grad_norm': '31.64', 'learning_rate': '1.837e-05', 'epoch': '8.127'}
{'loss': '0.003393', 'grad_norm': '0.001947', 'learning_rate': '1.837e-05', 'epoch': '8.133'}
{'loss': '0.008946', 'grad_norm': '3.875', 'learning_rate': '1.837e-05', 'epoch': '8.139'}
{'loss': '0.03248', 'grad_norm': '9.588', 'learning_rate': '1.837e-05', 'epoch': '8.145'}
{'loss': '0.02083', 'grad_norm': '0.01157', 'learning_rate': '1.837e-05', 'epoch': '8.151'}
{'loss': '0.08071', 'grad_norm': '15.61', 'learning_rate': '1.837e-05', 'epoch': '8.157'}
{'loss': '0.01714', 'grad_norm': '0.1398', 'learning_rate': '1.837e-05', 'epoch': '8.163'}
{'loss': '0.01803', 'grad_norm': '3.136', 'learning_rate': '1.837e-05', 'epoch': '8.169'}
{'loss': '0.0184', 'grad_norm': '1.372', 'learning_rate': '1.837e-05', 'epoch': '8.175'}
{'loss': '0.02355', 'grad_norm': '0.4729', 'learning_rate': '1.836e-05', 'epoch': '8.181'}
{'loss': '0.03097', 'grad_norm': '1.603', 'learning_rate': '1.836e-05', 'epoch': '8.187'}
{'loss': '0.007726', 'grad_norm': '0.02436', 'learning_rate': '1.836e-05', 'epoch': '8.193'}
{'loss': '0.001004', 'grad_norm': '0.0187', 'learning_rate': '1.836e-05', 'epoch': '8.2'}
{'loss': '0.00914', 'grad_norm': '0.03106', 'learning_rate': '1.836e-05', 'epoch': '8.206'}
{'loss': '0.003584', 'grad_norm': '9.896', 'learning_rate': '1.836e-05', 'epoch': '8.212'}
{'loss': '0.0745', 'grad_norm': '3.004', 'learning_rate': '1.836e-05', 'epoch': '8.218'}
{'loss': '0.00714', 'grad_norm': '4.833', 'learning_rate': '1.836e-05', 'epoch': '8.224'}
{'loss': '0.02177', 'grad_norm': '3.512', 'learning_rate': '1.835e-05', 'epoch': '8.23'}
{'loss': '0.0322', 'grad_norm': '2.661', 'learning_rate': '1.835e-05', 'epoch': '8.236'}
{'loss': '0.01828', 'grad_norm': '0.03249', 'learning_rate': '1.835e-05', 'epoch': '8.242'}
{'loss': '0.006168', 'grad_norm': '0.05404', 'learning_rate': '1.835e-05', 'epoch': '8.248'}
{'loss': '0.03495', 'grad_norm': '0.1769', 'learning_rate': '1.835e-05', 'epoch': '8.254'}
{'loss': '0.02231', 'grad_norm': '2.437', 'learning_rate': '1.835e-05', 'epoch': '8.26'}
{'loss': '0.03005', 'grad_norm': '0.0149', 'learning_rate': '1.835e-05', 'epoch': '8.266'}
{'loss': '0.01852', 'grad_norm': '0.02475', 'learning_rate': '1.835e-05', 'epoch': '8.273'}
{'loss': '0.01259', 'grad_norm': '0.01313', 'learning_rate': '1.834e-05', 'epoch': '8.279'}
{'loss': '0.06879', 'grad_norm': '3.505', 'learning_rate': '1.834e-05', 'epoch': '8.285'}
{'loss': '0.03851', 'grad_norm': '0.777', 'learning_rate': '1.834e-05', 'epoch': '8.291'}
{'loss': '0.02197', 'grad_norm': '0.0008323', 'learning_rate': '1.834e-05', 'epoch': '8.297'}
{'loss': '0.02316', 'grad_norm': '0.05112', 'learning_rate': '1.834e-05', 'epoch': '8.303'}
{'loss': '0.0006193', 'grad_norm': '0.007161', 'learning_rate': '1.834e-05', 'epoch': '8.309'}
{'loss': '0.01132', 'grad_norm': '0.01801', 'learning_rate': '1.834e-05', 'epoch': '8.315'}
{'loss': '0.05017', 'grad_norm': '8.845', 'learning_rate': '1.834e-05', 'epoch': '8.321'}
{'loss': '0.007698', 'grad_norm': '0.001547', 'learning_rate': '1.833e-05', 'epoch': '8.327'}
{'loss': '0.01013', 'grad_norm': '161.9', 'learning_rate': '1.833e-05', 'epoch': '8.333'}
{'loss': '0.01312', 'grad_norm': '0.3751', 'learning_rate': '1.833e-05', 'epoch': '8.339'}
{'loss': '0.02608', 'grad_norm': '6.021', 'learning_rate': '1.833e-05', 'epoch': '8.345'}
{'loss': '0.01371', 'grad_norm': '0.0108', 'learning_rate': '1.833e-05', 'epoch': '8.352'}
{'loss': '0.03153', 'grad_norm': '7.78', 'learning_rate': '1.833e-05', 'epoch': '8.358'}
{'loss': '0.01667', 'grad_norm': '0.008899', 'learning_rate': '1.833e-05', 'epoch': '8.364'}
{'loss': '0.01489', 'grad_norm': '0.0009463', 'learning_rate': '1.833e-05', 'epoch': '8.37'}
{'loss': '0.05314', 'grad_norm': '0.04795', 'learning_rate': '1.832e-05', 'epoch': '8.376'}
{'loss': '0.02815', 'grad_norm': '0.2881', 'learning_rate': '1.832e-05', 'epoch': '8.382'}
{'loss': '0.006856', 'grad_norm': '0.02004', 'learning_rate': '1.832e-05', 'epoch': '8.388'}
{'loss': '0.001053', 'grad_norm': '0.002129', 'learning_rate': '1.832e-05', 'epoch': '8.394'}
{'loss': '0.03947', 'grad_norm': '0.1793', 'learning_rate': '1.832e-05', 'epoch': '8.4'}
{'loss': '0.008639', 'grad_norm': '0.626', 'learning_rate': '1.832e-05', 'epoch': '8.406'}
{'loss': '0.008826', 'grad_norm': '0.869', 'learning_rate': '1.832e-05', 'epoch': '8.412'}
{'loss': '0.04178', 'grad_norm': '7.847', 'learning_rate': '1.832e-05', 'epoch': '8.418'}
{'loss': '0.003289', 'grad_norm': '0.1481', 'learning_rate': '1.832e-05', 'epoch': '8.425'}
{'loss': '0.02556', 'grad_norm': '0.001201', 'learning_rate': '1.831e-05', 'epoch': '8.431'}
{'loss': '0.03264', 'grad_norm': '5.874', 'learning_rate': '1.831e-05', 'epoch': '8.437'}
{'loss': '0.00932', 'grad_norm': '0.1545', 'learning_rate': '1.831e-05', 'epoch': '8.443'}
{'loss': '0.004823', 'grad_norm': '0.025', 'learning_rate': '1.831e-05', 'epoch': '8.449'}
{'loss': '0.01014', 'grad_norm': '0.1673', 'learning_rate': '1.831e-05', 'epoch': '8.455'}
{'loss': '0.003894', 'grad_norm': '0.2815', 'learning_rate': '1.831e-05', 'epoch': '8.461'}
{'loss': '0.01634', 'grad_norm': '8.953', 'learning_rate': '1.831e-05', 'epoch': '8.467'}
{'loss': '0.03219', 'grad_norm': '5.213', 'learning_rate': '1.831e-05', 'epoch': '8.473'}
{'loss': '0.0278', 'grad_norm': '0.3351', 'learning_rate': '1.83e-05', 'epoch': '8.479'}
{'loss': '0.01765', 'grad_norm': '0.0003703', 'learning_rate': '1.83e-05', 'epoch': '8.485'}
{'loss': '0.02145', 'grad_norm': '0.2413', 'learning_rate': '1.83e-05', 'epoch': '8.491'}
{'loss': '0.0374', 'grad_norm': '1.95', 'learning_rate': '1.83e-05', 'epoch': '8.498'}
{'loss': '0.02002', 'grad_norm': '0.1355', 'learning_rate': '1.83e-05', 'epoch': '8.504'}
{'loss': '0.06615', 'grad_norm': '0.9806', 'learning_rate': '1.83e-05', 'epoch': '8.51'}
{'loss': '0.04719', 'grad_norm': '1.401', 'learning_rate': '1.83e-05', 'epoch': '8.516'}
{'loss': '0.003013', 'grad_norm': '0.002792', 'learning_rate': '1.83e-05', 'epoch': '8.522'}
{'loss': '0.0107', 'grad_norm': '0.6427', 'learning_rate': '1.829e-05', 'epoch': '8.528'}
{'loss': '0.02037', 'grad_norm': '0.5352', 'learning_rate': '1.829e-05', 'epoch': '8.534'}
{'loss': '0.05262', 'grad_norm': '0.04979', 'learning_rate': '1.829e-05', 'epoch': '8.54'}
{'loss': '0.006403', 'grad_norm': '0.01496', 'learning_rate': '1.829e-05', 'epoch': '8.546'}
{'loss': '0.02212', 'grad_norm': '0.02428', 'learning_rate': '1.829e-05', 'epoch': '8.552'}
{'loss': '0.01569', 'grad_norm': '0.01815', 'learning_rate': '1.829e-05', 'epoch': '8.558'}
{'loss': '0.00384', 'grad_norm': '0.001538', 'learning_rate': '1.829e-05', 'epoch': '8.564'}
{'loss': '0.02528', 'grad_norm': '0.07128', 'learning_rate': '1.829e-05', 'epoch': '8.571'}
{'loss': '0.02235', 'grad_norm': '0.001182', 'learning_rate': '1.828e-05', 'epoch': '8.577'}
{'loss': '0.007976', 'grad_norm': '0.003322', 'learning_rate': '1.828e-05', 'epoch': '8.583'}
{'loss': '0.002522', 'grad_norm': '1.748', 'learning_rate': '1.828e-05', 'epoch': '8.589'}
{'loss': '0.02317', 'grad_norm': '13.22', 'learning_rate': '1.828e-05', 'epoch': '8.595'}
{'loss': '0.07363', 'grad_norm': '11.79', 'learning_rate': '1.828e-05', 'epoch': '8.601'}
{'loss': '0.04245', 'grad_norm': '0.6361', 'learning_rate': '1.828e-05', 'epoch': '8.607'}
{'loss': '0.0411', 'grad_norm': '6.636', 'learning_rate': '1.828e-05', 'epoch': '8.613'}
{'loss': '0.04007', 'grad_norm': '0.04335', 'learning_rate': '1.828e-05', 'epoch': '8.619'}
{'loss': '0.002463', 'grad_norm': '0.01436', 'learning_rate': '1.828e-05', 'epoch': '8.625'}
{'loss': '0.02662', 'grad_norm': '8.834', 'learning_rate': '1.827e-05', 'epoch': '8.631'}
{'loss': '0.02507', 'grad_norm': '0.008442', 'learning_rate': '1.827e-05', 'epoch': '8.637'}
{'loss': '0.0003243', 'grad_norm': '0.01589', 'learning_rate': '1.827e-05', 'epoch': '8.644'}
{'loss': '0.03334', 'grad_norm': '0.03137', 'learning_rate': '1.827e-05', 'epoch': '8.65'}
{'loss': '0.04191', 'grad_norm': '17.65', 'learning_rate': '1.827e-05', 'epoch': '8.656'}
{'loss': '0.02143', 'grad_norm': '0.02945', 'learning_rate': '1.827e-05', 'epoch': '8.662'}
{'loss': '0.05286', 'grad_norm': '8.772', 'learning_rate': '1.827e-05', 'epoch': '8.668'}
{'loss': '0.01138', 'grad_norm': '7.179', 'learning_rate': '1.827e-05', 'epoch': '8.674'}
{'loss': '0.02511', 'grad_norm': '0.003942', 'learning_rate': '1.826e-05', 'epoch': '8.68'}
{'loss': '0.02826', 'grad_norm': '0.3065', 'learning_rate': '1.826e-05', 'epoch': '8.686'}
{'loss': '0.01247', 'grad_norm': '29.95', 'learning_rate': '1.826e-05', 'epoch': '8.692'}
{'loss': '0.01295', 'grad_norm': '0.7707', 'learning_rate': '1.826e-05', 'epoch': '8.698'}
{'loss': '0.01506', 'grad_norm': '0.01255', 'learning_rate': '1.826e-05', 'epoch': '8.704'}
{'loss': '0.0242', 'grad_norm': '0.2273', 'learning_rate': '1.826e-05', 'epoch': '8.71'}
{'loss': '0.005317', 'grad_norm': '0.01142', 'learning_rate': '1.826e-05', 'epoch': '8.717'}
{'loss': '0.05063', 'grad_norm': '42', 'learning_rate': '1.826e-05', 'epoch': '8.723'}
{'loss': '0.002528', 'grad_norm': '3.131', 'learning_rate': '1.825e-05', 'epoch': '8.729'}
{'loss': '0.05864', 'grad_norm': '2.002', 'learning_rate': '1.825e-05', 'epoch': '8.735'}
{'loss': '0.004917', 'grad_norm': '0.06164', 'learning_rate': '1.825e-05', 'epoch': '8.741'}
{'loss': '0.04333', 'grad_norm': '1.426', 'learning_rate': '1.825e-05', 'epoch': '8.747'}
{'loss': '0.04507', 'grad_norm': '0.3699', 'learning_rate': '1.825e-05', 'epoch': '8.753'}
{'loss': '0.03886', 'grad_norm': '0.03407', 'learning_rate': '1.825e-05', 'epoch': '8.759'}
{'loss': '0.03012', 'grad_norm': '1.612', 'learning_rate': '1.825e-05', 'epoch': '8.765'}
{'loss': '0.01905', 'grad_norm': '0.09409', 'learning_rate': '1.825e-05', 'epoch': '8.771'}
{'loss': '0.002803', 'grad_norm': '1.046', 'learning_rate': '1.824e-05', 'epoch': '8.777'}
{'loss': '0.004979', 'grad_norm': '2.374', 'learning_rate': '1.824e-05', 'epoch': '8.783'}
{'loss': '0.0684', 'grad_norm': '0.005511', 'learning_rate': '1.824e-05', 'epoch': '8.79'}
{'loss': '0.006082', 'grad_norm': '0.5102', 'learning_rate': '1.824e-05', 'epoch': '8.796'}
{'loss': '0.03181', 'grad_norm': '1.986', 'learning_rate': '1.824e-05', 'epoch': '8.802'}
{'loss': '0.01084', 'grad_norm': '235.6', 'learning_rate': '1.824e-05', 'epoch': '8.808'}
{'loss': '0.01791', 'grad_norm': '0.02361', 'learning_rate': '1.824e-05', 'epoch': '8.814'}
{'loss': '0.009317', 'grad_norm': '0.0023', 'learning_rate': '1.824e-05', 'epoch': '8.82'}
{'loss': '0.01004', 'grad_norm': '8.868', 'learning_rate': '1.823e-05', 'epoch': '8.826'}
{'loss': '0.007319', 'grad_norm': '2.173', 'learning_rate': '1.823e-05', 'epoch': '8.832'}
{'loss': '0.03202', 'grad_norm': '6.411', 'learning_rate': '1.823e-05', 'epoch': '8.838'}
{'loss': '0.0004408', 'grad_norm': '0.2584', 'learning_rate': '1.823e-05', 'epoch': '8.844'}
{'loss': '0.009871', 'grad_norm': '0.00172', 'learning_rate': '1.823e-05', 'epoch': '8.85'}
{'loss': '0.03284', 'grad_norm': '0.2024', 'learning_rate': '1.823e-05', 'epoch': '8.856'}
{'loss': '0.02702', 'grad_norm': '0.9477', 'learning_rate': '1.823e-05', 'epoch': '8.863'}
{'loss': '0.03062', 'grad_norm': '29.71', 'learning_rate': '1.823e-05', 'epoch': '8.869'}
{'loss': '0.02562', 'grad_norm': '0.7685', 'learning_rate': '1.823e-05', 'epoch': '8.875'}
{'loss': '0.00178', 'grad_norm': '0.1525', 'learning_rate': '1.822e-05', 'epoch': '8.881'}
{'loss': '0.03172', 'grad_norm': '0.1271', 'learning_rate': '1.822e-05', 'epoch': '8.887'}
{'loss': '0.003009', 'grad_norm': '0.01494', 'learning_rate': '1.822e-05', 'epoch': '8.893'}
{'loss': '0.01715', 'grad_norm': '0.0353', 'learning_rate': '1.822e-05', 'epoch': '8.899'}
{'loss': '0.03551', 'grad_norm': '0.1328', 'learning_rate': '1.822e-05', 'epoch': '8.905'}
{'loss': '0.02321', 'grad_norm': '1.518', 'learning_rate': '1.822e-05', 'epoch': '8.911'}
{'loss': '0.01321', 'grad_norm': '3.181', 'learning_rate': '1.822e-05', 'epoch': '8.917'}
{'loss': '0.007274', 'grad_norm': '2.143', 'learning_rate': '1.822e-05', 'epoch': '8.923'}
{'loss': '0.0257', 'grad_norm': '0.003225', 'learning_rate': '1.821e-05', 'epoch': '8.929'}
{'loss': '0.03115', 'grad_norm': '0.0569', 'learning_rate': '1.821e-05', 'epoch': '8.936'}
{'loss': '0.006913', 'grad_norm': '0.1305', 'learning_rate': '1.821e-05', 'epoch': '8.942'}
{'loss': '0.005482', 'grad_norm': '0.5342', 'learning_rate': '1.821e-05', 'epoch': '8.948'}
{'loss': '0.0007663', 'grad_norm': '0.01874', 'learning_rate': '1.821e-05', 'epoch': '8.954'}
{'loss': '0.008954', 'grad_norm': '0.02547', 'learning_rate': '1.821e-05', 'epoch': '8.96'}
{'loss': '0.01538', 'grad_norm': '5.789', 'learning_rate': '1.821e-05', 'epoch': '8.966'}
{'loss': '0.02166', 'grad_norm': '23.7', 'learning_rate': '1.821e-05', 'epoch': '8.972'}
{'loss': '0.02949', 'grad_norm': '0.003491', 'learning_rate': '1.82e-05', 'epoch': '8.978'}
{'loss': '0.02401', 'grad_norm': '0.1105', 'learning_rate': '1.82e-05', 'epoch': '8.984'}
{'loss': '0.04845', 'grad_norm': '1.529', 'learning_rate': '1.82e-05', 'epoch': '8.99'}
{'loss': '0.01155', 'grad_norm': '0.01213', 'learning_rate': '1.82e-05', 'epoch': '8.996'}
{'eval_loss': '1.015', 'eval_accuracy': '0.9014', 'eval_precision': '0.8917', 'eval_recall': '0.9262', 'eval_f1': '0.9086', 'eval_runtime': '11.55', 'eval_samples_per_second': '1125', 'eval_steps_per_second': '17.66', 'epoch': '9'}
{'loss': '0.0116', 'grad_norm': '0.04069', 'learning_rate': '1.82e-05', 'epoch': '9.002'}
{'loss': '0.02999', 'grad_norm': '7.061', 'learning_rate': '1.82e-05', 'epoch': '9.009'}
{'loss': '0.001366', 'grad_norm': '0.3839', 'learning_rate': '1.82e-05', 'epoch': '9.015'}
{'loss': '0.02145', 'grad_norm': '0.5618', 'learning_rate': '1.82e-05', 'epoch': '9.021'}
{'loss': '0.03101', 'grad_norm': '0.04008', 'learning_rate': '1.819e-05', 'epoch': '9.027'}
{'loss': '0.003883', 'grad_norm': '0.442', 'learning_rate': '1.819e-05', 'epoch': '9.033'}
{'loss': '0.01111', 'grad_norm': '0.006431', 'learning_rate': '1.819e-05', 'epoch': '9.039'}
{'loss': '0.0294', 'grad_norm': '0.005419', 'learning_rate': '1.819e-05', 'epoch': '9.045'}
{'loss': '0.04351', 'grad_norm': '0.0982', 'learning_rate': '1.819e-05', 'epoch': '9.051'}
{'loss': '0.03825', 'grad_norm': '0.435', 'learning_rate': '1.819e-05', 'epoch': '9.057'}
{'loss': '0.006989', 'grad_norm': '4.539', 'learning_rate': '1.819e-05', 'epoch': '9.063'}
{'loss': '0.04446', 'grad_norm': '0.01024', 'learning_rate': '1.819e-05', 'epoch': '9.069'}
{'loss': '0.003382', 'grad_norm': '0.1126', 'learning_rate': '1.819e-05', 'epoch': '9.075'}
{'loss': '0.01882', 'grad_norm': '6.045', 'learning_rate': '1.818e-05', 'epoch': '9.082'}
{'loss': '0.03998', 'grad_norm': '0.2092', 'learning_rate': '1.818e-05', 'epoch': '9.088'}
{'loss': '0.04517', 'grad_norm': '6.453', 'learning_rate': '1.818e-05', 'epoch': '9.094'}
{'loss': '0.006394', 'grad_norm': '0.3841', 'learning_rate': '1.818e-05', 'epoch': '9.1'}
{'loss': '0.03536', 'grad_norm': '0.1898', 'learning_rate': '1.818e-05', 'epoch': '9.106'}
{'loss': '0.001845', 'grad_norm': '0.2516', 'learning_rate': '1.818e-05', 'epoch': '9.112'}
{'loss': '0.01387', 'grad_norm': '0.5338', 'learning_rate': '1.818e-05', 'epoch': '9.118'}
{'loss': '0.03392', 'grad_norm': '0.3162', 'learning_rate': '1.818e-05', 'epoch': '9.124'}
{'loss': '0.00527', 'grad_norm': '0.04396', 'learning_rate': '1.817e-05', 'epoch': '9.13'}
{'loss': '0.008736', 'grad_norm': '0.6837', 'learning_rate': '1.817e-05', 'epoch': '9.136'}
{'loss': '0.06611', 'grad_norm': '0.668', 'learning_rate': '1.817e-05', 'epoch': '9.142'}
{'loss': '0.00215', 'grad_norm': '0.004469', 'learning_rate': '1.817e-05', 'epoch': '9.148'}
{'loss': '0.0212', 'grad_norm': '0.02751', 'learning_rate': '1.817e-05', 'epoch': '9.155'}
{'loss': '0.0008809', 'grad_norm': '0.05505', 'learning_rate': '1.817e-05', 'epoch': '9.161'}
{'loss': '0.03313', 'grad_norm': '0.07882', 'learning_rate': '1.817e-05', 'epoch': '9.167'}
{'loss': '0.01253', 'grad_norm': '7.347', 'learning_rate': '1.817e-05', 'epoch': '9.173'}
{'loss': '0.002411', 'grad_norm': '0.007295', 'learning_rate': '1.816e-05', 'epoch': '9.179'}
{'loss': '0.01949', 'grad_norm': '0.213', 'learning_rate': '1.816e-05', 'epoch': '9.185'}
{'loss': '0.0009157', 'grad_norm': '0.4939', 'learning_rate': '1.816e-05', 'epoch': '9.191'}
{'loss': '0.00461', 'grad_norm': '1.479', 'learning_rate': '1.816e-05', 'epoch': '9.197'}
{'loss': '0.02534', 'grad_norm': '0.01856', 'learning_rate': '1.816e-05', 'epoch': '9.203'}
{'loss': '0.01702', 'grad_norm': '0.005187', 'learning_rate': '1.816e-05', 'epoch': '9.209'}
{'loss': '0.03211', 'grad_norm': '0.08006', 'learning_rate': '1.816e-05', 'epoch': '9.215'}
{'loss': '0.004325', 'grad_norm': '0.9259', 'learning_rate': '1.816e-05', 'epoch': '9.221'}
{'loss': '0.02802', 'grad_norm': '0.01485', 'learning_rate': '1.815e-05', 'epoch': '9.227'}
{'loss': '0.03347', 'grad_norm': '6.427', 'learning_rate': '1.815e-05', 'epoch': '9.234'}
{'loss': '0.02412', 'grad_norm': '10.9', 'learning_rate': '1.815e-05', 'epoch': '9.24'}
{'loss': '0.02645', 'grad_norm': '0.06468', 'learning_rate': '1.815e-05', 'epoch': '9.246'}
{'loss': '0.01397', 'grad_norm': '5.845', 'learning_rate': '1.815e-05', 'epoch': '9.252'}
{'loss': '0.01677', 'grad_norm': '0.01796', 'learning_rate': '1.815e-05', 'epoch': '9.258'}
{'loss': '0.05318', 'grad_norm': '10.57', 'learning_rate': '1.815e-05', 'epoch': '9.264'}
{'loss': '0.01435', 'grad_norm': '0.538', 'learning_rate': '1.815e-05', 'epoch': '9.27'}
{'loss': '0.004059', 'grad_norm': '0.06803', 'learning_rate': '1.814e-05', 'epoch': '9.276'}
{'loss': '0.008442', 'grad_norm': '0.04732', 'learning_rate': '1.814e-05', 'epoch': '9.282'}
{'loss': '0.0243', 'grad_norm': '0.5147', 'learning_rate': '1.814e-05', 'epoch': '9.288'}
{'loss': '0.01487', 'grad_norm': '7.937', 'learning_rate': '1.814e-05', 'epoch': '9.294'}
{'loss': '0.05382', 'grad_norm': '13.26', 'learning_rate': '1.814e-05', 'epoch': '9.3'}
{'loss': '0.04507', 'grad_norm': '19.91', 'learning_rate': '1.814e-05', 'epoch': '9.307'}
{'loss': '0.02731', 'grad_norm': '0.004325', 'learning_rate': '1.814e-05', 'epoch': '9.313'}
{'loss': '0.01611', 'grad_norm': '13.54', 'learning_rate': '1.814e-05', 'epoch': '9.319'}
{'loss': '0.02442', 'grad_norm': '100.4', 'learning_rate': '1.814e-05', 'epoch': '9.325'}
{'loss': '0.01304', 'grad_norm': '0.0879', 'learning_rate': '1.813e-05', 'epoch': '9.331'}
{'loss': '0.0007768', 'grad_norm': '0.1064', 'learning_rate': '1.813e-05', 'epoch': '9.337'}
{'loss': '0.02558', 'grad_norm': '0.0287', 'learning_rate': '1.813e-05', 'epoch': '9.343'}
{'loss': '0.016', 'grad_norm': '2.742', 'learning_rate': '1.813e-05', 'epoch': '9.349'}
{'loss': '0.02881', 'grad_norm': '5.487', 'learning_rate': '1.813e-05', 'epoch': '9.355'}
{'loss': '0.06351', 'grad_norm': '5.778', 'learning_rate': '1.813e-05', 'epoch': '9.361'}
{'loss': '0.007301', 'grad_norm': '0.7676', 'learning_rate': '1.813e-05', 'epoch': '9.367'}
{'loss': '0.01698', 'grad_norm': '2.429', 'learning_rate': '1.813e-05', 'epoch': '9.373'}
{'loss': '0.01982', 'grad_norm': '0.006305', 'learning_rate': '1.812e-05', 'epoch': '9.38'}
{'loss': '0.03272', 'grad_norm': '1.541', 'learning_rate': '1.812e-05', 'epoch': '9.386'}
{'loss': '0.05419', 'grad_norm': '6.947', 'learning_rate': '1.812e-05', 'epoch': '9.392'}
{'loss': '0.003819', 'grad_norm': '0.006881', 'learning_rate': '1.812e-05', 'epoch': '9.398'}
{'loss': '0.03027', 'grad_norm': '2.499', 'learning_rate': '1.812e-05', 'epoch': '9.404'}
{'loss': '0.01355', 'grad_norm': '0.01123', 'learning_rate': '1.812e-05', 'epoch': '9.41'}
{'loss': '0.01791', 'grad_norm': '0.001495', 'learning_rate': '1.812e-05', 'epoch': '9.416'}
{'loss': '0.05304', 'grad_norm': '0.7502', 'learning_rate': '1.812e-05', 'epoch': '9.422'}
{'loss': '0.008009', 'grad_norm': '1.653', 'learning_rate': '1.811e-05', 'epoch': '9.428'}
{'loss': '0.003397', 'grad_norm': '0.4913', 'learning_rate': '1.811e-05', 'epoch': '9.434'}
{'loss': '0.01682', 'grad_norm': '0.004191', 'learning_rate': '1.811e-05', 'epoch': '9.44'}
{'loss': '0.03174', 'grad_norm': '0.302', 'learning_rate': '1.811e-05', 'epoch': '9.446'}
{'loss': '0.004125', 'grad_norm': '0.01303', 'learning_rate': '1.811e-05', 'epoch': '9.453'}
{'loss': '0.00796', 'grad_norm': '0.4448', 'learning_rate': '1.811e-05', 'epoch': '9.459'}
{'loss': '0.04129', 'grad_norm': '0.01592', 'learning_rate': '1.811e-05', 'epoch': '9.465'}
{'loss': '0.01838', 'grad_norm': '0.01254', 'learning_rate': '1.811e-05', 'epoch': '9.471'}
{'loss': '0.02252', 'grad_norm': '0.003882', 'learning_rate': '1.81e-05', 'epoch': '9.477'}
{'loss': '0.008859', 'grad_norm': '0.8418', 'learning_rate': '1.81e-05', 'epoch': '9.483'}
{'loss': '0.03254', 'grad_norm': '6.828', 'learning_rate': '1.81e-05', 'epoch': '9.489'}
{'loss': '0.006748', 'grad_norm': '0.01099', 'learning_rate': '1.81e-05', 'epoch': '9.495'}
{'loss': '0.001635', 'grad_norm': '1.161', 'learning_rate': '1.81e-05', 'epoch': '9.501'}
{'loss': '0.0216', 'grad_norm': '0.007934', 'learning_rate': '1.81e-05', 'epoch': '9.507'}
{'loss': '0.02541', 'grad_norm': '0.02903', 'learning_rate': '1.81e-05', 'epoch': '9.513'}
{'loss': '0.02626', 'grad_norm': '67.76', 'learning_rate': '1.81e-05', 'epoch': '9.519'}
{'loss': '0.01915', 'grad_norm': '0.07064', 'learning_rate': '1.81e-05', 'epoch': '9.526'}
{'loss': '0.005168', 'grad_norm': '0.001485', 'learning_rate': '1.809e-05', 'epoch': '9.532'}
{'loss': '0.01033', 'grad_norm': '0.002089', 'learning_rate': '1.809e-05', 'epoch': '9.538'}
{'loss': '0.005625', 'grad_norm': '0.004505', 'learning_rate': '1.809e-05', 'epoch': '9.544'}
{'loss': '0.02107', 'grad_norm': '0.07206', 'learning_rate': '1.809e-05', 'epoch': '9.55'}
{'loss': '0.003826', 'grad_norm': '0.5638', 'learning_rate': '1.809e-05', 'epoch': '9.556'}
{'loss': '0.02043', 'grad_norm': '0.001849', 'learning_rate': '1.809e-05', 'epoch': '9.562'}
{'loss': '0.01401', 'grad_norm': '5.153', 'learning_rate': '1.809e-05', 'epoch': '9.568'}
{'loss': '0.01878', 'grad_norm': '0.02613', 'learning_rate': '1.809e-05', 'epoch': '9.574'}
{'loss': '0.01688', 'grad_norm': '1.182', 'learning_rate': '1.808e-05', 'epoch': '9.58'}
{'loss': '0.01075', 'grad_norm': '0.08805', 'learning_rate': '1.808e-05', 'epoch': '9.586'}
{'loss': '0.003971', 'grad_norm': '0.1114', 'learning_rate': '1.808e-05', 'epoch': '9.592'}
{'loss': '0.01613', 'grad_norm': '0.006564', 'learning_rate': '1.808e-05', 'epoch': '9.599'}
{'loss': '0.02245', 'grad_norm': '3.777', 'learning_rate': '1.808e-05', 'epoch': '9.605'}
{'loss': '0.01768', 'grad_norm': '0.1926', 'learning_rate': '1.808e-05', 'epoch': '9.611'}
{'loss': '0.02935', 'grad_norm': '0.187', 'learning_rate': '1.808e-05', 'epoch': '9.617'}
{'loss': '0.0004427', 'grad_norm': '0.06765', 'learning_rate': '1.808e-05', 'epoch': '9.623'}
{'loss': '0.0212', 'grad_norm': '24.88', 'learning_rate': '1.807e-05', 'epoch': '9.629'}
{'loss': '0.008694', 'grad_norm': '0.7368', 'learning_rate': '1.807e-05', 'epoch': '9.635'}
{'loss': '0.01437', 'grad_norm': '4.89', 'learning_rate': '1.807e-05', 'epoch': '9.641'}
{'loss': '0.03021', 'grad_norm': '0.008516', 'learning_rate': '1.807e-05', 'epoch': '9.647'}
{'loss': '0.01927', 'grad_norm': '0.005009', 'learning_rate': '1.807e-05', 'epoch': '9.653'}
{'loss': '0.007749', 'grad_norm': '0.06929', 'learning_rate': '1.807e-05', 'epoch': '9.659'}
{'loss': '0.02595', 'grad_norm': '0.003488', 'learning_rate': '1.807e-05', 'epoch': '9.665'}
{'loss': '0.01033', 'grad_norm': '0.2112', 'learning_rate': '1.807e-05', 'epoch': '9.672'}
{'loss': '0.04972', 'grad_norm': '0.0142', 'learning_rate': '1.806e-05', 'epoch': '9.678'}
{'loss': '0.0368', 'grad_norm': '10.62', 'learning_rate': '1.806e-05', 'epoch': '9.684'}
{'loss': '0.004789', 'grad_norm': '1.02', 'learning_rate': '1.806e-05', 'epoch': '9.69'}
{'loss': '0.003458', 'grad_norm': '0.009509', 'learning_rate': '1.806e-05', 'epoch': '9.696'}
{'loss': '0.0164', 'grad_norm': '7.11', 'learning_rate': '1.806e-05', 'epoch': '9.702'}
{'loss': '0.0007393', 'grad_norm': '0.3869', 'learning_rate': '1.806e-05', 'epoch': '9.708'}
{'loss': '0.003135', 'grad_norm': '0.001194', 'learning_rate': '1.806e-05', 'epoch': '9.714'}
{'loss': '0.02614', 'grad_norm': '1.606', 'learning_rate': '1.806e-05', 'epoch': '9.72'}
{'loss': '0.02193', 'grad_norm': '10.05', 'learning_rate': '1.805e-05', 'epoch': '9.726'}
{'loss': '0.01999', 'grad_norm': '0.005112', 'learning_rate': '1.805e-05', 'epoch': '9.732'}
{'loss': '0.009814', 'grad_norm': '0.009111', 'learning_rate': '1.805e-05', 'epoch': '9.738'}
{'loss': '0.01864', 'grad_norm': '0.1165', 'learning_rate': '1.805e-05', 'epoch': '9.745'}
{'loss': '0.02396', 'grad_norm': '0.008624', 'learning_rate': '1.805e-05', 'epoch': '9.751'}
{'loss': '0.06132', 'grad_norm': '3.069', 'learning_rate': '1.805e-05', 'epoch': '9.757'}
{'loss': '0.003206', 'grad_norm': '0.01387', 'learning_rate': '1.805e-05', 'epoch': '9.763'}
{'loss': '0.01725', 'grad_norm': '7.827', 'learning_rate': '1.805e-05', 'epoch': '9.769'}
{'loss': '0.05437', 'grad_norm': '0.09867', 'learning_rate': '1.805e-05', 'epoch': '9.775'}
{'loss': '0.03681', 'grad_norm': '5.102', 'learning_rate': '1.804e-05', 'epoch': '9.781'}
{'loss': '0.02085', 'grad_norm': '12.53', 'learning_rate': '1.804e-05', 'epoch': '9.787'}
{'loss': '0.01812', 'grad_norm': '0.9982', 'learning_rate': '1.804e-05', 'epoch': '9.793'}
{'loss': '0.01298', 'grad_norm': '0.01276', 'learning_rate': '1.804e-05', 'epoch': '9.799'}
{'loss': '0.01225', 'grad_norm': '0.1893', 'learning_rate': '1.804e-05', 'epoch': '9.805'}
{'loss': '0.01999', 'grad_norm': '3.656', 'learning_rate': '1.804e-05', 'epoch': '9.811'}
{'loss': '0.004799', 'grad_norm': '0.06093', 'learning_rate': '1.804e-05', 'epoch': '9.818'}
{'loss': '0.007995', 'grad_norm': '0.3906', 'learning_rate': '1.804e-05', 'epoch': '9.824'}
{'loss': '0.00599', 'grad_norm': '0.03915', 'learning_rate': '1.803e-05', 'epoch': '9.83'}
{'loss': '0.04014', 'grad_norm': '0.2386', 'learning_rate': '1.803e-05', 'epoch': '9.836'}
{'loss': '0.01403', 'grad_norm': '7.386', 'learning_rate': '1.803e-05', 'epoch': '9.842'}
{'loss': '0.002544', 'grad_norm': '0.1315', 'learning_rate': '1.803e-05', 'epoch': '9.848'}
{'loss': '0.03766', 'grad_norm': '6.893', 'learning_rate': '1.803e-05', 'epoch': '9.854'}
{'loss': '0.06', 'grad_norm': '0.1157', 'learning_rate': '1.803e-05', 'epoch': '9.86'}
{'loss': '0.03825', 'grad_norm': '0.02097', 'learning_rate': '1.803e-05', 'epoch': '9.866'}
{'loss': '0.04624', 'grad_norm': '0.4867', 'learning_rate': '1.803e-05', 'epoch': '9.872'}
{'loss': '0.02955', 'grad_norm': '7.867', 'learning_rate': '1.802e-05', 'epoch': '9.878'}
{'loss': '0.04377', 'grad_norm': '5.981', 'learning_rate': '1.802e-05', 'epoch': '9.884'}
{'loss': '0.003303', 'grad_norm': '0.1021', 'learning_rate': '1.802e-05', 'epoch': '9.891'}
{'loss': '0.01047', 'grad_norm': '1.647', 'learning_rate': '1.802e-05', 'epoch': '9.897'}
{'loss': '0.01778', 'grad_norm': '0.01544', 'learning_rate': '1.802e-05', 'epoch': '9.903'}
{'loss': '0.02898', 'grad_norm': '0.003428', 'learning_rate': '1.802e-05', 'epoch': '9.909'}
{'loss': '0.03282', 'grad_norm': '1.797', 'learning_rate': '1.802e-05', 'epoch': '9.915'}
{'loss': '0.002931', 'grad_norm': '0.01982', 'learning_rate': '1.802e-05', 'epoch': '9.921'}
{'loss': '0.007241', 'grad_norm': '0.2263', 'learning_rate': '1.801e-05', 'epoch': '9.927'}
{'loss': '0.02125', 'grad_norm': '0.06239', 'learning_rate': '1.801e-05', 'epoch': '9.933'}
{'loss': '0.008451', 'grad_norm': '12.25', 'learning_rate': '1.801e-05', 'epoch': '9.939'}
{'loss': '0.01458', 'grad_norm': '0.6837', 'learning_rate': '1.801e-05', 'epoch': '9.945'}
{'loss': '0.005036', 'grad_norm': '0.004629', 'learning_rate': '1.801e-05', 'epoch': '9.951'}
{'loss': '0.04212', 'grad_norm': '0.3357', 'learning_rate': '1.801e-05', 'epoch': '9.957'}
{'loss': '0.008383', 'grad_norm': '0.03652', 'learning_rate': '1.801e-05', 'epoch': '9.964'}
{'loss': '0.008241', 'grad_norm': '0.001673', 'learning_rate': '1.801e-05', 'epoch': '9.97'}
{'loss': '0.004099', 'grad_norm': '0.1302', 'learning_rate': '1.8e-05', 'epoch': '9.976'}
{'loss': '0.002897', 'grad_norm': '0.006849', 'learning_rate': '1.8e-05', 'epoch': '9.982'}
{'loss': '0.007974', 'grad_norm': '17.81', 'learning_rate': '1.8e-05', 'epoch': '9.988'}
{'loss': '0.003947', 'grad_norm': '0.4303', 'learning_rate': '1.8e-05', 'epoch': '9.994'}
{'loss': '0.01054', 'grad_norm': '0.6223', 'learning_rate': '1.8e-05', 'epoch': '10'}
{'eval_loss': '1.041', 'eval_accuracy': '0.899', 'eval_precision': '0.8933', 'eval_recall': '0.9191', 'eval_f1': '0.906', 'eval_runtime': '11.53', 'eval_samples_per_second': '1127', 'eval_steps_per_second': '17.69', 'epoch': '10'}
{'loss': '0.001382', 'grad_norm': '0.0034', 'learning_rate': '1.8e-05', 'epoch': '10.01'}
{'loss': '0.01796', 'grad_norm': '6.843', 'learning_rate': '1.8e-05', 'epoch': '10.01'}
{'loss': '0.01356', 'grad_norm': '0.007206', 'learning_rate': '1.8e-05', 'epoch': '10.02'}
{'loss': '0.04063', 'grad_norm': '5.32', 'learning_rate': '1.8e-05', 'epoch': '10.02'}
{'loss': '0.007337', 'grad_norm': '1.931', 'learning_rate': '1.799e-05', 'epoch': '10.03'}
{'loss': '0.05553', 'grad_norm': '0.228', 'learning_rate': '1.799e-05', 'epoch': '10.04'}
{'loss': '0.006187', 'grad_norm': '0.07323', 'learning_rate': '1.799e-05', 'epoch': '10.04'}
{'loss': '0.04236', 'grad_norm': '0.008189', 'learning_rate': '1.799e-05', 'epoch': '10.05'}
{'loss': '0.007738', 'grad_norm': '0.1964', 'learning_rate': '1.799e-05', 'epoch': '10.05'}
{'loss': '0.0176', 'grad_norm': '0.01257', 'learning_rate': '1.799e-05', 'epoch': '10.06'}
{'loss': '0.02884', 'grad_norm': '0.05785', 'learning_rate': '1.799e-05', 'epoch': '10.07'}
{'loss': '0.01117', 'grad_norm': '0.005044', 'learning_rate': '1.799e-05', 'epoch': '10.07'}
{'loss': '0.03194', 'grad_norm': '0.005605', 'learning_rate': '1.798e-05', 'epoch': '10.08'}
{'loss': '0.008018', 'grad_norm': '4.862', 'learning_rate': '1.798e-05', 'epoch': '10.09'}
{'loss': '0.007017', 'grad_norm': '0.6296', 'learning_rate': '1.798e-05', 'epoch': '10.09'}
{'loss': '0.0107', 'grad_norm': '0.2586', 'learning_rate': '1.798e-05', 'epoch': '10.1'}
{'loss': '0.02619', 'grad_norm': '0.0315', 'learning_rate': '1.798e-05', 'epoch': '10.1'}
{'loss': '0.01314', 'grad_norm': '0.1272', 'learning_rate': '1.798e-05', 'epoch': '10.11'}
{'loss': '0.03307', 'grad_norm': '0.03476', 'learning_rate': '1.798e-05', 'epoch': '10.12'}
{'loss': '0.01159', 'grad_norm': '0.4171', 'learning_rate': '1.798e-05', 'epoch': '10.12'}
{'loss': '0.03379', 'grad_norm': '0.01566', 'learning_rate': '1.797e-05', 'epoch': '10.13'}
{'loss': '0.006883', 'grad_norm': '3.685', 'learning_rate': '1.797e-05', 'epoch': '10.13'}
{'loss': '0.03111', 'grad_norm': '22.29', 'learning_rate': '1.797e-05', 'epoch': '10.14'}
{'loss': '0.0189', 'grad_norm': '0.2053', 'learning_rate': '1.797e-05', 'epoch': '10.15'}
{'loss': '0.004481', 'grad_norm': '0.000547', 'learning_rate': '1.797e-05', 'epoch': '10.15'}
{'loss': '0.01512', 'grad_norm': '0.05993', 'learning_rate': '1.797e-05', 'epoch': '10.16'}
{'loss': '0.05075', 'grad_norm': '0.09156', 'learning_rate': '1.797e-05', 'epoch': '10.16'}
{'loss': '0.0385', 'grad_norm': '1.055', 'learning_rate': '1.797e-05', 'epoch': '10.17'}
{'loss': '0.0009744', 'grad_norm': '1.51', 'learning_rate': '1.796e-05', 'epoch': '10.18'}
{'loss': '0.003583', 'grad_norm': '0.3162', 'learning_rate': '1.796e-05', 'epoch': '10.18'}
{'loss': '0.01123', 'grad_norm': '0.03033', 'learning_rate': '1.796e-05', 'epoch': '10.19'}
{'loss': '0.01571', 'grad_norm': '6.344', 'learning_rate': '1.796e-05', 'epoch': '10.19'}
{'loss': '0.005718', 'grad_norm': '0.04221', 'learning_rate': '1.796e-05', 'epoch': '10.2'}
{'loss': '0.01588', 'grad_norm': '0.08412', 'learning_rate': '1.796e-05', 'epoch': '10.21'}
{'loss': '0.02004', 'grad_norm': '0.07091', 'learning_rate': '1.796e-05', 'epoch': '10.21'}
{'loss': '0.003277', 'grad_norm': '0.005923', 'learning_rate': '1.796e-05', 'epoch': '10.22'}
{'loss': '0.009009', 'grad_norm': '0.06497', 'learning_rate': '1.796e-05', 'epoch': '10.23'}
{'loss': '0.01556', 'grad_norm': '2.378', 'learning_rate': '1.795e-05', 'epoch': '10.23'}
{'loss': '0.007069', 'grad_norm': '0.1238', 'learning_rate': '1.795e-05', 'epoch': '10.24'}
{'loss': '0.007452', 'grad_norm': '0.4007', 'learning_rate': '1.795e-05', 'epoch': '10.24'}
{'loss': '0.06794', 'grad_norm': '0.1676', 'learning_rate': '1.795e-05', 'epoch': '10.25'}
{'loss': '0.005977', 'grad_norm': '0.7314', 'learning_rate': '1.795e-05', 'epoch': '10.26'}
{'loss': '0.04831', 'grad_norm': '12.5', 'learning_rate': '1.795e-05', 'epoch': '10.26'}
{'loss': '0.01446', 'grad_norm': '7.865', 'learning_rate': '1.795e-05', 'epoch': '10.27'}
{'loss': '0.02368', 'grad_norm': '0.1206', 'learning_rate': '1.795e-05', 'epoch': '10.27'}
{'loss': '0.01672', 'grad_norm': '0.4662', 'learning_rate': '1.794e-05', 'epoch': '10.28'}
{'loss': '0.008484', 'grad_norm': '0.0136', 'learning_rate': '1.794e-05', 'epoch': '10.29'}
{'loss': '0.01232', 'grad_norm': '0.4279', 'learning_rate': '1.794e-05', 'epoch': '10.29'}
{'loss': '0.007933', 'grad_norm': '0.03955', 'learning_rate': '1.794e-05', 'epoch': '10.3'}
{'loss': '0.01079', 'grad_norm': '3.678', 'learning_rate': '1.794e-05', 'epoch': '10.3'}
{'loss': '0.03347', 'grad_norm': '0.3568', 'learning_rate': '1.794e-05', 'epoch': '10.31'}
{'loss': '0.004676', 'grad_norm': '0.1769', 'learning_rate': '1.794e-05', 'epoch': '10.32'}
{'loss': '0.0171', 'grad_norm': '0.004802', 'learning_rate': '1.794e-05', 'epoch': '10.32'}
{'loss': '0.02102', 'grad_norm': '3.798', 'learning_rate': '1.793e-05', 'epoch': '10.33'}
{'loss': '0.02655', 'grad_norm': '0.4015', 'learning_rate': '1.793e-05', 'epoch': '10.33'}
{'loss': '0.04668', 'grad_norm': '6.579', 'learning_rate': '1.793e-05', 'epoch': '10.34'}
{'loss': '0.02644', 'grad_norm': '0.02459', 'learning_rate': '1.793e-05', 'epoch': '10.35'}
{'loss': '0.02514', 'grad_norm': '0.006163', 'learning_rate': '1.793e-05', 'epoch': '10.35'}
{'loss': '0.01932', 'grad_norm': '0.02034', 'learning_rate': '1.793e-05', 'epoch': '10.36'}
{'loss': '0.03978', 'grad_norm': '0.01958', 'learning_rate': '1.793e-05', 'epoch': '10.36'}
{'loss': '0.00996', 'grad_norm': '0.9217', 'learning_rate': '1.793e-05', 'epoch': '10.37'}
{'loss': '0.06507', 'grad_norm': '0.1967', 'learning_rate': '1.792e-05', 'epoch': '10.38'}
{'loss': '0.002936', 'grad_norm': '0.02573', 'learning_rate': '1.792e-05', 'epoch': '10.38'}
{'loss': '0.01901', 'grad_norm': '0.00778', 'learning_rate': '1.792e-05', 'epoch': '10.39'}
{'loss': '0.007674', 'grad_norm': '0.003527', 'learning_rate': '1.792e-05', 'epoch': '10.4'}
{'loss': '0.01007', 'grad_norm': '0.4198', 'learning_rate': '1.792e-05', 'epoch': '10.4'}
{'loss': '0.05102', 'grad_norm': '0.009884', 'learning_rate': '1.792e-05', 'epoch': '10.41'}
{'loss': '0.02968', 'grad_norm': '0.161', 'learning_rate': '1.792e-05', 'epoch': '10.41'}
{'loss': '0.0007797', 'grad_norm': '0.2456', 'learning_rate': '1.792e-05', 'epoch': '10.42'}
{'loss': '0.007645', 'grad_norm': '0.656', 'learning_rate': '1.791e-05', 'epoch': '10.43'}
{'loss': '0.01273', 'grad_norm': '0.09035', 'learning_rate': '1.791e-05', 'epoch': '10.43'}
{'loss': '0.001723', 'grad_norm': '0.0841', 'learning_rate': '1.791e-05', 'epoch': '10.44'}
{'loss': '0.01729', 'grad_norm': '9.071', 'learning_rate': '1.791e-05', 'epoch': '10.44'}
{'loss': '0.00859', 'grad_norm': '0.00153', 'learning_rate': '1.791e-05', 'epoch': '10.45'}
{'loss': '0.01056', 'grad_norm': '0.008442', 'learning_rate': '1.791e-05', 'epoch': '10.46'}
{'loss': '0.03108', 'grad_norm': '3.194', 'learning_rate': '1.791e-05', 'epoch': '10.46'}
{'loss': '0.001852', 'grad_norm': '0.03079', 'learning_rate': '1.791e-05', 'epoch': '10.47'}
{'loss': '0.01541', 'grad_norm': '0.8475', 'learning_rate': '1.791e-05', 'epoch': '10.47'}
{'loss': '0.0267', 'grad_norm': '2.141', 'learning_rate': '1.79e-05', 'epoch': '10.48'}
{'loss': '0.08164', 'grad_norm': '5.519', 'learning_rate': '1.79e-05', 'epoch': '10.49'}
{'loss': '0.0142', 'grad_norm': '0.02298', 'learning_rate': '1.79e-05', 'epoch': '10.49'}
{'loss': '0.003051', 'grad_norm': '0.7628', 'learning_rate': '1.79e-05', 'epoch': '10.5'}
{'loss': '0.01053', 'grad_norm': '0.02766', 'learning_rate': '1.79e-05', 'epoch': '10.5'}
{'loss': '0.02116', 'grad_norm': '4.774', 'learning_rate': '1.79e-05', 'epoch': '10.51'}
{'loss': '0.02196', 'grad_norm': '3.722', 'learning_rate': '1.79e-05', 'epoch': '10.52'}
{'loss': '0.03604', 'grad_norm': '0.2086', 'learning_rate': '1.79e-05', 'epoch': '10.52'}
{'loss': '0.02946', 'grad_norm': '9.058', 'learning_rate': '1.789e-05', 'epoch': '10.53'}
{'loss': '0.01896', 'grad_norm': '4.569', 'learning_rate': '1.789e-05', 'epoch': '10.54'}
{'loss': '0.0467', 'grad_norm': '3.075', 'learning_rate': '1.789e-05', 'epoch': '10.54'}
{'loss': '0.03356', 'grad_norm': '2.195', 'learning_rate': '1.789e-05', 'epoch': '10.55'}
{'loss': '0.01169', 'grad_norm': '0.5309', 'learning_rate': '1.789e-05', 'epoch': '10.55'}
{'loss': '0.00424', 'grad_norm': '0.006467', 'learning_rate': '1.789e-05', 'epoch': '10.56'}
{'loss': '0.01926', 'grad_norm': '0.6973', 'learning_rate': '1.789e-05', 'epoch': '10.57'}
{'loss': '0.02237', 'grad_norm': '3.251', 'learning_rate': '1.789e-05', 'epoch': '10.57'}
{'loss': '0.03015', 'grad_norm': '0.00491', 'learning_rate': '1.788e-05', 'epoch': '10.58'}
{'loss': '0.07223', 'grad_norm': '0.005139', 'learning_rate': '1.788e-05', 'epoch': '10.58'}
{'loss': '0.02044', 'grad_norm': '0.005769', 'learning_rate': '1.788e-05', 'epoch': '10.59'}
{'loss': '0.03316', 'grad_norm': '7.46', 'learning_rate': '1.788e-05', 'epoch': '10.6'}
{'loss': '0.003963', 'grad_norm': '0.3123', 'learning_rate': '1.788e-05', 'epoch': '10.6'}
{'loss': '0.01857', 'grad_norm': '0.08845', 'learning_rate': '1.788e-05', 'epoch': '10.61'}
{'loss': '0.01556', 'grad_norm': '0.2145', 'learning_rate': '1.788e-05', 'epoch': '10.61'}
{'loss': '0.03574', 'grad_norm': '0.001632', 'learning_rate': '1.788e-05', 'epoch': '10.62'}
{'loss': '0.01426', 'grad_norm': '6.749', 'learning_rate': '1.787e-05', 'epoch': '10.63'}
{'loss': '0.02304', 'grad_norm': '0.01073', 'learning_rate': '1.787e-05', 'epoch': '10.63'}
{'loss': '0.006533', 'grad_norm': '0.3163', 'learning_rate': '1.787e-05', 'epoch': '10.64'}
{'loss': '0.0151', 'grad_norm': '8.511', 'learning_rate': '1.787e-05', 'epoch': '10.64'}
{'loss': '0.000797', 'grad_norm': '0.0009681', 'learning_rate': '1.787e-05', 'epoch': '10.65'}
{'loss': '0.001709', 'grad_norm': '0.05907', 'learning_rate': '1.787e-05', 'epoch': '10.66'}
{'loss': '0.01159', 'grad_norm': '0.01649', 'learning_rate': '1.787e-05', 'epoch': '10.66'}
{'loss': '0.01237', 'grad_norm': '6.07', 'learning_rate': '1.787e-05', 'epoch': '10.67'}
{'loss': '0.01579', 'grad_norm': '0.002653', 'learning_rate': '1.787e-05', 'epoch': '10.68'}
{'loss': '0.02511', 'grad_norm': '0.6232', 'learning_rate': '1.786e-05', 'epoch': '10.68'}
{'loss': '0.00291', 'grad_norm': '0.7591', 'learning_rate': '1.786e-05', 'epoch': '10.69'}
{'loss': '0.01513', 'grad_norm': '1.235', 'learning_rate': '1.786e-05', 'epoch': '10.69'}
{'loss': '0.008785', 'grad_norm': '0.02955', 'learning_rate': '1.786e-05', 'epoch': '10.7'}
{'loss': '0.01156', 'grad_norm': '0.2855', 'learning_rate': '1.786e-05', 'epoch': '10.71'}
{'loss': '0.006341', 'grad_norm': '0.05236', 'learning_rate': '1.786e-05', 'epoch': '10.71'}
{'loss': '0.004653', 'grad_norm': '0.1212', 'learning_rate': '1.786e-05', 'epoch': '10.72'}
{'loss': '0.02825', 'grad_norm': '0.02038', 'learning_rate': '1.786e-05', 'epoch': '10.72'}
{'loss': '0.01055', 'grad_norm': '0.009653', 'learning_rate': '1.785e-05', 'epoch': '10.73'}
{'loss': '0.02176', 'grad_norm': '0.6671', 'learning_rate': '1.785e-05', 'epoch': '10.74'}
{'loss': '0.01353', 'grad_norm': '0.2253', 'learning_rate': '1.785e-05', 'epoch': '10.74'}
{'loss': '0.03264', 'grad_norm': '0.07602', 'learning_rate': '1.785e-05', 'epoch': '10.75'}
{'loss': '0.01515', 'grad_norm': '7.182', 'learning_rate': '1.785e-05', 'epoch': '10.75'}
{'loss': '0.005852', 'grad_norm': '0.6604', 'learning_rate': '1.785e-05', 'epoch': '10.76'}
{'loss': '0.003705', 'grad_norm': '0.01225', 'learning_rate': '1.785e-05', 'epoch': '10.77'}
{'loss': '0.005014', 'grad_norm': '0.007077', 'learning_rate': '1.785e-05', 'epoch': '10.77'}
{'loss': '0.006801', 'grad_norm': '2.043', 'learning_rate': '1.784e-05', 'epoch': '10.78'}
{'loss': '0.03211', 'grad_norm': '0.04643', 'learning_rate': '1.784e-05', 'epoch': '10.78'}
{'loss': '0.03005', 'grad_norm': '0.3468', 'learning_rate': '1.784e-05', 'epoch': '10.79'}
{'loss': '0.01124', 'grad_norm': '0.07002', 'learning_rate': '1.784e-05', 'epoch': '10.8'}
{'loss': '0.02654', 'grad_norm': '10.82', 'learning_rate': '1.784e-05', 'epoch': '10.8'}
{'loss': '0.004897', 'grad_norm': '0.001874', 'learning_rate': '1.784e-05', 'epoch': '10.81'}
{'loss': '0.001634', 'grad_norm': '0.001892', 'learning_rate': '1.784e-05', 'epoch': '10.82'}
{'loss': '0.003902', 'grad_norm': '0.06584', 'learning_rate': '1.784e-05', 'epoch': '10.82'}
{'loss': '0.002881', 'grad_norm': '0.007104', 'learning_rate': '1.783e-05', 'epoch': '10.83'}
{'loss': '0.001165', 'grad_norm': '0.01267', 'learning_rate': '1.783e-05', 'epoch': '10.83'}
{'loss': '0.02001', 'grad_norm': '10.82', 'learning_rate': '1.783e-05', 'epoch': '10.84'}
{'loss': '0.01253', 'grad_norm': '2.054', 'learning_rate': '1.783e-05', 'epoch': '10.85'}
{'loss': '0.01083', 'grad_norm': '0.001907', 'learning_rate': '1.783e-05', 'epoch': '10.85'}
{'loss': '0.0328', 'grad_norm': '0.7009', 'learning_rate': '1.783e-05', 'epoch': '10.86'}
{'loss': '0.02367', 'grad_norm': '0.00982', 'learning_rate': '1.783e-05', 'epoch': '10.86'}
{'loss': '0.01585', 'grad_norm': '0.01767', 'learning_rate': '1.783e-05', 'epoch': '10.87'}
{'loss': '0.00508', 'grad_norm': '0.4081', 'learning_rate': '1.782e-05', 'epoch': '10.88'}
{'loss': '0.009616', 'grad_norm': '0.04268', 'learning_rate': '1.782e-05', 'epoch': '10.88'}
{'loss': '0.01945', 'grad_norm': '3.977', 'learning_rate': '1.782e-05', 'epoch': '10.89'}
{'loss': '0.004132', 'grad_norm': '0.04233', 'learning_rate': '1.782e-05', 'epoch': '10.89'}
{'loss': '0.01438', 'grad_norm': '0.1549', 'learning_rate': '1.782e-05', 'epoch': '10.9'}
{'loss': '0.02568', 'grad_norm': '0.02788', 'learning_rate': '1.782e-05', 'epoch': '10.91'}
{'loss': '0.03058', 'grad_norm': '0.001639', 'learning_rate': '1.782e-05', 'epoch': '10.91'}
{'loss': '0.01423', 'grad_norm': '5.91', 'learning_rate': '1.782e-05', 'epoch': '10.92'}
{'loss': '0.00724', 'grad_norm': '0.0005103', 'learning_rate': '1.782e-05', 'epoch': '10.92'}
{'loss': '0.01205', 'grad_norm': '1.368', 'learning_rate': '1.781e-05', 'epoch': '10.93'}
{'loss': '0.04434', 'grad_norm': '0.147', 'learning_rate': '1.781e-05', 'epoch': '10.94'}
{'loss': '0.02436', 'grad_norm': '0.004598', 'learning_rate': '1.781e-05', 'epoch': '10.94'}
{'loss': '0.02723', 'grad_norm': '0.006246', 'learning_rate': '1.781e-05', 'epoch': '10.95'}
{'loss': '0.01842', 'grad_norm': '0.07837', 'learning_rate': '1.781e-05', 'epoch': '10.95'}
{'loss': '0.01675', 'grad_norm': '1.993', 'learning_rate': '1.781e-05', 'epoch': '10.96'}
{'loss': '0.02212', 'grad_norm': '0.9612', 'learning_rate': '1.781e-05', 'epoch': '10.97'}
{'loss': '0.008365', 'grad_norm': '0.001584', 'learning_rate': '1.781e-05', 'epoch': '10.97'}
{'loss': '0.04452', 'grad_norm': '1.23', 'learning_rate': '1.78e-05', 'epoch': '10.98'}
{'loss': '0.006233', 'grad_norm': '0.01219', 'learning_rate': '1.78e-05', 'epoch': '10.99'}
{'loss': '0.04187', 'grad_norm': '0.8608', 'learning_rate': '1.78e-05', 'epoch': '10.99'}
{'loss': '0.01038', 'grad_norm': '7.496', 'learning_rate': '1.78e-05', 'epoch': '11'}
{'eval_loss': '0.9955', 'eval_accuracy': '0.8946', 'eval_precision': '0.8838', 'eval_recall': '0.9221', 'eval_f1': '0.9026', 'eval_runtime': '11.54', 'eval_samples_per_second': '1127', 'eval_steps_per_second': '17.68', 'epoch': '11'}
{'train_runtime': '2621', 'train_samples_per_second': '2007', 'train_steps_per_second': '62.72', 'train_loss': '0.09374', 'epoch': '11'}
Fold F1: 0.9067467584792323
Точность определения арабских заимств.: {'accuracy': 0.896551724137931, 'precision': 0.5123456790123457, 'recall': 0.8829787234042553, 'f1': 0.6484375}
Точность определения китайских заимств.: {'accuracy': 0.8958594730238394, 'precision': 0.17708333333333334, 'recall': 0.8095238095238095, 'f1': 0.2905982905982906}
Точность определения английских заимств.: {'accuracy': 0.9042801556420234, 'precision': 0.8547794117647058, 'recall': 0.9135559921414538, 'f1': 0.8831908831908832}
Точность определения французских заимств.: {'accuracy': 0.918646080760095, 'precision': 0.9149623250807319, 'recall': 0.9361233480176211, 'f1': 0.9254218835057159}
Точность определения немецких заимств.: {'accuracy': 0.9179389312977099, 'precision': 0.7703488372093024, 'recall': 0.9742647058823529, 'f1': 0.8603896103896104}
Точность определения итальянских заимтсв.: {'accuracy': 0.8919202518363064, 'precision': 0.6594827586206896, 'recall': 0.864406779661017, 'f1': 0.7481662591687042}
Точность определения японских заимств.: {'accuracy': 0.8966292134831461, 'precision': 0.5611111111111111, 'recall': 0.8859649122807017, 'f1': 0.6870748299319728}
Точность определения польских заимств.: {'accuracy': 0.8870192307692307, 'precision': 0.3416666666666667, 'recall': 0.7321428571428571, 'f1': 0.4659090909090909}
{'eval_loss': 0.24284672737121582, 'eval_accuracy': 0.902046783625731, 'eval_precision': 0.9141802067946824, 'eval_recall': 0.8994332219154193, 'eval_f1': 0.9067467584792323, 'eval_runtime': 11.5117, 'eval_samples_per_second': 1128.943, 'eval_steps_per_second': 17.721, 'epoch': 11.0}

===== Fold 2 =====
{'loss': '0.7067', 'grad_norm': '20.69', 'learning_rate': '2e-05', 'epoch': '0.006143'}
{'loss': '0.6996', 'grad_norm': '40.48', 'learning_rate': '2e-05', 'epoch': '0.01229'}
{'loss': '0.6964', 'grad_norm': '12.98', 'learning_rate': '2e-05', 'epoch': '0.01843'}
{'loss': '0.6897', 'grad_norm': '28.75', 'learning_rate': '2e-05', 'epoch': '0.02457'}
{'loss': '0.6754', 'grad_norm': '53.1', 'learning_rate': '1.999e-05', 'epoch': '0.03071'}
{'loss': '0.6856', 'grad_norm': '35.82', 'learning_rate': '1.999e-05', 'epoch': '0.03686'}
{'loss': '0.6916', 'grad_norm': '124.7', 'learning_rate': '1.999e-05', 'epoch': '0.043'}
{'loss': '0.6796', 'grad_norm': '46.06', 'learning_rate': '1.999e-05', 'epoch': '0.04914'}
{'loss': '0.687', 'grad_norm': '16.62', 'learning_rate': '1.999e-05', 'epoch': '0.05528'}
{'loss': '0.6747', 'grad_norm': '20', 'learning_rate': '1.999e-05', 'epoch': '0.06143'}
{'loss': '0.673', 'grad_norm': '57.1', 'learning_rate': '1.999e-05', 'epoch': '0.06757'}
{'loss': '0.685', 'grad_norm': '28.74', 'learning_rate': '1.999e-05', 'epoch': '0.07371'}
{'loss': '0.6705', 'grad_norm': '16.39', 'learning_rate': '1.998e-05', 'epoch': '0.07985'}
{'loss': '0.6593', 'grad_norm': '19.97', 'learning_rate': '1.998e-05', 'epoch': '0.086'}
{'loss': '0.6778', 'grad_norm': '65.37', 'learning_rate': '1.998e-05', 'epoch': '0.09214'}
{'loss': '0.7057', 'grad_norm': '30.84', 'learning_rate': '1.998e-05', 'epoch': '0.09828'}
{'loss': '0.6762', 'grad_norm': '33.76', 'learning_rate': '1.998e-05', 'epoch': '0.1044'}
{'loss': '0.6706', 'grad_norm': '25.18', 'learning_rate': '1.998e-05', 'epoch': '0.1106'}
{'loss': '0.6708', 'grad_norm': '22.4', 'learning_rate': '1.998e-05', 'epoch': '0.1167'}
{'loss': '0.676', 'grad_norm': '50.69', 'learning_rate': '1.998e-05', 'epoch': '0.1229'}
{'loss': '0.6714', 'grad_norm': '27.99', 'learning_rate': '1.997e-05', 'epoch': '0.129'}
{'loss': '0.658', 'grad_norm': '21.21', 'learning_rate': '1.997e-05', 'epoch': '0.1351'}
{'loss': '0.6692', 'grad_norm': '22.82', 'learning_rate': '1.997e-05', 'epoch': '0.1413'}
{'loss': '0.6534', 'grad_norm': '33.28', 'learning_rate': '1.997e-05', 'epoch': '0.1474'}
{'loss': '0.6691', 'grad_norm': '59.53', 'learning_rate': '1.997e-05', 'epoch': '0.1536'}
{'loss': '0.6407', 'grad_norm': '169.2', 'learning_rate': '1.997e-05', 'epoch': '0.1597'}
{'loss': '0.6621', 'grad_norm': '131.7', 'learning_rate': '1.997e-05', 'epoch': '0.1658'}
{'loss': '0.6295', 'grad_norm': '145.7', 'learning_rate': '1.997e-05', 'epoch': '0.172'}
{'loss': '0.6363', 'grad_norm': '27.53', 'learning_rate': '1.996e-05', 'epoch': '0.1781'}
{'loss': '0.6475', 'grad_norm': '42', 'learning_rate': '1.996e-05', 'epoch': '0.1843'}
{'loss': '0.6578', 'grad_norm': '30.6', 'learning_rate': '1.996e-05', 'epoch': '0.1904'}
{'loss': '0.6284', 'grad_norm': '42.52', 'learning_rate': '1.996e-05', 'epoch': '0.1966'}
{'loss': '0.6346', 'grad_norm': '112.4', 'learning_rate': '1.996e-05', 'epoch': '0.2027'}
{'loss': '0.6303', 'grad_norm': '32.53', 'learning_rate': '1.996e-05', 'epoch': '0.2088'}
{'loss': '0.6277', 'grad_norm': '107.8', 'learning_rate': '1.996e-05', 'epoch': '0.215'}
{'loss': '0.6239', 'grad_norm': '62.91', 'learning_rate': '1.996e-05', 'epoch': '0.2211'}
{'loss': '0.6459', 'grad_norm': '50.79', 'learning_rate': '1.995e-05', 'epoch': '0.2273'}
{'loss': '0.6184', 'grad_norm': '115.3', 'learning_rate': '1.995e-05', 'epoch': '0.2334'}
{'loss': '0.5954', 'grad_norm': '40.92', 'learning_rate': '1.995e-05', 'epoch': '0.2396'}
{'loss': '0.5986', 'grad_norm': '84.46', 'learning_rate': '1.995e-05', 'epoch': '0.2457'}
{'loss': '0.5951', 'grad_norm': '83.98', 'learning_rate': '1.995e-05', 'epoch': '0.2518'}
{'loss': '0.6181', 'grad_norm': '35.88', 'learning_rate': '1.995e-05', 'epoch': '0.258'}
{'loss': '0.5912', 'grad_norm': '63.61', 'learning_rate': '1.995e-05', 'epoch': '0.2641'}
{'loss': '0.5857', 'grad_norm': '196.2', 'learning_rate': '1.995e-05', 'epoch': '0.2703'}
{'loss': '0.5921', 'grad_norm': '120.6', 'learning_rate': '1.994e-05', 'epoch': '0.2764'}
{'loss': '0.6142', 'grad_norm': '43.18', 'learning_rate': '1.994e-05', 'epoch': '0.2826'}
{'loss': '0.6058', 'grad_norm': '103.6', 'learning_rate': '1.994e-05', 'epoch': '0.2887'}
{'loss': '0.5645', 'grad_norm': '82.42', 'learning_rate': '1.994e-05', 'epoch': '0.2948'}
{'loss': '0.5848', 'grad_norm': '67.74', 'learning_rate': '1.994e-05', 'epoch': '0.301'}
{'loss': '0.5555', 'grad_norm': '43.45', 'learning_rate': '1.994e-05', 'epoch': '0.3071'}
{'loss': '0.5724', 'grad_norm': '60.19', 'learning_rate': '1.994e-05', 'epoch': '0.3133'}
{'loss': '0.5646', 'grad_norm': '51.03', 'learning_rate': '1.994e-05', 'epoch': '0.3194'}
{'loss': '0.5398', 'grad_norm': '33.17', 'learning_rate': '1.994e-05', 'epoch': '0.3256'}
{'loss': '0.563', 'grad_norm': '38.87', 'learning_rate': '1.993e-05', 'epoch': '0.3317'}
{'loss': '0.5604', 'grad_norm': '68.09', 'learning_rate': '1.993e-05', 'epoch': '0.3378'}
{'loss': '0.5541', 'grad_norm': '58.47', 'learning_rate': '1.993e-05', 'epoch': '0.344'}
{'loss': '0.5728', 'grad_norm': '73.29', 'learning_rate': '1.993e-05', 'epoch': '0.3501'}
{'loss': '0.5261', 'grad_norm': '144', 'learning_rate': '1.993e-05', 'epoch': '0.3563'}
{'loss': '0.5429', 'grad_norm': '118.3', 'learning_rate': '1.993e-05', 'epoch': '0.3624'}
{'loss': '0.5356', 'grad_norm': '117.3', 'learning_rate': '1.993e-05', 'epoch': '0.3686'}
{'loss': '0.536', 'grad_norm': '35.4', 'learning_rate': '1.993e-05', 'epoch': '0.3747'}
{'loss': '0.5133', 'grad_norm': '45.94', 'learning_rate': '1.992e-05', 'epoch': '0.3808'}
{'loss': '0.5199', 'grad_norm': '152.7', 'learning_rate': '1.992e-05', 'epoch': '0.387'}
{'loss': '0.5149', 'grad_norm': '57.29', 'learning_rate': '1.992e-05', 'epoch': '0.3931'}
{'loss': '0.5088', 'grad_norm': '52.47', 'learning_rate': '1.992e-05', 'epoch': '0.3993'}
{'loss': '0.5552', 'grad_norm': '276.3', 'learning_rate': '1.992e-05', 'epoch': '0.4054'}
{'loss': '0.4504', 'grad_norm': '75.74', 'learning_rate': '1.992e-05', 'epoch': '0.4115'}
{'loss': '0.5094', 'grad_norm': '79.72', 'learning_rate': '1.992e-05', 'epoch': '0.4177'}
{'loss': '0.5559', 'grad_norm': '94.15', 'learning_rate': '1.992e-05', 'epoch': '0.4238'}
{'loss': '0.4398', 'grad_norm': '45.3', 'learning_rate': '1.991e-05', 'epoch': '0.43'}
{'loss': '0.4709', 'grad_norm': '135.6', 'learning_rate': '1.991e-05', 'epoch': '0.4361'}
{'loss': '0.525', 'grad_norm': '44.52', 'learning_rate': '1.991e-05', 'epoch': '0.4423'}
{'loss': '0.469', 'grad_norm': '95.57', 'learning_rate': '1.991e-05', 'epoch': '0.4484'}
{'loss': '0.4963', 'grad_norm': '56.28', 'learning_rate': '1.991e-05', 'epoch': '0.4545'}
{'loss': '0.517', 'grad_norm': '76.25', 'learning_rate': '1.991e-05', 'epoch': '0.4607'}
{'loss': '0.4283', 'grad_norm': '154.2', 'learning_rate': '1.991e-05', 'epoch': '0.4668'}
{'loss': '0.5009', 'grad_norm': '74.88', 'learning_rate': '1.991e-05', 'epoch': '0.473'}
{'loss': '0.447', 'grad_norm': '316.7', 'learning_rate': '1.99e-05', 'epoch': '0.4791'}
{'loss': '0.4635', 'grad_norm': '90.33', 'learning_rate': '1.99e-05', 'epoch': '0.4853'}
{'loss': '0.5213', 'grad_norm': '140.9', 'learning_rate': '1.99e-05', 'epoch': '0.4914'}
{'loss': '0.4664', 'grad_norm': '78.47', 'learning_rate': '1.99e-05', 'epoch': '0.4975'}
{'loss': '0.4613', 'grad_norm': '115', 'learning_rate': '1.99e-05', 'epoch': '0.5037'}
{'loss': '0.4277', 'grad_norm': '42.01', 'learning_rate': '1.99e-05', 'epoch': '0.5098'}
{'loss': '0.4695', 'grad_norm': '37.4', 'learning_rate': '1.99e-05', 'epoch': '0.516'}
{'loss': '0.4844', 'grad_norm': '83.47', 'learning_rate': '1.99e-05', 'epoch': '0.5221'}
{'loss': '0.4697', 'grad_norm': '39.28', 'learning_rate': '1.989e-05', 'epoch': '0.5283'}
{'loss': '0.485', 'grad_norm': '32.26', 'learning_rate': '1.989e-05', 'epoch': '0.5344'}
{'loss': '0.439', 'grad_norm': '46.02', 'learning_rate': '1.989e-05', 'epoch': '0.5405'}
{'loss': '0.4726', 'grad_norm': '93.6', 'learning_rate': '1.989e-05', 'epoch': '0.5467'}
{'loss': '0.4542', 'grad_norm': '32.28', 'learning_rate': '1.989e-05', 'epoch': '0.5528'}
{'loss': '0.446', 'grad_norm': '72.71', 'learning_rate': '1.989e-05', 'epoch': '0.559'}
{'loss': '0.4617', 'grad_norm': '69.86', 'learning_rate': '1.989e-05', 'epoch': '0.5651'}
{'loss': '0.4745', 'grad_norm': '113', 'learning_rate': '1.989e-05', 'epoch': '0.5713'}
{'loss': '0.4678', 'grad_norm': '38.17', 'learning_rate': '1.988e-05', 'epoch': '0.5774'}
{'loss': '0.4347', 'grad_norm': '27.12', 'learning_rate': '1.988e-05', 'epoch': '0.5835'}
{'loss': '0.5154', 'grad_norm': '158.3', 'learning_rate': '1.988e-05', 'epoch': '0.5897'}
{'loss': '0.4495', 'grad_norm': '52.07', 'learning_rate': '1.988e-05', 'epoch': '0.5958'}
{'loss': '0.4235', 'grad_norm': '55.14', 'learning_rate': '1.988e-05', 'epoch': '0.602'}
{'loss': '0.4858', 'grad_norm': '64.11', 'learning_rate': '1.988e-05', 'epoch': '0.6081'}
{'loss': '0.4208', 'grad_norm': '44.19', 'learning_rate': '1.988e-05', 'epoch': '0.6143'}
{'loss': '0.4308', 'grad_norm': '26.11', 'learning_rate': '1.988e-05', 'epoch': '0.6204'}
{'loss': '0.4555', 'grad_norm': '26.03', 'learning_rate': '1.987e-05', 'epoch': '0.6265'}
{'loss': '0.4011', 'grad_norm': '74.72', 'learning_rate': '1.987e-05', 'epoch': '0.6327'}
{'loss': '0.4361', 'grad_norm': '122.8', 'learning_rate': '1.987e-05', 'epoch': '0.6388'}
{'loss': '0.4555', 'grad_norm': '65.78', 'learning_rate': '1.987e-05', 'epoch': '0.645'}
{'loss': '0.4276', 'grad_norm': '36.05', 'learning_rate': '1.987e-05', 'epoch': '0.6511'}
{'loss': '0.4012', 'grad_norm': '37.38', 'learning_rate': '1.987e-05', 'epoch': '0.6572'}
{'loss': '0.357', 'grad_norm': '45.74', 'learning_rate': '1.987e-05', 'epoch': '0.6634'}
{'loss': '0.4423', 'grad_norm': '55.66', 'learning_rate': '1.987e-05', 'epoch': '0.6695'}
{'loss': '0.4231', 'grad_norm': '48.32', 'learning_rate': '1.986e-05', 'epoch': '0.6757'}
{'loss': '0.4528', 'grad_norm': '16.99', 'learning_rate': '1.986e-05', 'epoch': '0.6818'}
{'loss': '0.3707', 'grad_norm': '36.67', 'learning_rate': '1.986e-05', 'epoch': '0.688'}
{'loss': '0.4', 'grad_norm': '30.76', 'learning_rate': '1.986e-05', 'epoch': '0.6941'}
{'loss': '0.4033', 'grad_norm': '31.17', 'learning_rate': '1.986e-05', 'epoch': '0.7002'}
{'loss': '0.3692', 'grad_norm': '138.5', 'learning_rate': '1.986e-05', 'epoch': '0.7064'}
{'loss': '0.3565', 'grad_norm': '237.1', 'learning_rate': '1.986e-05', 'epoch': '0.7125'}
{'loss': '0.3976', 'grad_norm': '76.07', 'learning_rate': '1.986e-05', 'epoch': '0.7187'}
{'loss': '0.3671', 'grad_norm': '72.82', 'learning_rate': '1.986e-05', 'epoch': '0.7248'}
{'loss': '0.4008', 'grad_norm': '31.2', 'learning_rate': '1.985e-05', 'epoch': '0.731'}
{'loss': '0.3563', 'grad_norm': '24', 'learning_rate': '1.985e-05', 'epoch': '0.7371'}
{'loss': '0.3534', 'grad_norm': '26.89', 'learning_rate': '1.985e-05', 'epoch': '0.7432'}
{'loss': '0.3675', 'grad_norm': '33.88', 'learning_rate': '1.985e-05', 'epoch': '0.7494'}
{'loss': '0.3577', 'grad_norm': '45.06', 'learning_rate': '1.985e-05', 'epoch': '0.7555'}
{'loss': '0.3712', 'grad_norm': '63.74', 'learning_rate': '1.985e-05', 'epoch': '0.7617'}
{'loss': '0.3869', 'grad_norm': '39.82', 'learning_rate': '1.985e-05', 'epoch': '0.7678'}
{'loss': '0.3573', 'grad_norm': '84.84', 'learning_rate': '1.985e-05', 'epoch': '0.774'}
{'loss': '0.3806', 'grad_norm': '37.51', 'learning_rate': '1.984e-05', 'epoch': '0.7801'}
{'loss': '0.352', 'grad_norm': '93.7', 'learning_rate': '1.984e-05', 'epoch': '0.7862'}
{'loss': '0.3995', 'grad_norm': '19.82', 'learning_rate': '1.984e-05', 'epoch': '0.7924'}
{'loss': '0.33', 'grad_norm': '114.4', 'learning_rate': '1.984e-05', 'epoch': '0.7985'}
{'loss': '0.3039', 'grad_norm': '29.96', 'learning_rate': '1.984e-05', 'epoch': '0.8047'}
{'loss': '0.3612', 'grad_norm': '64.27', 'learning_rate': '1.984e-05', 'epoch': '0.8108'}
{'loss': '0.3495', 'grad_norm': '23.23', 'learning_rate': '1.984e-05', 'epoch': '0.817'}
{'loss': '0.4003', 'grad_norm': '33.73', 'learning_rate': '1.984e-05', 'epoch': '0.8231'}
{'loss': '0.3978', 'grad_norm': '14.01', 'learning_rate': '1.983e-05', 'epoch': '0.8292'}
{'loss': '0.3407', 'grad_norm': '80.3', 'learning_rate': '1.983e-05', 'epoch': '0.8354'}
{'loss': '0.403', 'grad_norm': '38.04', 'learning_rate': '1.983e-05', 'epoch': '0.8415'}
{'loss': '0.35', 'grad_norm': '46.51', 'learning_rate': '1.983e-05', 'epoch': '0.8477'}
{'loss': '0.3322', 'grad_norm': '28.84', 'learning_rate': '1.983e-05', 'epoch': '0.8538'}
{'loss': '0.3437', 'grad_norm': '22.26', 'learning_rate': '1.983e-05', 'epoch': '0.86'}
{'loss': '0.3783', 'grad_norm': '23.33', 'learning_rate': '1.983e-05', 'epoch': '0.8661'}
{'loss': '0.2786', 'grad_norm': '16.11', 'learning_rate': '1.983e-05', 'epoch': '0.8722'}
{'loss': '0.3354', 'grad_norm': '18.69', 'learning_rate': '1.982e-05', 'epoch': '0.8784'}
{'loss': '0.3265', 'grad_norm': '16.34', 'learning_rate': '1.982e-05', 'epoch': '0.8845'}
{'loss': '0.3013', 'grad_norm': '23.63', 'learning_rate': '1.982e-05', 'epoch': '0.8907'}
{'loss': '0.2936', 'grad_norm': '18.04', 'learning_rate': '1.982e-05', 'epoch': '0.8968'}
{'loss': '0.3377', 'grad_norm': '24.06', 'learning_rate': '1.982e-05', 'epoch': '0.9029'}
{'loss': '0.2712', 'grad_norm': '21.73', 'learning_rate': '1.982e-05', 'epoch': '0.9091'}
{'loss': '0.307', 'grad_norm': '29.79', 'learning_rate': '1.982e-05', 'epoch': '0.9152'}
{'loss': '0.3139', 'grad_norm': '87.87', 'learning_rate': '1.982e-05', 'epoch': '0.9214'}
{'loss': '0.2745', 'grad_norm': '11.15', 'learning_rate': '1.981e-05', 'epoch': '0.9275'}
{'loss': '0.2665', 'grad_norm': '17.36', 'learning_rate': '1.981e-05', 'epoch': '0.9337'}
{'loss': '0.3726', 'grad_norm': '18.5', 'learning_rate': '1.981e-05', 'epoch': '0.9398'}
{'loss': '0.3061', 'grad_norm': '15.12', 'learning_rate': '1.981e-05', 'epoch': '0.9459'}
{'loss': '0.3035', 'grad_norm': '34.1', 'learning_rate': '1.981e-05', 'epoch': '0.9521'}
{'loss': '0.3254', 'grad_norm': '16.03', 'learning_rate': '1.981e-05', 'epoch': '0.9582'}
{'loss': '0.3242', 'grad_norm': '23.75', 'learning_rate': '1.981e-05', 'epoch': '0.9644'}
{'loss': '0.2861', 'grad_norm': '35.86', 'learning_rate': '1.981e-05', 'epoch': '0.9705'}
{'loss': '0.2325', 'grad_norm': '15.57', 'learning_rate': '1.98e-05', 'epoch': '0.9767'}
{'loss': '0.2899', 'grad_norm': '20.63', 'learning_rate': '1.98e-05', 'epoch': '0.9828'}
{'loss': '0.3206', 'grad_norm': '26.6', 'learning_rate': '1.98e-05', 'epoch': '0.9889'}
{'loss': '0.2423', 'grad_norm': '24.35', 'learning_rate': '1.98e-05', 'epoch': '0.9951'}
{'eval_loss': '0.4423', 'eval_accuracy': '0.8617', 'eval_precision': '0.929', 'eval_recall': '0.8277', 'eval_f1': '0.8754', 'eval_runtime': '12.49', 'eval_samples_per_second': '1082', 'eval_steps_per_second': '16.98', 'epoch': '1'}
{'loss': '0.2884', 'grad_norm': '31.46', 'learning_rate': '1.98e-05', 'epoch': '1.001'}
{'loss': '0.2271', 'grad_norm': '36.25', 'learning_rate': '1.98e-05', 'epoch': '1.007'}
{'loss': '0.2295', 'grad_norm': '22.38', 'learning_rate': '1.98e-05', 'epoch': '1.014'}
{'loss': '0.2915', 'grad_norm': '66.17', 'learning_rate': '1.98e-05', 'epoch': '1.02'}
{'loss': '0.2521', 'grad_norm': '44.34', 'learning_rate': '1.979e-05', 'epoch': '1.026'}
{'loss': '0.2022', 'grad_norm': '12.87', 'learning_rate': '1.979e-05', 'epoch': '1.032'}
{'loss': '0.2011', 'grad_norm': '19', 'learning_rate': '1.979e-05', 'epoch': '1.038'}
{'loss': '0.3266', 'grad_norm': '29.25', 'learning_rate': '1.979e-05', 'epoch': '1.044'}
{'loss': '0.2314', 'grad_norm': '37.58', 'learning_rate': '1.979e-05', 'epoch': '1.05'}
{'loss': '0.2398', 'grad_norm': '14.13', 'learning_rate': '1.979e-05', 'epoch': '1.057'}
{'loss': '0.2832', 'grad_norm': '17.48', 'learning_rate': '1.979e-05', 'epoch': '1.063'}
{'loss': '0.2556', 'grad_norm': '18.89', 'learning_rate': '1.979e-05', 'epoch': '1.069'}
{'loss': '0.2338', 'grad_norm': '24.73', 'learning_rate': '1.979e-05', 'epoch': '1.075'}
{'loss': '0.274', 'grad_norm': '13.3', 'learning_rate': '1.978e-05', 'epoch': '1.081'}
{'loss': '0.2116', 'grad_norm': '12.02', 'learning_rate': '1.978e-05', 'epoch': '1.087'}
{'loss': '0.186', 'grad_norm': '18.14', 'learning_rate': '1.978e-05', 'epoch': '1.093'}
{'loss': '0.2445', 'grad_norm': '14.53', 'learning_rate': '1.978e-05', 'epoch': '1.1'}
{'loss': '0.2331', 'grad_norm': '16.58', 'learning_rate': '1.978e-05', 'epoch': '1.106'}
{'loss': '0.2449', 'grad_norm': '22', 'learning_rate': '1.978e-05', 'epoch': '1.112'}
{'loss': '0.1674', 'grad_norm': '13.89', 'learning_rate': '1.978e-05', 'epoch': '1.118'}
{'loss': '0.2284', 'grad_norm': '17.72', 'learning_rate': '1.978e-05', 'epoch': '1.124'}
{'loss': '0.2304', 'grad_norm': '34.17', 'learning_rate': '1.977e-05', 'epoch': '1.13'}
{'loss': '0.1777', 'grad_norm': '17.49', 'learning_rate': '1.977e-05', 'epoch': '1.136'}
{'loss': '0.1853', 'grad_norm': '10.81', 'learning_rate': '1.977e-05', 'epoch': '1.143'}
{'loss': '0.2262', 'grad_norm': '17.39', 'learning_rate': '1.977e-05', 'epoch': '1.149'}
{'loss': '0.2082', 'grad_norm': '64.32', 'learning_rate': '1.977e-05', 'epoch': '1.155'}
{'loss': '0.2149', 'grad_norm': '22.33', 'learning_rate': '1.977e-05', 'epoch': '1.161'}
{'loss': '0.2604', 'grad_norm': '23.37', 'learning_rate': '1.977e-05', 'epoch': '1.167'}
{'loss': '0.2526', 'grad_norm': '5.601', 'learning_rate': '1.977e-05', 'epoch': '1.173'}
{'loss': '0.1553', 'grad_norm': '8.223', 'learning_rate': '1.976e-05', 'epoch': '1.179'}
{'loss': '0.184', 'grad_norm': '9.701', 'learning_rate': '1.976e-05', 'epoch': '1.186'}
{'loss': '0.221', 'grad_norm': '23.41', 'learning_rate': '1.976e-05', 'epoch': '1.192'}
{'loss': '0.2036', 'grad_norm': '11.32', 'learning_rate': '1.976e-05', 'epoch': '1.198'}
{'loss': '0.2241', 'grad_norm': '13.17', 'learning_rate': '1.976e-05', 'epoch': '1.204'}
{'loss': '0.1886', 'grad_norm': '11.54', 'learning_rate': '1.976e-05', 'epoch': '1.21'}
{'loss': '0.1924', 'grad_norm': '9.581', 'learning_rate': '1.976e-05', 'epoch': '1.216'}
{'loss': '0.162', 'grad_norm': '11.72', 'learning_rate': '1.976e-05', 'epoch': '1.222'}
{'loss': '0.1501', 'grad_norm': '5.252', 'learning_rate': '1.975e-05', 'epoch': '1.229'}
{'loss': '0.2173', 'grad_norm': '3.71', 'learning_rate': '1.975e-05', 'epoch': '1.235'}
{'loss': '0.1731', 'grad_norm': '5.72', 'learning_rate': '1.975e-05', 'epoch': '1.241'}
{'loss': '0.1577', 'grad_norm': '6.44', 'learning_rate': '1.975e-05', 'epoch': '1.247'}
{'loss': '0.2329', 'grad_norm': '8.779', 'learning_rate': '1.975e-05', 'epoch': '1.253'}
{'loss': '0.1845', 'grad_norm': '22.45', 'learning_rate': '1.975e-05', 'epoch': '1.259'}
{'loss': '0.1481', 'grad_norm': '20.2', 'learning_rate': '1.975e-05', 'epoch': '1.265'}
{'loss': '0.1999', 'grad_norm': '11.05', 'learning_rate': '1.975e-05', 'epoch': '1.271'}
{'loss': '0.1674', 'grad_norm': '7.776', 'learning_rate': '1.974e-05', 'epoch': '1.278'}
{'loss': '0.1967', 'grad_norm': '17.62', 'learning_rate': '1.974e-05', 'epoch': '1.284'}
{'loss': '0.2145', 'grad_norm': '14.64', 'learning_rate': '1.974e-05', 'epoch': '1.29'}
{'loss': '0.1907', 'grad_norm': '27.96', 'learning_rate': '1.974e-05', 'epoch': '1.296'}
{'loss': '0.1563', 'grad_norm': '20.43', 'learning_rate': '1.974e-05', 'epoch': '1.302'}
{'loss': '0.2292', 'grad_norm': '14.8', 'learning_rate': '1.974e-05', 'epoch': '1.308'}
{'loss': '0.1826', 'grad_norm': '11.04', 'learning_rate': '1.974e-05', 'epoch': '1.314'}
{'loss': '0.1271', 'grad_norm': '7.469', 'learning_rate': '1.974e-05', 'epoch': '1.321'}
{'loss': '0.1926', 'grad_norm': '23.86', 'learning_rate': '1.973e-05', 'epoch': '1.327'}
{'loss': '0.1891', 'grad_norm': '14.31', 'learning_rate': '1.973e-05', 'epoch': '1.333'}
{'loss': '0.1729', 'grad_norm': '9.046', 'learning_rate': '1.973e-05', 'epoch': '1.339'}
{'loss': '0.2154', 'grad_norm': '12.82', 'learning_rate': '1.973e-05', 'epoch': '1.345'}
{'loss': '0.1766', 'grad_norm': '4.823', 'learning_rate': '1.973e-05', 'epoch': '1.351'}
{'loss': '0.1434', 'grad_norm': '13.82', 'learning_rate': '1.973e-05', 'epoch': '1.357'}
{'loss': '0.1825', 'grad_norm': '11.3', 'learning_rate': '1.973e-05', 'epoch': '1.364'}
{'loss': '0.2539', 'grad_norm': '9.663', 'learning_rate': '1.973e-05', 'epoch': '1.37'}
{'loss': '0.2611', 'grad_norm': '52.94', 'learning_rate': '1.972e-05', 'epoch': '1.376'}
{'loss': '0.1315', 'grad_norm': '26.2', 'learning_rate': '1.972e-05', 'epoch': '1.382'}
{'loss': '0.1543', 'grad_norm': '8.528', 'learning_rate': '1.972e-05', 'epoch': '1.388'}
{'loss': '0.2182', 'grad_norm': '15.34', 'learning_rate': '1.972e-05', 'epoch': '1.394'}
{'loss': '0.2461', 'grad_norm': '8.649', 'learning_rate': '1.972e-05', 'epoch': '1.4'}
{'loss': '0.1531', 'grad_norm': '9.46', 'learning_rate': '1.972e-05', 'epoch': '1.407'}
{'loss': '0.218', 'grad_norm': '49.52', 'learning_rate': '1.972e-05', 'epoch': '1.413'}
{'loss': '0.1812', 'grad_norm': '10.46', 'learning_rate': '1.972e-05', 'epoch': '1.419'}
{'loss': '0.181', 'grad_norm': '6.398', 'learning_rate': '1.972e-05', 'epoch': '1.425'}
{'loss': '0.1483', 'grad_norm': '9.29', 'learning_rate': '1.971e-05', 'epoch': '1.431'}
{'loss': '0.1421', 'grad_norm': '11.68', 'learning_rate': '1.971e-05', 'epoch': '1.437'}
{'loss': '0.2002', 'grad_norm': '12.71', 'learning_rate': '1.971e-05', 'epoch': '1.443'}
{'loss': '0.1914', 'grad_norm': '10.95', 'learning_rate': '1.971e-05', 'epoch': '1.45'}
{'loss': '0.1546', 'grad_norm': '10.38', 'learning_rate': '1.971e-05', 'epoch': '1.456'}
{'loss': '0.1616', 'grad_norm': '5.852', 'learning_rate': '1.971e-05', 'epoch': '1.462'}
{'loss': '0.1211', 'grad_norm': '6.859', 'learning_rate': '1.971e-05', 'epoch': '1.468'}
{'loss': '0.1802', 'grad_norm': '31.48', 'learning_rate': '1.971e-05', 'epoch': '1.474'}
{'loss': '0.2045', 'grad_norm': '240', 'learning_rate': '1.97e-05', 'epoch': '1.48'}
{'loss': '0.1856', 'grad_norm': '55.07', 'learning_rate': '1.97e-05', 'epoch': '1.486'}
{'loss': '0.1774', 'grad_norm': '2.682', 'learning_rate': '1.97e-05', 'epoch': '1.493'}
{'loss': '0.1268', 'grad_norm': '3.658', 'learning_rate': '1.97e-05', 'epoch': '1.499'}
{'loss': '0.1639', 'grad_norm': '7.84', 'learning_rate': '1.97e-05', 'epoch': '1.505'}
{'loss': '0.1517', 'grad_norm': '17.96', 'learning_rate': '1.97e-05', 'epoch': '1.511'}
{'loss': '0.1172', 'grad_norm': '22.32', 'learning_rate': '1.97e-05', 'epoch': '1.517'}
{'loss': '0.2', 'grad_norm': '6.095', 'learning_rate': '1.97e-05', 'epoch': '1.523'}
{'loss': '0.2225', 'grad_norm': '8.326', 'learning_rate': '1.969e-05', 'epoch': '1.529'}
{'loss': '0.1422', 'grad_norm': '8.648', 'learning_rate': '1.969e-05', 'epoch': '1.536'}
{'loss': '0.1336', 'grad_norm': '11.72', 'learning_rate': '1.969e-05', 'epoch': '1.542'}
{'loss': '0.1468', 'grad_norm': '34.99', 'learning_rate': '1.969e-05', 'epoch': '1.548'}
{'loss': '0.1665', 'grad_norm': '49.22', 'learning_rate': '1.969e-05', 'epoch': '1.554'}
{'loss': '0.1579', 'grad_norm': '131.6', 'learning_rate': '1.969e-05', 'epoch': '1.56'}
{'loss': '0.201', 'grad_norm': '10.68', 'learning_rate': '1.969e-05', 'epoch': '1.566'}
{'loss': '0.1678', 'grad_norm': '5.417', 'learning_rate': '1.969e-05', 'epoch': '1.572'}
{'loss': '0.1273', 'grad_norm': '6.482', 'learning_rate': '1.968e-05', 'epoch': '1.579'}
{'loss': '0.1812', 'grad_norm': '8.986', 'learning_rate': '1.968e-05', 'epoch': '1.585'}
{'loss': '0.1243', 'grad_norm': '61.56', 'learning_rate': '1.968e-05', 'epoch': '1.591'}
{'loss': '0.1204', 'grad_norm': '10.97', 'learning_rate': '1.968e-05', 'epoch': '1.597'}
{'loss': '0.1141', 'grad_norm': '12.37', 'learning_rate': '1.968e-05', 'epoch': '1.603'}
{'loss': '0.173', 'grad_norm': '8.134', 'learning_rate': '1.968e-05', 'epoch': '1.609'}
{'loss': '0.1481', 'grad_norm': '8.136', 'learning_rate': '1.968e-05', 'epoch': '1.615'}
{'loss': '0.1765', 'grad_norm': '8.49', 'learning_rate': '1.968e-05', 'epoch': '1.622'}
{'loss': '0.123', 'grad_norm': '18.73', 'learning_rate': '1.967e-05', 'epoch': '1.628'}
{'loss': '0.146', 'grad_norm': '10.02', 'learning_rate': '1.967e-05', 'epoch': '1.634'}
{'loss': '0.1528', 'grad_norm': '9.352', 'learning_rate': '1.967e-05', 'epoch': '1.64'}
{'loss': '0.1326', 'grad_norm': '3.35', 'learning_rate': '1.967e-05', 'epoch': '1.646'}
{'loss': '0.1649', 'grad_norm': '12.4', 'learning_rate': '1.967e-05', 'epoch': '1.652'}
{'loss': '0.1276', 'grad_norm': '5.141', 'learning_rate': '1.967e-05', 'epoch': '1.658'}
{'loss': '0.1412', 'grad_norm': '12.36', 'learning_rate': '1.967e-05', 'epoch': '1.665'}
{'loss': '0.1427', 'grad_norm': '7.552', 'learning_rate': '1.967e-05', 'epoch': '1.671'}
{'loss': '0.08927', 'grad_norm': '26.61', 'learning_rate': '1.966e-05', 'epoch': '1.677'}
{'loss': '0.1273', 'grad_norm': '10.39', 'learning_rate': '1.966e-05', 'epoch': '1.683'}
{'loss': '0.1461', 'grad_norm': '4.4', 'learning_rate': '1.966e-05', 'epoch': '1.689'}
{'loss': '0.1294', 'grad_norm': '23.57', 'learning_rate': '1.966e-05', 'epoch': '1.695'}
{'loss': '0.129', 'grad_norm': '20.48', 'learning_rate': '1.966e-05', 'epoch': '1.701'}
{'loss': '0.1577', 'grad_norm': '11.68', 'learning_rate': '1.966e-05', 'epoch': '1.708'}
{'loss': '0.1128', 'grad_norm': '5.805', 'learning_rate': '1.966e-05', 'epoch': '1.714'}
{'loss': '0.1427', 'grad_norm': '7.018', 'learning_rate': '1.966e-05', 'epoch': '1.72'}
{'loss': '0.1629', 'grad_norm': '18.2', 'learning_rate': '1.965e-05', 'epoch': '1.726'}
{'loss': '0.1115', 'grad_norm': '10.18', 'learning_rate': '1.965e-05', 'epoch': '1.732'}
{'loss': '0.1289', 'grad_norm': '9.689', 'learning_rate': '1.965e-05', 'epoch': '1.738'}
{'loss': '0.1124', 'grad_norm': '1.173', 'learning_rate': '1.965e-05', 'epoch': '1.744'}
{'loss': '0.09686', 'grad_norm': '10.37', 'learning_rate': '1.965e-05', 'epoch': '1.751'}
{'loss': '0.159', 'grad_norm': '5.674', 'learning_rate': '1.965e-05', 'epoch': '1.757'}
{'loss': '0.1778', 'grad_norm': '14.21', 'learning_rate': '1.965e-05', 'epoch': '1.763'}
{'loss': '0.14', 'grad_norm': '11.25', 'learning_rate': '1.965e-05', 'epoch': '1.769'}
{'loss': '0.1674', 'grad_norm': '5.183', 'learning_rate': '1.965e-05', 'epoch': '1.775'}
{'loss': '0.1151', 'grad_norm': '4.434', 'learning_rate': '1.964e-05', 'epoch': '1.781'}
{'loss': '0.1467', 'grad_norm': '21.16', 'learning_rate': '1.964e-05', 'epoch': '1.787'}
{'loss': '0.1859', 'grad_norm': '7.67', 'learning_rate': '1.964e-05', 'epoch': '1.794'}
{'loss': '0.115', 'grad_norm': '6.611', 'learning_rate': '1.964e-05', 'epoch': '1.8'}
{'loss': '0.158', 'grad_norm': '9.466', 'learning_rate': '1.964e-05', 'epoch': '1.806'}
{'loss': '0.1253', 'grad_norm': '10.6', 'learning_rate': '1.964e-05', 'epoch': '1.812'}
{'loss': '0.106', 'grad_norm': '8.284', 'learning_rate': '1.964e-05', 'epoch': '1.818'}
{'loss': '0.1444', 'grad_norm': '17.94', 'learning_rate': '1.964e-05', 'epoch': '1.824'}
{'loss': '0.1324', 'grad_norm': '8.28', 'learning_rate': '1.963e-05', 'epoch': '1.83'}
{'loss': '0.06888', 'grad_norm': '7.169', 'learning_rate': '1.963e-05', 'epoch': '1.837'}
{'loss': '0.1358', 'grad_norm': '1.125', 'learning_rate': '1.963e-05', 'epoch': '1.843'}
{'loss': '0.1202', 'grad_norm': '7.086', 'learning_rate': '1.963e-05', 'epoch': '1.849'}
{'loss': '0.07913', 'grad_norm': '3.863', 'learning_rate': '1.963e-05', 'epoch': '1.855'}
{'loss': '0.116', 'grad_norm': '21.11', 'learning_rate': '1.963e-05', 'epoch': '1.861'}
{'loss': '0.1678', 'grad_norm': '5.593', 'learning_rate': '1.963e-05', 'epoch': '1.867'}
{'loss': '0.09885', 'grad_norm': '6.045', 'learning_rate': '1.963e-05', 'epoch': '1.873'}
{'loss': '0.1546', 'grad_norm': '8.229', 'learning_rate': '1.962e-05', 'epoch': '1.88'}
{'loss': '0.1341', 'grad_norm': '7.744', 'learning_rate': '1.962e-05', 'epoch': '1.886'}
{'loss': '0.07159', 'grad_norm': '4.14', 'learning_rate': '1.962e-05', 'epoch': '1.892'}
{'loss': '0.1662', 'grad_norm': '2.68', 'learning_rate': '1.962e-05', 'epoch': '1.898'}
{'loss': '0.1514', 'grad_norm': '15.55', 'learning_rate': '1.962e-05', 'epoch': '1.904'}
{'loss': '0.1135', 'grad_norm': '0.6089', 'learning_rate': '1.962e-05', 'epoch': '1.91'}
{'loss': '0.145', 'grad_norm': '9.948', 'learning_rate': '1.962e-05', 'epoch': '1.916'}
{'loss': '0.1365', 'grad_norm': '86.34', 'learning_rate': '1.962e-05', 'epoch': '1.923'}
{'loss': '0.1152', 'grad_norm': '11.8', 'learning_rate': '1.961e-05', 'epoch': '1.929'}
{'loss': '0.1043', 'grad_norm': '4.7', 'learning_rate': '1.961e-05', 'epoch': '1.935'}
{'loss': '0.08903', 'grad_norm': '11.68', 'learning_rate': '1.961e-05', 'epoch': '1.941'}
{'loss': '0.1094', 'grad_norm': '3.937', 'learning_rate': '1.961e-05', 'epoch': '1.947'}
{'loss': '0.08037', 'grad_norm': '10.09', 'learning_rate': '1.961e-05', 'epoch': '1.953'}
{'loss': '0.08295', 'grad_norm': '10.09', 'learning_rate': '1.961e-05', 'epoch': '1.959'}
{'loss': '0.0904', 'grad_norm': '29.31', 'learning_rate': '1.961e-05', 'epoch': '1.966'}
{'loss': '0.1327', 'grad_norm': '5.434', 'learning_rate': '1.961e-05', 'epoch': '1.972'}
{'loss': '0.0931', 'grad_norm': '8.143', 'learning_rate': '1.96e-05', 'epoch': '1.978'}
{'loss': '0.09725', 'grad_norm': '2.864', 'learning_rate': '1.96e-05', 'epoch': '1.984'}
{'loss': '0.07659', 'grad_norm': '1.467', 'learning_rate': '1.96e-05', 'epoch': '1.99'}
{'loss': '0.1307', 'grad_norm': '21.03', 'learning_rate': '1.96e-05', 'epoch': '1.996'}
{'eval_loss': '0.5429', 'eval_accuracy': '0.8856', 'eval_precision': '0.9293', 'eval_recall': '0.8714', 'eval_f1': '0.8994', 'eval_runtime': '12.04', 'eval_samples_per_second': '1123', 'eval_steps_per_second': '17.61', 'epoch': '2'}
{'loss': '0.11', 'grad_norm': '15.55', 'learning_rate': '1.96e-05', 'epoch': '2.002'}
{'loss': '0.121', 'grad_norm': '6.246', 'learning_rate': '1.96e-05', 'epoch': '2.009'}
{'loss': '0.07026', 'grad_norm': '5.756', 'learning_rate': '1.96e-05', 'epoch': '2.015'}
{'loss': '0.1107', 'grad_norm': '2.624', 'learning_rate': '1.96e-05', 'epoch': '2.021'}
{'loss': '0.103', 'grad_norm': '7.806', 'learning_rate': '1.959e-05', 'epoch': '2.027'}
{'loss': '0.1019', 'grad_norm': '4.905', 'learning_rate': '1.959e-05', 'epoch': '2.033'}
{'loss': '0.1147', 'grad_norm': '6.002', 'learning_rate': '1.959e-05', 'epoch': '2.039'}
{'loss': '0.1541', 'grad_norm': '11.94', 'learning_rate': '1.959e-05', 'epoch': '2.045'}
{'loss': '0.06604', 'grad_norm': '11.54', 'learning_rate': '1.959e-05', 'epoch': '2.052'}
{'loss': '0.09668', 'grad_norm': '7.301', 'learning_rate': '1.959e-05', 'epoch': '2.058'}
{'loss': '0.07906', 'grad_norm': '1.029', 'learning_rate': '1.959e-05', 'epoch': '2.064'}
{'loss': '0.1394', 'grad_norm': '5.431', 'learning_rate': '1.959e-05', 'epoch': '2.07'}
{'loss': '0.1141', 'grad_norm': '5.86', 'learning_rate': '1.958e-05', 'epoch': '2.076'}
{'loss': '0.1106', 'grad_norm': '5.668', 'learning_rate': '1.958e-05', 'epoch': '2.082'}
{'loss': '0.07678', 'grad_norm': '7.205', 'learning_rate': '1.958e-05', 'epoch': '2.088'}
{'loss': '0.1002', 'grad_norm': '11.73', 'learning_rate': '1.958e-05', 'epoch': '2.095'}
{'loss': '0.1403', 'grad_norm': '3.034', 'learning_rate': '1.958e-05', 'epoch': '2.101'}
{'loss': '0.1425', 'grad_norm': '4.916', 'learning_rate': '1.958e-05', 'epoch': '2.107'}
{'loss': '0.07436', 'grad_norm': '1.452', 'learning_rate': '1.958e-05', 'epoch': '2.113'}
{'loss': '0.08564', 'grad_norm': '3.812', 'learning_rate': '1.958e-05', 'epoch': '2.119'}
{'loss': '0.07587', 'grad_norm': '51.38', 'learning_rate': '1.958e-05', 'epoch': '2.125'}
{'loss': '0.08597', 'grad_norm': '3.909', 'learning_rate': '1.957e-05', 'epoch': '2.131'}
{'loss': '0.07145', 'grad_norm': '0.3564', 'learning_rate': '1.957e-05', 'epoch': '2.138'}
{'loss': '0.1079', 'grad_norm': '8.111', 'learning_rate': '1.957e-05', 'epoch': '2.144'}
{'loss': '0.08908', 'grad_norm': '9.512', 'learning_rate': '1.957e-05', 'epoch': '2.15'}
{'loss': '0.1203', 'grad_norm': '15.46', 'learning_rate': '1.957e-05', 'epoch': '2.156'}
{'loss': '0.1012', 'grad_norm': '0.9577', 'learning_rate': '1.957e-05', 'epoch': '2.162'}
{'loss': '0.1013', 'grad_norm': '2.051', 'learning_rate': '1.957e-05', 'epoch': '2.168'}
{'loss': '0.1015', 'grad_norm': '4.342', 'learning_rate': '1.957e-05', 'epoch': '2.174'}
{'loss': '0.1099', 'grad_norm': '19.71', 'learning_rate': '1.956e-05', 'epoch': '2.181'}
{'loss': '0.1108', 'grad_norm': '10.3', 'learning_rate': '1.956e-05', 'epoch': '2.187'}
{'loss': '0.08002', 'grad_norm': '9.935', 'learning_rate': '1.956e-05', 'epoch': '2.193'}
{'loss': '0.135', 'grad_norm': '5.918', 'learning_rate': '1.956e-05', 'epoch': '2.199'}
{'loss': '0.1226', 'grad_norm': '19.9', 'learning_rate': '1.956e-05', 'epoch': '2.205'}
{'loss': '0.09621', 'grad_norm': '2.09', 'learning_rate': '1.956e-05', 'epoch': '2.211'}
{'loss': '0.08416', 'grad_norm': '4.004', 'learning_rate': '1.956e-05', 'epoch': '2.217'}
{'loss': '0.1215', 'grad_norm': '12.57', 'learning_rate': '1.956e-05', 'epoch': '2.224'}
{'loss': '0.08452', 'grad_norm': '4.108', 'learning_rate': '1.955e-05', 'epoch': '2.23'}
{'loss': '0.09509', 'grad_norm': '9.065', 'learning_rate': '1.955e-05', 'epoch': '2.236'}
{'loss': '0.06612', 'grad_norm': '0.8135', 'learning_rate': '1.955e-05', 'epoch': '2.242'}
{'loss': '0.1118', 'grad_norm': '23.43', 'learning_rate': '1.955e-05', 'epoch': '2.248'}
{'loss': '0.1419', 'grad_norm': '5.008', 'learning_rate': '1.955e-05', 'epoch': '2.254'}
{'loss': '0.1287', 'grad_norm': '10.7', 'learning_rate': '1.955e-05', 'epoch': '2.26'}
{'loss': '0.09274', 'grad_norm': '10.88', 'learning_rate': '1.955e-05', 'epoch': '2.267'}
{'loss': '0.06581', 'grad_norm': '7.549', 'learning_rate': '1.955e-05', 'epoch': '2.273'}
{'loss': '0.1026', 'grad_norm': '12.69', 'learning_rate': '1.954e-05', 'epoch': '2.279'}
{'loss': '0.1466', 'grad_norm': '7.024', 'learning_rate': '1.954e-05', 'epoch': '2.285'}
{'loss': '0.1719', 'grad_norm': '12.23', 'learning_rate': '1.954e-05', 'epoch': '2.291'}
{'loss': '0.1049', 'grad_norm': '8.242', 'learning_rate': '1.954e-05', 'epoch': '2.297'}
{'loss': '0.0885', 'grad_norm': '5.444', 'learning_rate': '1.954e-05', 'epoch': '2.303'}
{'loss': '0.07684', 'grad_norm': '5.912', 'learning_rate': '1.954e-05', 'epoch': '2.31'}
{'loss': '0.07852', 'grad_norm': '4.444', 'learning_rate': '1.954e-05', 'epoch': '2.316'}
{'loss': '0.06382', 'grad_norm': '4.412', 'learning_rate': '1.954e-05', 'epoch': '2.322'}
{'loss': '0.1275', 'grad_norm': '7.846', 'learning_rate': '1.953e-05', 'epoch': '2.328'}
{'loss': '0.05444', 'grad_norm': '1.877', 'learning_rate': '1.953e-05', 'epoch': '2.334'}
{'loss': '0.08548', 'grad_norm': '12.66', 'learning_rate': '1.953e-05', 'epoch': '2.34'}
{'loss': '0.09622', 'grad_norm': '15.38', 'learning_rate': '1.953e-05', 'epoch': '2.346'}
{'loss': '0.05567', 'grad_norm': '2.287', 'learning_rate': '1.953e-05', 'epoch': '2.353'}
{'loss': '0.06996', 'grad_norm': '2.243', 'learning_rate': '1.953e-05', 'epoch': '2.359'}
{'loss': '0.09644', 'grad_norm': '11.45', 'learning_rate': '1.953e-05', 'epoch': '2.365'}
{'loss': '0.1127', 'grad_norm': '5.07', 'learning_rate': '1.953e-05', 'epoch': '2.371'}
{'loss': '0.04014', 'grad_norm': '4.445', 'learning_rate': '1.952e-05', 'epoch': '2.377'}
{'loss': '0.0516', 'grad_norm': '4.736', 'learning_rate': '1.952e-05', 'epoch': '2.383'}
{'loss': '0.1157', 'grad_norm': '7.26', 'learning_rate': '1.952e-05', 'epoch': '2.389'}
{'loss': '0.04657', 'grad_norm': '4.011', 'learning_rate': '1.952e-05', 'epoch': '2.396'}
{'loss': '0.1186', 'grad_norm': '4.588', 'learning_rate': '1.952e-05', 'epoch': '2.402'}
{'loss': '0.1021', 'grad_norm': '5.671', 'learning_rate': '1.952e-05', 'epoch': '2.408'}
{'loss': '0.1338', 'grad_norm': '5.885', 'learning_rate': '1.952e-05', 'epoch': '2.414'}
{'loss': '0.1044', 'grad_norm': '12.4', 'learning_rate': '1.952e-05', 'epoch': '2.42'}
{'loss': '0.09205', 'grad_norm': '0.7065', 'learning_rate': '1.951e-05', 'epoch': '2.426'}
{'loss': '0.1033', 'grad_norm': '13.8', 'learning_rate': '1.951e-05', 'epoch': '2.432'}
{'loss': '0.1057', 'grad_norm': '11.19', 'learning_rate': '1.951e-05', 'epoch': '2.439'}
{'loss': '0.04345', 'grad_norm': '7.663', 'learning_rate': '1.951e-05', 'epoch': '2.445'}
{'loss': '0.08096', 'grad_norm': '631.9', 'learning_rate': '1.951e-05', 'epoch': '2.451'}
{'loss': '0.09545', 'grad_norm': '32.54', 'learning_rate': '1.951e-05', 'epoch': '2.457'}
{'loss': '0.06117', 'grad_norm': '2.832', 'learning_rate': '1.951e-05', 'epoch': '2.463'}
{'loss': '0.07893', 'grad_norm': '6.841', 'learning_rate': '1.951e-05', 'epoch': '2.469'}
{'loss': '0.08342', 'grad_norm': '6.681', 'learning_rate': '1.951e-05', 'epoch': '2.475'}
{'loss': '0.09155', 'grad_norm': '5.374', 'learning_rate': '1.95e-05', 'epoch': '2.482'}
{'loss': '0.1332', 'grad_norm': '7.441', 'learning_rate': '1.95e-05', 'epoch': '2.488'}
{'loss': '0.06806', 'grad_norm': '0.5879', 'learning_rate': '1.95e-05', 'epoch': '2.494'}
{'loss': '0.03704', 'grad_norm': '1.366', 'learning_rate': '1.95e-05', 'epoch': '2.5'}
{'loss': '0.1304', 'grad_norm': '9.609', 'learning_rate': '1.95e-05', 'epoch': '2.506'}
{'loss': '0.09818', 'grad_norm': '41.35', 'learning_rate': '1.95e-05', 'epoch': '2.512'}
{'loss': '0.08067', 'grad_norm': '8.114', 'learning_rate': '1.95e-05', 'epoch': '2.518'}
{'loss': '0.05485', 'grad_norm': '5.761', 'learning_rate': '1.95e-05', 'epoch': '2.525'}
{'loss': '0.09517', 'grad_norm': '6.832', 'learning_rate': '1.949e-05', 'epoch': '2.531'}
{'loss': '0.05547', 'grad_norm': '4.129', 'learning_rate': '1.949e-05', 'epoch': '2.537'}
{'loss': '0.08932', 'grad_norm': '13.52', 'learning_rate': '1.949e-05', 'epoch': '2.543'}
{'loss': '0.05799', 'grad_norm': '4.67', 'learning_rate': '1.949e-05', 'epoch': '2.549'}
{'loss': '0.0354', 'grad_norm': '15.47', 'learning_rate': '1.949e-05', 'epoch': '2.555'}
{'loss': '0.08119', 'grad_norm': '11.44', 'learning_rate': '1.949e-05', 'epoch': '2.561'}
{'loss': '0.09087', 'grad_norm': '3.025', 'learning_rate': '1.949e-05', 'epoch': '2.568'}
{'loss': '0.0676', 'grad_norm': '9.138', 'learning_rate': '1.949e-05', 'epoch': '2.574'}
{'loss': '0.1039', 'grad_norm': '5.964', 'learning_rate': '1.948e-05', 'epoch': '2.58'}
{'loss': '0.09612', 'grad_norm': '9.606', 'learning_rate': '1.948e-05', 'epoch': '2.586'}
{'loss': '0.1101', 'grad_norm': '3.04', 'learning_rate': '1.948e-05', 'epoch': '2.592'}
{'loss': '0.07155', 'grad_norm': '15.67', 'learning_rate': '1.948e-05', 'epoch': '2.598'}
{'loss': '0.06414', 'grad_norm': '4.26', 'learning_rate': '1.948e-05', 'epoch': '2.604'}
{'loss': '0.1307', 'grad_norm': '3.761', 'learning_rate': '1.948e-05', 'epoch': '2.611'}
{'loss': '0.05389', 'grad_norm': '5.154', 'learning_rate': '1.948e-05', 'epoch': '2.617'}
{'loss': '0.05537', 'grad_norm': '7.242', 'learning_rate': '1.948e-05', 'epoch': '2.623'}
{'loss': '0.04825', 'grad_norm': '0.7686', 'learning_rate': '1.947e-05', 'epoch': '2.629'}
{'loss': '0.09707', 'grad_norm': '4.827', 'learning_rate': '1.947e-05', 'epoch': '2.635'}
{'loss': '0.1304', 'grad_norm': '0.2698', 'learning_rate': '1.947e-05', 'epoch': '2.641'}
{'loss': '0.1028', 'grad_norm': '15.69', 'learning_rate': '1.947e-05', 'epoch': '2.647'}
{'loss': '0.07291', 'grad_norm': '8.652', 'learning_rate': '1.947e-05', 'epoch': '2.654'}
{'loss': '0.05132', 'grad_norm': '0.04919', 'learning_rate': '1.947e-05', 'epoch': '2.66'}
{'loss': '0.1043', 'grad_norm': '6.561', 'learning_rate': '1.947e-05', 'epoch': '2.666'}
{'loss': '0.06174', 'grad_norm': '5.791', 'learning_rate': '1.947e-05', 'epoch': '2.672'}
{'loss': '0.1066', 'grad_norm': '5.934', 'learning_rate': '1.946e-05', 'epoch': '2.678'}
{'loss': '0.06888', 'grad_norm': '15.14', 'learning_rate': '1.946e-05', 'epoch': '2.684'}
{'loss': '0.05756', 'grad_norm': '0.8986', 'learning_rate': '1.946e-05', 'epoch': '2.69'}
{'loss': '0.07535', 'grad_norm': '10.92', 'learning_rate': '1.946e-05', 'epoch': '2.697'}
{'loss': '0.0726', 'grad_norm': '5.362', 'learning_rate': '1.946e-05', 'epoch': '2.703'}
{'loss': '0.04633', 'grad_norm': '6.319', 'learning_rate': '1.946e-05', 'epoch': '2.709'}
{'loss': '0.1449', 'grad_norm': '4.059', 'learning_rate': '1.946e-05', 'epoch': '2.715'}
{'loss': '0.09549', 'grad_norm': '17.6', 'learning_rate': '1.946e-05', 'epoch': '2.721'}
{'loss': '0.07069', 'grad_norm': '3.863', 'learning_rate': '1.945e-05', 'epoch': '2.727'}
{'loss': '0.1033', 'grad_norm': '1.417', 'learning_rate': '1.945e-05', 'epoch': '2.733'}
{'loss': '0.04882', 'grad_norm': '0.3541', 'learning_rate': '1.945e-05', 'epoch': '2.74'}
{'loss': '0.09359', 'grad_norm': '5.463', 'learning_rate': '1.945e-05', 'epoch': '2.746'}
{'loss': '0.0479', 'grad_norm': '6.575', 'learning_rate': '1.945e-05', 'epoch': '2.752'}
{'loss': '0.07806', 'grad_norm': '8.806', 'learning_rate': '1.945e-05', 'epoch': '2.758'}
{'loss': '0.04039', 'grad_norm': '51.7', 'learning_rate': '1.945e-05', 'epoch': '2.764'}
{'loss': '0.0837', 'grad_norm': '11.81', 'learning_rate': '1.945e-05', 'epoch': '2.77'}
{'loss': '0.0495', 'grad_norm': '4.964', 'learning_rate': '1.944e-05', 'epoch': '2.776'}
{'loss': '0.08471', 'grad_norm': '6.777', 'learning_rate': '1.944e-05', 'epoch': '2.783'}
{'loss': '0.1066', 'grad_norm': '0.606', 'learning_rate': '1.944e-05', 'epoch': '2.789'}
{'loss': '0.07335', 'grad_norm': '3.689', 'learning_rate': '1.944e-05', 'epoch': '2.795'}
{'loss': '0.05829', 'grad_norm': '3.185', 'learning_rate': '1.944e-05', 'epoch': '2.801'}
{'loss': '0.06061', 'grad_norm': '7.282', 'learning_rate': '1.944e-05', 'epoch': '2.807'}
{'loss': '0.1045', 'grad_norm': '5.852', 'learning_rate': '1.944e-05', 'epoch': '2.813'}
{'loss': '0.05117', 'grad_norm': '6.246', 'learning_rate': '1.944e-05', 'epoch': '2.819'}
{'loss': '0.09939', 'grad_norm': '10.73', 'learning_rate': '1.944e-05', 'epoch': '2.826'}
{'loss': '0.09107', 'grad_norm': '3.986', 'learning_rate': '1.943e-05', 'epoch': '2.832'}
{'loss': '0.1601', 'grad_norm': '12.36', 'learning_rate': '1.943e-05', 'epoch': '2.838'}
{'loss': '0.09048', 'grad_norm': '1.051', 'learning_rate': '1.943e-05', 'epoch': '2.844'}
{'loss': '0.1088', 'grad_norm': '19.89', 'learning_rate': '1.943e-05', 'epoch': '2.85'}
{'loss': '0.04501', 'grad_norm': '8.169', 'learning_rate': '1.943e-05', 'epoch': '2.856'}
{'loss': '0.07517', 'grad_norm': '14.84', 'learning_rate': '1.943e-05', 'epoch': '2.862'}
{'loss': '0.06259', 'grad_norm': '0.6042', 'learning_rate': '1.943e-05', 'epoch': '2.869'}
{'loss': '0.1019', 'grad_norm': '1.545', 'learning_rate': '1.943e-05', 'epoch': '2.875'}
{'loss': '0.0291', 'grad_norm': '1.93', 'learning_rate': '1.942e-05', 'epoch': '2.881'}
{'loss': '0.08369', 'grad_norm': '0.3148', 'learning_rate': '1.942e-05', 'epoch': '2.887'}
{'loss': '0.04244', 'grad_norm': '3.386', 'learning_rate': '1.942e-05', 'epoch': '2.893'}
{'loss': '0.06654', 'grad_norm': '1.507', 'learning_rate': '1.942e-05', 'epoch': '2.899'}
{'loss': '0.1159', 'grad_norm': '9.407', 'learning_rate': '1.942e-05', 'epoch': '2.905'}
{'loss': '0.1011', 'grad_norm': '0.7094', 'learning_rate': '1.942e-05', 'epoch': '2.912'}
{'loss': '0.1183', 'grad_norm': '9.796', 'learning_rate': '1.942e-05', 'epoch': '2.918'}
{'loss': '0.07551', 'grad_norm': '7.908', 'learning_rate': '1.942e-05', 'epoch': '2.924'}
{'loss': '0.13', 'grad_norm': '3.208', 'learning_rate': '1.941e-05', 'epoch': '2.93'}
{'loss': '0.0955', 'grad_norm': '10.18', 'learning_rate': '1.941e-05', 'epoch': '2.936'}
{'loss': '0.04519', 'grad_norm': '4.958', 'learning_rate': '1.941e-05', 'epoch': '2.942'}
{'loss': '0.06855', 'grad_norm': '7.202', 'learning_rate': '1.941e-05', 'epoch': '2.948'}
{'loss': '0.08676', 'grad_norm': '3.011', 'learning_rate': '1.941e-05', 'epoch': '2.955'}
{'loss': '0.05956', 'grad_norm': '2.319', 'learning_rate': '1.941e-05', 'epoch': '2.961'}
{'loss': '0.1037', 'grad_norm': '16.11', 'learning_rate': '1.941e-05', 'epoch': '2.967'}
{'loss': '0.1045', 'grad_norm': '14.29', 'learning_rate': '1.941e-05', 'epoch': '2.973'}
{'loss': '0.04518', 'grad_norm': '0.2642', 'learning_rate': '1.94e-05', 'epoch': '2.979'}
{'loss': '0.06911', 'grad_norm': '0.465', 'learning_rate': '1.94e-05', 'epoch': '2.985'}
{'loss': '0.06814', 'grad_norm': '3.371', 'learning_rate': '1.94e-05', 'epoch': '2.991'}
{'loss': '0.1037', 'grad_norm': '1.948', 'learning_rate': '1.94e-05', 'epoch': '2.998'}
{'eval_loss': '0.7414', 'eval_accuracy': '0.8815', 'eval_precision': '0.9198', 'eval_recall': '0.8743', 'eval_f1': '0.8965', 'eval_runtime': '12.08', 'eval_samples_per_second': '1119', 'eval_steps_per_second': '17.56', 'epoch': '3'}
{'loss': '0.08783', 'grad_norm': '5.404', 'learning_rate': '1.94e-05', 'epoch': '3.004'}
{'loss': '0.1261', 'grad_norm': '1.471', 'learning_rate': '1.94e-05', 'epoch': '3.01'}
{'loss': '0.01983', 'grad_norm': '0.9267', 'learning_rate': '1.94e-05', 'epoch': '3.016'}
{'loss': '0.07502', 'grad_norm': '0.07985', 'learning_rate': '1.94e-05', 'epoch': '3.022'}
{'loss': '0.05554', 'grad_norm': '5.524', 'learning_rate': '1.939e-05', 'epoch': '3.028'}
{'loss': '0.05384', 'grad_norm': '7.507', 'learning_rate': '1.939e-05', 'epoch': '3.034'}
{'loss': '0.02653', 'grad_norm': '1.222', 'learning_rate': '1.939e-05', 'epoch': '3.041'}
{'loss': '0.05377', 'grad_norm': '2.188', 'learning_rate': '1.939e-05', 'epoch': '3.047'}
{'loss': '0.0728', 'grad_norm': '1.454', 'learning_rate': '1.939e-05', 'epoch': '3.053'}
{'loss': '0.07265', 'grad_norm': '25.11', 'learning_rate': '1.939e-05', 'epoch': '3.059'}
{'loss': '0.1103', 'grad_norm': '4.055', 'learning_rate': '1.939e-05', 'epoch': '3.065'}
{'loss': '0.08179', 'grad_norm': '0.2082', 'learning_rate': '1.939e-05', 'epoch': '3.071'}
{'loss': '0.05168', 'grad_norm': '0.4508', 'learning_rate': '1.938e-05', 'epoch': '3.077'}
{'loss': '0.0627', 'grad_norm': '5.441', 'learning_rate': '1.938e-05', 'epoch': '3.084'}
{'loss': '0.08161', 'grad_norm': '3.14', 'learning_rate': '1.938e-05', 'epoch': '3.09'}
{'loss': '0.09834', 'grad_norm': '4.846', 'learning_rate': '1.938e-05', 'epoch': '3.096'}
{'loss': '0.03776', 'grad_norm': '0.8063', 'learning_rate': '1.938e-05', 'epoch': '3.102'}
{'loss': '0.07452', 'grad_norm': '0.8653', 'learning_rate': '1.938e-05', 'epoch': '3.108'}
{'loss': '0.05484', 'grad_norm': '1.938', 'learning_rate': '1.938e-05', 'epoch': '3.114'}
{'loss': '0.05764', 'grad_norm': '7.29', 'learning_rate': '1.938e-05', 'epoch': '3.12'}
{'loss': '0.01534', 'grad_norm': '0.4577', 'learning_rate': '1.937e-05', 'epoch': '3.127'}
{'loss': '0.07841', 'grad_norm': '5.732', 'learning_rate': '1.937e-05', 'epoch': '3.133'}
{'loss': '0.1515', 'grad_norm': '8.489', 'learning_rate': '1.937e-05', 'epoch': '3.139'}
{'loss': '0.03249', 'grad_norm': '3.935', 'learning_rate': '1.937e-05', 'epoch': '3.145'}
{'loss': '0.02856', 'grad_norm': '1.1', 'learning_rate': '1.937e-05', 'epoch': '3.151'}
{'loss': '0.07048', 'grad_norm': '5.653', 'learning_rate': '1.937e-05', 'epoch': '3.157'}
{'loss': '0.05751', 'grad_norm': '31.05', 'learning_rate': '1.937e-05', 'epoch': '3.163'}
{'loss': '0.02461', 'grad_norm': '1.844', 'learning_rate': '1.937e-05', 'epoch': '3.17'}
{'loss': '0.1171', 'grad_norm': '15.49', 'learning_rate': '1.936e-05', 'epoch': '3.176'}
{'loss': '0.0783', 'grad_norm': '2.519', 'learning_rate': '1.936e-05', 'epoch': '3.182'}
{'loss': '0.04095', 'grad_norm': '5.39', 'learning_rate': '1.936e-05', 'epoch': '3.188'}
{'loss': '0.07113', 'grad_norm': '0.01689', 'learning_rate': '1.936e-05', 'epoch': '3.194'}
{'loss': '0.09414', 'grad_norm': '3.301', 'learning_rate': '1.936e-05', 'epoch': '3.2'}
{'loss': '0.07532', 'grad_norm': '1.41', 'learning_rate': '1.936e-05', 'epoch': '3.206'}
{'loss': '0.07394', 'grad_norm': '1.755', 'learning_rate': '1.936e-05', 'epoch': '3.213'}
{'loss': '0.07399', 'grad_norm': '3.461', 'learning_rate': '1.936e-05', 'epoch': '3.219'}
{'loss': '0.0672', 'grad_norm': '6.821', 'learning_rate': '1.936e-05', 'epoch': '3.225'}
{'loss': '0.05633', 'grad_norm': '0.3023', 'learning_rate': '1.935e-05', 'epoch': '3.231'}
{'loss': '0.07674', 'grad_norm': '10.04', 'learning_rate': '1.935e-05', 'epoch': '3.237'}
{'loss': '0.05441', 'grad_norm': '3.846', 'learning_rate': '1.935e-05', 'epoch': '3.243'}
{'loss': '0.06328', 'grad_norm': '12.91', 'learning_rate': '1.935e-05', 'epoch': '3.249'}
{'loss': '0.03465', 'grad_norm': '4.726', 'learning_rate': '1.935e-05', 'epoch': '3.256'}
{'loss': '0.03062', 'grad_norm': '1.451', 'learning_rate': '1.935e-05', 'epoch': '3.262'}
{'loss': '0.03982', 'grad_norm': '5.051', 'learning_rate': '1.935e-05', 'epoch': '3.268'}
{'loss': '0.06545', 'grad_norm': '9.428', 'learning_rate': '1.935e-05', 'epoch': '3.274'}
{'loss': '0.07847', 'grad_norm': '0.06669', 'learning_rate': '1.934e-05', 'epoch': '3.28'}
{'loss': '0.08273', 'grad_norm': '10.02', 'learning_rate': '1.934e-05', 'epoch': '3.286'}
{'loss': '0.03592', 'grad_norm': '5.566', 'learning_rate': '1.934e-05', 'epoch': '3.292'}
{'loss': '0.05462', 'grad_norm': '5.546', 'learning_rate': '1.934e-05', 'epoch': '3.299'}
{'loss': '0.09494', 'grad_norm': '6.298', 'learning_rate': '1.934e-05', 'epoch': '3.305'}
{'loss': '0.04614', 'grad_norm': '10.75', 'learning_rate': '1.934e-05', 'epoch': '3.311'}
{'loss': '0.05349', 'grad_norm': '5.78', 'learning_rate': '1.934e-05', 'epoch': '3.317'}
{'loss': '0.1166', 'grad_norm': '20.52', 'learning_rate': '1.934e-05', 'epoch': '3.323'}
{'loss': '0.03584', 'grad_norm': '0.1657', 'learning_rate': '1.933e-05', 'epoch': '3.329'}
{'loss': '0.04036', 'grad_norm': '2.258', 'learning_rate': '1.933e-05', 'epoch': '3.335'}
{'loss': '0.06942', 'grad_norm': '6.025', 'learning_rate': '1.933e-05', 'epoch': '3.342'}
{'loss': '0.03375', 'grad_norm': '0.574', 'learning_rate': '1.933e-05', 'epoch': '3.348'}
{'loss': '0.0711', 'grad_norm': '1.961', 'learning_rate': '1.933e-05', 'epoch': '3.354'}
{'loss': '0.064', 'grad_norm': '0.5295', 'learning_rate': '1.933e-05', 'epoch': '3.36'}
{'loss': '0.1114', 'grad_norm': '9.359', 'learning_rate': '1.933e-05', 'epoch': '3.366'}
{'loss': '0.0933', 'grad_norm': '1.133', 'learning_rate': '1.933e-05', 'epoch': '3.372'}
{'loss': '0.04965', 'grad_norm': '16.63', 'learning_rate': '1.932e-05', 'epoch': '3.378'}
{'loss': '0.0894', 'grad_norm': '2.45', 'learning_rate': '1.932e-05', 'epoch': '3.385'}
{'loss': '0.05163', 'grad_norm': '1.267', 'learning_rate': '1.932e-05', 'epoch': '3.391'}
{'loss': '0.09769', 'grad_norm': '1.941', 'learning_rate': '1.932e-05', 'epoch': '3.397'}
{'loss': '0.0612', 'grad_norm': '5.662', 'learning_rate': '1.932e-05', 'epoch': '3.403'}
{'loss': '0.06478', 'grad_norm': '11.05', 'learning_rate': '1.932e-05', 'epoch': '3.409'}
{'loss': '0.03534', 'grad_norm': '78.87', 'learning_rate': '1.932e-05', 'epoch': '3.415'}
{'loss': '0.06437', 'grad_norm': '0.4103', 'learning_rate': '1.932e-05', 'epoch': '3.421'}
{'loss': '0.04314', 'grad_norm': '1.39', 'learning_rate': '1.931e-05', 'epoch': '3.428'}
{'loss': '0.09769', 'grad_norm': '5.376', 'learning_rate': '1.931e-05', 'epoch': '3.434'}
{'loss': '0.04399', 'grad_norm': '3.956', 'learning_rate': '1.931e-05', 'epoch': '3.44'}
{'loss': '0.1136', 'grad_norm': '0.6752', 'learning_rate': '1.931e-05', 'epoch': '3.446'}
{'loss': '0.07495', 'grad_norm': '5.843', 'learning_rate': '1.931e-05', 'epoch': '3.452'}
{'loss': '0.06685', 'grad_norm': '11.3', 'learning_rate': '1.931e-05', 'epoch': '3.458'}
{'loss': '0.05978', 'grad_norm': '0.08131', 'learning_rate': '1.931e-05', 'epoch': '3.464'}
{'loss': '0.08801', 'grad_norm': '3.189', 'learning_rate': '1.931e-05', 'epoch': '3.471'}
{'loss': '0.08871', 'grad_norm': '1.203', 'learning_rate': '1.93e-05', 'epoch': '3.477'}
{'loss': '0.07196', 'grad_norm': '10.04', 'learning_rate': '1.93e-05', 'epoch': '3.483'}
{'loss': '0.05741', 'grad_norm': '10.44', 'learning_rate': '1.93e-05', 'epoch': '3.489'}
{'loss': '0.04918', 'grad_norm': '7.71', 'learning_rate': '1.93e-05', 'epoch': '3.495'}
{'loss': '0.03709', 'grad_norm': '3.156', 'learning_rate': '1.93e-05', 'epoch': '3.501'}
{'loss': '0.07543', 'grad_norm': '0.6727', 'learning_rate': '1.93e-05', 'epoch': '3.507'}
{'loss': '0.0627', 'grad_norm': '0.1515', 'learning_rate': '1.93e-05', 'epoch': '3.514'}
{'loss': '0.1273', 'grad_norm': '14.41', 'learning_rate': '1.93e-05', 'epoch': '3.52'}
{'loss': '0.04654', 'grad_norm': '1.515', 'learning_rate': '1.929e-05', 'epoch': '3.526'}
{'loss': '0.04229', 'grad_norm': '0.4879', 'learning_rate': '1.929e-05', 'epoch': '3.532'}
{'loss': '0.1395', 'grad_norm': '0.9412', 'learning_rate': '1.929e-05', 'epoch': '3.538'}
{'loss': '0.08231', 'grad_norm': '6.029', 'learning_rate': '1.929e-05', 'epoch': '3.544'}
{'loss': '0.05635', 'grad_norm': '6.154', 'learning_rate': '1.929e-05', 'epoch': '3.55'}
{'loss': '0.04629', 'grad_norm': '1.775', 'learning_rate': '1.929e-05', 'epoch': '3.557'}
{'loss': '0.06468', 'grad_norm': '6.404', 'learning_rate': '1.929e-05', 'epoch': '3.563'}
{'loss': '0.05661', 'grad_norm': '8.14', 'learning_rate': '1.929e-05', 'epoch': '3.569'}
{'loss': '0.0725', 'grad_norm': '7.376', 'learning_rate': '1.929e-05', 'epoch': '3.575'}
{'loss': '0.05664', 'grad_norm': '6.273', 'learning_rate': '1.928e-05', 'epoch': '3.581'}
{'loss': '0.05453', 'grad_norm': '0.8417', 'learning_rate': '1.928e-05', 'epoch': '3.587'}
{'loss': '0.07465', 'grad_norm': '1.996', 'learning_rate': '1.928e-05', 'epoch': '3.593'}
{'loss': '0.07256', 'grad_norm': '8.457', 'learning_rate': '1.928e-05', 'epoch': '3.6'}
{'loss': '0.03944', 'grad_norm': '16.8', 'learning_rate': '1.928e-05', 'epoch': '3.606'}
{'loss': '0.07282', 'grad_norm': '8.598', 'learning_rate': '1.928e-05', 'epoch': '3.612'}
{'loss': '0.02277', 'grad_norm': '8.026', 'learning_rate': '1.928e-05', 'epoch': '3.618'}
{'loss': '0.05258', 'grad_norm': '0.2628', 'learning_rate': '1.928e-05', 'epoch': '3.624'}
{'loss': '0.02845', 'grad_norm': '3.103', 'learning_rate': '1.927e-05', 'epoch': '3.63'}
{'loss': '0.09194', 'grad_norm': '3.269', 'learning_rate': '1.927e-05', 'epoch': '3.636'}
{'loss': '0.03154', 'grad_norm': '2.496', 'learning_rate': '1.927e-05', 'epoch': '3.643'}
{'loss': '0.02417', 'grad_norm': '0.1436', 'learning_rate': '1.927e-05', 'epoch': '3.649'}
{'loss': '0.03735', 'grad_norm': '0.1335', 'learning_rate': '1.927e-05', 'epoch': '3.655'}
{'loss': '0.05239', 'grad_norm': '0.2066', 'learning_rate': '1.927e-05', 'epoch': '3.661'}
{'loss': '0.05928', 'grad_norm': '2.478', 'learning_rate': '1.927e-05', 'epoch': '3.667'}
{'loss': '0.05194', 'grad_norm': '8.591', 'learning_rate': '1.927e-05', 'epoch': '3.673'}
{'loss': '0.0584', 'grad_norm': '1.238', 'learning_rate': '1.926e-05', 'epoch': '3.679'}
{'loss': '0.05066', 'grad_norm': '11.14', 'learning_rate': '1.926e-05', 'epoch': '3.686'}
{'loss': '0.01086', 'grad_norm': '1.208', 'learning_rate': '1.926e-05', 'epoch': '3.692'}
{'loss': '0.02933', 'grad_norm': '3.719', 'learning_rate': '1.926e-05', 'epoch': '3.698'}
{'loss': '0.05412', 'grad_norm': '0.264', 'learning_rate': '1.926e-05', 'epoch': '3.704'}
{'loss': '0.07418', 'grad_norm': '0.3053', 'learning_rate': '1.926e-05', 'epoch': '3.71'}
{'loss': '0.05642', 'grad_norm': '0.2885', 'learning_rate': '1.926e-05', 'epoch': '3.716'}
{'loss': '0.06081', 'grad_norm': '5.83', 'learning_rate': '1.926e-05', 'epoch': '3.722'}
{'loss': '0.05918', 'grad_norm': '3.087', 'learning_rate': '1.925e-05', 'epoch': '3.729'}
{'loss': '0.07079', 'grad_norm': '4.326', 'learning_rate': '1.925e-05', 'epoch': '3.735'}
{'loss': '0.04476', 'grad_norm': '3.223', 'learning_rate': '1.925e-05', 'epoch': '3.741'}
{'loss': '0.05896', 'grad_norm': '20.09', 'learning_rate': '1.925e-05', 'epoch': '3.747'}
{'loss': '0.05665', 'grad_norm': '4.846', 'learning_rate': '1.925e-05', 'epoch': '3.753'}
{'loss': '0.08952', 'grad_norm': '3.705', 'learning_rate': '1.925e-05', 'epoch': '3.759'}
{'loss': '0.05214', 'grad_norm': '7.322', 'learning_rate': '1.925e-05', 'epoch': '3.765'}
{'loss': '0.01608', 'grad_norm': '3.211', 'learning_rate': '1.925e-05', 'epoch': '3.771'}
{'loss': '0.0315', 'grad_norm': '7.49', 'learning_rate': '1.924e-05', 'epoch': '3.778'}
{'loss': '0.0382', 'grad_norm': '7.026', 'learning_rate': '1.924e-05', 'epoch': '3.784'}
{'loss': '0.0444', 'grad_norm': '0.08728', 'learning_rate': '1.924e-05', 'epoch': '3.79'}
{'loss': '0.05555', 'grad_norm': '0.1747', 'learning_rate': '1.924e-05', 'epoch': '3.796'}
{'loss': '0.03683', 'grad_norm': '0.6792', 'learning_rate': '1.924e-05', 'epoch': '3.802'}
{'loss': '0.04306', 'grad_norm': '2.171', 'learning_rate': '1.924e-05', 'epoch': '3.808'}
{'loss': '0.06791', 'grad_norm': '2.016', 'learning_rate': '1.924e-05', 'epoch': '3.814'}
{'loss': '0.05247', 'grad_norm': '0.3597', 'learning_rate': '1.924e-05', 'epoch': '3.821'}
{'loss': '0.01375', 'grad_norm': '0.04796', 'learning_rate': '1.923e-05', 'epoch': '3.827'}
{'loss': '0.07592', 'grad_norm': '2.294', 'learning_rate': '1.923e-05', 'epoch': '3.833'}
{'loss': '0.09942', 'grad_norm': '0.385', 'learning_rate': '1.923e-05', 'epoch': '3.839'}
{'loss': '0.09832', 'grad_norm': '3.035', 'learning_rate': '1.923e-05', 'epoch': '3.845'}
{'loss': '0.1044', 'grad_norm': '5.82', 'learning_rate': '1.923e-05', 'epoch': '3.851'}
{'loss': '0.08605', 'grad_norm': '16.13', 'learning_rate': '1.923e-05', 'epoch': '3.857'}
{'loss': '0.0326', 'grad_norm': '0.1005', 'learning_rate': '1.923e-05', 'epoch': '3.864'}
{'loss': '0.1171', 'grad_norm': '0.1518', 'learning_rate': '1.923e-05', 'epoch': '3.87'}
{'loss': '0.04133', 'grad_norm': '12.09', 'learning_rate': '1.922e-05', 'epoch': '3.876'}
{'loss': '0.03702', 'grad_norm': '0.6218', 'learning_rate': '1.922e-05', 'epoch': '3.882'}
{'loss': '0.09867', 'grad_norm': '4.014', 'learning_rate': '1.922e-05', 'epoch': '3.888'}
{'loss': '0.08428', 'grad_norm': '3.685', 'learning_rate': '1.922e-05', 'epoch': '3.894'}
{'loss': '0.052', 'grad_norm': '18.19', 'learning_rate': '1.922e-05', 'epoch': '3.9'}
{'loss': '0.04246', 'grad_norm': '2.463', 'learning_rate': '1.922e-05', 'epoch': '3.907'}
{'loss': '0.06708', 'grad_norm': '6.742', 'learning_rate': '1.922e-05', 'epoch': '3.913'}
{'loss': '0.06105', 'grad_norm': '4.893', 'learning_rate': '1.922e-05', 'epoch': '3.919'}
{'loss': '0.05004', 'grad_norm': '27.42', 'learning_rate': '1.922e-05', 'epoch': '3.925'}
{'loss': '0.05531', 'grad_norm': '0.8055', 'learning_rate': '1.921e-05', 'epoch': '3.931'}
{'loss': '0.05269', 'grad_norm': '0.01319', 'learning_rate': '1.921e-05', 'epoch': '3.937'}
{'loss': '0.05473', 'grad_norm': '3.514', 'learning_rate': '1.921e-05', 'epoch': '3.943'}
{'loss': '0.0753', 'grad_norm': '8.006', 'learning_rate': '1.921e-05', 'epoch': '3.95'}
{'loss': '0.0435', 'grad_norm': '6.417', 'learning_rate': '1.921e-05', 'epoch': '3.956'}
{'loss': '0.03696', 'grad_norm': '7.355', 'learning_rate': '1.921e-05', 'epoch': '3.962'}
{'loss': '0.04824', 'grad_norm': '0.7266', 'learning_rate': '1.921e-05', 'epoch': '3.968'}
{'loss': '0.03014', 'grad_norm': '2.86', 'learning_rate': '1.921e-05', 'epoch': '3.974'}
{'loss': '0.08489', 'grad_norm': '5.408', 'learning_rate': '1.92e-05', 'epoch': '3.98'}
{'loss': '0.08795', 'grad_norm': '0.07334', 'learning_rate': '1.92e-05', 'epoch': '3.986'}
{'loss': '0.03397', 'grad_norm': '0.2884', 'learning_rate': '1.92e-05', 'epoch': '3.993'}
{'loss': '0.06872', 'grad_norm': '21.85', 'learning_rate': '1.92e-05', 'epoch': '3.999'}
{'eval_loss': '0.8436', 'eval_accuracy': '0.8904', 'eval_precision': '0.9406', 'eval_recall': '0.8682', 'eval_f1': '0.9029', 'eval_runtime': '12.05', 'eval_samples_per_second': '1122', 'eval_steps_per_second': '17.59', 'epoch': '4'}
{'loss': '0.07573', 'grad_norm': '2.796', 'learning_rate': '1.92e-05', 'epoch': '4.005'}
{'loss': '0.0564', 'grad_norm': '2.804', 'learning_rate': '1.92e-05', 'epoch': '4.011'}
{'loss': '0.01955', 'grad_norm': '2.951', 'learning_rate': '1.92e-05', 'epoch': '4.017'}
{'loss': '0.02528', 'grad_norm': '0.0563', 'learning_rate': '1.92e-05', 'epoch': '4.023'}
{'loss': '0.07103', 'grad_norm': '9.247', 'learning_rate': '1.919e-05', 'epoch': '4.029'}
{'loss': '0.05774', 'grad_norm': '3.291', 'learning_rate': '1.919e-05', 'epoch': '4.036'}
{'loss': '0.05282', 'grad_norm': '3.551', 'learning_rate': '1.919e-05', 'epoch': '4.042'}
{'loss': '0.05159', 'grad_norm': '1.036', 'learning_rate': '1.919e-05', 'epoch': '4.048'}
{'loss': '0.04502', 'grad_norm': '0.4984', 'learning_rate': '1.919e-05', 'epoch': '4.054'}
{'loss': '0.06671', 'grad_norm': '7.486', 'learning_rate': '1.919e-05', 'epoch': '4.06'}
{'loss': '0.02962', 'grad_norm': '4.318', 'learning_rate': '1.919e-05', 'epoch': '4.066'}
{'loss': '0.01389', 'grad_norm': '2.175', 'learning_rate': '1.919e-05', 'epoch': '4.072'}
{'loss': '0.06915', 'grad_norm': '0.5258', 'learning_rate': '1.918e-05', 'epoch': '4.079'}
{'loss': '0.05606', 'grad_norm': '0.6839', 'learning_rate': '1.918e-05', 'epoch': '4.085'}
{'loss': '0.02869', 'grad_norm': '6.573', 'learning_rate': '1.918e-05', 'epoch': '4.091'}
{'loss': '0.1154', 'grad_norm': '9.208', 'learning_rate': '1.918e-05', 'epoch': '4.097'}
{'loss': '0.03967', 'grad_norm': '0.1643', 'learning_rate': '1.918e-05', 'epoch': '4.103'}
{'loss': '0.07455', 'grad_norm': '11.43', 'learning_rate': '1.918e-05', 'epoch': '4.109'}
{'loss': '0.04366', 'grad_norm': '0.5324', 'learning_rate': '1.918e-05', 'epoch': '4.115'}
{'loss': '0.06955', 'grad_norm': '0.5873', 'learning_rate': '1.918e-05', 'epoch': '4.122'}
{'loss': '0.04698', 'grad_norm': '7.509', 'learning_rate': '1.917e-05', 'epoch': '4.128'}
{'loss': '0.05229', 'grad_norm': '0.05655', 'learning_rate': '1.917e-05', 'epoch': '4.134'}
{'loss': '0.04874', 'grad_norm': '10.86', 'learning_rate': '1.917e-05', 'epoch': '4.14'}
{'loss': '0.07868', 'grad_norm': '5.318', 'learning_rate': '1.917e-05', 'epoch': '4.146'}
{'loss': '0.0438', 'grad_norm': '0.08056', 'learning_rate': '1.917e-05', 'epoch': '4.152'}
{'loss': '0.04266', 'grad_norm': '14.92', 'learning_rate': '1.917e-05', 'epoch': '4.158'}
{'loss': '0.01336', 'grad_norm': '0.2809', 'learning_rate': '1.917e-05', 'epoch': '4.165'}
{'loss': '0.06808', 'grad_norm': '4.163', 'learning_rate': '1.917e-05', 'epoch': '4.171'}
{'loss': '0.02173', 'grad_norm': '0.1662', 'learning_rate': '1.916e-05', 'epoch': '4.177'}
{'loss': '0.05817', 'grad_norm': '0.1723', 'learning_rate': '1.916e-05', 'epoch': '4.183'}
{'loss': '0.05692', 'grad_norm': '4.753', 'learning_rate': '1.916e-05', 'epoch': '4.189'}
{'loss': '0.05085', 'grad_norm': '0.7967', 'learning_rate': '1.916e-05', 'epoch': '4.195'}
{'loss': '0.02385', 'grad_norm': '4.038', 'learning_rate': '1.916e-05', 'epoch': '4.201'}
{'loss': '0.03811', 'grad_norm': '10.09', 'learning_rate': '1.916e-05', 'epoch': '4.208'}
{'loss': '0.01655', 'grad_norm': '6.78', 'learning_rate': '1.916e-05', 'epoch': '4.214'}
{'loss': '0.06908', 'grad_norm': '1.27', 'learning_rate': '1.916e-05', 'epoch': '4.22'}
{'loss': '0.05027', 'grad_norm': '0.7592', 'learning_rate': '1.915e-05', 'epoch': '4.226'}
{'loss': '0.04311', 'grad_norm': '1.193', 'learning_rate': '1.915e-05', 'epoch': '4.232'}
{'loss': '0.02861', 'grad_norm': '4.303', 'learning_rate': '1.915e-05', 'epoch': '4.238'}
{'loss': '0.04614', 'grad_norm': '0.09242', 'learning_rate': '1.915e-05', 'epoch': '4.244'}
{'loss': '0.1393', 'grad_norm': '2.514', 'learning_rate': '1.915e-05', 'epoch': '4.251'}
{'loss': '0.1085', 'grad_norm': '8.113', 'learning_rate': '1.915e-05', 'epoch': '4.257'}
{'loss': '0.02317', 'grad_norm': '1.423', 'learning_rate': '1.915e-05', 'epoch': '4.263'}
{'loss': '0.03347', 'grad_norm': '1.96', 'learning_rate': '1.915e-05', 'epoch': '4.269'}
{'loss': '0.03719', 'grad_norm': '10.11', 'learning_rate': '1.915e-05', 'epoch': '4.275'}
{'loss': '0.03173', 'grad_norm': '0.2852', 'learning_rate': '1.914e-05', 'epoch': '4.281'}
{'loss': '0.09302', 'grad_norm': '0.1783', 'learning_rate': '1.914e-05', 'epoch': '4.287'}
{'loss': '0.07757', 'grad_norm': '9.295', 'learning_rate': '1.914e-05', 'epoch': '4.294'}
{'loss': '0.03382', 'grad_norm': '3.929', 'learning_rate': '1.914e-05', 'epoch': '4.3'}
{'loss': '0.01485', 'grad_norm': '0.2024', 'learning_rate': '1.914e-05', 'epoch': '4.306'}
{'loss': '0.02817', 'grad_norm': '1.026', 'learning_rate': '1.914e-05', 'epoch': '4.312'}
{'loss': '0.04787', 'grad_norm': '0.1265', 'learning_rate': '1.914e-05', 'epoch': '4.318'}
{'loss': '0.03008', 'grad_norm': '6.674', 'learning_rate': '1.914e-05', 'epoch': '4.324'}
{'loss': '0.05098', 'grad_norm': '2.451', 'learning_rate': '1.913e-05', 'epoch': '4.33'}
{'loss': '0.06191', 'grad_norm': '1.455', 'learning_rate': '1.913e-05', 'epoch': '4.337'}
{'loss': '0.05001', 'grad_norm': '0.3041', 'learning_rate': '1.913e-05', 'epoch': '4.343'}
{'loss': '0.1055', 'grad_norm': '13.95', 'learning_rate': '1.913e-05', 'epoch': '4.349'}
{'loss': '0.0368', 'grad_norm': '3.355', 'learning_rate': '1.913e-05', 'epoch': '4.355'}
{'loss': '0.02648', 'grad_norm': '0.4267', 'learning_rate': '1.913e-05', 'epoch': '4.361'}
{'loss': '0.01836', 'grad_norm': '4.071', 'learning_rate': '1.913e-05', 'epoch': '4.367'}
{'loss': '0.03403', 'grad_norm': '1.029', 'learning_rate': '1.913e-05', 'epoch': '4.373'}
{'loss': '0.02451', 'grad_norm': '0.1901', 'learning_rate': '1.912e-05', 'epoch': '4.38'}
{'loss': '0.05568', 'grad_norm': '7.964', 'learning_rate': '1.912e-05', 'epoch': '4.386'}
{'loss': '0.05454', 'grad_norm': '0.7838', 'learning_rate': '1.912e-05', 'epoch': '4.392'}
{'loss': '0.01386', 'grad_norm': '5.823', 'learning_rate': '1.912e-05', 'epoch': '4.398'}
{'loss': '0.04764', 'grad_norm': '0.6971', 'learning_rate': '1.912e-05', 'epoch': '4.404'}
{'loss': '0.02061', 'grad_norm': '26.03', 'learning_rate': '1.912e-05', 'epoch': '4.41'}
{'loss': '0.04808', 'grad_norm': '3.579', 'learning_rate': '1.912e-05', 'epoch': '4.416'}
{'loss': '0.04109', 'grad_norm': '3.587', 'learning_rate': '1.912e-05', 'epoch': '4.423'}
{'loss': '0.05305', 'grad_norm': '3.534', 'learning_rate': '1.911e-05', 'epoch': '4.429'}
{'loss': '0.04295', 'grad_norm': '0.01859', 'learning_rate': '1.911e-05', 'epoch': '4.435'}
{'loss': '0.07965', 'grad_norm': '3.805', 'learning_rate': '1.911e-05', 'epoch': '4.441'}
{'loss': '0.05512', 'grad_norm': '0.3243', 'learning_rate': '1.911e-05', 'epoch': '4.447'}
{'loss': '0.07555', 'grad_norm': '0.6943', 'learning_rate': '1.911e-05', 'epoch': '4.453'}
{'loss': '0.02606', 'grad_norm': '4.135', 'learning_rate': '1.911e-05', 'epoch': '4.459'}
{'loss': '0.1041', 'grad_norm': '7.631', 'learning_rate': '1.911e-05', 'epoch': '4.466'}
{'loss': '0.0474', 'grad_norm': '2.377', 'learning_rate': '1.911e-05', 'epoch': '4.472'}
{'loss': '0.05159', 'grad_norm': '2.583', 'learning_rate': '1.91e-05', 'epoch': '4.478'}
{'loss': '0.07759', 'grad_norm': '7.691', 'learning_rate': '1.91e-05', 'epoch': '4.484'}
{'loss': '0.03331', 'grad_norm': '0.047', 'learning_rate': '1.91e-05', 'epoch': '4.49'}
{'loss': '0.02139', 'grad_norm': '0.5811', 'learning_rate': '1.91e-05', 'epoch': '4.496'}
{'loss': '0.03843', 'grad_norm': '0.213', 'learning_rate': '1.91e-05', 'epoch': '4.502'}
{'loss': '0.07408', 'grad_norm': '18.71', 'learning_rate': '1.91e-05', 'epoch': '4.509'}
{'loss': '0.03469', 'grad_norm': '0.3273', 'learning_rate': '1.91e-05', 'epoch': '4.515'}
{'loss': '0.05519', 'grad_norm': '0.06443', 'learning_rate': '1.91e-05', 'epoch': '4.521'}
{'loss': '0.02058', 'grad_norm': '1.18', 'learning_rate': '1.909e-05', 'epoch': '4.527'}
{'loss': '0.05102', 'grad_norm': '8.266', 'learning_rate': '1.909e-05', 'epoch': '4.533'}
{'loss': '0.0308', 'grad_norm': '0.007764', 'learning_rate': '1.909e-05', 'epoch': '4.539'}
{'loss': '0.02825', 'grad_norm': '51.01', 'learning_rate': '1.909e-05', 'epoch': '4.545'}
{'loss': '0.0474', 'grad_norm': '0.964', 'learning_rate': '1.909e-05', 'epoch': '4.552'}
{'loss': '0.02718', 'grad_norm': '0.6448', 'learning_rate': '1.909e-05', 'epoch': '4.558'}
{'loss': '0.07693', 'grad_norm': '27.28', 'learning_rate': '1.909e-05', 'epoch': '4.564'}
{'loss': '0.09903', 'grad_norm': '0.3127', 'learning_rate': '1.909e-05', 'epoch': '4.57'}
{'loss': '0.04712', 'grad_norm': '0.1527', 'learning_rate': '1.908e-05', 'epoch': '4.576'}
{'loss': '0.05392', 'grad_norm': '0.3194', 'learning_rate': '1.908e-05', 'epoch': '4.582'}
{'loss': '0.03552', 'grad_norm': '0.1064', 'learning_rate': '1.908e-05', 'epoch': '4.588'}
{'loss': '0.03089', 'grad_norm': '0.02442', 'learning_rate': '1.908e-05', 'epoch': '4.595'}
{'loss': '0.03032', 'grad_norm': '0.381', 'learning_rate': '1.908e-05', 'epoch': '4.601'}
{'loss': '0.03225', 'grad_norm': '3.437', 'learning_rate': '1.908e-05', 'epoch': '4.607'}
{'loss': '0.03904', 'grad_norm': '0.1101', 'learning_rate': '1.908e-05', 'epoch': '4.613'}
{'loss': '0.07021', 'grad_norm': '1.811', 'learning_rate': '1.908e-05', 'epoch': '4.619'}
{'loss': '0.09383', 'grad_norm': '15.07', 'learning_rate': '1.908e-05', 'epoch': '4.625'}
{'loss': '0.06065', 'grad_norm': '9.622', 'learning_rate': '1.907e-05', 'epoch': '4.631'}
{'loss': '0.02557', 'grad_norm': '0.02456', 'learning_rate': '1.907e-05', 'epoch': '4.638'}
{'loss': '0.09182', 'grad_norm': '7.135', 'learning_rate': '1.907e-05', 'epoch': '4.644'}
{'loss': '0.02003', 'grad_norm': '2.508', 'learning_rate': '1.907e-05', 'epoch': '4.65'}
{'loss': '0.02407', 'grad_norm': '0.01402', 'learning_rate': '1.907e-05', 'epoch': '4.656'}
{'loss': '0.03463', 'grad_norm': '8.481', 'learning_rate': '1.907e-05', 'epoch': '4.662'}
{'loss': '0.02436', 'grad_norm': '0.0621', 'learning_rate': '1.907e-05', 'epoch': '4.668'}
{'loss': '0.0602', 'grad_norm': '0.2257', 'learning_rate': '1.907e-05', 'epoch': '4.674'}
{'loss': '0.03577', 'grad_norm': '2.922', 'learning_rate': '1.906e-05', 'epoch': '4.681'}
{'loss': '0.02073', 'grad_norm': '2.731', 'learning_rate': '1.906e-05', 'epoch': '4.687'}
{'loss': '0.0807', 'grad_norm': '0.7833', 'learning_rate': '1.906e-05', 'epoch': '4.693'}
{'loss': '0.03629', 'grad_norm': '4.649', 'learning_rate': '1.906e-05', 'epoch': '4.699'}
{'loss': '0.04476', 'grad_norm': '19.16', 'learning_rate': '1.906e-05', 'epoch': '4.705'}
{'loss': '0.01556', 'grad_norm': '0.2208', 'learning_rate': '1.906e-05', 'epoch': '4.711'}
{'loss': '0.05744', 'grad_norm': '0.3794', 'learning_rate': '1.906e-05', 'epoch': '4.717'}
{'loss': '0.03245', 'grad_norm': '0.3108', 'learning_rate': '1.906e-05', 'epoch': '4.724'}
{'loss': '0.05395', 'grad_norm': '0.3342', 'learning_rate': '1.905e-05', 'epoch': '4.73'}
{'loss': '0.03875', 'grad_norm': '10.56', 'learning_rate': '1.905e-05', 'epoch': '4.736'}
{'loss': '0.03865', 'grad_norm': '8.408', 'learning_rate': '1.905e-05', 'epoch': '4.742'}
{'loss': '0.03743', 'grad_norm': '0.199', 'learning_rate': '1.905e-05', 'epoch': '4.748'}
{'loss': '0.02656', 'grad_norm': '6.821', 'learning_rate': '1.905e-05', 'epoch': '4.754'}
{'loss': '0.07403', 'grad_norm': '0.3384', 'learning_rate': '1.905e-05', 'epoch': '4.76'}
{'loss': '0.04934', 'grad_norm': '0.306', 'learning_rate': '1.905e-05', 'epoch': '4.767'}
{'loss': '0.07101', 'grad_norm': '0.5185', 'learning_rate': '1.905e-05', 'epoch': '4.773'}
{'loss': '0.03066', 'grad_norm': '0.8524', 'learning_rate': '1.904e-05', 'epoch': '4.779'}
{'loss': '0.03377', 'grad_norm': '3.564', 'learning_rate': '1.904e-05', 'epoch': '4.785'}
{'loss': '0.02728', 'grad_norm': '0.08645', 'learning_rate': '1.904e-05', 'epoch': '4.791'}
{'loss': '0.03385', 'grad_norm': '6.498', 'learning_rate': '1.904e-05', 'epoch': '4.797'}
{'loss': '0.05857', 'grad_norm': '1.957', 'learning_rate': '1.904e-05', 'epoch': '4.803'}
{'loss': '0.02206', 'grad_norm': '1.272', 'learning_rate': '1.904e-05', 'epoch': '4.81'}
{'loss': '0.03308', 'grad_norm': '0.2662', 'learning_rate': '1.904e-05', 'epoch': '4.816'}
{'loss': '0.1014', 'grad_norm': '11.32', 'learning_rate': '1.904e-05', 'epoch': '4.822'}
{'loss': '0.02735', 'grad_norm': '0.2946', 'learning_rate': '1.903e-05', 'epoch': '4.828'}
{'loss': '0.03739', 'grad_norm': '0.1838', 'learning_rate': '1.903e-05', 'epoch': '4.834'}
{'loss': '0.03486', 'grad_norm': '2.754', 'learning_rate': '1.903e-05', 'epoch': '4.84'}
{'loss': '0.05686', 'grad_norm': '6.308', 'learning_rate': '1.903e-05', 'epoch': '4.846'}
{'loss': '0.03715', 'grad_norm': '0.1752', 'learning_rate': '1.903e-05', 'epoch': '4.853'}
{'loss': '0.09438', 'grad_norm': '0.1552', 'learning_rate': '1.903e-05', 'epoch': '4.859'}
{'loss': '0.04476', 'grad_norm': '0.03648', 'learning_rate': '1.903e-05', 'epoch': '4.865'}
{'loss': '0.0413', 'grad_norm': '0.1064', 'learning_rate': '1.903e-05', 'epoch': '4.871'}
{'loss': '0.04861', 'grad_norm': '0.7383', 'learning_rate': '1.902e-05', 'epoch': '4.877'}
{'loss': '0.06336', 'grad_norm': '5.299', 'learning_rate': '1.902e-05', 'epoch': '4.883'}
{'loss': '0.07122', 'grad_norm': '1.398', 'learning_rate': '1.902e-05', 'epoch': '4.889'}
{'loss': '0.04441', 'grad_norm': '1.292', 'learning_rate': '1.902e-05', 'epoch': '4.896'}
{'loss': '0.06136', 'grad_norm': '0.01933', 'learning_rate': '1.902e-05', 'epoch': '4.902'}
{'loss': '0.05106', 'grad_norm': '21.27', 'learning_rate': '1.902e-05', 'epoch': '4.908'}
{'loss': '0.04495', 'grad_norm': '1.782', 'learning_rate': '1.902e-05', 'epoch': '4.914'}
{'loss': '0.07814', 'grad_norm': '0.8285', 'learning_rate': '1.902e-05', 'epoch': '4.92'}
{'loss': '0.02239', 'grad_norm': '1.109', 'learning_rate': '1.901e-05', 'epoch': '4.926'}
{'loss': '0.03623', 'grad_norm': '0.2265', 'learning_rate': '1.901e-05', 'epoch': '4.932'}
{'loss': '0.005351', 'grad_norm': '5.139', 'learning_rate': '1.901e-05', 'epoch': '4.939'}
{'loss': '0.06332', 'grad_norm': '0.8108', 'learning_rate': '1.901e-05', 'epoch': '4.945'}
{'loss': '0.02535', 'grad_norm': '0.3393', 'learning_rate': '1.901e-05', 'epoch': '4.951'}
{'loss': '0.0507', 'grad_norm': '9.004', 'learning_rate': '1.901e-05', 'epoch': '4.957'}
{'loss': '0.02808', 'grad_norm': '0.1477', 'learning_rate': '1.901e-05', 'epoch': '4.963'}
{'loss': '0.01123', 'grad_norm': '7.423', 'learning_rate': '1.901e-05', 'epoch': '4.969'}
{'loss': '0.0684', 'grad_norm': '6.404', 'learning_rate': '1.901e-05', 'epoch': '4.975'}
{'loss': '0.06514', 'grad_norm': '0.8612', 'learning_rate': '1.9e-05', 'epoch': '4.982'}
{'loss': '0.04343', 'grad_norm': '8.79', 'learning_rate': '1.9e-05', 'epoch': '4.988'}
{'loss': '0.04731', 'grad_norm': '3.464', 'learning_rate': '1.9e-05', 'epoch': '4.994'}
{'loss': '0.01457', 'grad_norm': '5.897', 'learning_rate': '1.9e-05', 'epoch': '5'}
{'eval_loss': '0.9289', 'eval_accuracy': '0.8849', 'eval_precision': '0.923', 'eval_recall': '0.8772', 'eval_f1': '0.8995', 'eval_runtime': '12.08', 'eval_samples_per_second': '1119', 'eval_steps_per_second': '17.56', 'epoch': '5'}
{'loss': '0.0391', 'grad_norm': '1.624', 'learning_rate': '1.9e-05', 'epoch': '5.006'}
{'loss': '0.04357', 'grad_norm': '0.1419', 'learning_rate': '1.9e-05', 'epoch': '5.012'}
{'loss': '0.02727', 'grad_norm': '1.437', 'learning_rate': '1.9e-05', 'epoch': '5.018'}
{'loss': '0.02085', 'grad_norm': '0.5266', 'learning_rate': '1.9e-05', 'epoch': '5.025'}
{'loss': '0.04822', 'grad_norm': '0.05238', 'learning_rate': '1.899e-05', 'epoch': '5.031'}
{'loss': '0.02353', 'grad_norm': '2.027', 'learning_rate': '1.899e-05', 'epoch': '5.037'}
{'loss': '0.02911', 'grad_norm': '0.7616', 'learning_rate': '1.899e-05', 'epoch': '5.043'}
{'loss': '0.0517', 'grad_norm': '5.547', 'learning_rate': '1.899e-05', 'epoch': '5.049'}
{'loss': '0.02356', 'grad_norm': '0.07624', 'learning_rate': '1.899e-05', 'epoch': '5.055'}
{'loss': '0.02692', 'grad_norm': '20.04', 'learning_rate': '1.899e-05', 'epoch': '5.061'}
{'loss': '0.0202', 'grad_norm': '0.1233', 'learning_rate': '1.899e-05', 'epoch': '5.068'}
{'loss': '0.1095', 'grad_norm': '6.849', 'learning_rate': '1.899e-05', 'epoch': '5.074'}
{'loss': '0.03984', 'grad_norm': '4.189', 'learning_rate': '1.898e-05', 'epoch': '5.08'}
{'loss': '0.03901', 'grad_norm': '9.188', 'learning_rate': '1.898e-05', 'epoch': '5.086'}
{'loss': '0.03965', 'grad_norm': '0.03274', 'learning_rate': '1.898e-05', 'epoch': '5.092'}
{'loss': '0.03141', 'grad_norm': '4.543', 'learning_rate': '1.898e-05', 'epoch': '5.098'}
{'loss': '0.0501', 'grad_norm': '1.829', 'learning_rate': '1.898e-05', 'epoch': '5.104'}
{'loss': '0.03558', 'grad_norm': '0.003491', 'learning_rate': '1.898e-05', 'epoch': '5.111'}
{'loss': '0.05351', 'grad_norm': '4.782', 'learning_rate': '1.898e-05', 'epoch': '5.117'}
{'loss': '0.04', 'grad_norm': '0.07808', 'learning_rate': '1.898e-05', 'epoch': '5.123'}
{'loss': '0.02258', 'grad_norm': '0.07432', 'learning_rate': '1.897e-05', 'epoch': '5.129'}
{'loss': '0.03006', 'grad_norm': '2.012', 'learning_rate': '1.897e-05', 'epoch': '5.135'}
{'loss': '0.01915', 'grad_norm': '2.62', 'learning_rate': '1.897e-05', 'epoch': '5.141'}
{'loss': '0.03453', 'grad_norm': '0.654', 'learning_rate': '1.897e-05', 'epoch': '5.147'}
{'loss': '0.02699', 'grad_norm': '4.628', 'learning_rate': '1.897e-05', 'epoch': '5.154'}
{'loss': '0.07055', 'grad_norm': '1.777', 'learning_rate': '1.897e-05', 'epoch': '5.16'}
{'loss': '0.0501', 'grad_norm': '6.324', 'learning_rate': '1.897e-05', 'epoch': '5.166'}
{'loss': '0.07659', 'grad_norm': '2.495', 'learning_rate': '1.897e-05', 'epoch': '5.172'}
{'loss': '0.02539', 'grad_norm': '0.7247', 'learning_rate': '1.896e-05', 'epoch': '5.178'}
{'loss': '0.01823', 'grad_norm': '3.292', 'learning_rate': '1.896e-05', 'epoch': '5.184'}
{'loss': '0.08244', 'grad_norm': '7.169', 'learning_rate': '1.896e-05', 'epoch': '5.19'}
{'loss': '0.02716', 'grad_norm': '0.7391', 'learning_rate': '1.896e-05', 'epoch': '5.197'}
{'loss': '0.05839', 'grad_norm': '0.4606', 'learning_rate': '1.896e-05', 'epoch': '5.203'}
{'loss': '0.06869', 'grad_norm': '0.3482', 'learning_rate': '1.896e-05', 'epoch': '5.209'}
{'loss': '0.007194', 'grad_norm': '0.04848', 'learning_rate': '1.896e-05', 'epoch': '5.215'}
{'loss': '0.0301', 'grad_norm': '11.54', 'learning_rate': '1.896e-05', 'epoch': '5.221'}
{'loss': '0.03367', 'grad_norm': '6.617', 'learning_rate': '1.895e-05', 'epoch': '5.227'}
{'loss': '0.05123', 'grad_norm': '3.283', 'learning_rate': '1.895e-05', 'epoch': '5.233'}
{'loss': '0.05106', 'grad_norm': '20.05', 'learning_rate': '1.895e-05', 'epoch': '5.24'}
{'loss': '0.05403', 'grad_norm': '0.6469', 'learning_rate': '1.895e-05', 'epoch': '5.246'}
{'loss': '0.0267', 'grad_norm': '2.978', 'learning_rate': '1.895e-05', 'epoch': '5.252'}
{'loss': '0.02034', 'grad_norm': '0.9211', 'learning_rate': '1.895e-05', 'epoch': '5.258'}
{'loss': '0.02397', 'grad_norm': '0.3559', 'learning_rate': '1.895e-05', 'epoch': '5.264'}
{'loss': '0.03702', 'grad_norm': '0.1136', 'learning_rate': '1.895e-05', 'epoch': '5.27'}
{'loss': '0.05417', 'grad_norm': '10.72', 'learning_rate': '1.894e-05', 'epoch': '5.276'}
{'loss': '0.01637', 'grad_norm': '9.561', 'learning_rate': '1.894e-05', 'epoch': '5.283'}
{'loss': '0.04482', 'grad_norm': '0.2211', 'learning_rate': '1.894e-05', 'epoch': '5.289'}
{'loss': '0.03201', 'grad_norm': '0.6032', 'learning_rate': '1.894e-05', 'epoch': '5.295'}
{'loss': '0.03507', 'grad_norm': '10.9', 'learning_rate': '1.894e-05', 'epoch': '5.301'}
{'loss': '0.06502', 'grad_norm': '4.372', 'learning_rate': '1.894e-05', 'epoch': '5.307'}
{'loss': '0.04357', 'grad_norm': '0.7307', 'learning_rate': '1.894e-05', 'epoch': '5.313'}
{'loss': '0.03699', 'grad_norm': '0.239', 'learning_rate': '1.894e-05', 'epoch': '5.319'}
{'loss': '0.03083', 'grad_norm': '1.564', 'learning_rate': '1.894e-05', 'epoch': '5.326'}
{'loss': '0.05091', 'grad_norm': '0.08055', 'learning_rate': '1.893e-05', 'epoch': '5.332'}
{'loss': '0.05084', 'grad_norm': '5.9', 'learning_rate': '1.893e-05', 'epoch': '5.338'}
{'loss': '0.04982', 'grad_norm': '0.02132', 'learning_rate': '1.893e-05', 'epoch': '5.344'}
{'loss': '0.02708', 'grad_norm': '0.1222', 'learning_rate': '1.893e-05', 'epoch': '5.35'}
{'loss': '0.07272', 'grad_norm': '3.005', 'learning_rate': '1.893e-05', 'epoch': '5.356'}
{'loss': '0.03528', 'grad_norm': '0.2916', 'learning_rate': '1.893e-05', 'epoch': '5.362'}
{'loss': '0.07833', 'grad_norm': '13.17', 'learning_rate': '1.893e-05', 'epoch': '5.369'}
{'loss': '0.03189', 'grad_norm': '1.06', 'learning_rate': '1.893e-05', 'epoch': '5.375'}
{'loss': '0.03148', 'grad_norm': '1.825', 'learning_rate': '1.892e-05', 'epoch': '5.381'}
{'loss': '0.03422', 'grad_norm': '6.178', 'learning_rate': '1.892e-05', 'epoch': '5.387'}
{'loss': '0.03597', 'grad_norm': '0.02515', 'learning_rate': '1.892e-05', 'epoch': '5.393'}
{'loss': '0.01786', 'grad_norm': '0.7596', 'learning_rate': '1.892e-05', 'epoch': '5.399'}
{'loss': '0.05108', 'grad_norm': '2.85', 'learning_rate': '1.892e-05', 'epoch': '5.405'}
{'loss': '0.02652', 'grad_norm': '21.96', 'learning_rate': '1.892e-05', 'epoch': '5.412'}
{'loss': '0.003907', 'grad_norm': '0.3343', 'learning_rate': '1.892e-05', 'epoch': '5.418'}
{'loss': '0.07762', 'grad_norm': '2.964', 'learning_rate': '1.892e-05', 'epoch': '5.424'}
{'loss': '0.04316', 'grad_norm': '14.21', 'learning_rate': '1.891e-05', 'epoch': '5.43'}
{'loss': '0.004081', 'grad_norm': '0.1258', 'learning_rate': '1.891e-05', 'epoch': '5.436'}
{'loss': '0.0358', 'grad_norm': '1.787', 'learning_rate': '1.891e-05', 'epoch': '5.442'}
{'loss': '0.0396', 'grad_norm': '1.239', 'learning_rate': '1.891e-05', 'epoch': '5.448'}
{'loss': '0.03242', 'grad_norm': '0.06746', 'learning_rate': '1.891e-05', 'epoch': '5.455'}
{'loss': '0.01296', 'grad_norm': '6.066', 'learning_rate': '1.891e-05', 'epoch': '5.461'}
{'loss': '0.01937', 'grad_norm': '0.2453', 'learning_rate': '1.891e-05', 'epoch': '5.467'}
{'loss': '0.01767', 'grad_norm': '4.112', 'learning_rate': '1.891e-05', 'epoch': '5.473'}
{'loss': '0.05806', 'grad_norm': '8.582', 'learning_rate': '1.89e-05', 'epoch': '5.479'}
{'loss': '0.01618', 'grad_norm': '9.242', 'learning_rate': '1.89e-05', 'epoch': '5.485'}
{'loss': '0.01983', 'grad_norm': '0.5455', 'learning_rate': '1.89e-05', 'epoch': '5.491'}
{'loss': '0.03561', 'grad_norm': '4.722', 'learning_rate': '1.89e-05', 'epoch': '5.498'}
{'loss': '0.03404', 'grad_norm': '7.863', 'learning_rate': '1.89e-05', 'epoch': '5.504'}
{'loss': '0.02958', 'grad_norm': '0.145', 'learning_rate': '1.89e-05', 'epoch': '5.51'}
{'loss': '0.0129', 'grad_norm': '0.261', 'learning_rate': '1.89e-05', 'epoch': '5.516'}
{'loss': '0.03229', 'grad_norm': '6.623', 'learning_rate': '1.89e-05', 'epoch': '5.522'}
{'loss': '0.04931', 'grad_norm': '2.929', 'learning_rate': '1.889e-05', 'epoch': '5.528'}
{'loss': '0.05899', 'grad_norm': '7.872', 'learning_rate': '1.889e-05', 'epoch': '5.534'}
{'loss': '0.01961', 'grad_norm': '4.58', 'learning_rate': '1.889e-05', 'epoch': '5.541'}
{'loss': '0.01993', 'grad_norm': '8.849', 'learning_rate': '1.889e-05', 'epoch': '5.547'}
{'loss': '0.03738', 'grad_norm': '5.683', 'learning_rate': '1.889e-05', 'epoch': '5.553'}
{'loss': '0.02682', 'grad_norm': '3.005', 'learning_rate': '1.889e-05', 'epoch': '5.559'}
{'loss': '0.01571', 'grad_norm': '1.172', 'learning_rate': '1.889e-05', 'epoch': '5.565'}
{'loss': '0.04721', 'grad_norm': '1.268', 'learning_rate': '1.889e-05', 'epoch': '5.571'}
{'loss': '0.06458', 'grad_norm': '10.65', 'learning_rate': '1.888e-05', 'epoch': '5.577'}
{'loss': '0.01786', 'grad_norm': '6.863', 'learning_rate': '1.888e-05', 'epoch': '5.584'}
{'loss': '0.04223', 'grad_norm': '0.0909', 'learning_rate': '1.888e-05', 'epoch': '5.59'}
{'loss': '0.05421', 'grad_norm': '0.5507', 'learning_rate': '1.888e-05', 'epoch': '5.596'}
{'loss': '0.03559', 'grad_norm': '0.5399', 'learning_rate': '1.888e-05', 'epoch': '5.602'}
{'loss': '0.06113', 'grad_norm': '4.002', 'learning_rate': '1.888e-05', 'epoch': '5.608'}
{'loss': '0.02089', 'grad_norm': '0.2433', 'learning_rate': '1.888e-05', 'epoch': '5.614'}
{'loss': '0.004199', 'grad_norm': '1.449', 'learning_rate': '1.888e-05', 'epoch': '5.62'}
{'loss': '0.03704', 'grad_norm': '0.13', 'learning_rate': '1.887e-05', 'epoch': '5.627'}
{'loss': '0.03626', 'grad_norm': '17.38', 'learning_rate': '1.887e-05', 'epoch': '5.633'}
{'loss': '0.05353', 'grad_norm': '9.052', 'learning_rate': '1.887e-05', 'epoch': '5.639'}
{'loss': '0.03216', 'grad_norm': '0.02332', 'learning_rate': '1.887e-05', 'epoch': '5.645'}
{'loss': '0.01144', 'grad_norm': '8.648', 'learning_rate': '1.887e-05', 'epoch': '5.651'}
{'loss': '0.03037', 'grad_norm': '0.09206', 'learning_rate': '1.887e-05', 'epoch': '5.657'}
{'loss': '0.06869', 'grad_norm': '3.448', 'learning_rate': '1.887e-05', 'epoch': '5.663'}
{'loss': '0.07058', 'grad_norm': '0.2697', 'learning_rate': '1.887e-05', 'epoch': '5.67'}
{'loss': '0.04855', 'grad_norm': '4.014', 'learning_rate': '1.886e-05', 'epoch': '5.676'}
{'loss': '0.06901', 'grad_norm': '9.49', 'learning_rate': '1.886e-05', 'epoch': '5.682'}
{'loss': '0.03797', 'grad_norm': '4.068', 'learning_rate': '1.886e-05', 'epoch': '5.688'}
{'loss': '0.02073', 'grad_norm': '3.041', 'learning_rate': '1.886e-05', 'epoch': '5.694'}
{'loss': '0.01856', 'grad_norm': '0.8946', 'learning_rate': '1.886e-05', 'epoch': '5.7'}
{'loss': '0.01446', 'grad_norm': '7.125', 'learning_rate': '1.886e-05', 'epoch': '5.706'}
{'loss': '0.0289', 'grad_norm': '0.05182', 'learning_rate': '1.886e-05', 'epoch': '5.713'}
{'loss': '0.03639', 'grad_norm': '0.3044', 'learning_rate': '1.886e-05', 'epoch': '5.719'}
{'loss': '0.02061', 'grad_norm': '0.9575', 'learning_rate': '1.886e-05', 'epoch': '5.725'}
{'loss': '0.009767', 'grad_norm': '0.3842', 'learning_rate': '1.885e-05', 'epoch': '5.731'}
{'loss': '0.01332', 'grad_norm': '4.134', 'learning_rate': '1.885e-05', 'epoch': '5.737'}
{'loss': '0.04264', 'grad_norm': '0.05706', 'learning_rate': '1.885e-05', 'epoch': '5.743'}
{'loss': '0.01079', 'grad_norm': '10.54', 'learning_rate': '1.885e-05', 'epoch': '5.749'}
{'loss': '0.04223', 'grad_norm': '11.84', 'learning_rate': '1.885e-05', 'epoch': '5.756'}
{'loss': '0.007409', 'grad_norm': '0.8118', 'learning_rate': '1.885e-05', 'epoch': '5.762'}
{'loss': '0.03126', 'grad_norm': '0.01226', 'learning_rate': '1.885e-05', 'epoch': '5.768'}
{'loss': '0.06388', 'grad_norm': '6.877', 'learning_rate': '1.885e-05', 'epoch': '5.774'}
{'loss': '0.07364', 'grad_norm': '6.089', 'learning_rate': '1.884e-05', 'epoch': '5.78'}
{'loss': '0.03856', 'grad_norm': '1.716', 'learning_rate': '1.884e-05', 'epoch': '5.786'}
{'loss': '0.05614', 'grad_norm': '0.1014', 'learning_rate': '1.884e-05', 'epoch': '5.792'}
{'loss': '0.02294', 'grad_norm': '0.006485', 'learning_rate': '1.884e-05', 'epoch': '5.799'}
{'loss': '0.03145', 'grad_norm': '0.8762', 'learning_rate': '1.884e-05', 'epoch': '5.805'}
{'loss': '0.04887', 'grad_norm': '6.795', 'learning_rate': '1.884e-05', 'epoch': '5.811'}
{'loss': '0.03452', 'grad_norm': '0.0544', 'learning_rate': '1.884e-05', 'epoch': '5.817'}
{'loss': '0.01968', 'grad_norm': '3.145', 'learning_rate': '1.884e-05', 'epoch': '5.823'}
{'loss': '0.04011', 'grad_norm': '10.39', 'learning_rate': '1.883e-05', 'epoch': '5.829'}
{'loss': '0.05144', 'grad_norm': '1.839', 'learning_rate': '1.883e-05', 'epoch': '5.835'}
{'loss': '0.02193', 'grad_norm': '0.445', 'learning_rate': '1.883e-05', 'epoch': '5.842'}
{'loss': '0.02026', 'grad_norm': '0.01512', 'learning_rate': '1.883e-05', 'epoch': '5.848'}
{'loss': '0.01743', 'grad_norm': '7.596', 'learning_rate': '1.883e-05', 'epoch': '5.854'}
{'loss': '0.01583', 'grad_norm': '0.6317', 'learning_rate': '1.883e-05', 'epoch': '5.86'}
{'loss': '0.06911', 'grad_norm': '11.08', 'learning_rate': '1.883e-05', 'epoch': '5.866'}
{'loss': '0.01723', 'grad_norm': '5.212', 'learning_rate': '1.883e-05', 'epoch': '5.872'}
{'loss': '0.03659', 'grad_norm': '14.46', 'learning_rate': '1.882e-05', 'epoch': '5.878'}
{'loss': '0.02922', 'grad_norm': '2.892', 'learning_rate': '1.882e-05', 'epoch': '5.885'}
{'loss': '0.03417', 'grad_norm': '2.12', 'learning_rate': '1.882e-05', 'epoch': '5.891'}
{'loss': '0.05634', 'grad_norm': '0.1576', 'learning_rate': '1.882e-05', 'epoch': '5.897'}
{'loss': '0.0306', 'grad_norm': '5.132', 'learning_rate': '1.882e-05', 'epoch': '5.903'}
{'loss': '0.009961', 'grad_norm': '0.02967', 'learning_rate': '1.882e-05', 'epoch': '5.909'}
{'loss': '0.04148', 'grad_norm': '0.01174', 'learning_rate': '1.882e-05', 'epoch': '5.915'}
{'loss': '0.07559', 'grad_norm': '0.1643', 'learning_rate': '1.882e-05', 'epoch': '5.921'}
{'loss': '0.04093', 'grad_norm': '2.483', 'learning_rate': '1.881e-05', 'epoch': '5.928'}
{'loss': '0.0391', 'grad_norm': '0.5106', 'learning_rate': '1.881e-05', 'epoch': '5.934'}
{'loss': '0.03124', 'grad_norm': '0.09997', 'learning_rate': '1.881e-05', 'epoch': '5.94'}
{'loss': '0.04453', 'grad_norm': '0.0578', 'learning_rate': '1.881e-05', 'epoch': '5.946'}
{'loss': '0.1101', 'grad_norm': '11.37', 'learning_rate': '1.881e-05', 'epoch': '5.952'}
{'loss': '0.05757', 'grad_norm': '2.052', 'learning_rate': '1.881e-05', 'epoch': '5.958'}
{'loss': '0.04953', 'grad_norm': '2.926', 'learning_rate': '1.881e-05', 'epoch': '5.964'}
{'loss': '0.03859', 'grad_norm': '3.567', 'learning_rate': '1.881e-05', 'epoch': '5.971'}
{'loss': '0.05072', 'grad_norm': '0.009786', 'learning_rate': '1.88e-05', 'epoch': '5.977'}
{'loss': '0.05006', 'grad_norm': '7.337', 'learning_rate': '1.88e-05', 'epoch': '5.983'}
{'loss': '0.06456', 'grad_norm': '9.096', 'learning_rate': '1.88e-05', 'epoch': '5.989'}
{'loss': '0.06593', 'grad_norm': '3.555', 'learning_rate': '1.88e-05', 'epoch': '5.995'}
{'eval_loss': '0.8618', 'eval_accuracy': '0.8938', 'eval_precision': '0.9301', 'eval_recall': '0.8857', 'eval_f1': '0.9074', 'eval_runtime': '12.05', 'eval_samples_per_second': '1121', 'eval_steps_per_second': '17.59', 'epoch': '6'}
{'loss': '0.02512', 'grad_norm': '8.796', 'learning_rate': '1.88e-05', 'epoch': '6.001'}
{'loss': '0.03469', 'grad_norm': '0.124', 'learning_rate': '1.88e-05', 'epoch': '6.007'}
{'loss': '0.02109', 'grad_norm': '0.9529', 'learning_rate': '1.88e-05', 'epoch': '6.014'}
{'loss': '0.02421', 'grad_norm': '1.357', 'learning_rate': '1.88e-05', 'epoch': '6.02'}
{'loss': '0.04463', 'grad_norm': '0.9037', 'learning_rate': '1.879e-05', 'epoch': '6.026'}
{'loss': '0.03514', 'grad_norm': '0.01883', 'learning_rate': '1.879e-05', 'epoch': '6.032'}
{'loss': '0.02222', 'grad_norm': '13.59', 'learning_rate': '1.879e-05', 'epoch': '6.038'}
{'loss': '0.04073', 'grad_norm': '1.454', 'learning_rate': '1.879e-05', 'epoch': '6.044'}
{'loss': '0.01783', 'grad_norm': '6.499', 'learning_rate': '1.879e-05', 'epoch': '6.05'}
{'loss': '0.01329', 'grad_norm': '0.3476', 'learning_rate': '1.879e-05', 'epoch': '6.057'}
{'loss': '0.005655', 'grad_norm': '0.3482', 'learning_rate': '1.879e-05', 'epoch': '6.063'}
{'loss': '0.03584', 'grad_norm': '0.5194', 'learning_rate': '1.879e-05', 'epoch': '6.069'}
{'loss': '0.02784', 'grad_norm': '5.128', 'learning_rate': '1.879e-05', 'epoch': '6.075'}
{'loss': '0.003108', 'grad_norm': '0.3875', 'learning_rate': '1.878e-05', 'epoch': '6.081'}
{'loss': '0.03026', 'grad_norm': '0.01093', 'learning_rate': '1.878e-05', 'epoch': '6.087'}
{'loss': '0.006843', 'grad_norm': '0.02889', 'learning_rate': '1.878e-05', 'epoch': '6.093'}
{'loss': '0.0374', 'grad_norm': '4.843', 'learning_rate': '1.878e-05', 'epoch': '6.1'}
{'loss': '0.004882', 'grad_norm': '0.0296', 'learning_rate': '1.878e-05', 'epoch': '6.106'}
{'loss': '0.02067', 'grad_norm': '5.882', 'learning_rate': '1.878e-05', 'epoch': '6.112'}
{'loss': '0.005395', 'grad_norm': '0.1719', 'learning_rate': '1.878e-05', 'epoch': '6.118'}
{'loss': '0.03103', 'grad_norm': '14.33', 'learning_rate': '1.878e-05', 'epoch': '6.124'}
{'loss': '0.06544', 'grad_norm': '1.13', 'learning_rate': '1.877e-05', 'epoch': '6.13'}
{'loss': '0.01181', 'grad_norm': '2.956', 'learning_rate': '1.877e-05', 'epoch': '6.136'}
{'loss': '0.03317', 'grad_norm': '4.929', 'learning_rate': '1.877e-05', 'epoch': '6.143'}
{'loss': '0.02993', 'grad_norm': '1.585', 'learning_rate': '1.877e-05', 'epoch': '6.149'}
{'loss': '0.02518', 'grad_norm': '3.956', 'learning_rate': '1.877e-05', 'epoch': '6.155'}
{'loss': '0.02453', 'grad_norm': '0.01704', 'learning_rate': '1.877e-05', 'epoch': '6.161'}
{'loss': '0.02416', 'grad_norm': '0.8508', 'learning_rate': '1.877e-05', 'epoch': '6.167'}
{'loss': '0.02998', 'grad_norm': '9.497', 'learning_rate': '1.877e-05', 'epoch': '6.173'}
{'loss': '0.02352', 'grad_norm': '2.804', 'learning_rate': '1.876e-05', 'epoch': '6.179'}
{'loss': '0.03083', 'grad_norm': '0.05443', 'learning_rate': '1.876e-05', 'epoch': '6.186'}
{'loss': '0.01762', 'grad_norm': '0.3352', 'learning_rate': '1.876e-05', 'epoch': '6.192'}
{'loss': '0.03693', 'grad_norm': '0.1721', 'learning_rate': '1.876e-05', 'epoch': '6.198'}
{'loss': '0.05319', 'grad_norm': '0.01496', 'learning_rate': '1.876e-05', 'epoch': '6.204'}
{'loss': '0.0608', 'grad_norm': '0.07685', 'learning_rate': '1.876e-05', 'epoch': '6.21'}
{'loss': '0.009191', 'grad_norm': '0.0255', 'learning_rate': '1.876e-05', 'epoch': '6.216'}
{'loss': '0.0136', 'grad_norm': '0.0604', 'learning_rate': '1.876e-05', 'epoch': '6.222'}
{'loss': '0.01281', 'grad_norm': '4.599', 'learning_rate': '1.875e-05', 'epoch': '6.229'}
{'loss': '0.06566', 'grad_norm': '7.378', 'learning_rate': '1.875e-05', 'epoch': '6.235'}
{'loss': '0.03348', 'grad_norm': '0.4049', 'learning_rate': '1.875e-05', 'epoch': '6.241'}
{'loss': '0.03272', 'grad_norm': '0.05025', 'learning_rate': '1.875e-05', 'epoch': '6.247'}
{'loss': '0.03393', 'grad_norm': '0.1507', 'learning_rate': '1.875e-05', 'epoch': '6.253'}
{'loss': '0.02796', 'grad_norm': '2.497', 'learning_rate': '1.875e-05', 'epoch': '6.259'}
{'loss': '0.01913', 'grad_norm': '1.024', 'learning_rate': '1.875e-05', 'epoch': '6.265'}
{'loss': '0.01207', 'grad_norm': '0.09697', 'learning_rate': '1.875e-05', 'epoch': '6.271'}
{'loss': '0.06081', 'grad_norm': '0.948', 'learning_rate': '1.874e-05', 'epoch': '6.278'}
{'loss': '0.02783', 'grad_norm': '0.09666', 'learning_rate': '1.874e-05', 'epoch': '6.284'}
{'loss': '0.03046', 'grad_norm': '63.96', 'learning_rate': '1.874e-05', 'epoch': '6.29'}
{'loss': '0.02293', 'grad_norm': '0.1857', 'learning_rate': '1.874e-05', 'epoch': '6.296'}
{'loss': '0.008254', 'grad_norm': '9.374', 'learning_rate': '1.874e-05', 'epoch': '6.302'}
{'loss': '0.02118', 'grad_norm': '0.0246', 'learning_rate': '1.874e-05', 'epoch': '6.308'}
{'loss': '0.003511', 'grad_norm': '0.02193', 'learning_rate': '1.874e-05', 'epoch': '6.314'}
{'loss': '0.04837', 'grad_norm': '5.734', 'learning_rate': '1.874e-05', 'epoch': '6.321'}
{'loss': '0.01457', 'grad_norm': '0.7345', 'learning_rate': '1.873e-05', 'epoch': '6.327'}
{'loss': '0.04099', 'grad_norm': '13.03', 'learning_rate': '1.873e-05', 'epoch': '6.333'}
{'loss': '0.02829', 'grad_norm': '3.37', 'learning_rate': '1.873e-05', 'epoch': '6.339'}
{'loss': '0.0389', 'grad_norm': '1.308', 'learning_rate': '1.873e-05', 'epoch': '6.345'}
{'loss': '0.01353', 'grad_norm': '0.2753', 'learning_rate': '1.873e-05', 'epoch': '6.351'}
{'loss': '0.002617', 'grad_norm': '0.8049', 'learning_rate': '1.873e-05', 'epoch': '6.357'}
{'loss': '0.002188', 'grad_norm': '3.246', 'learning_rate': '1.873e-05', 'epoch': '6.364'}
{'loss': '0.01994', 'grad_norm': '0.6415', 'learning_rate': '1.873e-05', 'epoch': '6.37'}
{'loss': '0.006725', 'grad_norm': '0.9159', 'learning_rate': '1.872e-05', 'epoch': '6.376'}
{'loss': '0.01937', 'grad_norm': '9.548', 'learning_rate': '1.872e-05', 'epoch': '6.382'}
{'loss': '0.01762', 'grad_norm': '1.748', 'learning_rate': '1.872e-05', 'epoch': '6.388'}
{'loss': '0.02467', 'grad_norm': '0.09841', 'learning_rate': '1.872e-05', 'epoch': '6.394'}
{'loss': '0.05144', 'grad_norm': '29.22', 'learning_rate': '1.872e-05', 'epoch': '6.4'}
{'loss': '0.05459', 'grad_norm': '0.005473', 'learning_rate': '1.872e-05', 'epoch': '6.407'}
{'loss': '0.02599', 'grad_norm': '0.0004287', 'learning_rate': '1.872e-05', 'epoch': '6.413'}
{'loss': '0.06831', 'grad_norm': '0.09374', 'learning_rate': '1.872e-05', 'epoch': '6.419'}
{'loss': '0.04113', 'grad_norm': '3.472', 'learning_rate': '1.872e-05', 'epoch': '6.425'}
{'loss': '0.03453', 'grad_norm': '2.143', 'learning_rate': '1.871e-05', 'epoch': '6.431'}
{'loss': '0.033', 'grad_norm': '0.08275', 'learning_rate': '1.871e-05', 'epoch': '6.437'}
{'loss': '0.02278', 'grad_norm': '14.88', 'learning_rate': '1.871e-05', 'epoch': '6.443'}
{'loss': '0.02539', 'grad_norm': '2.315', 'learning_rate': '1.871e-05', 'epoch': '6.45'}
{'loss': '0.03582', 'grad_norm': '9.144', 'learning_rate': '1.871e-05', 'epoch': '6.456'}
{'loss': '0.04807', 'grad_norm': '0.1135', 'learning_rate': '1.871e-05', 'epoch': '6.462'}
{'loss': '0.02418', 'grad_norm': '0.09364', 'learning_rate': '1.871e-05', 'epoch': '6.468'}
{'loss': '0.0307', 'grad_norm': '0.3143', 'learning_rate': '1.871e-05', 'epoch': '6.474'}
{'loss': '0.01965', 'grad_norm': '4.664', 'learning_rate': '1.87e-05', 'epoch': '6.48'}
{'loss': '0.01142', 'grad_norm': '0.09397', 'learning_rate': '1.87e-05', 'epoch': '6.486'}
{'loss': '0.007469', 'grad_norm': '1.866', 'learning_rate': '1.87e-05', 'epoch': '6.493'}
{'loss': '0.03555', 'grad_norm': '4.872', 'learning_rate': '1.87e-05', 'epoch': '6.499'}
{'loss': '0.01821', 'grad_norm': '13.43', 'learning_rate': '1.87e-05', 'epoch': '6.505'}
{'loss': '0.001613', 'grad_norm': '0.003624', 'learning_rate': '1.87e-05', 'epoch': '6.511'}
{'loss': '0.03595', 'grad_norm': '2.296', 'learning_rate': '1.87e-05', 'epoch': '6.517'}
{'loss': '0.004396', 'grad_norm': '0.9858', 'learning_rate': '1.87e-05', 'epoch': '6.523'}
{'loss': '0.01271', 'grad_norm': '0.07598', 'learning_rate': '1.869e-05', 'epoch': '6.529'}
{'loss': '0.03132', 'grad_norm': '0.003522', 'learning_rate': '1.869e-05', 'epoch': '6.536'}
{'loss': '0.05665', 'grad_norm': '0.9851', 'learning_rate': '1.869e-05', 'epoch': '6.542'}
{'loss': '0.007368', 'grad_norm': '0.5395', 'learning_rate': '1.869e-05', 'epoch': '6.548'}
{'loss': '0.05019', 'grad_norm': '0.1565', 'learning_rate': '1.869e-05', 'epoch': '6.554'}
{'loss': '0.01432', 'grad_norm': '2.057', 'learning_rate': '1.869e-05', 'epoch': '6.56'}
{'loss': '0.05236', 'grad_norm': '0.03606', 'learning_rate': '1.869e-05', 'epoch': '6.566'}
{'loss': '0.04125', 'grad_norm': '5.963', 'learning_rate': '1.869e-05', 'epoch': '6.572'}
{'loss': '0.06511', 'grad_norm': '19.97', 'learning_rate': '1.868e-05', 'epoch': '6.579'}
{'loss': '0.01921', 'grad_norm': '1.197', 'learning_rate': '1.868e-05', 'epoch': '6.585'}
{'loss': '0.03898', 'grad_norm': '1.209', 'learning_rate': '1.868e-05', 'epoch': '6.591'}
{'loss': '0.02328', 'grad_norm': '0.8841', 'learning_rate': '1.868e-05', 'epoch': '6.597'}
{'loss': '0.03082', 'grad_norm': '0.4638', 'learning_rate': '1.868e-05', 'epoch': '6.603'}
{'loss': '0.04048', 'grad_norm': '0.02088', 'learning_rate': '1.868e-05', 'epoch': '6.609'}
{'loss': '0.02893', 'grad_norm': '0.08989', 'learning_rate': '1.868e-05', 'epoch': '6.615'}
{'loss': '0.04537', 'grad_norm': '8.553', 'learning_rate': '1.868e-05', 'epoch': '6.622'}
{'loss': '0.02935', 'grad_norm': '0.1311', 'learning_rate': '1.867e-05', 'epoch': '6.628'}
{'loss': '0.03231', 'grad_norm': '0.07939', 'learning_rate': '1.867e-05', 'epoch': '6.634'}
{'loss': '0.02028', 'grad_norm': '0.2993', 'learning_rate': '1.867e-05', 'epoch': '6.64'}
{'loss': '0.02961', 'grad_norm': '0.8372', 'learning_rate': '1.867e-05', 'epoch': '6.646'}
{'loss': '0.04389', 'grad_norm': '39.66', 'learning_rate': '1.867e-05', 'epoch': '6.652'}
{'loss': '0.03359', 'grad_norm': '0.007628', 'learning_rate': '1.867e-05', 'epoch': '6.658'}
{'loss': '0.03129', 'grad_norm': '0.2313', 'learning_rate': '1.867e-05', 'epoch': '6.665'}
{'loss': '0.03044', 'grad_norm': '4.424', 'learning_rate': '1.867e-05', 'epoch': '6.671'}
{'loss': '0.03627', 'grad_norm': '0.2425', 'learning_rate': '1.866e-05', 'epoch': '6.677'}
{'loss': '0.03197', 'grad_norm': '8.956', 'learning_rate': '1.866e-05', 'epoch': '6.683'}
{'loss': '0.02029', 'grad_norm': '4.713', 'learning_rate': '1.866e-05', 'epoch': '6.689'}
{'loss': '0.02864', 'grad_norm': '0.2875', 'learning_rate': '1.866e-05', 'epoch': '6.695'}
{'loss': '0.01387', 'grad_norm': '0.1297', 'learning_rate': '1.866e-05', 'epoch': '6.701'}
{'loss': '0.01061', 'grad_norm': '0.09129', 'learning_rate': '1.866e-05', 'epoch': '6.708'}
{'loss': '0.01999', 'grad_norm': '3.413', 'learning_rate': '1.866e-05', 'epoch': '6.714'}
{'loss': '0.02118', 'grad_norm': '4.991', 'learning_rate': '1.866e-05', 'epoch': '6.72'}
{'loss': '0.03206', 'grad_norm': '0.05766', 'learning_rate': '1.865e-05', 'epoch': '6.726'}
{'loss': '0.05057', 'grad_norm': '2.465', 'learning_rate': '1.865e-05', 'epoch': '6.732'}
{'loss': '0.02178', 'grad_norm': '0.6494', 'learning_rate': '1.865e-05', 'epoch': '6.738'}
{'loss': '0.01255', 'grad_norm': '2.171', 'learning_rate': '1.865e-05', 'epoch': '6.744'}
{'loss': '0.06968', 'grad_norm': '5.148', 'learning_rate': '1.865e-05', 'epoch': '6.751'}
{'loss': '0.02941', 'grad_norm': '0.902', 'learning_rate': '1.865e-05', 'epoch': '6.757'}
{'loss': '0.08426', 'grad_norm': '0.7152', 'learning_rate': '1.865e-05', 'epoch': '6.763'}
{'loss': '0.06655', 'grad_norm': '0.2242', 'learning_rate': '1.865e-05', 'epoch': '6.769'}
{'loss': '0.02747', 'grad_norm': '0.008119', 'learning_rate': '1.865e-05', 'epoch': '6.775'}
{'loss': '0.02917', 'grad_norm': '11.48', 'learning_rate': '1.864e-05', 'epoch': '6.781'}
{'loss': '0.01692', 'grad_norm': '0.03199', 'learning_rate': '1.864e-05', 'epoch': '6.787'}
{'loss': '0.05708', 'grad_norm': '0.02498', 'learning_rate': '1.864e-05', 'epoch': '6.794'}
{'loss': '0.02007', 'grad_norm': '0.06024', 'learning_rate': '1.864e-05', 'epoch': '6.8'}
{'loss': '0.02513', 'grad_norm': '0.003241', 'learning_rate': '1.864e-05', 'epoch': '6.806'}
{'loss': '0.05493', 'grad_norm': '18.02', 'learning_rate': '1.864e-05', 'epoch': '6.812'}
{'loss': '0.02355', 'grad_norm': '3.508', 'learning_rate': '1.864e-05', 'epoch': '6.818'}
{'loss': '0.08062', 'grad_norm': '0.09743', 'learning_rate': '1.864e-05', 'epoch': '6.824'}
{'loss': '0.03199', 'grad_norm': '1.507', 'learning_rate': '1.863e-05', 'epoch': '6.83'}
{'loss': '0.01804', 'grad_norm': '0.0009661', 'learning_rate': '1.863e-05', 'epoch': '6.837'}
{'loss': '0.0245', 'grad_norm': '1.936', 'learning_rate': '1.863e-05', 'epoch': '6.843'}
{'loss': '0.001126', 'grad_norm': '0.05086', 'learning_rate': '1.863e-05', 'epoch': '6.849'}
{'loss': '0.08215', 'grad_norm': '12.09', 'learning_rate': '1.863e-05', 'epoch': '6.855'}
{'loss': '0.05182', 'grad_norm': '1.269', 'learning_rate': '1.863e-05', 'epoch': '6.861'}
{'loss': '0.04853', 'grad_norm': '6.144', 'learning_rate': '1.863e-05', 'epoch': '6.867'}
{'loss': '0.01967', 'grad_norm': '1.264', 'learning_rate': '1.863e-05', 'epoch': '6.873'}
{'loss': '0.03602', 'grad_norm': '7.587', 'learning_rate': '1.862e-05', 'epoch': '6.88'}
{'loss': '0.02375', 'grad_norm': '0.4408', 'learning_rate': '1.862e-05', 'epoch': '6.886'}
{'loss': '0.0128', 'grad_norm': '0.0313', 'learning_rate': '1.862e-05', 'epoch': '6.892'}
{'loss': '0.0366', 'grad_norm': '0.08965', 'learning_rate': '1.862e-05', 'epoch': '6.898'}
{'loss': '0.04518', 'grad_norm': '0.1359', 'learning_rate': '1.862e-05', 'epoch': '6.904'}
{'loss': '0.02837', 'grad_norm': '0.3317', 'learning_rate': '1.862e-05', 'epoch': '6.91'}
{'loss': '0.05536', 'grad_norm': '3.64', 'learning_rate': '1.862e-05', 'epoch': '6.916'}
{'loss': '0.03504', 'grad_norm': '1.162', 'learning_rate': '1.862e-05', 'epoch': '6.923'}
{'loss': '0.02056', 'grad_norm': '0.01442', 'learning_rate': '1.861e-05', 'epoch': '6.929'}
{'loss': '0.04443', 'grad_norm': '0.01323', 'learning_rate': '1.861e-05', 'epoch': '6.935'}
{'loss': '0.0167', 'grad_norm': '0.03', 'learning_rate': '1.861e-05', 'epoch': '6.941'}
{'loss': '0.03358', 'grad_norm': '0.1556', 'learning_rate': '1.861e-05', 'epoch': '6.947'}
{'loss': '0.06635', 'grad_norm': '67.06', 'learning_rate': '1.861e-05', 'epoch': '6.953'}
{'loss': '0.01463', 'grad_norm': '0.03925', 'learning_rate': '1.861e-05', 'epoch': '6.959'}
{'loss': '0.01002', 'grad_norm': '0.5458', 'learning_rate': '1.861e-05', 'epoch': '6.966'}
{'loss': '0.02728', 'grad_norm': '0.05793', 'learning_rate': '1.861e-05', 'epoch': '6.972'}
{'loss': '0.03458', 'grad_norm': '0.2672', 'learning_rate': '1.86e-05', 'epoch': '6.978'}
{'loss': '0.01178', 'grad_norm': '0.385', 'learning_rate': '1.86e-05', 'epoch': '6.984'}
{'loss': '0.04266', 'grad_norm': '2.912', 'learning_rate': '1.86e-05', 'epoch': '6.99'}
{'loss': '0.05755', 'grad_norm': '27.18', 'learning_rate': '1.86e-05', 'epoch': '6.996'}
{'eval_loss': '0.9464', 'eval_accuracy': '0.8828', 'eval_precision': '0.9084', 'eval_recall': '0.8901', 'eval_f1': '0.8992', 'eval_runtime': '12.08', 'eval_samples_per_second': '1119', 'eval_steps_per_second': '17.55', 'epoch': '7'}
{'loss': '0.05674', 'grad_norm': '0.07658', 'learning_rate': '1.86e-05', 'epoch': '7.002'}
{'loss': '0.03646', 'grad_norm': '11.34', 'learning_rate': '1.86e-05', 'epoch': '7.009'}
{'loss': '0.0285', 'grad_norm': '108.8', 'learning_rate': '1.86e-05', 'epoch': '7.015'}
{'loss': '0.00888', 'grad_norm': '0.01463', 'learning_rate': '1.86e-05', 'epoch': '7.021'}
{'loss': '0.0455', 'grad_norm': '9.04', 'learning_rate': '1.859e-05', 'epoch': '7.027'}
{'loss': '0.01729', 'grad_norm': '4.76', 'learning_rate': '1.859e-05', 'epoch': '7.033'}
{'loss': '0.02267', 'grad_norm': '3.474', 'learning_rate': '1.859e-05', 'epoch': '7.039'}
{'loss': '0.03601', 'grad_norm': '5.129', 'learning_rate': '1.859e-05', 'epoch': '7.045'}
{'loss': '0.03504', 'grad_norm': '0.1638', 'learning_rate': '1.859e-05', 'epoch': '7.052'}
{'loss': '0.03898', 'grad_norm': '2.535', 'learning_rate': '1.859e-05', 'epoch': '7.058'}
{'loss': '0.02004', 'grad_norm': '0.03142', 'learning_rate': '1.859e-05', 'epoch': '7.064'}
{'loss': '0.006315', 'grad_norm': '2.056', 'learning_rate': '1.859e-05', 'epoch': '7.07'}
{'loss': '0.03034', 'grad_norm': '6.389', 'learning_rate': '1.858e-05', 'epoch': '7.076'}
{'loss': '0.06309', 'grad_norm': '0.04991', 'learning_rate': '1.858e-05', 'epoch': '7.082'}
{'loss': '0.01737', 'grad_norm': '0.1664', 'learning_rate': '1.858e-05', 'epoch': '7.088'}
{'loss': '0.01829', 'grad_norm': '2.093', 'learning_rate': '1.858e-05', 'epoch': '7.095'}
{'loss': '0.006884', 'grad_norm': '1.683', 'learning_rate': '1.858e-05', 'epoch': '7.101'}
{'loss': '0.02329', 'grad_norm': '0.009383', 'learning_rate': '1.858e-05', 'epoch': '7.107'}
{'loss': '0.0407', 'grad_norm': '19.27', 'learning_rate': '1.858e-05', 'epoch': '7.113'}
{'loss': '0.01336', 'grad_norm': '0.6553', 'learning_rate': '1.858e-05', 'epoch': '7.119'}
{'loss': '0.03106', 'grad_norm': '0.4779', 'learning_rate': '1.858e-05', 'epoch': '7.125'}
{'loss': '0.03914', 'grad_norm': '10.35', 'learning_rate': '1.857e-05', 'epoch': '7.131'}
{'loss': '0.04841', 'grad_norm': '2.845', 'learning_rate': '1.857e-05', 'epoch': '7.138'}
{'loss': '0.01808', 'grad_norm': '0.09363', 'learning_rate': '1.857e-05', 'epoch': '7.144'}
{'loss': '0.02913', 'grad_norm': '2.145', 'learning_rate': '1.857e-05', 'epoch': '7.15'}
{'loss': '0.006231', 'grad_norm': '0.5027', 'learning_rate': '1.857e-05', 'epoch': '7.156'}
{'loss': '0.02283', 'grad_norm': '0.003544', 'learning_rate': '1.857e-05', 'epoch': '7.162'}
{'loss': '0.008751', 'grad_norm': '1.264', 'learning_rate': '1.857e-05', 'epoch': '7.168'}
{'loss': '0.01175', 'grad_norm': '0.001761', 'learning_rate': '1.857e-05', 'epoch': '7.174'}
{'loss': '0.03885', 'grad_norm': '0.0288', 'learning_rate': '1.856e-05', 'epoch': '7.181'}
{'loss': '0.03697', 'grad_norm': '0.7427', 'learning_rate': '1.856e-05', 'epoch': '7.187'}
{'loss': '0.05554', 'grad_norm': '1.469', 'learning_rate': '1.856e-05', 'epoch': '7.193'}
{'loss': '0.05832', 'grad_norm': '2.259', 'learning_rate': '1.856e-05', 'epoch': '7.199'}
{'loss': '0.02592', 'grad_norm': '0.05597', 'learning_rate': '1.856e-05', 'epoch': '7.205'}
{'loss': '0.01635', 'grad_norm': '1.5', 'learning_rate': '1.856e-05', 'epoch': '7.211'}
{'loss': '0.006356', 'grad_norm': '0.02273', 'learning_rate': '1.856e-05', 'epoch': '7.217'}
{'loss': '0.006321', 'grad_norm': '0.06635', 'learning_rate': '1.856e-05', 'epoch': '7.224'}
{'loss': '0.0083', 'grad_norm': '0.09856', 'learning_rate': '1.855e-05', 'epoch': '7.23'}
{'loss': '0.05827', 'grad_norm': '6.518', 'learning_rate': '1.855e-05', 'epoch': '7.236'}
{'loss': '0.01635', 'grad_norm': '7.232', 'learning_rate': '1.855e-05', 'epoch': '7.242'}
{'loss': '0.01913', 'grad_norm': '0.04143', 'learning_rate': '1.855e-05', 'epoch': '7.248'}
{'loss': '0.01291', 'grad_norm': '0.8548', 'learning_rate': '1.855e-05', 'epoch': '7.254'}
{'loss': '0.006995', 'grad_norm': '0.009557', 'learning_rate': '1.855e-05', 'epoch': '7.26'}
{'loss': '0.009899', 'grad_norm': '0.01733', 'learning_rate': '1.855e-05', 'epoch': '7.267'}
{'loss': '0.02484', 'grad_norm': '5.18', 'learning_rate': '1.855e-05', 'epoch': '7.273'}
{'loss': '0.0419', 'grad_norm': '2.426', 'learning_rate': '1.854e-05', 'epoch': '7.279'}
{'loss': '0.006825', 'grad_norm': '9.266', 'learning_rate': '1.854e-05', 'epoch': '7.285'}
{'loss': '0.02371', 'grad_norm': '0.3552', 'learning_rate': '1.854e-05', 'epoch': '7.291'}
{'loss': '0.01078', 'grad_norm': '0.585', 'learning_rate': '1.854e-05', 'epoch': '7.297'}
{'loss': '0.05721', 'grad_norm': '1.007', 'learning_rate': '1.854e-05', 'epoch': '7.303'}
{'loss': '0.01648', 'grad_norm': '0.1771', 'learning_rate': '1.854e-05', 'epoch': '7.31'}
{'loss': '0.03022', 'grad_norm': '0.009578', 'learning_rate': '1.854e-05', 'epoch': '7.316'}
{'loss': '0.02003', 'grad_norm': '0.04503', 'learning_rate': '1.854e-05', 'epoch': '7.322'}
{'loss': '0.02934', 'grad_norm': '5.903', 'learning_rate': '1.853e-05', 'epoch': '7.328'}
{'loss': '0.02791', 'grad_norm': '0.05576', 'learning_rate': '1.853e-05', 'epoch': '7.334'}
{'loss': '0.02785', 'grad_norm': '4.316', 'learning_rate': '1.853e-05', 'epoch': '7.34'}
{'loss': '0.04032', 'grad_norm': '1.787', 'learning_rate': '1.853e-05', 'epoch': '7.346'}
{'loss': '0.0339', 'grad_norm': '0.0367', 'learning_rate': '1.853e-05', 'epoch': '7.353'}
{'loss': '0.01439', 'grad_norm': '0.07293', 'learning_rate': '1.853e-05', 'epoch': '7.359'}
{'loss': '0.04307', 'grad_norm': '0.08997', 'learning_rate': '1.853e-05', 'epoch': '7.365'}
{'loss': '0.01648', 'grad_norm': '3.326', 'learning_rate': '1.853e-05', 'epoch': '7.371'}
{'loss': '0.01079', 'grad_norm': '0.3318', 'learning_rate': '1.852e-05', 'epoch': '7.377'}
{'loss': '0.04218', 'grad_norm': '6.603', 'learning_rate': '1.852e-05', 'epoch': '7.383'}
{'loss': '0.03582', 'grad_norm': '0.04667', 'learning_rate': '1.852e-05', 'epoch': '7.389'}
{'loss': '0.04096', 'grad_norm': '0.9896', 'learning_rate': '1.852e-05', 'epoch': '7.396'}
{'loss': '0.01', 'grad_norm': '0.04735', 'learning_rate': '1.852e-05', 'epoch': '7.402'}
{'loss': '0.02602', 'grad_norm': '0.08094', 'learning_rate': '1.852e-05', 'epoch': '7.408'}
{'loss': '0.03766', 'grad_norm': '1.247', 'learning_rate': '1.852e-05', 'epoch': '7.414'}
{'loss': '0.0536', 'grad_norm': '8.917', 'learning_rate': '1.852e-05', 'epoch': '7.42'}
{'loss': '0.01521', 'grad_norm': '0.04589', 'learning_rate': '1.851e-05', 'epoch': '7.426'}
{'loss': '0.02089', 'grad_norm': '2.263', 'learning_rate': '1.851e-05', 'epoch': '7.432'}
{'loss': '0.03685', 'grad_norm': '0.02851', 'learning_rate': '1.851e-05', 'epoch': '7.439'}
{'loss': '0.02915', 'grad_norm': '8.78', 'learning_rate': '1.851e-05', 'epoch': '7.445'}
{'loss': '0.01365', 'grad_norm': '7.507', 'learning_rate': '1.851e-05', 'epoch': '7.451'}
{'loss': '0.006685', 'grad_norm': '2.807', 'learning_rate': '1.851e-05', 'epoch': '7.457'}
{'loss': '0.01603', 'grad_norm': '0.6224', 'learning_rate': '1.851e-05', 'epoch': '7.463'}
{'loss': '0.004928', 'grad_norm': '1.361', 'learning_rate': '1.851e-05', 'epoch': '7.469'}
{'loss': '0.03898', 'grad_norm': '1.21', 'learning_rate': '1.851e-05', 'epoch': '7.475'}
{'loss': '0.008122', 'grad_norm': '0.6039', 'learning_rate': '1.85e-05', 'epoch': '7.482'}
{'loss': '0.03916', 'grad_norm': '7.352', 'learning_rate': '1.85e-05', 'epoch': '7.488'}
{'loss': '0.06047', 'grad_norm': '0.008367', 'learning_rate': '1.85e-05', 'epoch': '7.494'}
{'loss': '0.04722', 'grad_norm': '0.002532', 'learning_rate': '1.85e-05', 'epoch': '7.5'}
{'loss': '0.01485', 'grad_norm': '2.799', 'learning_rate': '1.85e-05', 'epoch': '7.506'}
{'loss': '0.01874', 'grad_norm': '0.03223', 'learning_rate': '1.85e-05', 'epoch': '7.512'}
{'loss': '0.008118', 'grad_norm': '0.04746', 'learning_rate': '1.85e-05', 'epoch': '7.518'}
{'loss': '0.06241', 'grad_norm': '0.4631', 'learning_rate': '1.85e-05', 'epoch': '7.525'}
{'loss': '0.001507', 'grad_norm': '0.01495', 'learning_rate': '1.849e-05', 'epoch': '7.531'}
{'loss': '0.0192', 'grad_norm': '0.01273', 'learning_rate': '1.849e-05', 'epoch': '7.537'}
{'loss': '0.012', 'grad_norm': '0.2361', 'learning_rate': '1.849e-05', 'epoch': '7.543'}
{'loss': '0.01219', 'grad_norm': '0.2851', 'learning_rate': '1.849e-05', 'epoch': '7.549'}
{'loss': '0.04232', 'grad_norm': '2.828', 'learning_rate': '1.849e-05', 'epoch': '7.555'}
{'loss': '0.03327', 'grad_norm': '0.001451', 'learning_rate': '1.849e-05', 'epoch': '7.561'}
{'loss': '0.02447', 'grad_norm': '0.08917', 'learning_rate': '1.849e-05', 'epoch': '7.568'}
{'loss': '0.01735', 'grad_norm': '0.03594', 'learning_rate': '1.849e-05', 'epoch': '7.574'}
{'loss': '0.05691', 'grad_norm': '0.1661', 'learning_rate': '1.848e-05', 'epoch': '7.58'}
{'loss': '0.02925', 'grad_norm': '28.48', 'learning_rate': '1.848e-05', 'epoch': '7.586'}
{'loss': '0.01816', 'grad_norm': '2.121', 'learning_rate': '1.848e-05', 'epoch': '7.592'}
{'loss': '0.02311', 'grad_norm': '2.726', 'learning_rate': '1.848e-05', 'epoch': '7.598'}
{'loss': '0.04119', 'grad_norm': '8.579', 'learning_rate': '1.848e-05', 'epoch': '7.604'}
{'loss': '0.07312', 'grad_norm': '0.1451', 'learning_rate': '1.848e-05', 'epoch': '7.611'}
{'loss': '0.02556', 'grad_norm': '0.0131', 'learning_rate': '1.848e-05', 'epoch': '7.617'}
{'loss': '0.01872', 'grad_norm': '1.42', 'learning_rate': '1.848e-05', 'epoch': '7.623'}
{'loss': '0.01639', 'grad_norm': '0.765', 'learning_rate': '1.847e-05', 'epoch': '7.629'}
{'loss': '0.007667', 'grad_norm': '0.002352', 'learning_rate': '1.847e-05', 'epoch': '7.635'}
{'loss': '0.01658', 'grad_norm': '0.007226', 'learning_rate': '1.847e-05', 'epoch': '7.641'}
{'loss': '0.007482', 'grad_norm': '0.05174', 'learning_rate': '1.847e-05', 'epoch': '7.647'}
{'loss': '0.04004', 'grad_norm': '0.03392', 'learning_rate': '1.847e-05', 'epoch': '7.654'}
{'loss': '0.02596', 'grad_norm': '2.484', 'learning_rate': '1.847e-05', 'epoch': '7.66'}
{'loss': '0.006834', 'grad_norm': '0.02819', 'learning_rate': '1.847e-05', 'epoch': '7.666'}
{'loss': '0.007289', 'grad_norm': '0.2624', 'learning_rate': '1.847e-05', 'epoch': '7.672'}
{'loss': '0.007834', 'grad_norm': '5.662', 'learning_rate': '1.846e-05', 'epoch': '7.678'}
{'loss': '0.01504', 'grad_norm': '0.03353', 'learning_rate': '1.846e-05', 'epoch': '7.684'}
{'loss': '0.01669', 'grad_norm': '0.1576', 'learning_rate': '1.846e-05', 'epoch': '7.69'}
{'loss': '0.01767', 'grad_norm': '0.02172', 'learning_rate': '1.846e-05', 'epoch': '7.697'}
{'loss': '0.04178', 'grad_norm': '11.31', 'learning_rate': '1.846e-05', 'epoch': '7.703'}
{'loss': '0.03687', 'grad_norm': '0.741', 'learning_rate': '1.846e-05', 'epoch': '7.709'}
{'loss': '0.04107', 'grad_norm': '0.03505', 'learning_rate': '1.846e-05', 'epoch': '7.715'}
{'loss': '0.01977', 'grad_norm': '0.8019', 'learning_rate': '1.846e-05', 'epoch': '7.721'}
{'loss': '0.01136', 'grad_norm': '0.002577', 'learning_rate': '1.845e-05', 'epoch': '7.727'}
{'loss': '0.02842', 'grad_norm': '0.01395', 'learning_rate': '1.845e-05', 'epoch': '7.733'}
{'loss': '0.02755', 'grad_norm': '2.611', 'learning_rate': '1.845e-05', 'epoch': '7.74'}
{'loss': '0.0401', 'grad_norm': '0.00649', 'learning_rate': '1.845e-05', 'epoch': '7.746'}
{'loss': '0.005419', 'grad_norm': '0.1561', 'learning_rate': '1.845e-05', 'epoch': '7.752'}
{'loss': '0.02708', 'grad_norm': '0.05388', 'learning_rate': '1.845e-05', 'epoch': '7.758'}
{'loss': '0.0337', 'grad_norm': '3.975', 'learning_rate': '1.845e-05', 'epoch': '7.764'}
{'loss': '0.01628', 'grad_norm': '8.105', 'learning_rate': '1.845e-05', 'epoch': '7.77'}
{'loss': '0.0561', 'grad_norm': '8.594', 'learning_rate': '1.844e-05', 'epoch': '7.776'}
{'loss': '0.02739', 'grad_norm': '0.537', 'learning_rate': '1.844e-05', 'epoch': '7.783'}
{'loss': '0.04886', 'grad_norm': '0.09512', 'learning_rate': '1.844e-05', 'epoch': '7.789'}
{'loss': '0.01451', 'grad_norm': '0.04651', 'learning_rate': '1.844e-05', 'epoch': '7.795'}
{'loss': '0.028', 'grad_norm': '0.02058', 'learning_rate': '1.844e-05', 'epoch': '7.801'}
{'loss': '0.01076', 'grad_norm': '0.04284', 'learning_rate': '1.844e-05', 'epoch': '7.807'}
{'loss': '0.001505', 'grad_norm': '0.2609', 'learning_rate': '1.844e-05', 'epoch': '7.813'}
{'loss': '0.006237', 'grad_norm': '0.01084', 'learning_rate': '1.844e-05', 'epoch': '7.819'}
{'loss': '0.01399', 'grad_norm': '8.86', 'learning_rate': '1.844e-05', 'epoch': '7.826'}
{'loss': '0.04944', 'grad_norm': '5.023', 'learning_rate': '1.843e-05', 'epoch': '7.832'}
{'loss': '0.01828', 'grad_norm': '0.09601', 'learning_rate': '1.843e-05', 'epoch': '7.838'}
{'loss': '0.01556', 'grad_norm': '0.9734', 'learning_rate': '1.843e-05', 'epoch': '7.844'}
{'loss': '0.001214', 'grad_norm': '0.04944', 'learning_rate': '1.843e-05', 'epoch': '7.85'}
{'loss': '0.02164', 'grad_norm': '0.4058', 'learning_rate': '1.843e-05', 'epoch': '7.856'}
{'loss': '0.01682', 'grad_norm': '0.1558', 'learning_rate': '1.843e-05', 'epoch': '7.862'}
{'loss': '0.01635', 'grad_norm': '0.02314', 'learning_rate': '1.843e-05', 'epoch': '7.869'}
{'loss': '0.04556', 'grad_norm': '0.579', 'learning_rate': '1.843e-05', 'epoch': '7.875'}
{'loss': '0.01334', 'grad_norm': '0.07791', 'learning_rate': '1.842e-05', 'epoch': '7.881'}
{'loss': '0.08794', 'grad_norm': '9.637', 'learning_rate': '1.842e-05', 'epoch': '7.887'}
{'loss': '0.01187', 'grad_norm': '7.775', 'learning_rate': '1.842e-05', 'epoch': '7.893'}
{'loss': '0.03132', 'grad_norm': '0.487', 'learning_rate': '1.842e-05', 'epoch': '7.899'}
{'loss': '0.01348', 'grad_norm': '0.04943', 'learning_rate': '1.842e-05', 'epoch': '7.905'}
{'loss': '0.03507', 'grad_norm': '0.1996', 'learning_rate': '1.842e-05', 'epoch': '7.912'}
{'loss': '0.01786', 'grad_norm': '3.982', 'learning_rate': '1.842e-05', 'epoch': '7.918'}
{'loss': '0.01829', 'grad_norm': '0.4591', 'learning_rate': '1.842e-05', 'epoch': '7.924'}
{'loss': '0.02485', 'grad_norm': '0.2704', 'learning_rate': '1.841e-05', 'epoch': '7.93'}
{'loss': '0.04568', 'grad_norm': '0.00154', 'learning_rate': '1.841e-05', 'epoch': '7.936'}
{'loss': '0.04051', 'grad_norm': '17.41', 'learning_rate': '1.841e-05', 'epoch': '7.942'}
{'loss': '0.01171', 'grad_norm': '0.2862', 'learning_rate': '1.841e-05', 'epoch': '7.948'}
{'loss': '0.008632', 'grad_norm': '1.019', 'learning_rate': '1.841e-05', 'epoch': '7.955'}
{'loss': '0.01978', 'grad_norm': '0.01293', 'learning_rate': '1.841e-05', 'epoch': '7.961'}
{'loss': '0.01223', 'grad_norm': '0.003195', 'learning_rate': '1.841e-05', 'epoch': '7.967'}
{'loss': '0.003972', 'grad_norm': '0.342', 'learning_rate': '1.841e-05', 'epoch': '7.973'}
{'loss': '0.03808', 'grad_norm': '1.206', 'learning_rate': '1.84e-05', 'epoch': '7.979'}
{'loss': '0.02204', 'grad_norm': '0.3094', 'learning_rate': '1.84e-05', 'epoch': '7.985'}
{'loss': '0.002361', 'grad_norm': '0.04045', 'learning_rate': '1.84e-05', 'epoch': '7.991'}
{'loss': '0.02126', 'grad_norm': '3.575', 'learning_rate': '1.84e-05', 'epoch': '7.998'}
{'eval_loss': '1.125', 'eval_accuracy': '0.8895', 'eval_precision': '0.948', 'eval_recall': '0.8588', 'eval_f1': '0.9012', 'eval_runtime': '12.08', 'eval_samples_per_second': '1119', 'eval_steps_per_second': '17.55', 'epoch': '8'}
{'loss': '0.003637', 'grad_norm': '1.497', 'learning_rate': '1.84e-05', 'epoch': '8.004'}
{'loss': '0.01186', 'grad_norm': '1.195', 'learning_rate': '1.84e-05', 'epoch': '8.01'}
{'loss': '0.02693', 'grad_norm': '0.004906', 'learning_rate': '1.84e-05', 'epoch': '8.016'}
{'loss': '0.04078', 'grad_norm': '0.01244', 'learning_rate': '1.84e-05', 'epoch': '8.022'}
{'loss': '0.01882', 'grad_norm': '15.15', 'learning_rate': '1.839e-05', 'epoch': '8.028'}
{'loss': '0.06337', 'grad_norm': '13.07', 'learning_rate': '1.839e-05', 'epoch': '8.034'}
{'loss': '0.0009927', 'grad_norm': '0.01023', 'learning_rate': '1.839e-05', 'epoch': '8.041'}
{'loss': '0.02497', 'grad_norm': '0.1', 'learning_rate': '1.839e-05', 'epoch': '8.047'}
{'loss': '0.02101', 'grad_norm': '0.9421', 'learning_rate': '1.839e-05', 'epoch': '8.053'}
{'loss': '0.003072', 'grad_norm': '0.08365', 'learning_rate': '1.839e-05', 'epoch': '8.059'}
{'loss': '0.006941', 'grad_norm': '1.963', 'learning_rate': '1.839e-05', 'epoch': '8.065'}
{'loss': '0.00264', 'grad_norm': '0.8375', 'learning_rate': '1.839e-05', 'epoch': '8.071'}
{'loss': '0.04541', 'grad_norm': '0.06717', 'learning_rate': '1.838e-05', 'epoch': '8.077'}
{'loss': '0.007059', 'grad_norm': '0.943', 'learning_rate': '1.838e-05', 'epoch': '8.084'}
{'loss': '0.01331', 'grad_norm': '0.213', 'learning_rate': '1.838e-05', 'epoch': '8.09'}
{'loss': '0.03923', 'grad_norm': '2.379', 'learning_rate': '1.838e-05', 'epoch': '8.096'}
{'loss': '0.01062', 'grad_norm': '0.1982', 'learning_rate': '1.838e-05', 'epoch': '8.102'}
{'loss': '0.008848', 'grad_norm': '0.02394', 'learning_rate': '1.838e-05', 'epoch': '8.108'}
{'loss': '0.001098', 'grad_norm': '0.08211', 'learning_rate': '1.838e-05', 'epoch': '8.114'}
{'loss': '0.02903', 'grad_norm': '0.9563', 'learning_rate': '1.838e-05', 'epoch': '8.12'}
{'loss': '0.004706', 'grad_norm': '0.007804', 'learning_rate': '1.837e-05', 'epoch': '8.127'}
{'loss': '0.03385', 'grad_norm': '0.03274', 'learning_rate': '1.837e-05', 'epoch': '8.133'}
{'loss': '0.007039', 'grad_norm': '7.123', 'learning_rate': '1.837e-05', 'epoch': '8.139'}
{'loss': '0.02166', 'grad_norm': '0.01492', 'learning_rate': '1.837e-05', 'epoch': '8.145'}
{'loss': '0.04327', 'grad_norm': '12.97', 'learning_rate': '1.837e-05', 'epoch': '8.151'}
{'loss': '0.06416', 'grad_norm': '6.061', 'learning_rate': '1.837e-05', 'epoch': '8.157'}
{'loss': '0.02418', 'grad_norm': '0.03249', 'learning_rate': '1.837e-05', 'epoch': '8.163'}
{'loss': '0.02888', 'grad_norm': '0.003587', 'learning_rate': '1.837e-05', 'epoch': '8.17'}
{'loss': '0.05307', 'grad_norm': '0.001299', 'learning_rate': '1.836e-05', 'epoch': '8.176'}
{'loss': '0.04736', 'grad_norm': '0.141', 'learning_rate': '1.836e-05', 'epoch': '8.182'}
{'loss': '0.005721', 'grad_norm': '0.04069', 'learning_rate': '1.836e-05', 'epoch': '8.188'}
{'loss': '0.001975', 'grad_norm': '0.1682', 'learning_rate': '1.836e-05', 'epoch': '8.194'}
{'loss': '0.00562', 'grad_norm': '0.1527', 'learning_rate': '1.836e-05', 'epoch': '8.2'}
{'loss': '0.02035', 'grad_norm': '0.04051', 'learning_rate': '1.836e-05', 'epoch': '8.206'}
{'loss': '0.02066', 'grad_norm': '0.2064', 'learning_rate': '1.836e-05', 'epoch': '8.213'}
{'loss': '0.02018', 'grad_norm': '9.611', 'learning_rate': '1.836e-05', 'epoch': '8.219'}
{'loss': '0.01498', 'grad_norm': '3.689', 'learning_rate': '1.836e-05', 'epoch': '8.225'}
{'loss': '0.03386', 'grad_norm': '6.581', 'learning_rate': '1.835e-05', 'epoch': '8.231'}
{'loss': '0.00491', 'grad_norm': '0.1437', 'learning_rate': '1.835e-05', 'epoch': '8.237'}
{'loss': '0.01543', 'grad_norm': '0.5661', 'learning_rate': '1.835e-05', 'epoch': '8.243'}
{'loss': '0.05296', 'grad_norm': '10.77', 'learning_rate': '1.835e-05', 'epoch': '8.249'}
{'loss': '0.01873', 'grad_norm': '0.009762', 'learning_rate': '1.835e-05', 'epoch': '8.256'}
{'loss': '0.00961', 'grad_norm': '6.045', 'learning_rate': '1.835e-05', 'epoch': '8.262'}
{'loss': '0.04291', 'grad_norm': '1.326', 'learning_rate': '1.835e-05', 'epoch': '8.268'}
{'loss': '0.01896', 'grad_norm': '7.374', 'learning_rate': '1.835e-05', 'epoch': '8.274'}
{'loss': '0.007447', 'grad_norm': '11.56', 'learning_rate': '1.834e-05', 'epoch': '8.28'}
{'loss': '0.002176', 'grad_norm': '0.02145', 'learning_rate': '1.834e-05', 'epoch': '8.286'}
{'loss': '0.02341', 'grad_norm': '0.05601', 'learning_rate': '1.834e-05', 'epoch': '8.292'}
{'loss': '0.002786', 'grad_norm': '0.04583', 'learning_rate': '1.834e-05', 'epoch': '8.299'}
{'loss': '0.01001', 'grad_norm': '6.029', 'learning_rate': '1.834e-05', 'epoch': '8.305'}
{'loss': '0.01043', 'grad_norm': '0.3114', 'learning_rate': '1.834e-05', 'epoch': '8.311'}
{'loss': '0.02186', 'grad_norm': '0.9614', 'learning_rate': '1.834e-05', 'epoch': '8.317'}
{'loss': '0.009963', 'grad_norm': '2.523', 'learning_rate': '1.834e-05', 'epoch': '8.323'}
{'loss': '0.02159', 'grad_norm': '0.002599', 'learning_rate': '1.833e-05', 'epoch': '8.329'}
{'loss': '0.02058', 'grad_norm': '11.88', 'learning_rate': '1.833e-05', 'epoch': '8.335'}
{'loss': '0.02691', 'grad_norm': '0.0122', 'learning_rate': '1.833e-05', 'epoch': '8.342'}
{'loss': '0.03532', 'grad_norm': '5.756', 'learning_rate': '1.833e-05', 'epoch': '8.348'}
{'loss': '0.04674', 'grad_norm': '0.1332', 'learning_rate': '1.833e-05', 'epoch': '8.354'}
{'loss': '0.03143', 'grad_norm': '0.002003', 'learning_rate': '1.833e-05', 'epoch': '8.36'}
{'loss': '0.01432', 'grad_norm': '0.9675', 'learning_rate': '1.833e-05', 'epoch': '8.366'}
{'loss': '0.06883', 'grad_norm': '0.04073', 'learning_rate': '1.833e-05', 'epoch': '8.372'}
{'loss': '0.06967', 'grad_norm': '12.81', 'learning_rate': '1.832e-05', 'epoch': '8.378'}
{'loss': '0.03978', 'grad_norm': '0.7688', 'learning_rate': '1.832e-05', 'epoch': '8.385'}
{'loss': '0.01888', 'grad_norm': '0.34', 'learning_rate': '1.832e-05', 'epoch': '8.391'}
{'loss': '0.03695', 'grad_norm': '1.626', 'learning_rate': '1.832e-05', 'epoch': '8.397'}
{'loss': '0.01126', 'grad_norm': '0.4415', 'learning_rate': '1.832e-05', 'epoch': '8.403'}
{'loss': '0.01383', 'grad_norm': '10.59', 'learning_rate': '1.832e-05', 'epoch': '8.409'}
{'loss': '0.05718', 'grad_norm': '0.4366', 'learning_rate': '1.832e-05', 'epoch': '8.415'}
{'loss': '0.02672', 'grad_norm': '0.1411', 'learning_rate': '1.832e-05', 'epoch': '8.421'}
{'loss': '0.009029', 'grad_norm': '0.02754', 'learning_rate': '1.831e-05', 'epoch': '8.428'}
{'loss': '0.006029', 'grad_norm': '0.06775', 'learning_rate': '1.831e-05', 'epoch': '8.434'}
{'loss': '0.04386', 'grad_norm': '25.11', 'learning_rate': '1.831e-05', 'epoch': '8.44'}
{'loss': '0.01673', 'grad_norm': '0.01085', 'learning_rate': '1.831e-05', 'epoch': '8.446'}
{'loss': '0.05789', 'grad_norm': '0.449', 'learning_rate': '1.831e-05', 'epoch': '8.452'}
{'loss': '0.01443', 'grad_norm': '5.841', 'learning_rate': '1.831e-05', 'epoch': '8.458'}
{'loss': '0.00966', 'grad_norm': '0.05947', 'learning_rate': '1.831e-05', 'epoch': '8.464'}
{'loss': '0.03923', 'grad_norm': '0.0216', 'learning_rate': '1.831e-05', 'epoch': '8.471'}
{'loss': '0.008009', 'grad_norm': '0.11', 'learning_rate': '1.83e-05', 'epoch': '8.477'}
{'loss': '0.008699', 'grad_norm': '0.002016', 'learning_rate': '1.83e-05', 'epoch': '8.483'}
{'loss': '0.009735', 'grad_norm': '0.1377', 'learning_rate': '1.83e-05', 'epoch': '8.489'}
{'loss': '0.0455', 'grad_norm': '4.064', 'learning_rate': '1.83e-05', 'epoch': '8.495'}
{'loss': '0.0426', 'grad_norm': '0.02625', 'learning_rate': '1.83e-05', 'epoch': '8.501'}
{'loss': '0.01008', 'grad_norm': '0.01086', 'learning_rate': '1.83e-05', 'epoch': '8.507'}
{'loss': '0.0277', 'grad_norm': '0.1438', 'learning_rate': '1.83e-05', 'epoch': '8.514'}
{'loss': '0.02273', 'grad_norm': '0.28', 'learning_rate': '1.83e-05', 'epoch': '8.52'}
{'loss': '0.01432', 'grad_norm': '0.05705', 'learning_rate': '1.829e-05', 'epoch': '8.526'}
{'loss': '0.01508', 'grad_norm': '0.005715', 'learning_rate': '1.829e-05', 'epoch': '8.532'}
{'loss': '0.008181', 'grad_norm': '0.02943', 'learning_rate': '1.829e-05', 'epoch': '8.538'}
{'loss': '0.02158', 'grad_norm': '1.974', 'learning_rate': '1.829e-05', 'epoch': '8.544'}
{'loss': '0.0411', 'grad_norm': '0.1597', 'learning_rate': '1.829e-05', 'epoch': '8.55'}
{'loss': '0.03759', 'grad_norm': '9.792', 'learning_rate': '1.829e-05', 'epoch': '8.557'}
{'loss': '0.03424', 'grad_norm': '0.125', 'learning_rate': '1.829e-05', 'epoch': '8.563'}
{'loss': '0.01461', 'grad_norm': '9.147', 'learning_rate': '1.829e-05', 'epoch': '8.569'}
{'loss': '0.005312', 'grad_norm': '5.124', 'learning_rate': '1.829e-05', 'epoch': '8.575'}
{'loss': '0.02993', 'grad_norm': '0.009641', 'learning_rate': '1.828e-05', 'epoch': '8.581'}
{'loss': '0.01744', 'grad_norm': '0.04122', 'learning_rate': '1.828e-05', 'epoch': '8.587'}
{'loss': '0.04788', 'grad_norm': '8.241', 'learning_rate': '1.828e-05', 'epoch': '8.593'}
{'loss': '0.03526', 'grad_norm': '9.032', 'learning_rate': '1.828e-05', 'epoch': '8.6'}
{'loss': '0.01192', 'grad_norm': '0.03557', 'learning_rate': '1.828e-05', 'epoch': '8.606'}
{'loss': '0.01176', 'grad_norm': '0.06054', 'learning_rate': '1.828e-05', 'epoch': '8.612'}
{'loss': '0.01272', 'grad_norm': '2.891', 'learning_rate': '1.828e-05', 'epoch': '8.618'}
{'loss': '0.0007601', 'grad_norm': '0.04159', 'learning_rate': '1.828e-05', 'epoch': '8.624'}
{'loss': '0.02973', 'grad_norm': '0.01772', 'learning_rate': '1.827e-05', 'epoch': '8.63'}
{'loss': '0.006972', 'grad_norm': '0.09882', 'learning_rate': '1.827e-05', 'epoch': '8.636'}
{'loss': '0.01229', 'grad_norm': '10.96', 'learning_rate': '1.827e-05', 'epoch': '8.643'}
{'loss': '0.004205', 'grad_norm': '0.01744', 'learning_rate': '1.827e-05', 'epoch': '8.649'}
{'loss': '0.01122', 'grad_norm': '0.01435', 'learning_rate': '1.827e-05', 'epoch': '8.655'}
{'loss': '0.01963', 'grad_norm': '0.06135', 'learning_rate': '1.827e-05', 'epoch': '8.661'}
{'loss': '0.005356', 'grad_norm': '0.2475', 'learning_rate': '1.827e-05', 'epoch': '8.667'}
{'loss': '0.003368', 'grad_norm': '0.02283', 'learning_rate': '1.827e-05', 'epoch': '8.673'}
{'loss': '0.02992', 'grad_norm': '14.29', 'learning_rate': '1.826e-05', 'epoch': '8.679'}
{'loss': '0.01096', 'grad_norm': '0.005856', 'learning_rate': '1.826e-05', 'epoch': '8.686'}
{'loss': '0.0077', 'grad_norm': '0.07165', 'learning_rate': '1.826e-05', 'epoch': '8.692'}
{'loss': '0.006857', 'grad_norm': '0.107', 'learning_rate': '1.826e-05', 'epoch': '8.698'}
{'loss': '0.02838', 'grad_norm': '0.2844', 'learning_rate': '1.826e-05', 'epoch': '8.704'}
{'loss': '0.02128', 'grad_norm': '0.165', 'learning_rate': '1.826e-05', 'epoch': '8.71'}
{'loss': '0.02327', 'grad_norm': '2.367', 'learning_rate': '1.826e-05', 'epoch': '8.716'}
{'loss': '0.03975', 'grad_norm': '1.521', 'learning_rate': '1.826e-05', 'epoch': '8.722'}
{'loss': '0.01593', 'grad_norm': '1.555', 'learning_rate': '1.825e-05', 'epoch': '8.729'}
{'loss': '0.01199', 'grad_norm': '0.6141', 'learning_rate': '1.825e-05', 'epoch': '8.735'}
{'loss': '0.05448', 'grad_norm': '0.05272', 'learning_rate': '1.825e-05', 'epoch': '8.741'}
{'loss': '0.01899', 'grad_norm': '0.0117', 'learning_rate': '1.825e-05', 'epoch': '8.747'}
{'loss': '0.03285', 'grad_norm': '0.1075', 'learning_rate': '1.825e-05', 'epoch': '8.753'}
{'loss': '0.0189', 'grad_norm': '1.438', 'learning_rate': '1.825e-05', 'epoch': '8.759'}
{'loss': '0.01037', 'grad_norm': '0.001751', 'learning_rate': '1.825e-05', 'epoch': '8.765'}
{'loss': '0.0105', 'grad_norm': '0.0005925', 'learning_rate': '1.825e-05', 'epoch': '8.771'}
{'loss': '0.00554', 'grad_norm': '0.001914', 'learning_rate': '1.824e-05', 'epoch': '8.778'}
{'loss': '0.006256', 'grad_norm': '0.2609', 'learning_rate': '1.824e-05', 'epoch': '8.784'}
{'loss': '0.00323', 'grad_norm': '0.03437', 'learning_rate': '1.824e-05', 'epoch': '8.79'}
{'loss': '0.02265', 'grad_norm': '0.02998', 'learning_rate': '1.824e-05', 'epoch': '8.796'}
{'loss': '0.04545', 'grad_norm': '0.01157', 'learning_rate': '1.824e-05', 'epoch': '8.802'}
{'loss': '0.04119', 'grad_norm': '0.03559', 'learning_rate': '1.824e-05', 'epoch': '8.808'}
{'loss': '0.02331', 'grad_norm': '6.564', 'learning_rate': '1.824e-05', 'epoch': '8.814'}
{'loss': '0.0154', 'grad_norm': '0.4839', 'learning_rate': '1.824e-05', 'epoch': '8.821'}
{'loss': '0.02658', 'grad_norm': '0.02443', 'learning_rate': '1.823e-05', 'epoch': '8.827'}
{'loss': '0.04467', 'grad_norm': '0.6583', 'learning_rate': '1.823e-05', 'epoch': '8.833'}
{'loss': '0.01958', 'grad_norm': '1.319', 'learning_rate': '1.823e-05', 'epoch': '8.839'}
{'loss': '0.03006', 'grad_norm': '0.002919', 'learning_rate': '1.823e-05', 'epoch': '8.845'}
{'loss': '0.008097', 'grad_norm': '0.002135', 'learning_rate': '1.823e-05', 'epoch': '8.851'}
{'loss': '0.01365', 'grad_norm': '0.001973', 'learning_rate': '1.823e-05', 'epoch': '8.857'}
{'loss': '0.009322', 'grad_norm': '1.78', 'learning_rate': '1.823e-05', 'epoch': '8.864'}
{'loss': '0.0002648', 'grad_norm': '0.03856', 'learning_rate': '1.823e-05', 'epoch': '8.87'}
{'loss': '0.01364', 'grad_norm': '1.039', 'learning_rate': '1.822e-05', 'epoch': '8.876'}
{'loss': '0.03086', 'grad_norm': '2.744', 'learning_rate': '1.822e-05', 'epoch': '8.882'}
{'loss': '0.002671', 'grad_norm': '0.003222', 'learning_rate': '1.822e-05', 'epoch': '8.888'}
{'loss': '0.03095', 'grad_norm': '0.02572', 'learning_rate': '1.822e-05', 'epoch': '8.894'}
{'loss': '0.0171', 'grad_norm': '4.264', 'learning_rate': '1.822e-05', 'epoch': '8.9'}
{'loss': '0.09479', 'grad_norm': '2.029', 'learning_rate': '1.822e-05', 'epoch': '8.907'}
{'loss': '0.03234', 'grad_norm': '2.808', 'learning_rate': '1.822e-05', 'epoch': '8.913'}
{'loss': '0.02462', 'grad_norm': '2.448', 'learning_rate': '1.822e-05', 'epoch': '8.919'}
{'loss': '0.01406', 'grad_norm': '0.007186', 'learning_rate': '1.822e-05', 'epoch': '8.925'}
{'loss': '0.06052', 'grad_norm': '9.403', 'learning_rate': '1.821e-05', 'epoch': '8.931'}
{'loss': '0.01156', 'grad_norm': '2.251', 'learning_rate': '1.821e-05', 'epoch': '8.937'}
{'loss': '0.001317', 'grad_norm': '4.179', 'learning_rate': '1.821e-05', 'epoch': '8.943'}
{'loss': '0.0165', 'grad_norm': '0.09827', 'learning_rate': '1.821e-05', 'epoch': '8.95'}
{'loss': '0.01379', 'grad_norm': '7.148', 'learning_rate': '1.821e-05', 'epoch': '8.956'}
{'loss': '0.0341', 'grad_norm': '1', 'learning_rate': '1.821e-05', 'epoch': '8.962'}
{'loss': '0.006037', 'grad_norm': '0.0194', 'learning_rate': '1.821e-05', 'epoch': '8.968'}
{'loss': '0.01771', 'grad_norm': '0.1571', 'learning_rate': '1.821e-05', 'epoch': '8.974'}
{'loss': '0.02307', 'grad_norm': '0.004554', 'learning_rate': '1.82e-05', 'epoch': '8.98'}
{'loss': '0.02797', 'grad_norm': '0.3003', 'learning_rate': '1.82e-05', 'epoch': '8.986'}
{'loss': '0.001732', 'grad_norm': '0.2963', 'learning_rate': '1.82e-05', 'epoch': '8.993'}
{'loss': '0.04424', 'grad_norm': '0.0291', 'learning_rate': '1.82e-05', 'epoch': '8.999'}
{'eval_loss': '1.031', 'eval_accuracy': '0.8917', 'eval_precision': '0.9325', 'eval_recall': '0.8793', 'eval_f1': '0.9051', 'eval_runtime': '12.06', 'eval_samples_per_second': '1120', 'eval_steps_per_second': '17.57', 'epoch': '9'}
{'loss': '0.00613', 'grad_norm': '1.963', 'learning_rate': '1.82e-05', 'epoch': '9.005'}
{'loss': '0.008861', 'grad_norm': '0.2245', 'learning_rate': '1.82e-05', 'epoch': '9.011'}
{'loss': '0.004521', 'grad_norm': '1.96', 'learning_rate': '1.82e-05', 'epoch': '9.017'}
{'loss': '0.02414', 'grad_norm': '0.1155', 'learning_rate': '1.82e-05', 'epoch': '9.023'}
{'loss': '0.02078', 'grad_norm': '1.393', 'learning_rate': '1.819e-05', 'epoch': '9.029'}
{'loss': '0.007796', 'grad_norm': '0.02558', 'learning_rate': '1.819e-05', 'epoch': '9.036'}
{'loss': '0.005482', 'grad_norm': '0.05843', 'learning_rate': '1.819e-05', 'epoch': '9.042'}
{'loss': '0.02191', 'grad_norm': '0.8543', 'learning_rate': '1.819e-05', 'epoch': '9.048'}
{'loss': '0.02221', 'grad_norm': '0.01668', 'learning_rate': '1.819e-05', 'epoch': '9.054'}
{'loss': '0.02004', 'grad_norm': '18.08', 'learning_rate': '1.819e-05', 'epoch': '9.06'}
{'loss': '0.0231', 'grad_norm': '0.875', 'learning_rate': '1.819e-05', 'epoch': '9.066'}
{'loss': '0.0199', 'grad_norm': '0.0003569', 'learning_rate': '1.819e-05', 'epoch': '9.072'}
{'loss': '0.00875', 'grad_norm': '0.0617', 'learning_rate': '1.818e-05', 'epoch': '9.079'}
{'loss': '0.03524', 'grad_norm': '0.01383', 'learning_rate': '1.818e-05', 'epoch': '9.085'}
{'loss': '0.03086', 'grad_norm': '3.442', 'learning_rate': '1.818e-05', 'epoch': '9.091'}
{'loss': '0.01759', 'grad_norm': '0.1474', 'learning_rate': '1.818e-05', 'epoch': '9.097'}
{'loss': '0.007863', 'grad_norm': '1.545', 'learning_rate': '1.818e-05', 'epoch': '9.103'}
{'loss': '0.0172', 'grad_norm': '0.1115', 'learning_rate': '1.818e-05', 'epoch': '9.109'}
{'loss': '0.0436', 'grad_norm': '0.02373', 'learning_rate': '1.818e-05', 'epoch': '9.115'}
{'loss': '0.01589', 'grad_norm': '6.064', 'learning_rate': '1.818e-05', 'epoch': '9.122'}
{'loss': '0.02122', 'grad_norm': '0.003672', 'learning_rate': '1.817e-05', 'epoch': '9.128'}
{'loss': '0.01469', 'grad_norm': '0.4774', 'learning_rate': '1.817e-05', 'epoch': '9.134'}
{'loss': '0.01787', 'grad_norm': '4.926', 'learning_rate': '1.817e-05', 'epoch': '9.14'}
{'loss': '0.02767', 'grad_norm': '0.02309', 'learning_rate': '1.817e-05', 'epoch': '9.146'}
{'loss': '0.009202', 'grad_norm': '0.5804', 'learning_rate': '1.817e-05', 'epoch': '9.152'}
{'loss': '0.01234', 'grad_norm': '2.855', 'learning_rate': '1.817e-05', 'epoch': '9.158'}
{'loss': '0.01144', 'grad_norm': '6.889', 'learning_rate': '1.817e-05', 'epoch': '9.165'}
{'loss': '0.04226', 'grad_norm': '0.00145', 'learning_rate': '1.817e-05', 'epoch': '9.171'}
{'loss': '0.009557', 'grad_norm': '0.04308', 'learning_rate': '1.816e-05', 'epoch': '9.177'}
{'loss': '0.01221', 'grad_norm': '0.8062', 'learning_rate': '1.816e-05', 'epoch': '9.183'}
{'loss': '0.0286', 'grad_norm': '92.05', 'learning_rate': '1.816e-05', 'epoch': '9.189'}
{'loss': '0.0006967', 'grad_norm': '0.008884', 'learning_rate': '1.816e-05', 'epoch': '9.195'}
{'loss': '0.02395', 'grad_norm': '0.7525', 'learning_rate': '1.816e-05', 'epoch': '9.201'}
{'loss': '0.0261', 'grad_norm': '0.004505', 'learning_rate': '1.816e-05', 'epoch': '9.208'}
{'loss': '0.04781', 'grad_norm': '15.6', 'learning_rate': '1.816e-05', 'epoch': '9.214'}
{'loss': '0.0397', 'grad_norm': '1.436', 'learning_rate': '1.816e-05', 'epoch': '9.22'}
{'loss': '0.02159', 'grad_norm': '2.041', 'learning_rate': '1.815e-05', 'epoch': '9.226'}
{'loss': '0.02104', 'grad_norm': '0.9382', 'learning_rate': '1.815e-05', 'epoch': '9.232'}
{'loss': '0.00382', 'grad_norm': '3.692', 'learning_rate': '1.815e-05', 'epoch': '9.238'}
{'loss': '0.005069', 'grad_norm': '0.3019', 'learning_rate': '1.815e-05', 'epoch': '9.244'}
{'loss': '0.0115', 'grad_norm': '0.01413', 'learning_rate': '1.815e-05', 'epoch': '9.251'}
{'loss': '0.00906', 'grad_norm': '0.003001', 'learning_rate': '1.815e-05', 'epoch': '9.257'}
{'loss': '0.02997', 'grad_norm': '9.396', 'learning_rate': '1.815e-05', 'epoch': '9.263'}
{'loss': '0.02031', 'grad_norm': '0.1648', 'learning_rate': '1.815e-05', 'epoch': '9.269'}
{'loss': '0.01157', 'grad_norm': '0.003361', 'learning_rate': '1.815e-05', 'epoch': '9.275'}
{'loss': '0.04133', 'grad_norm': '5.01', 'learning_rate': '1.814e-05', 'epoch': '9.281'}
{'loss': '0.03536', 'grad_norm': '10.54', 'learning_rate': '1.814e-05', 'epoch': '9.287'}
{'loss': '0.02508', 'grad_norm': '2.962', 'learning_rate': '1.814e-05', 'epoch': '9.294'}
{'loss': '0.001499', 'grad_norm': '0.009528', 'learning_rate': '1.814e-05', 'epoch': '9.3'}
{'loss': '0.01754', 'grad_norm': '0.2889', 'learning_rate': '1.814e-05', 'epoch': '9.306'}
{'loss': '0.00855', 'grad_norm': '0.03573', 'learning_rate': '1.814e-05', 'epoch': '9.312'}
{'loss': '0.001548', 'grad_norm': '0.6625', 'learning_rate': '1.814e-05', 'epoch': '9.318'}
{'loss': '0.005727', 'grad_norm': '1.135', 'learning_rate': '1.814e-05', 'epoch': '9.324'}
{'loss': '0.00359', 'grad_norm': '0.089', 'learning_rate': '1.813e-05', 'epoch': '9.33'}
{'loss': '0.008062', 'grad_norm': '2.748', 'learning_rate': '1.813e-05', 'epoch': '9.337'}
{'loss': '0.006078', 'grad_norm': '11.88', 'learning_rate': '1.813e-05', 'epoch': '9.343'}
{'loss': '0.004739', 'grad_norm': '1.179', 'learning_rate': '1.813e-05', 'epoch': '9.349'}
{'loss': '0.02385', 'grad_norm': '0.8443', 'learning_rate': '1.813e-05', 'epoch': '9.355'}
{'loss': '0.03719', 'grad_norm': '0.2684', 'learning_rate': '1.813e-05', 'epoch': '9.361'}
{'loss': '0.01217', 'grad_norm': '0.2116', 'learning_rate': '1.813e-05', 'epoch': '9.367'}
{'loss': '0.007375', 'grad_norm': '0.0318', 'learning_rate': '1.813e-05', 'epoch': '9.373'}
{'loss': '0.04779', 'grad_norm': '0.004341', 'learning_rate': '1.812e-05', 'epoch': '9.38'}
{'loss': '0.0337', 'grad_norm': '0.4863', 'learning_rate': '1.812e-05', 'epoch': '9.386'}
{'loss': '0.009968', 'grad_norm': '0.4292', 'learning_rate': '1.812e-05', 'epoch': '9.392'}
{'loss': '0.0303', 'grad_norm': '6.902', 'learning_rate': '1.812e-05', 'epoch': '9.398'}
{'loss': '0.002991', 'grad_norm': '7.533', 'learning_rate': '1.812e-05', 'epoch': '9.404'}
{'loss': '0.01359', 'grad_norm': '1.537', 'learning_rate': '1.812e-05', 'epoch': '9.41'}
{'loss': '0.01124', 'grad_norm': '2.434', 'learning_rate': '1.812e-05', 'epoch': '9.416'}
{'loss': '0.1016', 'grad_norm': '0.5117', 'learning_rate': '1.812e-05', 'epoch': '9.423'}
{'loss': '0.03141', 'grad_norm': '0.8182', 'learning_rate': '1.811e-05', 'epoch': '9.429'}
{'loss': '0.01276', 'grad_norm': '0.375', 'learning_rate': '1.811e-05', 'epoch': '9.435'}
{'loss': '0.003982', 'grad_norm': '0.01014', 'learning_rate': '1.811e-05', 'epoch': '9.441'}
{'loss': '0.01492', 'grad_norm': '0.6324', 'learning_rate': '1.811e-05', 'epoch': '9.447'}
{'loss': '0.02435', 'grad_norm': '21.35', 'learning_rate': '1.811e-05', 'epoch': '9.453'}
{'loss': '0.007566', 'grad_norm': '0.009562', 'learning_rate': '1.811e-05', 'epoch': '9.459'}
{'loss': '0.009669', 'grad_norm': '0.08424', 'learning_rate': '1.811e-05', 'epoch': '9.466'}
{'loss': '0.001737', 'grad_norm': '0.005847', 'learning_rate': '1.811e-05', 'epoch': '9.472'}
{'loss': '0.009304', 'grad_norm': '3.07', 'learning_rate': '1.81e-05', 'epoch': '9.478'}
{'loss': '0.01461', 'grad_norm': '0.2492', 'learning_rate': '1.81e-05', 'epoch': '9.484'}
{'loss': '0.02844', 'grad_norm': '0.9282', 'learning_rate': '1.81e-05', 'epoch': '9.49'}
{'loss': '0.03294', 'grad_norm': '0.6491', 'learning_rate': '1.81e-05', 'epoch': '9.496'}
{'loss': '0.03324', 'grad_norm': '1.147', 'learning_rate': '1.81e-05', 'epoch': '9.502'}
{'loss': '0.009322', 'grad_norm': '0.0363', 'learning_rate': '1.81e-05', 'epoch': '9.509'}
{'loss': '0.02313', 'grad_norm': '1.909', 'learning_rate': '1.81e-05', 'epoch': '9.515'}
{'loss': '0.0183', 'grad_norm': '1.469', 'learning_rate': '1.81e-05', 'epoch': '9.521'}
{'loss': '0.006168', 'grad_norm': '0.08992', 'learning_rate': '1.809e-05', 'epoch': '9.527'}
{'loss': '0.01075', 'grad_norm': '1.069', 'learning_rate': '1.809e-05', 'epoch': '9.533'}
{'loss': '0.009923', 'grad_norm': '0.002021', 'learning_rate': '1.809e-05', 'epoch': '9.539'}
{'loss': '0.003315', 'grad_norm': '0.02696', 'learning_rate': '1.809e-05', 'epoch': '9.545'}
{'loss': '0.0162', 'grad_norm': '0.005771', 'learning_rate': '1.809e-05', 'epoch': '9.552'}
{'loss': '0.008328', 'grad_norm': '0.09993', 'learning_rate': '1.809e-05', 'epoch': '9.558'}
{'loss': '0.02464', 'grad_norm': '6.255', 'learning_rate': '1.809e-05', 'epoch': '9.564'}
{'loss': '0.04852', 'grad_norm': '1.235', 'learning_rate': '1.809e-05', 'epoch': '9.57'}
{'loss': '0.03463', 'grad_norm': '3.921', 'learning_rate': '1.808e-05', 'epoch': '9.576'}
{'loss': '0.005178', 'grad_norm': '4.155', 'learning_rate': '1.808e-05', 'epoch': '9.582'}
{'loss': '0.004342', 'grad_norm': '0.01148', 'learning_rate': '1.808e-05', 'epoch': '9.588'}
{'loss': '0.04283', 'grad_norm': '0.00732', 'learning_rate': '1.808e-05', 'epoch': '9.595'}
{'loss': '0.001531', 'grad_norm': '0.1161', 'learning_rate': '1.808e-05', 'epoch': '9.601'}
{'loss': '0.01893', 'grad_norm': '0.7305', 'learning_rate': '1.808e-05', 'epoch': '9.607'}
{'loss': '0.005593', 'grad_norm': '3.689', 'learning_rate': '1.808e-05', 'epoch': '9.613'}
{'loss': '0.03189', 'grad_norm': '0.0004079', 'learning_rate': '1.808e-05', 'epoch': '9.619'}
{'loss': '0.006633', 'grad_norm': '0.3133', 'learning_rate': '1.808e-05', 'epoch': '9.625'}
{'loss': '0.009172', 'grad_norm': '0.21', 'learning_rate': '1.807e-05', 'epoch': '9.631'}
{'loss': '0.004783', 'grad_norm': '2.514', 'learning_rate': '1.807e-05', 'epoch': '9.638'}
{'loss': '0.01416', 'grad_norm': '0.004561', 'learning_rate': '1.807e-05', 'epoch': '9.644'}
{'loss': '0.01905', 'grad_norm': '0.5141', 'learning_rate': '1.807e-05', 'epoch': '9.65'}
{'loss': '0.01421', 'grad_norm': '7.518', 'learning_rate': '1.807e-05', 'epoch': '9.656'}
{'loss': '0.004612', 'grad_norm': '0.0271', 'learning_rate': '1.807e-05', 'epoch': '9.662'}
{'loss': '0.04678', 'grad_norm': '0.02676', 'learning_rate': '1.807e-05', 'epoch': '9.668'}
{'loss': '0.002744', 'grad_norm': '0.003705', 'learning_rate': '1.807e-05', 'epoch': '9.674'}
{'loss': '0.02423', 'grad_norm': '0.03654', 'learning_rate': '1.806e-05', 'epoch': '9.681'}
{'loss': '0.02774', 'grad_norm': '20.59', 'learning_rate': '1.806e-05', 'epoch': '9.687'}
{'loss': '0.01814', 'grad_norm': '0.1468', 'learning_rate': '1.806e-05', 'epoch': '9.693'}
{'loss': '0.00914', 'grad_norm': '3.189', 'learning_rate': '1.806e-05', 'epoch': '9.699'}
{'loss': '0.02565', 'grad_norm': '2.692', 'learning_rate': '1.806e-05', 'epoch': '9.705'}
{'loss': '0.02436', 'grad_norm': '0.1544', 'learning_rate': '1.806e-05', 'epoch': '9.711'}
{'loss': '0.02849', 'grad_norm': '0.007583', 'learning_rate': '1.806e-05', 'epoch': '9.717'}
{'loss': '0.03023', 'grad_norm': '0.8966', 'learning_rate': '1.806e-05', 'epoch': '9.724'}
{'loss': '0.01338', 'grad_norm': '17.07', 'learning_rate': '1.805e-05', 'epoch': '9.73'}
{'loss': '0.0145', 'grad_norm': '0.2526', 'learning_rate': '1.805e-05', 'epoch': '9.736'}
{'loss': '0.02389', 'grad_norm': '3.7', 'learning_rate': '1.805e-05', 'epoch': '9.742'}
{'loss': '0.01167', 'grad_norm': '0.6333', 'learning_rate': '1.805e-05', 'epoch': '9.748'}
{'loss': '0.01737', 'grad_norm': '1.578', 'learning_rate': '1.805e-05', 'epoch': '9.754'}
{'loss': '0.0391', 'grad_norm': '0.0006891', 'learning_rate': '1.805e-05', 'epoch': '9.76'}
{'loss': '0.01519', 'grad_norm': '0.001081', 'learning_rate': '1.805e-05', 'epoch': '9.767'}
{'loss': '0.007895', 'grad_norm': '0.01557', 'learning_rate': '1.805e-05', 'epoch': '9.773'}
{'loss': '0.004352', 'grad_norm': '0.003321', 'learning_rate': '1.804e-05', 'epoch': '9.779'}
{'loss': '0.004596', 'grad_norm': '0.4466', 'learning_rate': '1.804e-05', 'epoch': '9.785'}
{'loss': '0.007117', 'grad_norm': '0.0604', 'learning_rate': '1.804e-05', 'epoch': '9.791'}
{'loss': '0.0007666', 'grad_norm': '0.1732', 'learning_rate': '1.804e-05', 'epoch': '9.797'}
{'loss': '0.01131', 'grad_norm': '0.08185', 'learning_rate': '1.804e-05', 'epoch': '9.803'}
{'loss': '0.008748', 'grad_norm': '0.9093', 'learning_rate': '1.804e-05', 'epoch': '9.81'}
{'loss': '0.03507', 'grad_norm': '0.6213', 'learning_rate': '1.804e-05', 'epoch': '9.816'}
{'loss': '0.02077', 'grad_norm': '11.54', 'learning_rate': '1.804e-05', 'epoch': '9.822'}
{'loss': '0.003035', 'grad_norm': '0.01866', 'learning_rate': '1.803e-05', 'epoch': '9.828'}
{'loss': '0.02119', 'grad_norm': '0.07013', 'learning_rate': '1.803e-05', 'epoch': '9.834'}
{'loss': '0.01318', 'grad_norm': '0.3584', 'learning_rate': '1.803e-05', 'epoch': '9.84'}
{'loss': '0.005139', 'grad_norm': '0.007352', 'learning_rate': '1.803e-05', 'epoch': '9.846'}
{'loss': '0.01266', 'grad_norm': '14.64', 'learning_rate': '1.803e-05', 'epoch': '9.853'}
{'loss': '0.006553', 'grad_norm': '0.004553', 'learning_rate': '1.803e-05', 'epoch': '9.859'}
{'loss': '0.005288', 'grad_norm': '0.02862', 'learning_rate': '1.803e-05', 'epoch': '9.865'}
{'loss': '0.008575', 'grad_norm': '0.6297', 'learning_rate': '1.803e-05', 'epoch': '9.871'}
{'loss': '0.003149', 'grad_norm': '0.79', 'learning_rate': '1.802e-05', 'epoch': '9.877'}
{'loss': '0.03691', 'grad_norm': '0.01905', 'learning_rate': '1.802e-05', 'epoch': '9.883'}
{'loss': '0.02754', 'grad_norm': '16.57', 'learning_rate': '1.802e-05', 'epoch': '9.889'}
{'loss': '0.002596', 'grad_norm': '0.003388', 'learning_rate': '1.802e-05', 'epoch': '9.896'}
{'loss': '0.01174', 'grad_norm': '0.09093', 'learning_rate': '1.802e-05', 'epoch': '9.902'}
{'loss': '0.01049', 'grad_norm': '0.4293', 'learning_rate': '1.802e-05', 'epoch': '9.908'}
{'loss': '0.02684', 'grad_norm': '0.01781', 'learning_rate': '1.802e-05', 'epoch': '9.914'}
{'loss': '0.0005878', 'grad_norm': '0.009755', 'learning_rate': '1.802e-05', 'epoch': '9.92'}
{'loss': '0.06698', 'grad_norm': '0.681', 'learning_rate': '1.801e-05', 'epoch': '9.926'}
{'loss': '0.02373', 'grad_norm': '0.05162', 'learning_rate': '1.801e-05', 'epoch': '9.932'}
{'loss': '0.03502', 'grad_norm': '0.04149', 'learning_rate': '1.801e-05', 'epoch': '9.939'}
{'loss': '0.001874', 'grad_norm': '0.071', 'learning_rate': '1.801e-05', 'epoch': '9.945'}
{'loss': '0.01154', 'grad_norm': '2.055', 'learning_rate': '1.801e-05', 'epoch': '9.951'}
{'loss': '0.007564', 'grad_norm': '0.1959', 'learning_rate': '1.801e-05', 'epoch': '9.957'}
{'loss': '0.009272', 'grad_norm': '0.004101', 'learning_rate': '1.801e-05', 'epoch': '9.963'}
{'loss': '0.03577', 'grad_norm': '0.154', 'learning_rate': '1.801e-05', 'epoch': '9.969'}
{'loss': '0.03407', 'grad_norm': '0.009402', 'learning_rate': '1.801e-05', 'epoch': '9.975'}
{'loss': '0.0003511', 'grad_norm': '0.01299', 'learning_rate': '1.8e-05', 'epoch': '9.982'}
{'loss': '0.007709', 'grad_norm': '1.473', 'learning_rate': '1.8e-05', 'epoch': '9.988'}
{'loss': '0.02259', 'grad_norm': '2.254', 'learning_rate': '1.8e-05', 'epoch': '9.994'}
{'loss': '0.03584', 'grad_norm': '0.008492', 'learning_rate': '1.8e-05', 'epoch': '10'}
{'eval_loss': '1.024', 'eval_accuracy': '0.8897', 'eval_precision': '0.9283', 'eval_recall': '0.88', 'eval_f1': '0.9035', 'eval_runtime': '12.03', 'eval_samples_per_second': '1123', 'eval_steps_per_second': '17.62', 'epoch': '10'}
{'loss': '0.005311', 'grad_norm': '0.002295', 'learning_rate': '1.8e-05', 'epoch': '10.01'}
{'loss': '0.0128', 'grad_norm': '0.007745', 'learning_rate': '1.8e-05', 'epoch': '10.01'}
{'loss': '0.01786', 'grad_norm': '0.2168', 'learning_rate': '1.8e-05', 'epoch': '10.02'}
{'loss': '0.03559', 'grad_norm': '0.2813', 'learning_rate': '1.8e-05', 'epoch': '10.02'}
{'loss': '0.03206', 'grad_norm': '0.008556', 'learning_rate': '1.799e-05', 'epoch': '10.03'}
{'loss': '0.003371', 'grad_norm': '0.1245', 'learning_rate': '1.799e-05', 'epoch': '10.04'}
{'loss': '0.06134', 'grad_norm': '0.2645', 'learning_rate': '1.799e-05', 'epoch': '10.04'}
{'loss': '0.0105', 'grad_norm': '4.163', 'learning_rate': '1.799e-05', 'epoch': '10.05'}
{'loss': '0.000748', 'grad_norm': '0.1301', 'learning_rate': '1.799e-05', 'epoch': '10.06'}
{'loss': '0.01583', 'grad_norm': '0.008699', 'learning_rate': '1.799e-05', 'epoch': '10.06'}
{'loss': '0.05734', 'grad_norm': '5.747', 'learning_rate': '1.799e-05', 'epoch': '10.07'}
{'loss': '0.0172', 'grad_norm': '4.326', 'learning_rate': '1.799e-05', 'epoch': '10.07'}
{'loss': '0.00568', 'grad_norm': '0.001595', 'learning_rate': '1.798e-05', 'epoch': '10.08'}
{'loss': '0.01801', 'grad_norm': '8.539', 'learning_rate': '1.798e-05', 'epoch': '10.09'}
{'loss': '0.006241', 'grad_norm': '0.3924', 'learning_rate': '1.798e-05', 'epoch': '10.09'}
{'loss': '0.04474', 'grad_norm': '0.9241', 'learning_rate': '1.798e-05', 'epoch': '10.1'}
{'loss': '0.01109', 'grad_norm': '0.0009408', 'learning_rate': '1.798e-05', 'epoch': '10.1'}
{'loss': '0.0002155', 'grad_norm': '0.03494', 'learning_rate': '1.798e-05', 'epoch': '10.11'}
{'loss': '0.003735', 'grad_norm': '0.07103', 'learning_rate': '1.798e-05', 'epoch': '10.12'}
{'loss': '0.005493', 'grad_norm': '0.02854', 'learning_rate': '1.798e-05', 'epoch': '10.12'}
{'loss': '0.01183', 'grad_norm': '0.9824', 'learning_rate': '1.797e-05', 'epoch': '10.13'}
{'loss': '0.02976', 'grad_norm': '0.1173', 'learning_rate': '1.797e-05', 'epoch': '10.14'}
{'loss': '0.01096', 'grad_norm': '0.4484', 'learning_rate': '1.797e-05', 'epoch': '10.14'}
{'loss': '0.02669', 'grad_norm': '0.008672', 'learning_rate': '1.797e-05', 'epoch': '10.15'}
{'loss': '0.0008444', 'grad_norm': '0.03242', 'learning_rate': '1.797e-05', 'epoch': '10.15'}
{'loss': '0.01263', 'grad_norm': '0.04893', 'learning_rate': '1.797e-05', 'epoch': '10.16'}
{'loss': '0.01214', 'grad_norm': '0.8628', 'learning_rate': '1.797e-05', 'epoch': '10.17'}
{'loss': '0.02884', 'grad_norm': '0.0212', 'learning_rate': '1.797e-05', 'epoch': '10.17'}
{'loss': '0.007312', 'grad_norm': '0.3658', 'learning_rate': '1.796e-05', 'epoch': '10.18'}
{'loss': '0.0299', 'grad_norm': '0.0002549', 'learning_rate': '1.796e-05', 'epoch': '10.18'}
{'loss': '0.01517', 'grad_norm': '0.08517', 'learning_rate': '1.796e-05', 'epoch': '10.19'}
{'loss': '0.06167', 'grad_norm': '0.06352', 'learning_rate': '1.796e-05', 'epoch': '10.2'}
{'loss': '0.006233', 'grad_norm': '0.08987', 'learning_rate': '1.796e-05', 'epoch': '10.2'}
{'loss': '0.03335', 'grad_norm': '0.3479', 'learning_rate': '1.796e-05', 'epoch': '10.21'}
{'loss': '0.01569', 'grad_norm': '0.06364', 'learning_rate': '1.796e-05', 'epoch': '10.21'}
{'loss': '0.02976', 'grad_norm': '0.4407', 'learning_rate': '1.796e-05', 'epoch': '10.22'}
{'loss': '0.01141', 'grad_norm': '0.02566', 'learning_rate': '1.795e-05', 'epoch': '10.23'}
{'loss': '0.02987', 'grad_norm': '3.906', 'learning_rate': '1.795e-05', 'epoch': '10.23'}
{'loss': '0.01829', 'grad_norm': '0.000885', 'learning_rate': '1.795e-05', 'epoch': '10.24'}
{'loss': '0.04205', 'grad_norm': '0.001986', 'learning_rate': '1.795e-05', 'epoch': '10.25'}
{'loss': '0.002012', 'grad_norm': '0.003369', 'learning_rate': '1.795e-05', 'epoch': '10.25'}
{'loss': '0.01716', 'grad_norm': '0.0005061', 'learning_rate': '1.795e-05', 'epoch': '10.26'}
{'loss': '0.006736', 'grad_norm': '0.2324', 'learning_rate': '1.795e-05', 'epoch': '10.26'}
{'loss': '0.01633', 'grad_norm': '2.308', 'learning_rate': '1.795e-05', 'epoch': '10.27'}
{'loss': '0.04589', 'grad_norm': '0.273', 'learning_rate': '1.794e-05', 'epoch': '10.28'}
{'loss': '0.01734', 'grad_norm': '0.01539', 'learning_rate': '1.794e-05', 'epoch': '10.28'}
{'loss': '0.009924', 'grad_norm': '0.415', 'learning_rate': '1.794e-05', 'epoch': '10.29'}
{'loss': '0.02284', 'grad_norm': '0.003117', 'learning_rate': '1.794e-05', 'epoch': '10.29'}
{'loss': '0.00163', 'grad_norm': '0.09473', 'learning_rate': '1.794e-05', 'epoch': '10.3'}
{'loss': '0.04944', 'grad_norm': '0.4385', 'learning_rate': '1.794e-05', 'epoch': '10.31'}
{'loss': '0.01452', 'grad_norm': '0.2576', 'learning_rate': '1.794e-05', 'epoch': '10.31'}
{'loss': '0.003345', 'grad_norm': '5.913', 'learning_rate': '1.794e-05', 'epoch': '10.32'}
{'loss': '0.02037', 'grad_norm': '0.0766', 'learning_rate': '1.794e-05', 'epoch': '10.33'}
{'loss': '0.03155', 'grad_norm': '0.0021', 'learning_rate': '1.793e-05', 'epoch': '10.33'}
{'loss': '0.01973', 'grad_norm': '5.171', 'learning_rate': '1.793e-05', 'epoch': '10.34'}
{'loss': '0.04172', 'grad_norm': '4.978', 'learning_rate': '1.793e-05', 'epoch': '10.34'}
{'loss': '0.01546', 'grad_norm': '0.3875', 'learning_rate': '1.793e-05', 'epoch': '10.35'}
{'loss': '0.001368', 'grad_norm': '0.0167', 'learning_rate': '1.793e-05', 'epoch': '10.36'}
{'loss': '0.002229', 'grad_norm': '0.1297', 'learning_rate': '1.793e-05', 'epoch': '10.36'}
{'loss': '0.01086', 'grad_norm': '0.002183', 'learning_rate': '1.793e-05', 'epoch': '10.37'}
{'loss': '0.01429', 'grad_norm': '0.004278', 'learning_rate': '1.793e-05', 'epoch': '10.37'}
{'loss': '0.01707', 'grad_norm': '0.005349', 'learning_rate': '1.792e-05', 'epoch': '10.38'}
{'loss': '0.02762', 'grad_norm': '0.0004693', 'learning_rate': '1.792e-05', 'epoch': '10.39'}
{'loss': '0.00608', 'grad_norm': '0.008347', 'learning_rate': '1.792e-05', 'epoch': '10.39'}
{'loss': '0.01011', 'grad_norm': '0.5739', 'learning_rate': '1.792e-05', 'epoch': '10.4'}
{'loss': '0.02793', 'grad_norm': '0.01318', 'learning_rate': '1.792e-05', 'epoch': '10.41'}
{'loss': '0.002544', 'grad_norm': '0.007062', 'learning_rate': '1.792e-05', 'epoch': '10.41'}
{'loss': '0.03925', 'grad_norm': '2.553', 'learning_rate': '1.792e-05', 'epoch': '10.42'}
{'loss': '0.01549', 'grad_norm': '0.001915', 'learning_rate': '1.792e-05', 'epoch': '10.42'}
{'loss': '0.01713', 'grad_norm': '0.02845', 'learning_rate': '1.791e-05', 'epoch': '10.43'}
{'loss': '0.009887', 'grad_norm': '0.04089', 'learning_rate': '1.791e-05', 'epoch': '10.44'}
{'loss': '0.005462', 'grad_norm': '0.001167', 'learning_rate': '1.791e-05', 'epoch': '10.44'}
{'loss': '0.0268', 'grad_norm': '0.03271', 'learning_rate': '1.791e-05', 'epoch': '10.45'}
{'loss': '0.02846', 'grad_norm': '0.001268', 'learning_rate': '1.791e-05', 'epoch': '10.45'}
{'loss': '0.03021', 'grad_norm': '0.00048', 'learning_rate': '1.791e-05', 'epoch': '10.46'}
{'loss': '0.001542', 'grad_norm': '0.003255', 'learning_rate': '1.791e-05', 'epoch': '10.47'}
{'loss': '0.008109', 'grad_norm': '0.2306', 'learning_rate': '1.791e-05', 'epoch': '10.47'}
{'loss': '0.009461', 'grad_norm': '0.003796', 'learning_rate': '1.79e-05', 'epoch': '10.48'}
{'loss': '0.02784', 'grad_norm': '3.866', 'learning_rate': '1.79e-05', 'epoch': '10.49'}
{'loss': '0.03111', 'grad_norm': '0.03319', 'learning_rate': '1.79e-05', 'epoch': '10.49'}
{'loss': '0.03533', 'grad_norm': '4.462', 'learning_rate': '1.79e-05', 'epoch': '10.5'}
{'loss': '0.0189', 'grad_norm': '0.1068', 'learning_rate': '1.79e-05', 'epoch': '10.5'}
{'loss': '0.01674', 'grad_norm': '0.007337', 'learning_rate': '1.79e-05', 'epoch': '10.51'}
{'loss': '0.05157', 'grad_norm': '0.03268', 'learning_rate': '1.79e-05', 'epoch': '10.52'}
{'loss': '0.02254', 'grad_norm': '0.2877', 'learning_rate': '1.79e-05', 'epoch': '10.52'}
{'loss': '0.03598', 'grad_norm': '0.0214', 'learning_rate': '1.789e-05', 'epoch': '10.53'}
{'loss': '0.005491', 'grad_norm': '0.009687', 'learning_rate': '1.789e-05', 'epoch': '10.53'}
{'loss': '0.0338', 'grad_norm': '8.787', 'learning_rate': '1.789e-05', 'epoch': '10.54'}
{'loss': '0.01486', 'grad_norm': '1.205', 'learning_rate': '1.789e-05', 'epoch': '10.55'}
{'loss': '0.003878', 'grad_norm': '1.384', 'learning_rate': '1.789e-05', 'epoch': '10.55'}
{'loss': '0.004808', 'grad_norm': '0.9893', 'learning_rate': '1.789e-05', 'epoch': '10.56'}
{'loss': '0.005795', 'grad_norm': '0.01002', 'learning_rate': '1.789e-05', 'epoch': '10.57'}
{'loss': '0.01628', 'grad_norm': '7.42', 'learning_rate': '1.789e-05', 'epoch': '10.57'}
{'loss': '0.01687', 'grad_norm': '0.00487', 'learning_rate': '1.788e-05', 'epoch': '10.58'}
{'loss': '0.006623', 'grad_norm': '0.03053', 'learning_rate': '1.788e-05', 'epoch': '10.58'}
{'loss': '0.01788', 'grad_norm': '0.005407', 'learning_rate': '1.788e-05', 'epoch': '10.59'}
{'loss': '0.004592', 'grad_norm': '0.5837', 'learning_rate': '1.788e-05', 'epoch': '10.6'}
{'loss': '0.006982', 'grad_norm': '0.01944', 'learning_rate': '1.788e-05', 'epoch': '10.6'}
{'loss': '0.0179', 'grad_norm': '0.05999', 'learning_rate': '1.788e-05', 'epoch': '10.61'}
{'loss': '0.002001', 'grad_norm': '0.005339', 'learning_rate': '1.788e-05', 'epoch': '10.61'}
{'loss': '0.0343', 'grad_norm': '0.8992', 'learning_rate': '1.788e-05', 'epoch': '10.62'}
{'loss': '0.004174', 'grad_norm': '0.003316', 'learning_rate': '1.787e-05', 'epoch': '10.63'}
{'loss': '0.008114', 'grad_norm': '2.911', 'learning_rate': '1.787e-05', 'epoch': '10.63'}
{'loss': '0.004462', 'grad_norm': '0.03815', 'learning_rate': '1.787e-05', 'epoch': '10.64'}
{'loss': '0.003662', 'grad_norm': '3.275', 'learning_rate': '1.787e-05', 'epoch': '10.64'}
{'loss': '0.01495', 'grad_norm': '0.3512', 'learning_rate': '1.787e-05', 'epoch': '10.65'}
{'loss': '0.02492', 'grad_norm': '2.077', 'learning_rate': '1.787e-05', 'epoch': '10.66'}
{'loss': '0.001314', 'grad_norm': '0.004989', 'learning_rate': '1.787e-05', 'epoch': '10.66'}
{'loss': '0.0009129', 'grad_norm': '0.3937', 'learning_rate': '1.787e-05', 'epoch': '10.67'}
{'loss': '0.02684', 'grad_norm': '7.425', 'learning_rate': '1.786e-05', 'epoch': '10.68'}
{'loss': '0.02456', 'grad_norm': '0.00277', 'learning_rate': '1.786e-05', 'epoch': '10.68'}
{'loss': '0.01025', 'grad_norm': '1.253', 'learning_rate': '1.786e-05', 'epoch': '10.69'}
{'loss': '0.007535', 'grad_norm': '0.2941', 'learning_rate': '1.786e-05', 'epoch': '10.69'}
{'loss': '0.002777', 'grad_norm': '0.06259', 'learning_rate': '1.786e-05', 'epoch': '10.7'}
{'loss': '0.04773', 'grad_norm': '1.771', 'learning_rate': '1.786e-05', 'epoch': '10.71'}
{'loss': '0.003446', 'grad_norm': '0.06017', 'learning_rate': '1.786e-05', 'epoch': '10.71'}
{'loss': '0.001338', 'grad_norm': '0.1269', 'learning_rate': '1.786e-05', 'epoch': '10.72'}
{'loss': '0.01076', 'grad_norm': '0.03278', 'learning_rate': '1.786e-05', 'epoch': '10.72'}
{'loss': '0.01024', 'grad_norm': '0.0005763', 'learning_rate': '1.785e-05', 'epoch': '10.73'}
{'loss': '0.01264', 'grad_norm': '0.6395', 'learning_rate': '1.785e-05', 'epoch': '10.74'}
{'loss': '0.008813', 'grad_norm': '0.04393', 'learning_rate': '1.785e-05', 'epoch': '10.74'}
{'loss': '0.04126', 'grad_norm': '0.002645', 'learning_rate': '1.785e-05', 'epoch': '10.75'}
{'loss': '0.01241', 'grad_norm': '0.02474', 'learning_rate': '1.785e-05', 'epoch': '10.76'}
{'loss': '0.02449', 'grad_norm': '0.1268', 'learning_rate': '1.785e-05', 'epoch': '10.76'}
{'loss': '0.01731', 'grad_norm': '0.3286', 'learning_rate': '1.785e-05', 'epoch': '10.77'}
{'loss': '0.01291', 'grad_norm': '0.001349', 'learning_rate': '1.785e-05', 'epoch': '10.77'}
{'loss': '0.003372', 'grad_norm': '0.02163', 'learning_rate': '1.784e-05', 'epoch': '10.78'}
{'loss': '0.007355', 'grad_norm': '0.0102', 'learning_rate': '1.784e-05', 'epoch': '10.79'}
{'loss': '0.01028', 'grad_norm': '0.0009927', 'learning_rate': '1.784e-05', 'epoch': '10.79'}
{'loss': '0.0156', 'grad_norm': '0.5763', 'learning_rate': '1.784e-05', 'epoch': '10.8'}
{'loss': '0.02584', 'grad_norm': '0.7219', 'learning_rate': '1.784e-05', 'epoch': '10.8'}
{'loss': '0.02712', 'grad_norm': '10.21', 'learning_rate': '1.784e-05', 'epoch': '10.81'}
{'loss': '0.01831', 'grad_norm': '0.002141', 'learning_rate': '1.784e-05', 'epoch': '10.82'}
{'loss': '0.006245', 'grad_norm': '0.006282', 'learning_rate': '1.784e-05', 'epoch': '10.82'}
{'loss': '0.003531', 'grad_norm': '0.00127', 'learning_rate': '1.783e-05', 'epoch': '10.83'}
{'loss': '0.01989', 'grad_norm': '0.3233', 'learning_rate': '1.783e-05', 'epoch': '10.84'}
{'loss': '0.0286', 'grad_norm': '0.3437', 'learning_rate': '1.783e-05', 'epoch': '10.84'}
{'loss': '0.021', 'grad_norm': '0.01412', 'learning_rate': '1.783e-05', 'epoch': '10.85'}
{'loss': '0.005044', 'grad_norm': '0.2604', 'learning_rate': '1.783e-05', 'epoch': '10.85'}
{'loss': '0.04147', 'grad_norm': '4.718', 'learning_rate': '1.783e-05', 'epoch': '10.86'}
{'loss': '0.05102', 'grad_norm': '6.643', 'learning_rate': '1.783e-05', 'epoch': '10.87'}
{'loss': '0.03796', 'grad_norm': '0.6053', 'learning_rate': '1.783e-05', 'epoch': '10.87'}
{'loss': '0.00545', 'grad_norm': '0.04188', 'learning_rate': '1.782e-05', 'epoch': '10.88'}
{'loss': '0.01231', 'grad_norm': '0.006305', 'learning_rate': '1.782e-05', 'epoch': '10.88'}
{'loss': '0.007323', 'grad_norm': '0.1962', 'learning_rate': '1.782e-05', 'epoch': '10.89'}
{'loss': '0.02493', 'grad_norm': '0.002405', 'learning_rate': '1.782e-05', 'epoch': '10.9'}
{'loss': '0.02162', 'grad_norm': '0.0007174', 'learning_rate': '1.782e-05', 'epoch': '10.9'}
{'loss': '0.01361', 'grad_norm': '0.0135', 'learning_rate': '1.782e-05', 'epoch': '10.91'}
{'loss': '0.01432', 'grad_norm': '0.2096', 'learning_rate': '1.782e-05', 'epoch': '10.92'}
{'loss': '0.02089', 'grad_norm': '0.007862', 'learning_rate': '1.782e-05', 'epoch': '10.92'}
{'loss': '0.006481', 'grad_norm': '4.907', 'learning_rate': '1.781e-05', 'epoch': '10.93'}
{'loss': '0.001839', 'grad_norm': '9.54', 'learning_rate': '1.781e-05', 'epoch': '10.93'}
{'loss': '0.01172', 'grad_norm': '4.402', 'learning_rate': '1.781e-05', 'epoch': '10.94'}
{'loss': '0.01074', 'grad_norm': '0.02729', 'learning_rate': '1.781e-05', 'epoch': '10.95'}
{'loss': '0.01925', 'grad_norm': '0.01253', 'learning_rate': '1.781e-05', 'epoch': '10.95'}
{'loss': '0.01229', 'grad_norm': '0.1297', 'learning_rate': '1.781e-05', 'epoch': '10.96'}
{'loss': '0.01751', 'grad_norm': '0.2172', 'learning_rate': '1.781e-05', 'epoch': '10.96'}
{'loss': '0.04022', 'grad_norm': '0.006203', 'learning_rate': '1.781e-05', 'epoch': '10.97'}
{'loss': '0.007036', 'grad_norm': '27.44', 'learning_rate': '1.78e-05', 'epoch': '10.98'}
{'loss': '0.0141', 'grad_norm': '1.827', 'learning_rate': '1.78e-05', 'epoch': '10.98'}
{'loss': '0.01032', 'grad_norm': '0.01576', 'learning_rate': '1.78e-05', 'epoch': '10.99'}
{'loss': '0.01769', 'grad_norm': '0.007708', 'learning_rate': '1.78e-05', 'epoch': '11'}
{'eval_loss': '1.11', 'eval_accuracy': '0.892', 'eval_precision': '0.9451', 'eval_recall': '0.8663', 'eval_f1': '0.904', 'eval_runtime': '12.06', 'eval_samples_per_second': '1120', 'eval_steps_per_second': '17.57', 'epoch': '11'}
{'train_runtime': '2601', 'train_samples_per_second': '2002', 'train_steps_per_second': '62.59', 'train_loss': '0.09129', 'epoch': '11'}
Fold F1: 0.8754249150169966
Точность определения арабских заимств.: {'accuracy': 0.8701149425287357, 'precision': 0.4486486486486487, 'recall': 0.8829787234042553, 'f1': 0.5949820788530465}
Точность определения китайских заимств.: {'accuracy': 0.8657465495608532, 'precision': 0.13559322033898305, 'recall': 0.7619047619047619, 'f1': 0.2302158273381295}
Точность определения английских заимств.: {'accuracy': 0.890272373540856, 'precision': 0.8216783216783217, 'recall': 0.9233791748526523, 'f1': 0.8695652173913043}
Точность определения французских заимств.: {'accuracy': 0.9038004750593824, 'precision': 0.8926315789473684, 'recall': 0.933920704845815, 'f1': 0.9128094725511302}
Точность определения немецких заимств.: {'accuracy': 0.8979007633587787, 'precision': 0.7235772357723578, 'recall': 0.9816176470588235, 'f1': 0.8330733229329174}
Точность определения итальянских заимтсв.: {'accuracy': 0.869884575026233, 'precision': 0.603112840466926, 'recall': 0.8757062146892656, 'f1': 0.7142857142857143}
Точность определения японских заимств.: {'accuracy': 0.8696629213483146, 'precision': 0.49504950495049505, 'recall': 0.8771929824561403, 'f1': 0.6329113924050633}
Точность определения польских заимств.: {'accuracy': 0.8497596153846154, 'precision': 0.24444444444444444, 'recall': 0.5892857142857143, 'f1': 0.34554973821989526}
{'eval_loss': 0.44229909777641296, 'eval_accuracy': 0.8617092119866815, 'eval_precision': 0.9289857122648182, 'eval_recall': 0.8277035543231661, 'eval_f1': 0.8754249150169966, 'eval_runtime': 11.938, 'eval_samples_per_second': 1132.1, 'eval_steps_per_second': 17.758, 'epoch': 11.0}

===== Fold 3 =====
{'loss': '0.7033', 'grad_norm': '135.4', 'learning_rate': '2e-05', 'epoch': '0.006053'}
{'loss': '0.684', 'grad_norm': '38.92', 'learning_rate': '2e-05', 'epoch': '0.01211'}
{'loss': '0.6894', 'grad_norm': '10.59', 'learning_rate': '2e-05', 'epoch': '0.01816'}
{'loss': '0.6855', 'grad_norm': '145.2', 'learning_rate': '2e-05', 'epoch': '0.02421'}
{'loss': '0.6976', 'grad_norm': '52.13', 'learning_rate': '1.999e-05', 'epoch': '0.03027'}
{'loss': '0.6836', 'grad_norm': '54.03', 'learning_rate': '1.999e-05', 'epoch': '0.03632'}
{'loss': '0.6884', 'grad_norm': '54.33', 'learning_rate': '1.999e-05', 'epoch': '0.04237'}
{'loss': '0.6731', 'grad_norm': '44.84', 'learning_rate': '1.999e-05', 'epoch': '0.04843'}
{'loss': '0.6837', 'grad_norm': '15.25', 'learning_rate': '1.999e-05', 'epoch': '0.05448'}
{'loss': '0.6637', 'grad_norm': '35.75', 'learning_rate': '1.999e-05', 'epoch': '0.06053'}
{'loss': '0.6834', 'grad_norm': '71.37', 'learning_rate': '1.999e-05', 'epoch': '0.06659'}
{'loss': '0.6887', 'grad_norm': '120.1', 'learning_rate': '1.999e-05', 'epoch': '0.07264'}
{'loss': '0.679', 'grad_norm': '63.72', 'learning_rate': '1.998e-05', 'epoch': '0.07869'}
{'loss': '0.6683', 'grad_norm': '80.85', 'learning_rate': '1.998e-05', 'epoch': '0.08475'}
{'loss': '0.6733', 'grad_norm': '27.32', 'learning_rate': '1.998e-05', 'epoch': '0.0908'}
{'loss': '0.6787', 'grad_norm': '39.16', 'learning_rate': '1.998e-05', 'epoch': '0.09685'}
{'loss': '0.6729', 'grad_norm': '25.51', 'learning_rate': '1.998e-05', 'epoch': '0.1029'}
{'loss': '0.6596', 'grad_norm': '49.42', 'learning_rate': '1.998e-05', 'epoch': '0.109'}
{'loss': '0.6644', 'grad_norm': '22.5', 'learning_rate': '1.998e-05', 'epoch': '0.115'}
{'loss': '0.6676', 'grad_norm': '31.71', 'learning_rate': '1.998e-05', 'epoch': '0.1211'}
{'loss': '0.6661', 'grad_norm': '33.26', 'learning_rate': '1.997e-05', 'epoch': '0.1271'}
{'loss': '0.6575', 'grad_norm': '44.28', 'learning_rate': '1.997e-05', 'epoch': '0.1332'}
{'loss': '0.658', 'grad_norm': '97.68', 'learning_rate': '1.997e-05', 'epoch': '0.1392'}
{'loss': '0.6535', 'grad_norm': '21.85', 'learning_rate': '1.997e-05', 'epoch': '0.1453'}
{'loss': '0.6701', 'grad_norm': '26.67', 'learning_rate': '1.997e-05', 'epoch': '0.1513'}
{'loss': '0.6502', 'grad_norm': '18.3', 'learning_rate': '1.997e-05', 'epoch': '0.1574'}
{'loss': '0.6341', 'grad_norm': '109.4', 'learning_rate': '1.997e-05', 'epoch': '0.1634'}
{'loss': '0.6244', 'grad_norm': '30.33', 'learning_rate': '1.997e-05', 'epoch': '0.1695'}
{'loss': '0.676', 'grad_norm': '27.46', 'learning_rate': '1.997e-05', 'epoch': '0.1755'}
{'loss': '0.6531', 'grad_norm': '28.13', 'learning_rate': '1.996e-05', 'epoch': '0.1816'}
{'loss': '0.6139', 'grad_norm': '31.78', 'learning_rate': '1.996e-05', 'epoch': '0.1877'}
{'loss': '0.6467', 'grad_norm': '35.76', 'learning_rate': '1.996e-05', 'epoch': '0.1937'}
{'loss': '0.6462', 'grad_norm': '105.1', 'learning_rate': '1.996e-05', 'epoch': '0.1998'}
{'loss': '0.6242', 'grad_norm': '72.53', 'learning_rate': '1.996e-05', 'epoch': '0.2058'}
{'loss': '0.6099', 'grad_norm': '340.4', 'learning_rate': '1.996e-05', 'epoch': '0.2119'}
{'loss': '0.6273', 'grad_norm': '378.4', 'learning_rate': '1.996e-05', 'epoch': '0.2179'}
{'loss': '0.636', 'grad_norm': '158.1', 'learning_rate': '1.996e-05', 'epoch': '0.224'}
{'loss': '0.6203', 'grad_norm': '99.63', 'learning_rate': '1.995e-05', 'epoch': '0.23'}
{'loss': '0.634', 'grad_norm': '43.18', 'learning_rate': '1.995e-05', 'epoch': '0.2361'}
{'loss': '0.6154', 'grad_norm': '33.74', 'learning_rate': '1.995e-05', 'epoch': '0.2421'}
{'loss': '0.5944', 'grad_norm': '363.8', 'learning_rate': '1.995e-05', 'epoch': '0.2482'}
{'loss': '0.5974', 'grad_norm': '52.4', 'learning_rate': '1.995e-05', 'epoch': '0.2542'}
{'loss': '0.5855', 'grad_norm': '87.99', 'learning_rate': '1.995e-05', 'epoch': '0.2603'}
{'loss': '0.5882', 'grad_norm': '106.8', 'learning_rate': '1.995e-05', 'epoch': '0.2663'}
{'loss': '0.6081', 'grad_norm': '79.84', 'learning_rate': '1.995e-05', 'epoch': '0.2724'}
{'loss': '0.6023', 'grad_norm': '97.43', 'learning_rate': '1.994e-05', 'epoch': '0.2785'}
{'loss': '0.5761', 'grad_norm': '96.88', 'learning_rate': '1.994e-05', 'epoch': '0.2845'}
{'loss': '0.5753', 'grad_norm': '94.14', 'learning_rate': '1.994e-05', 'epoch': '0.2906'}
{'loss': '0.5867', 'grad_norm': '481.5', 'learning_rate': '1.994e-05', 'epoch': '0.2966'}
{'loss': '0.5676', 'grad_norm': '105.4', 'learning_rate': '1.994e-05', 'epoch': '0.3027'}
{'loss': '0.5989', 'grad_norm': '112.5', 'learning_rate': '1.994e-05', 'epoch': '0.3087'}
{'loss': '0.5694', 'grad_norm': '48.89', 'learning_rate': '1.994e-05', 'epoch': '0.3148'}
{'loss': '0.5755', 'grad_norm': '45.6', 'learning_rate': '1.994e-05', 'epoch': '0.3208'}
{'loss': '0.6211', 'grad_norm': '96.33', 'learning_rate': '1.993e-05', 'epoch': '0.3269'}
{'loss': '0.5931', 'grad_norm': '59.09', 'learning_rate': '1.993e-05', 'epoch': '0.3329'}
{'loss': '0.5651', 'grad_norm': '74.12', 'learning_rate': '1.993e-05', 'epoch': '0.339'}
{'loss': '0.558', 'grad_norm': '78.81', 'learning_rate': '1.993e-05', 'epoch': '0.345'}
{'loss': '0.5761', 'grad_norm': '61.45', 'learning_rate': '1.993e-05', 'epoch': '0.3511'}
{'loss': '0.5969', 'grad_norm': '47.15', 'learning_rate': '1.993e-05', 'epoch': '0.3571'}
{'loss': '0.5255', 'grad_norm': '140.2', 'learning_rate': '1.993e-05', 'epoch': '0.3632'}
{'loss': '0.5354', 'grad_norm': '91.79', 'learning_rate': '1.993e-05', 'epoch': '0.3692'}
{'loss': '0.5159', 'grad_norm': '68.77', 'learning_rate': '1.993e-05', 'epoch': '0.3753'}
{'loss': '0.5673', 'grad_norm': '103.8', 'learning_rate': '1.992e-05', 'epoch': '0.3814'}
{'loss': '0.5812', 'grad_norm': '164.2', 'learning_rate': '1.992e-05', 'epoch': '0.3874'}
{'loss': '0.5615', 'grad_norm': '61.98', 'learning_rate': '1.992e-05', 'epoch': '0.3935'}
{'loss': '0.5345', 'grad_norm': '213.3', 'learning_rate': '1.992e-05', 'epoch': '0.3995'}
{'loss': '0.548', 'grad_norm': '51.59', 'learning_rate': '1.992e-05', 'epoch': '0.4056'}
{'loss': '0.5383', 'grad_norm': '59.57', 'learning_rate': '1.992e-05', 'epoch': '0.4116'}
{'loss': '0.514', 'grad_norm': '113.8', 'learning_rate': '1.992e-05', 'epoch': '0.4177'}
{'loss': '0.5422', 'grad_norm': '129.6', 'learning_rate': '1.992e-05', 'epoch': '0.4237'}
{'loss': '0.5026', 'grad_norm': '64.95', 'learning_rate': '1.991e-05', 'epoch': '0.4298'}
{'loss': '0.5238', 'grad_norm': '109.4', 'learning_rate': '1.991e-05', 'epoch': '0.4358'}
{'loss': '0.5116', 'grad_norm': '61.53', 'learning_rate': '1.991e-05', 'epoch': '0.4419'}
{'loss': '0.5314', 'grad_norm': '80.18', 'learning_rate': '1.991e-05', 'epoch': '0.4479'}
{'loss': '0.529', 'grad_norm': '53.53', 'learning_rate': '1.991e-05', 'epoch': '0.454'}
{'loss': '0.5038', 'grad_norm': '77.74', 'learning_rate': '1.991e-05', 'epoch': '0.46'}
{'loss': '0.4842', 'grad_norm': '87.82', 'learning_rate': '1.991e-05', 'epoch': '0.4661'}
{'loss': '0.478', 'grad_norm': '182', 'learning_rate': '1.991e-05', 'epoch': '0.4722'}
{'loss': '0.4871', 'grad_norm': '111', 'learning_rate': '1.99e-05', 'epoch': '0.4782'}
{'loss': '0.5032', 'grad_norm': '121', 'learning_rate': '1.99e-05', 'epoch': '0.4843'}
{'loss': '0.4933', 'grad_norm': '98.34', 'learning_rate': '1.99e-05', 'epoch': '0.4903'}
{'loss': '0.5049', 'grad_norm': '202.2', 'learning_rate': '1.99e-05', 'epoch': '0.4964'}
{'loss': '0.5552', 'grad_norm': '114.6', 'learning_rate': '1.99e-05', 'epoch': '0.5024'}
{'loss': '0.4986', 'grad_norm': '69.72', 'learning_rate': '1.99e-05', 'epoch': '0.5085'}
{'loss': '0.5273', 'grad_norm': '158.4', 'learning_rate': '1.99e-05', 'epoch': '0.5145'}
{'loss': '0.4941', 'grad_norm': '65.81', 'learning_rate': '1.99e-05', 'epoch': '0.5206'}
{'loss': '0.5118', 'grad_norm': '286.4', 'learning_rate': '1.989e-05', 'epoch': '0.5266'}
{'loss': '0.4546', 'grad_norm': '105', 'learning_rate': '1.989e-05', 'epoch': '0.5327'}
{'loss': '0.4721', 'grad_norm': '161.4', 'learning_rate': '1.989e-05', 'epoch': '0.5387'}
{'loss': '0.5098', 'grad_norm': '49.01', 'learning_rate': '1.989e-05', 'epoch': '0.5448'}
{'loss': '0.4454', 'grad_norm': '32.24', 'learning_rate': '1.989e-05', 'epoch': '0.5508'}
{'loss': '0.4164', 'grad_norm': '111.8', 'learning_rate': '1.989e-05', 'epoch': '0.5569'}
{'loss': '0.5102', 'grad_norm': '101.4', 'learning_rate': '1.989e-05', 'epoch': '0.563'}
{'loss': '0.4276', 'grad_norm': '69.34', 'learning_rate': '1.989e-05', 'epoch': '0.569'}
{'loss': '0.5074', 'grad_norm': '77.13', 'learning_rate': '1.989e-05', 'epoch': '0.5751'}
{'loss': '0.4772', 'grad_norm': '180.4', 'learning_rate': '1.988e-05', 'epoch': '0.5811'}
{'loss': '0.523', 'grad_norm': '107.3', 'learning_rate': '1.988e-05', 'epoch': '0.5872'}
{'loss': '0.5064', 'grad_norm': '85.93', 'learning_rate': '1.988e-05', 'epoch': '0.5932'}
{'loss': '0.4901', 'grad_norm': '130.9', 'learning_rate': '1.988e-05', 'epoch': '0.5993'}
{'loss': '0.4494', 'grad_norm': '79.26', 'learning_rate': '1.988e-05', 'epoch': '0.6053'}
{'loss': '0.501', 'grad_norm': '35.35', 'learning_rate': '1.988e-05', 'epoch': '0.6114'}
{'loss': '0.5181', 'grad_norm': '162.5', 'learning_rate': '1.988e-05', 'epoch': '0.6174'}
{'loss': '0.5112', 'grad_norm': '73.45', 'learning_rate': '1.988e-05', 'epoch': '0.6235'}
{'loss': '0.4983', 'grad_norm': '96.33', 'learning_rate': '1.987e-05', 'epoch': '0.6295'}
{'loss': '0.4522', 'grad_norm': '136.9', 'learning_rate': '1.987e-05', 'epoch': '0.6356'}
{'loss': '0.4649', 'grad_norm': '91.5', 'learning_rate': '1.987e-05', 'epoch': '0.6416'}
{'loss': '0.453', 'grad_norm': '226.3', 'learning_rate': '1.987e-05', 'epoch': '0.6477'}
{'loss': '0.5108', 'grad_norm': '66.97', 'learning_rate': '1.987e-05', 'epoch': '0.6538'}
{'loss': '0.3871', 'grad_norm': '95.32', 'learning_rate': '1.987e-05', 'epoch': '0.6598'}
{'loss': '0.4465', 'grad_norm': '80.15', 'learning_rate': '1.987e-05', 'epoch': '0.6659'}
{'loss': '0.4761', 'grad_norm': '148.8', 'learning_rate': '1.987e-05', 'epoch': '0.6719'}
{'loss': '0.3847', 'grad_norm': '123.4', 'learning_rate': '1.986e-05', 'epoch': '0.678'}
{'loss': '0.4431', 'grad_norm': '60.27', 'learning_rate': '1.986e-05', 'epoch': '0.684'}
{'loss': '0.4297', 'grad_norm': '335.7', 'learning_rate': '1.986e-05', 'epoch': '0.6901'}
{'loss': '0.5007', 'grad_norm': '342.1', 'learning_rate': '1.986e-05', 'epoch': '0.6961'}
{'loss': '0.4555', 'grad_norm': '107.4', 'learning_rate': '1.986e-05', 'epoch': '0.7022'}
{'loss': '0.4641', 'grad_norm': '179.7', 'learning_rate': '1.986e-05', 'epoch': '0.7082'}
{'loss': '0.4546', 'grad_norm': '95.95', 'learning_rate': '1.986e-05', 'epoch': '0.7143'}
{'loss': '0.484', 'grad_norm': '160.9', 'learning_rate': '1.986e-05', 'epoch': '0.7203'}
{'loss': '0.4117', 'grad_norm': '106.5', 'learning_rate': '1.985e-05', 'epoch': '0.7264'}
{'loss': '0.4667', 'grad_norm': '45.18', 'learning_rate': '1.985e-05', 'epoch': '0.7324'}
{'loss': '0.4282', 'grad_norm': '27.82', 'learning_rate': '1.985e-05', 'epoch': '0.7385'}
{'loss': '0.4462', 'grad_norm': '100.3', 'learning_rate': '1.985e-05', 'epoch': '0.7446'}
{'loss': '0.4856', 'grad_norm': '50.72', 'learning_rate': '1.985e-05', 'epoch': '0.7506'}
{'loss': '0.4655', 'grad_norm': '103', 'learning_rate': '1.985e-05', 'epoch': '0.7567'}
{'loss': '0.3622', 'grad_norm': '277.9', 'learning_rate': '1.985e-05', 'epoch': '0.7627'}
{'loss': '0.426', 'grad_norm': '119', 'learning_rate': '1.985e-05', 'epoch': '0.7688'}
{'loss': '0.4439', 'grad_norm': '57.69', 'learning_rate': '1.985e-05', 'epoch': '0.7748'}
{'loss': '0.4331', 'grad_norm': '48.02', 'learning_rate': '1.984e-05', 'epoch': '0.7809'}
{'loss': '0.4695', 'grad_norm': '119.1', 'learning_rate': '1.984e-05', 'epoch': '0.7869'}
{'loss': '0.4132', 'grad_norm': '72.82', 'learning_rate': '1.984e-05', 'epoch': '0.793'}
{'loss': '0.4006', 'grad_norm': '56.42', 'learning_rate': '1.984e-05', 'epoch': '0.799'}
{'loss': '0.3559', 'grad_norm': '154.6', 'learning_rate': '1.984e-05', 'epoch': '0.8051'}
{'loss': '0.3844', 'grad_norm': '65.67', 'learning_rate': '1.984e-05', 'epoch': '0.8111'}
{'loss': '0.4152', 'grad_norm': '90.16', 'learning_rate': '1.984e-05', 'epoch': '0.8172'}
{'loss': '0.3835', 'grad_norm': '100.5', 'learning_rate': '1.984e-05', 'epoch': '0.8232'}
{'loss': '0.39', 'grad_norm': '98.32', 'learning_rate': '1.983e-05', 'epoch': '0.8293'}
{'loss': '0.3992', 'grad_norm': '175.2', 'learning_rate': '1.983e-05', 'epoch': '0.8354'}
{'loss': '0.4179', 'grad_norm': '43.66', 'learning_rate': '1.983e-05', 'epoch': '0.8414'}
{'loss': '0.3638', 'grad_norm': '128.3', 'learning_rate': '1.983e-05', 'epoch': '0.8475'}
{'loss': '0.4023', 'grad_norm': '101.1', 'learning_rate': '1.983e-05', 'epoch': '0.8535'}
{'loss': '0.3678', 'grad_norm': '109.7', 'learning_rate': '1.983e-05', 'epoch': '0.8596'}
{'loss': '0.3095', 'grad_norm': '77.56', 'learning_rate': '1.983e-05', 'epoch': '0.8656'}
{'loss': '0.4055', 'grad_norm': '79.31', 'learning_rate': '1.983e-05', 'epoch': '0.8717'}
{'loss': '0.4202', 'grad_norm': '84.5', 'learning_rate': '1.982e-05', 'epoch': '0.8777'}
{'loss': '0.3459', 'grad_norm': '84.19', 'learning_rate': '1.982e-05', 'epoch': '0.8838'}
{'loss': '0.3853', 'grad_norm': '57.71', 'learning_rate': '1.982e-05', 'epoch': '0.8898'}
{'loss': '0.3768', 'grad_norm': '59.67', 'learning_rate': '1.982e-05', 'epoch': '0.8959'}
{'loss': '0.375', 'grad_norm': '80.28', 'learning_rate': '1.982e-05', 'epoch': '0.9019'}
{'loss': '0.4319', 'grad_norm': '96.05', 'learning_rate': '1.982e-05', 'epoch': '0.908'}
{'loss': '0.422', 'grad_norm': '78.18', 'learning_rate': '1.982e-05', 'epoch': '0.914'}
{'loss': '0.383', 'grad_norm': '27.01', 'learning_rate': '1.982e-05', 'epoch': '0.9201'}
{'loss': '0.333', 'grad_norm': '24.73', 'learning_rate': '1.981e-05', 'epoch': '0.9262'}
{'loss': '0.3387', 'grad_norm': '122.6', 'learning_rate': '1.981e-05', 'epoch': '0.9322'}
{'loss': '0.3421', 'grad_norm': '61.3', 'learning_rate': '1.981e-05', 'epoch': '0.9383'}
{'loss': '0.3871', 'grad_norm': '73.86', 'learning_rate': '1.981e-05', 'epoch': '0.9443'}
{'loss': '0.3439', 'grad_norm': '54.89', 'learning_rate': '1.981e-05', 'epoch': '0.9504'}
{'loss': '0.3334', 'grad_norm': '116.6', 'learning_rate': '1.981e-05', 'epoch': '0.9564'}
{'loss': '0.3446', 'grad_norm': '78.07', 'learning_rate': '1.981e-05', 'epoch': '0.9625'}
{'loss': '0.4237', 'grad_norm': '114.5', 'learning_rate': '1.981e-05', 'epoch': '0.9685'}
{'loss': '0.3706', 'grad_norm': '131.8', 'learning_rate': '1.981e-05', 'epoch': '0.9746'}
{'loss': '0.3926', 'grad_norm': '133.3', 'learning_rate': '1.98e-05', 'epoch': '0.9806'}
{'loss': '0.3646', 'grad_norm': '68.25', 'learning_rate': '1.98e-05', 'epoch': '0.9867'}
{'loss': '0.3269', 'grad_norm': '80.22', 'learning_rate': '1.98e-05', 'epoch': '0.9927'}
{'loss': '0.3631', 'grad_norm': '418.7', 'learning_rate': '1.98e-05', 'epoch': '0.9988'}
{'eval_loss': '0.3742', 'eval_accuracy': '0.8663', 'eval_precision': '0.9154', 'eval_recall': '0.8227', 'eval_f1': '0.8666', 'eval_runtime': '11.62', 'eval_samples_per_second': '1096', 'eval_steps_per_second': '17.13', 'epoch': '1'}
{'loss': '0.3334', 'grad_norm': '224.2', 'learning_rate': '1.98e-05', 'epoch': '1.005'}
{'loss': '0.3949', 'grad_norm': '229.9', 'learning_rate': '1.98e-05', 'epoch': '1.011'}
{'loss': '0.3915', 'grad_norm': '52.11', 'learning_rate': '1.98e-05', 'epoch': '1.017'}
{'loss': '0.342', 'grad_norm': '143.9', 'learning_rate': '1.98e-05', 'epoch': '1.023'}
{'loss': '0.3153', 'grad_norm': '74.85', 'learning_rate': '1.979e-05', 'epoch': '1.029'}
{'loss': '0.3289', 'grad_norm': '59.37', 'learning_rate': '1.979e-05', 'epoch': '1.035'}
{'loss': '0.3028', 'grad_norm': '166.4', 'learning_rate': '1.979e-05', 'epoch': '1.041'}
{'loss': '0.3815', 'grad_norm': '28.25', 'learning_rate': '1.979e-05', 'epoch': '1.047'}
{'loss': '0.3277', 'grad_norm': '129', 'learning_rate': '1.979e-05', 'epoch': '1.053'}
{'loss': '0.3905', 'grad_norm': '85.06', 'learning_rate': '1.979e-05', 'epoch': '1.059'}
{'loss': '0.333', 'grad_norm': '34.51', 'learning_rate': '1.979e-05', 'epoch': '1.065'}
{'loss': '0.3426', 'grad_norm': '195.7', 'learning_rate': '1.979e-05', 'epoch': '1.071'}
{'loss': '0.3018', 'grad_norm': '67.29', 'learning_rate': '1.978e-05', 'epoch': '1.077'}
{'loss': '0.2978', 'grad_norm': '103.6', 'learning_rate': '1.978e-05', 'epoch': '1.084'}
{'loss': '0.345', 'grad_norm': '160.6', 'learning_rate': '1.978e-05', 'epoch': '1.09'}
{'loss': '0.269', 'grad_norm': '34.42', 'learning_rate': '1.978e-05', 'epoch': '1.096'}
{'loss': '0.3176', 'grad_norm': '145', 'learning_rate': '1.978e-05', 'epoch': '1.102'}
{'loss': '0.2562', 'grad_norm': '104.7', 'learning_rate': '1.978e-05', 'epoch': '1.108'}
{'loss': '0.257', 'grad_norm': '139.5', 'learning_rate': '1.978e-05', 'epoch': '1.114'}
{'loss': '0.2462', 'grad_norm': '65.21', 'learning_rate': '1.978e-05', 'epoch': '1.12'}
{'loss': '0.283', 'grad_norm': '36.77', 'learning_rate': '1.977e-05', 'epoch': '1.126'}
{'loss': '0.3369', 'grad_norm': '55.57', 'learning_rate': '1.977e-05', 'epoch': '1.132'}
{'loss': '0.3119', 'grad_norm': '68.44', 'learning_rate': '1.977e-05', 'epoch': '1.138'}
{'loss': '0.312', 'grad_norm': '140.8', 'learning_rate': '1.977e-05', 'epoch': '1.144'}
{'loss': '0.279', 'grad_norm': '91.7', 'learning_rate': '1.977e-05', 'epoch': '1.15'}
{'loss': '0.2851', 'grad_norm': '96.5', 'learning_rate': '1.977e-05', 'epoch': '1.156'}
{'loss': '0.256', 'grad_norm': '136.7', 'learning_rate': '1.977e-05', 'epoch': '1.162'}
{'loss': '0.2996', 'grad_norm': '28.76', 'learning_rate': '1.977e-05', 'epoch': '1.168'}
{'loss': '0.2945', 'grad_norm': '40.18', 'learning_rate': '1.977e-05', 'epoch': '1.174'}
{'loss': '0.3485', 'grad_norm': '18.86', 'learning_rate': '1.976e-05', 'epoch': '1.18'}
{'loss': '0.295', 'grad_norm': '20.04', 'learning_rate': '1.976e-05', 'epoch': '1.186'}
{'loss': '0.2629', 'grad_norm': '67.24', 'learning_rate': '1.976e-05', 'epoch': '1.192'}
{'loss': '0.226', 'grad_norm': '135.6', 'learning_rate': '1.976e-05', 'epoch': '1.199'}
{'loss': '0.2513', 'grad_norm': '31.31', 'learning_rate': '1.976e-05', 'epoch': '1.205'}
{'loss': '0.3097', 'grad_norm': '43.98', 'learning_rate': '1.976e-05', 'epoch': '1.211'}
{'loss': '0.2596', 'grad_norm': '186', 'learning_rate': '1.976e-05', 'epoch': '1.217'}
{'loss': '0.2483', 'grad_norm': '90.44', 'learning_rate': '1.976e-05', 'epoch': '1.223'}
{'loss': '0.287', 'grad_norm': '49.36', 'learning_rate': '1.975e-05', 'epoch': '1.229'}
{'loss': '0.3141', 'grad_norm': '33.48', 'learning_rate': '1.975e-05', 'epoch': '1.235'}
{'loss': '0.2311', 'grad_norm': '45.44', 'learning_rate': '1.975e-05', 'epoch': '1.241'}
{'loss': '0.2553', 'grad_norm': '83.41', 'learning_rate': '1.975e-05', 'epoch': '1.247'}
{'loss': '0.2538', 'grad_norm': '36.53', 'learning_rate': '1.975e-05', 'epoch': '1.253'}
{'loss': '0.2362', 'grad_norm': '31.57', 'learning_rate': '1.975e-05', 'epoch': '1.259'}
{'loss': '0.3213', 'grad_norm': '17.96', 'learning_rate': '1.975e-05', 'epoch': '1.265'}
{'loss': '0.254', 'grad_norm': '419.2', 'learning_rate': '1.975e-05', 'epoch': '1.271'}
{'loss': '0.282', 'grad_norm': '51.49', 'learning_rate': '1.974e-05', 'epoch': '1.277'}
{'loss': '0.287', 'grad_norm': '54.48', 'learning_rate': '1.974e-05', 'epoch': '1.283'}
{'loss': '0.273', 'grad_norm': '23.15', 'learning_rate': '1.974e-05', 'epoch': '1.289'}
{'loss': '0.2256', 'grad_norm': '88.97', 'learning_rate': '1.974e-05', 'epoch': '1.295'}
{'loss': '0.2077', 'grad_norm': '63.09', 'learning_rate': '1.974e-05', 'epoch': '1.301'}
{'loss': '0.2711', 'grad_norm': '16.73', 'learning_rate': '1.974e-05', 'epoch': '1.308'}
{'loss': '0.2642', 'grad_norm': '50.88', 'learning_rate': '1.974e-05', 'epoch': '1.314'}
{'loss': '0.2671', 'grad_norm': '18.75', 'learning_rate': '1.974e-05', 'epoch': '1.32'}
{'loss': '0.2305', 'grad_norm': '116.8', 'learning_rate': '1.973e-05', 'epoch': '1.326'}
{'loss': '0.2021', 'grad_norm': '42.33', 'learning_rate': '1.973e-05', 'epoch': '1.332'}
{'loss': '0.2508', 'grad_norm': '18.27', 'learning_rate': '1.973e-05', 'epoch': '1.338'}
{'loss': '0.2477', 'grad_norm': '43.89', 'learning_rate': '1.973e-05', 'epoch': '1.344'}
{'loss': '0.2586', 'grad_norm': '33.5', 'learning_rate': '1.973e-05', 'epoch': '1.35'}
{'loss': '0.1911', 'grad_norm': '22.72', 'learning_rate': '1.973e-05', 'epoch': '1.356'}
{'loss': '0.2317', 'grad_norm': '43.92', 'learning_rate': '1.973e-05', 'epoch': '1.362'}
{'loss': '0.1655', 'grad_norm': '40.9', 'learning_rate': '1.973e-05', 'epoch': '1.368'}
{'loss': '0.2288', 'grad_norm': '25.4', 'learning_rate': '1.973e-05', 'epoch': '1.374'}
{'loss': '0.2813', 'grad_norm': '16.14', 'learning_rate': '1.972e-05', 'epoch': '1.38'}
{'loss': '0.2199', 'grad_norm': '14.6', 'learning_rate': '1.972e-05', 'epoch': '1.386'}
{'loss': '0.2082', 'grad_norm': '38.58', 'learning_rate': '1.972e-05', 'epoch': '1.392'}
{'loss': '0.2505', 'grad_norm': '14.6', 'learning_rate': '1.972e-05', 'epoch': '1.398'}
{'loss': '0.2302', 'grad_norm': '18.06', 'learning_rate': '1.972e-05', 'epoch': '1.404'}
{'loss': '0.2269', 'grad_norm': '31.92', 'learning_rate': '1.972e-05', 'epoch': '1.41'}
{'loss': '0.2206', 'grad_norm': '19.22', 'learning_rate': '1.972e-05', 'epoch': '1.416'}
{'loss': '0.1955', 'grad_norm': '41.81', 'learning_rate': '1.972e-05', 'epoch': '1.423'}
{'loss': '0.1924', 'grad_norm': '27.08', 'learning_rate': '1.971e-05', 'epoch': '1.429'}
{'loss': '0.1694', 'grad_norm': '22.75', 'learning_rate': '1.971e-05', 'epoch': '1.435'}
{'loss': '0.1871', 'grad_norm': '71.5', 'learning_rate': '1.971e-05', 'epoch': '1.441'}
{'loss': '0.1562', 'grad_norm': '9.12', 'learning_rate': '1.971e-05', 'epoch': '1.447'}
{'loss': '0.2622', 'grad_norm': '24.9', 'learning_rate': '1.971e-05', 'epoch': '1.453'}
{'loss': '0.1543', 'grad_norm': '45.43', 'learning_rate': '1.971e-05', 'epoch': '1.459'}
{'loss': '0.194', 'grad_norm': '56.34', 'learning_rate': '1.971e-05', 'epoch': '1.465'}
{'loss': '0.2118', 'grad_norm': '47.77', 'learning_rate': '1.971e-05', 'epoch': '1.471'}
{'loss': '0.1908', 'grad_norm': '29.85', 'learning_rate': '1.97e-05', 'epoch': '1.477'}
{'loss': '0.1618', 'grad_norm': '99.86', 'learning_rate': '1.97e-05', 'epoch': '1.483'}
{'loss': '0.2388', 'grad_norm': '19.49', 'learning_rate': '1.97e-05', 'epoch': '1.489'}
{'loss': '0.2593', 'grad_norm': '26.16', 'learning_rate': '1.97e-05', 'epoch': '1.495'}
{'loss': '0.2015', 'grad_norm': '18.71', 'learning_rate': '1.97e-05', 'epoch': '1.501'}
{'loss': '0.1848', 'grad_norm': '5.647', 'learning_rate': '1.97e-05', 'epoch': '1.507'}
{'loss': '0.2064', 'grad_norm': '22.21', 'learning_rate': '1.97e-05', 'epoch': '1.513'}
{'loss': '0.1911', 'grad_norm': '28.01', 'learning_rate': '1.97e-05', 'epoch': '1.519'}
{'loss': '0.2043', 'grad_norm': '29.71', 'learning_rate': '1.97e-05', 'epoch': '1.525'}
{'loss': '0.1842', 'grad_norm': '79.61', 'learning_rate': '1.969e-05', 'epoch': '1.531'}
{'loss': '0.1976', 'grad_norm': '31.1', 'learning_rate': '1.969e-05', 'epoch': '1.538'}
{'loss': '0.2054', 'grad_norm': '29.7', 'learning_rate': '1.969e-05', 'epoch': '1.544'}
{'loss': '0.171', 'grad_norm': '60.71', 'learning_rate': '1.969e-05', 'epoch': '1.55'}
{'loss': '0.2084', 'grad_norm': '16.74', 'learning_rate': '1.969e-05', 'epoch': '1.556'}
{'loss': '0.199', 'grad_norm': '19.5', 'learning_rate': '1.969e-05', 'epoch': '1.562'}
{'loss': '0.1888', 'grad_norm': '34.18', 'learning_rate': '1.969e-05', 'epoch': '1.568'}
{'loss': '0.1827', 'grad_norm': '14.38', 'learning_rate': '1.969e-05', 'epoch': '1.574'}
{'loss': '0.1133', 'grad_norm': '6.781', 'learning_rate': '1.968e-05', 'epoch': '1.58'}
{'loss': '0.1994', 'grad_norm': '49.51', 'learning_rate': '1.968e-05', 'epoch': '1.586'}
{'loss': '0.1899', 'grad_norm': '20.96', 'learning_rate': '1.968e-05', 'epoch': '1.592'}
{'loss': '0.2256', 'grad_norm': '13.23', 'learning_rate': '1.968e-05', 'epoch': '1.598'}
{'loss': '0.1835', 'grad_norm': '16.59', 'learning_rate': '1.968e-05', 'epoch': '1.604'}
{'loss': '0.1623', 'grad_norm': '49.2', 'learning_rate': '1.968e-05', 'epoch': '1.61'}
{'loss': '0.201', 'grad_norm': '97.88', 'learning_rate': '1.968e-05', 'epoch': '1.616'}
{'loss': '0.1967', 'grad_norm': '6.135', 'learning_rate': '1.968e-05', 'epoch': '1.622'}
{'loss': '0.1863', 'grad_norm': '12.5', 'learning_rate': '1.967e-05', 'epoch': '1.628'}
{'loss': '0.1376', 'grad_norm': '3.616', 'learning_rate': '1.967e-05', 'epoch': '1.634'}
{'loss': '0.1664', 'grad_norm': '7.94', 'learning_rate': '1.967e-05', 'epoch': '1.64'}
{'loss': '0.1523', 'grad_norm': '23.32', 'learning_rate': '1.967e-05', 'epoch': '1.646'}
{'loss': '0.2149', 'grad_norm': '13.67', 'learning_rate': '1.967e-05', 'epoch': '1.653'}
{'loss': '0.139', 'grad_norm': '99.57', 'learning_rate': '1.967e-05', 'epoch': '1.659'}
{'loss': '0.1543', 'grad_norm': '9.957', 'learning_rate': '1.967e-05', 'epoch': '1.665'}
{'loss': '0.2276', 'grad_norm': '30.16', 'learning_rate': '1.967e-05', 'epoch': '1.671'}
{'loss': '0.1662', 'grad_norm': '26.8', 'learning_rate': '1.966e-05', 'epoch': '1.677'}
{'loss': '0.1953', 'grad_norm': '17.8', 'learning_rate': '1.966e-05', 'epoch': '1.683'}
{'loss': '0.1804', 'grad_norm': '41.37', 'learning_rate': '1.966e-05', 'epoch': '1.689'}
{'loss': '0.133', 'grad_norm': '19.72', 'learning_rate': '1.966e-05', 'epoch': '1.695'}
{'loss': '0.1631', 'grad_norm': '8.304', 'learning_rate': '1.966e-05', 'epoch': '1.701'}
{'loss': '0.1944', 'grad_norm': '18.17', 'learning_rate': '1.966e-05', 'epoch': '1.707'}
{'loss': '0.1756', 'grad_norm': '41.91', 'learning_rate': '1.966e-05', 'epoch': '1.713'}
{'loss': '0.1775', 'grad_norm': '34.81', 'learning_rate': '1.966e-05', 'epoch': '1.719'}
{'loss': '0.139', 'grad_norm': '58.81', 'learning_rate': '1.966e-05', 'epoch': '1.725'}
{'loss': '0.1558', 'grad_norm': '133.6', 'learning_rate': '1.965e-05', 'epoch': '1.731'}
{'loss': '0.1727', 'grad_norm': '4.769', 'learning_rate': '1.965e-05', 'epoch': '1.737'}
{'loss': '0.1524', 'grad_norm': '13.81', 'learning_rate': '1.965e-05', 'epoch': '1.743'}
{'loss': '0.1744', 'grad_norm': '20.92', 'learning_rate': '1.965e-05', 'epoch': '1.749'}
{'loss': '0.1608', 'grad_norm': '9.237', 'learning_rate': '1.965e-05', 'epoch': '1.755'}
{'loss': '0.2252', 'grad_norm': '64.91', 'learning_rate': '1.965e-05', 'epoch': '1.762'}
{'loss': '0.1291', 'grad_norm': '36.09', 'learning_rate': '1.965e-05', 'epoch': '1.768'}
{'loss': '0.1675', 'grad_norm': '13.8', 'learning_rate': '1.965e-05', 'epoch': '1.774'}
{'loss': '0.1747', 'grad_norm': '5.153', 'learning_rate': '1.964e-05', 'epoch': '1.78'}
{'loss': '0.1315', 'grad_norm': '5.66', 'learning_rate': '1.964e-05', 'epoch': '1.786'}
{'loss': '0.1812', 'grad_norm': '38.21', 'learning_rate': '1.964e-05', 'epoch': '1.792'}
{'loss': '0.1881', 'grad_norm': '9.627', 'learning_rate': '1.964e-05', 'epoch': '1.798'}
{'loss': '0.1252', 'grad_norm': '13.65', 'learning_rate': '1.964e-05', 'epoch': '1.804'}
{'loss': '0.1519', 'grad_norm': '175', 'learning_rate': '1.964e-05', 'epoch': '1.81'}
{'loss': '0.123', 'grad_norm': '28.35', 'learning_rate': '1.964e-05', 'epoch': '1.816'}
{'loss': '0.1656', 'grad_norm': '32.64', 'learning_rate': '1.964e-05', 'epoch': '1.822'}
{'loss': '0.1048', 'grad_norm': '3.396', 'learning_rate': '1.963e-05', 'epoch': '1.828'}
{'loss': '0.1468', 'grad_norm': '19.76', 'learning_rate': '1.963e-05', 'epoch': '1.834'}
{'loss': '0.1409', 'grad_norm': '5.811', 'learning_rate': '1.963e-05', 'epoch': '1.84'}
{'loss': '0.09037', 'grad_norm': '11.64', 'learning_rate': '1.963e-05', 'epoch': '1.846'}
{'loss': '0.09279', 'grad_norm': '3.424', 'learning_rate': '1.963e-05', 'epoch': '1.852'}
{'loss': '0.1633', 'grad_norm': '21.03', 'learning_rate': '1.963e-05', 'epoch': '1.858'}
{'loss': '0.1433', 'grad_norm': '20.02', 'learning_rate': '1.963e-05', 'epoch': '1.864'}
{'loss': '0.1584', 'grad_norm': '3.6', 'learning_rate': '1.963e-05', 'epoch': '1.87'}
{'loss': '0.2058', 'grad_norm': '45.79', 'learning_rate': '1.962e-05', 'epoch': '1.877'}
{'loss': '0.1174', 'grad_norm': '7.947', 'learning_rate': '1.962e-05', 'epoch': '1.883'}
{'loss': '0.1517', 'grad_norm': '16.93', 'learning_rate': '1.962e-05', 'epoch': '1.889'}
{'loss': '0.06958', 'grad_norm': '32.85', 'learning_rate': '1.962e-05', 'epoch': '1.895'}
{'loss': '0.1119', 'grad_norm': '4.79', 'learning_rate': '1.962e-05', 'epoch': '1.901'}
{'loss': '0.1673', 'grad_norm': '15.28', 'learning_rate': '1.962e-05', 'epoch': '1.907'}
{'loss': '0.1191', 'grad_norm': '8.268', 'learning_rate': '1.962e-05', 'epoch': '1.913'}
{'loss': '0.1699', 'grad_norm': '15.95', 'learning_rate': '1.962e-05', 'epoch': '1.919'}
{'loss': '0.1104', 'grad_norm': '20.59', 'learning_rate': '1.962e-05', 'epoch': '1.925'}
{'loss': '0.1536', 'grad_norm': '41.91', 'learning_rate': '1.961e-05', 'epoch': '1.931'}
{'loss': '0.1537', 'grad_norm': '6.484', 'learning_rate': '1.961e-05', 'epoch': '1.937'}
{'loss': '0.1621', 'grad_norm': '17.91', 'learning_rate': '1.961e-05', 'epoch': '1.943'}
{'loss': '0.1324', 'grad_norm': '5.595', 'learning_rate': '1.961e-05', 'epoch': '1.949'}
{'loss': '0.1264', 'grad_norm': '10.93', 'learning_rate': '1.961e-05', 'epoch': '1.955'}
{'loss': '0.09707', 'grad_norm': '12.48', 'learning_rate': '1.961e-05', 'epoch': '1.961'}
{'loss': '0.1635', 'grad_norm': '18.53', 'learning_rate': '1.961e-05', 'epoch': '1.967'}
{'loss': '0.1557', 'grad_norm': '10.65', 'learning_rate': '1.961e-05', 'epoch': '1.973'}
{'loss': '0.09023', 'grad_norm': '44.47', 'learning_rate': '1.96e-05', 'epoch': '1.979'}
{'loss': '0.1173', 'grad_norm': '9.514', 'learning_rate': '1.96e-05', 'epoch': '1.985'}
{'loss': '0.121', 'grad_norm': '11.22', 'learning_rate': '1.96e-05', 'epoch': '1.992'}
{'loss': '0.1102', 'grad_norm': '12.19', 'learning_rate': '1.96e-05', 'epoch': '1.998'}
{'eval_loss': '0.6416', 'eval_accuracy': '0.8603', 'eval_precision': '0.8696', 'eval_recall': '0.8651', 'eval_f1': '0.8673', 'eval_runtime': '11.39', 'eval_samples_per_second': '1118', 'eval_steps_per_second': '17.47', 'epoch': '2'}
{'loss': '0.1401', 'grad_norm': '5.31', 'learning_rate': '1.96e-05', 'epoch': '2.004'}
{'loss': '0.09183', 'grad_norm': '10.22', 'learning_rate': '1.96e-05', 'epoch': '2.01'}
{'loss': '0.1281', 'grad_norm': '15.86', 'learning_rate': '1.96e-05', 'epoch': '2.016'}
{'loss': '0.178', 'grad_norm': '3.834', 'learning_rate': '1.96e-05', 'epoch': '2.022'}
{'loss': '0.09158', 'grad_norm': '33.17', 'learning_rate': '1.959e-05', 'epoch': '2.028'}
{'loss': '0.1702', 'grad_norm': '17.48', 'learning_rate': '1.959e-05', 'epoch': '2.034'}
{'loss': '0.1446', 'grad_norm': '6.27', 'learning_rate': '1.959e-05', 'epoch': '2.04'}
{'loss': '0.1456', 'grad_norm': '22.8', 'learning_rate': '1.959e-05', 'epoch': '2.046'}
{'loss': '0.1636', 'grad_norm': '4.959', 'learning_rate': '1.959e-05', 'epoch': '2.052'}
{'loss': '0.1087', 'grad_norm': '5.593', 'learning_rate': '1.959e-05', 'epoch': '2.058'}
{'loss': '0.1178', 'grad_norm': '15.78', 'learning_rate': '1.959e-05', 'epoch': '2.064'}
{'loss': '0.15', 'grad_norm': '12.19', 'learning_rate': '1.959e-05', 'epoch': '2.07'}
{'loss': '0.141', 'grad_norm': '24.77', 'learning_rate': '1.958e-05', 'epoch': '2.076'}
{'loss': '0.0994', 'grad_norm': '11.42', 'learning_rate': '1.958e-05', 'epoch': '2.082'}
{'loss': '0.09214', 'grad_norm': '5.007', 'learning_rate': '1.958e-05', 'epoch': '2.088'}
{'loss': '0.1203', 'grad_norm': '9.001', 'learning_rate': '1.958e-05', 'epoch': '2.094'}
{'loss': '0.1091', 'grad_norm': '8.974', 'learning_rate': '1.958e-05', 'epoch': '2.1'}
{'loss': '0.1553', 'grad_norm': '2.272', 'learning_rate': '1.958e-05', 'epoch': '2.107'}
{'loss': '0.112', 'grad_norm': '10.04', 'learning_rate': '1.958e-05', 'epoch': '2.113'}
{'loss': '0.08563', 'grad_norm': '8.945', 'learning_rate': '1.958e-05', 'epoch': '2.119'}
{'loss': '0.1564', 'grad_norm': '11.63', 'learning_rate': '1.958e-05', 'epoch': '2.125'}
{'loss': '0.143', 'grad_norm': '28.45', 'learning_rate': '1.957e-05', 'epoch': '2.131'}
{'loss': '0.06248', 'grad_norm': '22.89', 'learning_rate': '1.957e-05', 'epoch': '2.137'}
{'loss': '0.1302', 'grad_norm': '7.604', 'learning_rate': '1.957e-05', 'epoch': '2.143'}
{'loss': '0.1222', 'grad_norm': '35.28', 'learning_rate': '1.957e-05', 'epoch': '2.149'}
{'loss': '0.1159', 'grad_norm': '11.3', 'learning_rate': '1.957e-05', 'epoch': '2.155'}
{'loss': '0.08894', 'grad_norm': '22.11', 'learning_rate': '1.957e-05', 'epoch': '2.161'}
{'loss': '0.08844', 'grad_norm': '8.326', 'learning_rate': '1.957e-05', 'epoch': '2.167'}
{'loss': '0.07349', 'grad_norm': '4.71', 'learning_rate': '1.957e-05', 'epoch': '2.173'}
{'loss': '0.07522', 'grad_norm': '3.382', 'learning_rate': '1.956e-05', 'epoch': '2.179'}
{'loss': '0.1032', 'grad_norm': '12', 'learning_rate': '1.956e-05', 'epoch': '2.185'}
{'loss': '0.1149', 'grad_norm': '5.735', 'learning_rate': '1.956e-05', 'epoch': '2.191'}
{'loss': '0.1682', 'grad_norm': '4.862', 'learning_rate': '1.956e-05', 'epoch': '2.197'}
{'loss': '0.06039', 'grad_norm': '4.178', 'learning_rate': '1.956e-05', 'epoch': '2.203'}
{'loss': '0.1051', 'grad_norm': '23.24', 'learning_rate': '1.956e-05', 'epoch': '2.209'}
{'loss': '0.09719', 'grad_norm': '5.107', 'learning_rate': '1.956e-05', 'epoch': '2.215'}
{'loss': '0.1215', 'grad_norm': '13.31', 'learning_rate': '1.956e-05', 'epoch': '2.222'}
{'loss': '0.1222', 'grad_norm': '10.28', 'learning_rate': '1.955e-05', 'epoch': '2.228'}
{'loss': '0.08599', 'grad_norm': '3.439', 'learning_rate': '1.955e-05', 'epoch': '2.234'}
{'loss': '0.09452', 'grad_norm': '5.336', 'learning_rate': '1.955e-05', 'epoch': '2.24'}
{'loss': '0.1155', 'grad_norm': '6.73', 'learning_rate': '1.955e-05', 'epoch': '2.246'}
{'loss': '0.07518', 'grad_norm': '22.49', 'learning_rate': '1.955e-05', 'epoch': '2.252'}
{'loss': '0.1067', 'grad_norm': '14.94', 'learning_rate': '1.955e-05', 'epoch': '2.258'}
{'loss': '0.121', 'grad_norm': '5.298', 'learning_rate': '1.955e-05', 'epoch': '2.264'}
{'loss': '0.1616', 'grad_norm': '9.256', 'learning_rate': '1.955e-05', 'epoch': '2.27'}
{'loss': '0.07187', 'grad_norm': '0.791', 'learning_rate': '1.954e-05', 'epoch': '2.276'}
{'loss': '0.1511', 'grad_norm': '34.01', 'learning_rate': '1.954e-05', 'epoch': '2.282'}
{'loss': '0.07503', 'grad_norm': '9.493', 'learning_rate': '1.954e-05', 'epoch': '2.288'}
{'loss': '0.09043', 'grad_norm': '6.415', 'learning_rate': '1.954e-05', 'epoch': '2.294'}
{'loss': '0.1501', 'grad_norm': '4.312', 'learning_rate': '1.954e-05', 'epoch': '2.3'}
{'loss': '0.1138', 'grad_norm': '14.42', 'learning_rate': '1.954e-05', 'epoch': '2.306'}
{'loss': '0.1367', 'grad_norm': '5.686', 'learning_rate': '1.954e-05', 'epoch': '2.312'}
{'loss': '0.0828', 'grad_norm': '6.677', 'learning_rate': '1.954e-05', 'epoch': '2.318'}
{'loss': '0.06243', 'grad_norm': '2.618', 'learning_rate': '1.954e-05', 'epoch': '2.324'}
{'loss': '0.1064', 'grad_norm': '6.837', 'learning_rate': '1.953e-05', 'epoch': '2.331'}
{'loss': '0.09066', 'grad_norm': '15.07', 'learning_rate': '1.953e-05', 'epoch': '2.337'}
{'loss': '0.1353', 'grad_norm': '4.924', 'learning_rate': '1.953e-05', 'epoch': '2.343'}
{'loss': '0.07638', 'grad_norm': '15.27', 'learning_rate': '1.953e-05', 'epoch': '2.349'}
{'loss': '0.1069', 'grad_norm': '1.368', 'learning_rate': '1.953e-05', 'epoch': '2.355'}
{'loss': '0.09802', 'grad_norm': '4.32', 'learning_rate': '1.953e-05', 'epoch': '2.361'}
{'loss': '0.1773', 'grad_norm': '13.41', 'learning_rate': '1.953e-05', 'epoch': '2.367'}
{'loss': '0.1156', 'grad_norm': '2.601', 'learning_rate': '1.953e-05', 'epoch': '2.373'}
{'loss': '0.1049', 'grad_norm': '9.45', 'learning_rate': '1.952e-05', 'epoch': '2.379'}
{'loss': '0.08934', 'grad_norm': '1.03', 'learning_rate': '1.952e-05', 'epoch': '2.385'}
{'loss': '0.1273', 'grad_norm': '20.39', 'learning_rate': '1.952e-05', 'epoch': '2.391'}
{'loss': '0.1433', 'grad_norm': '7.485', 'learning_rate': '1.952e-05', 'epoch': '2.397'}
{'loss': '0.06459', 'grad_norm': '0.8696', 'learning_rate': '1.952e-05', 'epoch': '2.403'}
{'loss': '0.1261', 'grad_norm': '4.587', 'learning_rate': '1.952e-05', 'epoch': '2.409'}
{'loss': '0.1278', 'grad_norm': '5.864', 'learning_rate': '1.952e-05', 'epoch': '2.415'}
{'loss': '0.0797', 'grad_norm': '5.926', 'learning_rate': '1.952e-05', 'epoch': '2.421'}
{'loss': '0.08963', 'grad_norm': '44.52', 'learning_rate': '1.951e-05', 'epoch': '2.427'}
{'loss': '0.05433', 'grad_norm': '12.62', 'learning_rate': '1.951e-05', 'epoch': '2.433'}
{'loss': '0.04323', 'grad_norm': '3.261', 'learning_rate': '1.951e-05', 'epoch': '2.439'}
{'loss': '0.07119', 'grad_norm': '5.232', 'learning_rate': '1.951e-05', 'epoch': '2.446'}
{'loss': '0.1218', 'grad_norm': '2.813', 'learning_rate': '1.951e-05', 'epoch': '2.452'}
{'loss': '0.0652', 'grad_norm': '7.979', 'learning_rate': '1.951e-05', 'epoch': '2.458'}
{'loss': '0.07398', 'grad_norm': '2.982', 'learning_rate': '1.951e-05', 'epoch': '2.464'}
{'loss': '0.06916', 'grad_norm': '51.18', 'learning_rate': '1.951e-05', 'epoch': '2.47'}
{'loss': '0.1244', 'grad_norm': '9.638', 'learning_rate': '1.95e-05', 'epoch': '2.476'}
{'loss': '0.04945', 'grad_norm': '2.639', 'learning_rate': '1.95e-05', 'epoch': '2.482'}
{'loss': '0.09988', 'grad_norm': '47.87', 'learning_rate': '1.95e-05', 'epoch': '2.488'}
{'loss': '0.08912', 'grad_norm': '9.847', 'learning_rate': '1.95e-05', 'epoch': '2.494'}
{'loss': '0.1081', 'grad_norm': '14.37', 'learning_rate': '1.95e-05', 'epoch': '2.5'}
{'loss': '0.06958', 'grad_norm': '7.603', 'learning_rate': '1.95e-05', 'epoch': '2.506'}
{'loss': '0.07818', 'grad_norm': '2.028', 'learning_rate': '1.95e-05', 'epoch': '2.512'}
{'loss': '0.04693', 'grad_norm': '19.06', 'learning_rate': '1.95e-05', 'epoch': '2.518'}
{'loss': '0.1468', 'grad_norm': '12.69', 'learning_rate': '1.95e-05', 'epoch': '2.524'}
{'loss': '0.1533', 'grad_norm': '19.56', 'learning_rate': '1.949e-05', 'epoch': '2.53'}
{'loss': '0.07461', 'grad_norm': '92.02', 'learning_rate': '1.949e-05', 'epoch': '2.536'}
{'loss': '0.08851', 'grad_norm': '7.519', 'learning_rate': '1.949e-05', 'epoch': '2.542'}
{'loss': '0.132', 'grad_norm': '7.88', 'learning_rate': '1.949e-05', 'epoch': '2.548'}
{'loss': '0.09458', 'grad_norm': '8.58', 'learning_rate': '1.949e-05', 'epoch': '2.554'}
{'loss': '0.06863', 'grad_norm': '32.77', 'learning_rate': '1.949e-05', 'epoch': '2.561'}
{'loss': '0.1446', 'grad_norm': '8.863', 'learning_rate': '1.949e-05', 'epoch': '2.567'}
{'loss': '0.08939', 'grad_norm': '1.06', 'learning_rate': '1.949e-05', 'epoch': '2.573'}
{'loss': '0.08577', 'grad_norm': '23.53', 'learning_rate': '1.948e-05', 'epoch': '2.579'}
{'loss': '0.08471', 'grad_norm': '4.305', 'learning_rate': '1.948e-05', 'epoch': '2.585'}
{'loss': '0.08699', 'grad_norm': '6.865', 'learning_rate': '1.948e-05', 'epoch': '2.591'}
{'loss': '0.1217', 'grad_norm': '11.74', 'learning_rate': '1.948e-05', 'epoch': '2.597'}
{'loss': '0.1022', 'grad_norm': '3.268', 'learning_rate': '1.948e-05', 'epoch': '2.603'}
{'loss': '0.09275', 'grad_norm': '12.38', 'learning_rate': '1.948e-05', 'epoch': '2.609'}
{'loss': '0.09466', 'grad_norm': '13.49', 'learning_rate': '1.948e-05', 'epoch': '2.615'}
{'loss': '0.06336', 'grad_norm': '3.797', 'learning_rate': '1.948e-05', 'epoch': '2.621'}
{'loss': '0.05437', 'grad_norm': '1.706', 'learning_rate': '1.947e-05', 'epoch': '2.627'}
{'loss': '0.1369', 'grad_norm': '22.62', 'learning_rate': '1.947e-05', 'epoch': '2.633'}
{'loss': '0.06601', 'grad_norm': '0.3171', 'learning_rate': '1.947e-05', 'epoch': '2.639'}
{'loss': '0.08765', 'grad_norm': '17.21', 'learning_rate': '1.947e-05', 'epoch': '2.645'}
{'loss': '0.0671', 'grad_norm': '0.2257', 'learning_rate': '1.947e-05', 'epoch': '2.651'}
{'loss': '0.04471', 'grad_norm': '11.93', 'learning_rate': '1.947e-05', 'epoch': '2.657'}
{'loss': '0.1168', 'grad_norm': '21.91', 'learning_rate': '1.947e-05', 'epoch': '2.663'}
{'loss': '0.08676', 'grad_norm': '0.9507', 'learning_rate': '1.947e-05', 'epoch': '2.669'}
{'loss': '0.09615', 'grad_norm': '8.702', 'learning_rate': '1.947e-05', 'epoch': '2.676'}
{'loss': '0.08893', 'grad_norm': '1.114', 'learning_rate': '1.946e-05', 'epoch': '2.682'}
{'loss': '0.06228', 'grad_norm': '6.839', 'learning_rate': '1.946e-05', 'epoch': '2.688'}
{'loss': '0.05231', 'grad_norm': '13.19', 'learning_rate': '1.946e-05', 'epoch': '2.694'}
{'loss': '0.08048', 'grad_norm': '8.209', 'learning_rate': '1.946e-05', 'epoch': '2.7'}
{'loss': '0.07644', 'grad_norm': '3.729', 'learning_rate': '1.946e-05', 'epoch': '2.706'}
{'loss': '0.08574', 'grad_norm': '8.392', 'learning_rate': '1.946e-05', 'epoch': '2.712'}
{'loss': '0.09604', 'grad_norm': '4.688', 'learning_rate': '1.946e-05', 'epoch': '2.718'}
{'loss': '0.05624', 'grad_norm': '20.58', 'learning_rate': '1.946e-05', 'epoch': '2.724'}
{'loss': '0.06961', 'grad_norm': '10.94', 'learning_rate': '1.945e-05', 'epoch': '2.73'}
{'loss': '0.0718', 'grad_norm': '5.175', 'learning_rate': '1.945e-05', 'epoch': '2.736'}
{'loss': '0.08105', 'grad_norm': '10.66', 'learning_rate': '1.945e-05', 'epoch': '2.742'}
{'loss': '0.06865', 'grad_norm': '0.5276', 'learning_rate': '1.945e-05', 'epoch': '2.748'}
{'loss': '0.1001', 'grad_norm': '5.666', 'learning_rate': '1.945e-05', 'epoch': '2.754'}
{'loss': '0.09055', 'grad_norm': '19.6', 'learning_rate': '1.945e-05', 'epoch': '2.76'}
{'loss': '0.06635', 'grad_norm': '16.16', 'learning_rate': '1.945e-05', 'epoch': '2.766'}
{'loss': '0.0721', 'grad_norm': '2.572', 'learning_rate': '1.945e-05', 'epoch': '2.772'}
{'loss': '0.0726', 'grad_norm': '2.479', 'learning_rate': '1.944e-05', 'epoch': '2.778'}
{'loss': '0.05333', 'grad_norm': '28.37', 'learning_rate': '1.944e-05', 'epoch': '2.785'}
{'loss': '0.06893', 'grad_norm': '33.99', 'learning_rate': '1.944e-05', 'epoch': '2.791'}
{'loss': '0.08968', 'grad_norm': '8.595', 'learning_rate': '1.944e-05', 'epoch': '2.797'}
{'loss': '0.1108', 'grad_norm': '4.71', 'learning_rate': '1.944e-05', 'epoch': '2.803'}
{'loss': '0.07322', 'grad_norm': '18.26', 'learning_rate': '1.944e-05', 'epoch': '2.809'}
{'loss': '0.05266', 'grad_norm': '0.1621', 'learning_rate': '1.944e-05', 'epoch': '2.815'}
{'loss': '0.0825', 'grad_norm': '89.54', 'learning_rate': '1.944e-05', 'epoch': '2.821'}
{'loss': '0.1251', 'grad_norm': '7.255', 'learning_rate': '1.943e-05', 'epoch': '2.827'}
{'loss': '0.06986', 'grad_norm': '4.626', 'learning_rate': '1.943e-05', 'epoch': '2.833'}
{'loss': '0.08759', 'grad_norm': '1.032', 'learning_rate': '1.943e-05', 'epoch': '2.839'}
{'loss': '0.08576', 'grad_norm': '8.025', 'learning_rate': '1.943e-05', 'epoch': '2.845'}
{'loss': '0.09161', 'grad_norm': '1.962', 'learning_rate': '1.943e-05', 'epoch': '2.851'}
{'loss': '0.05482', 'grad_norm': '5.649', 'learning_rate': '1.943e-05', 'epoch': '2.857'}
{'loss': '0.0575', 'grad_norm': '15.71', 'learning_rate': '1.943e-05', 'epoch': '2.863'}
{'loss': '0.09993', 'grad_norm': '4.52', 'learning_rate': '1.943e-05', 'epoch': '2.869'}
{'loss': '0.04341', 'grad_norm': '42.81', 'learning_rate': '1.943e-05', 'epoch': '2.875'}
{'loss': '0.09549', 'grad_norm': '11', 'learning_rate': '1.942e-05', 'epoch': '2.881'}
{'loss': '0.04733', 'grad_norm': '40.85', 'learning_rate': '1.942e-05', 'epoch': '2.887'}
{'loss': '0.0724', 'grad_norm': '3.671', 'learning_rate': '1.942e-05', 'epoch': '2.893'}
{'loss': '0.04475', 'grad_norm': '9.642', 'learning_rate': '1.942e-05', 'epoch': '2.9'}
{'loss': '0.046', 'grad_norm': '8.265', 'learning_rate': '1.942e-05', 'epoch': '2.906'}
{'loss': '0.04742', 'grad_norm': '2.225', 'learning_rate': '1.942e-05', 'epoch': '2.912'}
{'loss': '0.07711', 'grad_norm': '3.384', 'learning_rate': '1.942e-05', 'epoch': '2.918'}
{'loss': '0.07347', 'grad_norm': '4.249', 'learning_rate': '1.942e-05', 'epoch': '2.924'}
{'loss': '0.1034', 'grad_norm': '5.253', 'learning_rate': '1.941e-05', 'epoch': '2.93'}
{'loss': '0.1026', 'grad_norm': '0.3899', 'learning_rate': '1.941e-05', 'epoch': '2.936'}
{'loss': '0.02981', 'grad_norm': '0.05809', 'learning_rate': '1.941e-05', 'epoch': '2.942'}
{'loss': '0.1065', 'grad_norm': '58.45', 'learning_rate': '1.941e-05', 'epoch': '2.948'}
{'loss': '0.06037', 'grad_norm': '4.385', 'learning_rate': '1.941e-05', 'epoch': '2.954'}
{'loss': '0.09036', 'grad_norm': '0.988', 'learning_rate': '1.941e-05', 'epoch': '2.96'}
{'loss': '0.1121', 'grad_norm': '16.41', 'learning_rate': '1.941e-05', 'epoch': '2.966'}
{'loss': '0.1133', 'grad_norm': '4.786', 'learning_rate': '1.941e-05', 'epoch': '2.972'}
{'loss': '0.05188', 'grad_norm': '5.1', 'learning_rate': '1.94e-05', 'epoch': '2.978'}
{'loss': '0.06438', 'grad_norm': '6.262', 'learning_rate': '1.94e-05', 'epoch': '2.984'}
{'loss': '0.04558', 'grad_norm': '1.38', 'learning_rate': '1.94e-05', 'epoch': '2.99'}
{'loss': '0.08419', 'grad_norm': '5.027', 'learning_rate': '1.94e-05', 'epoch': '2.996'}
{'eval_loss': '0.9689', 'eval_accuracy': '0.8448', 'eval_precision': '0.8646', 'eval_recall': '0.837', 'eval_f1': '0.8506', 'eval_runtime': '11.36', 'eval_samples_per_second': '1121', 'eval_steps_per_second': '17.52', 'epoch': '3'}
{'loss': '0.07776', 'grad_norm': '5.367', 'learning_rate': '1.94e-05', 'epoch': '3.002'}
{'loss': '0.03127', 'grad_norm': '1.525', 'learning_rate': '1.94e-05', 'epoch': '3.008'}
{'loss': '0.03146', 'grad_norm': '5.356', 'learning_rate': '1.94e-05', 'epoch': '3.015'}
{'loss': '0.06185', 'grad_norm': '9.395', 'learning_rate': '1.94e-05', 'epoch': '3.021'}
{'loss': '0.1044', 'grad_norm': '6.197', 'learning_rate': '1.939e-05', 'epoch': '3.027'}
{'loss': '0.0977', 'grad_norm': '1.445', 'learning_rate': '1.939e-05', 'epoch': '3.033'}
{'loss': '0.07627', 'grad_norm': '11.14', 'learning_rate': '1.939e-05', 'epoch': '3.039'}
{'loss': '0.07262', 'grad_norm': '24.14', 'learning_rate': '1.939e-05', 'epoch': '3.045'}
{'loss': '0.04077', 'grad_norm': '0.6407', 'learning_rate': '1.939e-05', 'epoch': '3.051'}
{'loss': '0.0916', 'grad_norm': '0.5872', 'learning_rate': '1.939e-05', 'epoch': '3.057'}
{'loss': '0.05228', 'grad_norm': '2.193', 'learning_rate': '1.939e-05', 'epoch': '3.063'}
{'loss': '0.06342', 'grad_norm': '6.252', 'learning_rate': '1.939e-05', 'epoch': '3.069'}
{'loss': '0.04329', 'grad_norm': '42.63', 'learning_rate': '1.939e-05', 'epoch': '3.075'}
{'loss': '0.1023', 'grad_norm': '24.39', 'learning_rate': '1.938e-05', 'epoch': '3.081'}
{'loss': '0.107', 'grad_norm': '16.58', 'learning_rate': '1.938e-05', 'epoch': '3.087'}
{'loss': '0.03515', 'grad_norm': '1.164', 'learning_rate': '1.938e-05', 'epoch': '3.093'}
{'loss': '0.03756', 'grad_norm': '3.532', 'learning_rate': '1.938e-05', 'epoch': '3.099'}
{'loss': '0.0303', 'grad_norm': '2.444', 'learning_rate': '1.938e-05', 'epoch': '3.105'}
{'loss': '0.08215', 'grad_norm': '9.857', 'learning_rate': '1.938e-05', 'epoch': '3.111'}
{'loss': '0.0651', 'grad_norm': '0.05818', 'learning_rate': '1.938e-05', 'epoch': '3.117'}
{'loss': '0.08036', 'grad_norm': '2.241', 'learning_rate': '1.938e-05', 'epoch': '3.123'}
{'loss': '0.04257', 'grad_norm': '0.4219', 'learning_rate': '1.937e-05', 'epoch': '3.13'}
{'loss': '0.0568', 'grad_norm': '1.354', 'learning_rate': '1.937e-05', 'epoch': '3.136'}
{'loss': '0.1145', 'grad_norm': '4.101', 'learning_rate': '1.937e-05', 'epoch': '3.142'}
{'loss': '0.06769', 'grad_norm': '6.731', 'learning_rate': '1.937e-05', 'epoch': '3.148'}
{'loss': '0.09028', 'grad_norm': '11.17', 'learning_rate': '1.937e-05', 'epoch': '3.154'}
{'loss': '0.06868', 'grad_norm': '3.299', 'learning_rate': '1.937e-05', 'epoch': '3.16'}
{'loss': '0.02698', 'grad_norm': '10.88', 'learning_rate': '1.937e-05', 'epoch': '3.166'}
{'loss': '0.06353', 'grad_norm': '3.063', 'learning_rate': '1.937e-05', 'epoch': '3.172'}
{'loss': '0.03957', 'grad_norm': '0.9048', 'learning_rate': '1.936e-05', 'epoch': '3.178'}
{'loss': '0.0634', 'grad_norm': '7.158', 'learning_rate': '1.936e-05', 'epoch': '3.184'}
{'loss': '0.07285', 'grad_norm': '15.7', 'learning_rate': '1.936e-05', 'epoch': '3.19'}
{'loss': '0.07481', 'grad_norm': '3.855', 'learning_rate': '1.936e-05', 'epoch': '3.196'}
{'loss': '0.05774', 'grad_norm': '6.159', 'learning_rate': '1.936e-05', 'epoch': '3.202'}
{'loss': '0.06651', 'grad_norm': '15.65', 'learning_rate': '1.936e-05', 'epoch': '3.208'}
{'loss': '0.06525', 'grad_norm': '0.3194', 'learning_rate': '1.936e-05', 'epoch': '3.214'}
{'loss': '0.09226', 'grad_norm': '13.16', 'learning_rate': '1.936e-05', 'epoch': '3.22'}
{'loss': '0.07792', 'grad_norm': '5.29', 'learning_rate': '1.935e-05', 'epoch': '3.226'}
{'loss': '0.08059', 'grad_norm': '5.475', 'learning_rate': '1.935e-05', 'epoch': '3.232'}
{'loss': '0.08424', 'grad_norm': '5.565', 'learning_rate': '1.935e-05', 'epoch': '3.238'}
{'loss': '0.03486', 'grad_norm': '2.016', 'learning_rate': '1.935e-05', 'epoch': '3.245'}
{'loss': '0.06504', 'grad_norm': '2.839', 'learning_rate': '1.935e-05', 'epoch': '3.251'}
{'loss': '0.05391', 'grad_norm': '1.266', 'learning_rate': '1.935e-05', 'epoch': '3.257'}
{'loss': '0.07242', 'grad_norm': '1.878', 'learning_rate': '1.935e-05', 'epoch': '3.263'}
{'loss': '0.02988', 'grad_norm': '8.35', 'learning_rate': '1.935e-05', 'epoch': '3.269'}
{'loss': '0.06442', 'grad_norm': '9.678', 'learning_rate': '1.935e-05', 'epoch': '3.275'}
{'loss': '0.03416', 'grad_norm': '1.751', 'learning_rate': '1.934e-05', 'epoch': '3.281'}
{'loss': '0.03734', 'grad_norm': '5.118', 'learning_rate': '1.934e-05', 'epoch': '3.287'}
{'loss': '0.06442', 'grad_norm': '0.4779', 'learning_rate': '1.934e-05', 'epoch': '3.293'}
{'loss': '0.02776', 'grad_norm': '0.08134', 'learning_rate': '1.934e-05', 'epoch': '3.299'}
{'loss': '0.03594', 'grad_norm': '2.428', 'learning_rate': '1.934e-05', 'epoch': '3.305'}
{'loss': '0.03474', 'grad_norm': '9.898', 'learning_rate': '1.934e-05', 'epoch': '3.311'}
{'loss': '0.05587', 'grad_norm': '10.1', 'learning_rate': '1.934e-05', 'epoch': '3.317'}
{'loss': '0.09459', 'grad_norm': '1.746', 'learning_rate': '1.934e-05', 'epoch': '3.323'}
{'loss': '0.1238', 'grad_norm': '0.4026', 'learning_rate': '1.933e-05', 'epoch': '3.329'}
{'loss': '0.09259', 'grad_norm': '5.689', 'learning_rate': '1.933e-05', 'epoch': '3.335'}
{'loss': '0.1182', 'grad_norm': '4.572', 'learning_rate': '1.933e-05', 'epoch': '3.341'}
{'loss': '0.06354', 'grad_norm': '7.968', 'learning_rate': '1.933e-05', 'epoch': '3.347'}
{'loss': '0.0626', 'grad_norm': '4.217', 'learning_rate': '1.933e-05', 'epoch': '3.354'}
{'loss': '0.0401', 'grad_norm': '3.876', 'learning_rate': '1.933e-05', 'epoch': '3.36'}
{'loss': '0.1442', 'grad_norm': '8.601', 'learning_rate': '1.933e-05', 'epoch': '3.366'}
{'loss': '0.06502', 'grad_norm': '0.1727', 'learning_rate': '1.933e-05', 'epoch': '3.372'}
{'loss': '0.06411', 'grad_norm': '7.471', 'learning_rate': '1.932e-05', 'epoch': '3.378'}
{'loss': '0.0486', 'grad_norm': '6.727', 'learning_rate': '1.932e-05', 'epoch': '3.384'}
{'loss': '0.07141', 'grad_norm': '4.511', 'learning_rate': '1.932e-05', 'epoch': '3.39'}
{'loss': '0.06114', 'grad_norm': '9.299', 'learning_rate': '1.932e-05', 'epoch': '3.396'}
{'loss': '0.04201', 'grad_norm': '8.571', 'learning_rate': '1.932e-05', 'epoch': '3.402'}
{'loss': '0.03778', 'grad_norm': '0.1668', 'learning_rate': '1.932e-05', 'epoch': '3.408'}
{'loss': '0.02825', 'grad_norm': '4.125', 'learning_rate': '1.932e-05', 'epoch': '3.414'}
{'loss': '0.06039', 'grad_norm': '5.096', 'learning_rate': '1.932e-05', 'epoch': '3.42'}
{'loss': '0.06518', 'grad_norm': '28.73', 'learning_rate': '1.931e-05', 'epoch': '3.426'}
{'loss': '0.06941', 'grad_norm': '1.839', 'learning_rate': '1.931e-05', 'epoch': '3.432'}
{'loss': '0.1051', 'grad_norm': '10.53', 'learning_rate': '1.931e-05', 'epoch': '3.438'}
{'loss': '0.0293', 'grad_norm': '0.07531', 'learning_rate': '1.931e-05', 'epoch': '3.444'}
{'loss': '0.09964', 'grad_norm': '12.45', 'learning_rate': '1.931e-05', 'epoch': '3.45'}
{'loss': '0.05075', 'grad_norm': '0.05857', 'learning_rate': '1.931e-05', 'epoch': '3.456'}
{'loss': '0.03454', 'grad_norm': '0.8731', 'learning_rate': '1.931e-05', 'epoch': '3.462'}
{'loss': '0.03947', 'grad_norm': '0.2687', 'learning_rate': '1.931e-05', 'epoch': '3.469'}
{'loss': '0.07534', 'grad_norm': '0.0238', 'learning_rate': '1.931e-05', 'epoch': '3.475'}
{'loss': '0.05406', 'grad_norm': '9.575', 'learning_rate': '1.93e-05', 'epoch': '3.481'}
{'loss': '0.05985', 'grad_norm': '0.9146', 'learning_rate': '1.93e-05', 'epoch': '3.487'}
{'loss': '0.01733', 'grad_norm': '0.2836', 'learning_rate': '1.93e-05', 'epoch': '3.493'}
{'loss': '0.02111', 'grad_norm': '0.3063', 'learning_rate': '1.93e-05', 'epoch': '3.499'}
{'loss': '0.05611', 'grad_norm': '12.36', 'learning_rate': '1.93e-05', 'epoch': '3.505'}
{'loss': '0.07688', 'grad_norm': '13.1', 'learning_rate': '1.93e-05', 'epoch': '3.511'}
{'loss': '0.03997', 'grad_norm': '3.194', 'learning_rate': '1.93e-05', 'epoch': '3.517'}
{'loss': '0.1115', 'grad_norm': '6.064', 'learning_rate': '1.93e-05', 'epoch': '3.523'}
{'loss': '0.05404', 'grad_norm': '0.2331', 'learning_rate': '1.929e-05', 'epoch': '3.529'}
{'loss': '0.1014', 'grad_norm': '1.594', 'learning_rate': '1.929e-05', 'epoch': '3.535'}
{'loss': '0.03363', 'grad_norm': '0.245', 'learning_rate': '1.929e-05', 'epoch': '3.541'}
{'loss': '0.07072', 'grad_norm': '0.958', 'learning_rate': '1.929e-05', 'epoch': '3.547'}
{'loss': '0.05374', 'grad_norm': '0.337', 'learning_rate': '1.929e-05', 'epoch': '3.553'}
{'loss': '0.09429', 'grad_norm': '302.5', 'learning_rate': '1.929e-05', 'epoch': '3.559'}
{'loss': '0.02524', 'grad_norm': '4.458', 'learning_rate': '1.929e-05', 'epoch': '3.565'}
{'loss': '0.04586', 'grad_norm': '11.8', 'learning_rate': '1.929e-05', 'epoch': '3.571'}
{'loss': '0.05341', 'grad_norm': '0.3629', 'learning_rate': '1.928e-05', 'epoch': '3.577'}
{'loss': '0.07152', 'grad_norm': '1.465', 'learning_rate': '1.928e-05', 'epoch': '3.584'}
{'loss': '0.06411', 'grad_norm': '5.612', 'learning_rate': '1.928e-05', 'epoch': '3.59'}
{'loss': '0.09284', 'grad_norm': '1.694', 'learning_rate': '1.928e-05', 'epoch': '3.596'}
{'loss': '0.06337', 'grad_norm': '14.68', 'learning_rate': '1.928e-05', 'epoch': '3.602'}
{'loss': '0.05129', 'grad_norm': '5.704', 'learning_rate': '1.928e-05', 'epoch': '3.608'}
{'loss': '0.02387', 'grad_norm': '5.691', 'learning_rate': '1.928e-05', 'epoch': '3.614'}
{'loss': '0.07153', 'grad_norm': '12.69', 'learning_rate': '1.928e-05', 'epoch': '3.62'}
{'loss': '0.07851', 'grad_norm': '0.1549', 'learning_rate': '1.927e-05', 'epoch': '3.626'}
{'loss': '0.0137', 'grad_norm': '2.716', 'learning_rate': '1.927e-05', 'epoch': '3.632'}
{'loss': '0.08956', 'grad_norm': '0.2663', 'learning_rate': '1.927e-05', 'epoch': '3.638'}
{'loss': '0.05437', 'grad_norm': '19.14', 'learning_rate': '1.927e-05', 'epoch': '3.644'}
{'loss': '0.09711', 'grad_norm': '0.1111', 'learning_rate': '1.927e-05', 'epoch': '3.65'}
{'loss': '0.06306', 'grad_norm': '9.261', 'learning_rate': '1.927e-05', 'epoch': '3.656'}
{'loss': '0.05', 'grad_norm': '0.3719', 'learning_rate': '1.927e-05', 'epoch': '3.662'}
{'loss': '0.06516', 'grad_norm': '9.833', 'learning_rate': '1.927e-05', 'epoch': '3.668'}
{'loss': '0.05355', 'grad_norm': '3.577', 'learning_rate': '1.927e-05', 'epoch': '3.674'}
{'loss': '0.03307', 'grad_norm': '5.99', 'learning_rate': '1.926e-05', 'epoch': '3.68'}
{'loss': '0.04319', 'grad_norm': '4.007', 'learning_rate': '1.926e-05', 'epoch': '3.686'}
{'loss': '0.1018', 'grad_norm': '3.343', 'learning_rate': '1.926e-05', 'epoch': '3.692'}
{'loss': '0.08585', 'grad_norm': '4.368', 'learning_rate': '1.926e-05', 'epoch': '3.699'}
{'loss': '0.01799', 'grad_norm': '0.5054', 'learning_rate': '1.926e-05', 'epoch': '3.705'}
{'loss': '0.0538', 'grad_norm': '4.125', 'learning_rate': '1.926e-05', 'epoch': '3.711'}
{'loss': '0.03468', 'grad_norm': '0.08081', 'learning_rate': '1.926e-05', 'epoch': '3.717'}
{'loss': '0.04535', 'grad_norm': '7.916', 'learning_rate': '1.926e-05', 'epoch': '3.723'}
{'loss': '0.05978', 'grad_norm': '6.046', 'learning_rate': '1.925e-05', 'epoch': '3.729'}
{'loss': '0.05114', 'grad_norm': '7.189', 'learning_rate': '1.925e-05', 'epoch': '3.735'}
{'loss': '0.01848', 'grad_norm': '1.326', 'learning_rate': '1.925e-05', 'epoch': '3.741'}
{'loss': '0.0463', 'grad_norm': '0.1053', 'learning_rate': '1.925e-05', 'epoch': '3.747'}
{'loss': '0.03819', 'grad_norm': '7.207', 'learning_rate': '1.925e-05', 'epoch': '3.753'}
{'loss': '0.05104', 'grad_norm': '0.1327', 'learning_rate': '1.925e-05', 'epoch': '3.759'}
{'loss': '0.05688', 'grad_norm': '6.164', 'learning_rate': '1.925e-05', 'epoch': '3.765'}
{'loss': '0.07967', 'grad_norm': '8.261', 'learning_rate': '1.925e-05', 'epoch': '3.771'}
{'loss': '0.08721', 'grad_norm': '8.508', 'learning_rate': '1.924e-05', 'epoch': '3.777'}
{'loss': '0.06638', 'grad_norm': '11.12', 'learning_rate': '1.924e-05', 'epoch': '3.783'}
{'loss': '0.05267', 'grad_norm': '2.074', 'learning_rate': '1.924e-05', 'epoch': '3.789'}
{'loss': '0.02419', 'grad_norm': '3.465', 'learning_rate': '1.924e-05', 'epoch': '3.795'}
{'loss': '0.02078', 'grad_norm': '0.2004', 'learning_rate': '1.924e-05', 'epoch': '3.801'}
{'loss': '0.04372', 'grad_norm': '0.265', 'learning_rate': '1.924e-05', 'epoch': '3.808'}
{'loss': '0.05428', 'grad_norm': '0.0583', 'learning_rate': '1.924e-05', 'epoch': '3.814'}
{'loss': '0.0413', 'grad_norm': '9.707', 'learning_rate': '1.924e-05', 'epoch': '3.82'}
{'loss': '0.05785', 'grad_norm': '5.042', 'learning_rate': '1.923e-05', 'epoch': '3.826'}
{'loss': '0.05911', 'grad_norm': '0.6594', 'learning_rate': '1.923e-05', 'epoch': '3.832'}
{'loss': '0.06585', 'grad_norm': '0.2864', 'learning_rate': '1.923e-05', 'epoch': '3.838'}
{'loss': '0.07137', 'grad_norm': '9.87', 'learning_rate': '1.923e-05', 'epoch': '3.844'}
{'loss': '0.02163', 'grad_norm': '1.587', 'learning_rate': '1.923e-05', 'epoch': '3.85'}
{'loss': '0.1018', 'grad_norm': '7.365', 'learning_rate': '1.923e-05', 'epoch': '3.856'}
{'loss': '0.06969', 'grad_norm': '0.5883', 'learning_rate': '1.923e-05', 'epoch': '3.862'}
{'loss': '0.05654', 'grad_norm': '0.7535', 'learning_rate': '1.923e-05', 'epoch': '3.868'}
{'loss': '0.04248', 'grad_norm': '3.464', 'learning_rate': '1.923e-05', 'epoch': '3.874'}
{'loss': '0.05076', 'grad_norm': '7.685', 'learning_rate': '1.922e-05', 'epoch': '3.88'}
{'loss': '0.1037', 'grad_norm': '11.48', 'learning_rate': '1.922e-05', 'epoch': '3.886'}
{'loss': '0.05779', 'grad_norm': '0.4527', 'learning_rate': '1.922e-05', 'epoch': '3.892'}
{'loss': '0.08691', 'grad_norm': '0.5843', 'learning_rate': '1.922e-05', 'epoch': '3.898'}
{'loss': '0.05001', 'grad_norm': '5.125', 'learning_rate': '1.922e-05', 'epoch': '3.904'}
{'loss': '0.03834', 'grad_norm': '4.381', 'learning_rate': '1.922e-05', 'epoch': '3.91'}
{'loss': '0.04534', 'grad_norm': '0.2558', 'learning_rate': '1.922e-05', 'epoch': '3.916'}
{'loss': '0.03958', 'grad_norm': '0.405', 'learning_rate': '1.922e-05', 'epoch': '3.923'}
{'loss': '0.0569', 'grad_norm': '6.014', 'learning_rate': '1.921e-05', 'epoch': '3.929'}
{'loss': '0.0772', 'grad_norm': '2.308', 'learning_rate': '1.921e-05', 'epoch': '3.935'}
{'loss': '0.02402', 'grad_norm': '0.2309', 'learning_rate': '1.921e-05', 'epoch': '3.941'}
{'loss': '0.05681', 'grad_norm': '3.345', 'learning_rate': '1.921e-05', 'epoch': '3.947'}
{'loss': '0.01321', 'grad_norm': '0.6638', 'learning_rate': '1.921e-05', 'epoch': '3.953'}
{'loss': '0.05195', 'grad_norm': '5.958', 'learning_rate': '1.921e-05', 'epoch': '3.959'}
{'loss': '0.05823', 'grad_norm': '4.356', 'learning_rate': '1.921e-05', 'epoch': '3.965'}
{'loss': '0.02648', 'grad_norm': '3.21', 'learning_rate': '1.921e-05', 'epoch': '3.971'}
{'loss': '0.051', 'grad_norm': '4.507', 'learning_rate': '1.92e-05', 'epoch': '3.977'}
{'loss': '0.04873', 'grad_norm': '24.3', 'learning_rate': '1.92e-05', 'epoch': '3.983'}
{'loss': '0.0643', 'grad_norm': '0.03914', 'learning_rate': '1.92e-05', 'epoch': '3.989'}
{'loss': '0.08804', 'grad_norm': '9.672', 'learning_rate': '1.92e-05', 'epoch': '3.995'}
{'eval_loss': '1.126', 'eval_accuracy': '0.8517', 'eval_precision': '0.8493', 'eval_recall': '0.8742', 'eval_f1': '0.8615', 'eval_runtime': '11.36', 'eval_samples_per_second': '1121', 'eval_steps_per_second': '17.52', 'epoch': '4'}
{'loss': '0.072', 'grad_norm': '0.03621', 'learning_rate': '1.92e-05', 'epoch': '4.001'}
{'loss': '0.05442', 'grad_norm': '0.7003', 'learning_rate': '1.92e-05', 'epoch': '4.007'}
{'loss': '0.0292', 'grad_norm': '5.54', 'learning_rate': '1.92e-05', 'epoch': '4.013'}
{'loss': '0.04233', 'grad_norm': '3.934', 'learning_rate': '1.92e-05', 'epoch': '4.019'}
{'loss': '0.01682', 'grad_norm': '1.311', 'learning_rate': '1.92e-05', 'epoch': '4.025'}
{'loss': '0.06002', 'grad_norm': '1.715', 'learning_rate': '1.919e-05', 'epoch': '4.031'}
{'loss': '0.08095', 'grad_norm': '0.1023', 'learning_rate': '1.919e-05', 'epoch': '4.038'}
{'loss': '0.03512', 'grad_norm': '1.076', 'learning_rate': '1.919e-05', 'epoch': '4.044'}
{'loss': '0.0353', 'grad_norm': '37.54', 'learning_rate': '1.919e-05', 'epoch': '4.05'}
{'loss': '0.04353', 'grad_norm': '2.244', 'learning_rate': '1.919e-05', 'epoch': '4.056'}
{'loss': '0.0588', 'grad_norm': '15.29', 'learning_rate': '1.919e-05', 'epoch': '4.062'}
{'loss': '0.05021', 'grad_norm': '5.877', 'learning_rate': '1.919e-05', 'epoch': '4.068'}
{'loss': '0.03276', 'grad_norm': '5.117', 'learning_rate': '1.919e-05', 'epoch': '4.074'}
{'loss': '0.08412', 'grad_norm': '10.15', 'learning_rate': '1.918e-05', 'epoch': '4.08'}
{'loss': '0.05931', 'grad_norm': '13.8', 'learning_rate': '1.918e-05', 'epoch': '4.086'}
{'loss': '0.09878', 'grad_norm': '3.679', 'learning_rate': '1.918e-05', 'epoch': '4.092'}
{'loss': '0.04153', 'grad_norm': '2.524', 'learning_rate': '1.918e-05', 'epoch': '4.098'}
{'loss': '0.02085', 'grad_norm': '0.8938', 'learning_rate': '1.918e-05', 'epoch': '4.104'}
{'loss': '0.0703', 'grad_norm': '0.02681', 'learning_rate': '1.918e-05', 'epoch': '4.11'}
{'loss': '0.04903', 'grad_norm': '1.709', 'learning_rate': '1.918e-05', 'epoch': '4.116'}
{'loss': '0.04395', 'grad_norm': '7.41', 'learning_rate': '1.918e-05', 'epoch': '4.122'}
{'loss': '0.05329', 'grad_norm': '0.07897', 'learning_rate': '1.917e-05', 'epoch': '4.128'}
{'loss': '0.01244', 'grad_norm': '0.1308', 'learning_rate': '1.917e-05', 'epoch': '4.134'}
{'loss': '0.05399', 'grad_norm': '3.533', 'learning_rate': '1.917e-05', 'epoch': '4.14'}
{'loss': '0.05037', 'grad_norm': '28.02', 'learning_rate': '1.917e-05', 'epoch': '4.146'}
{'loss': '0.01044', 'grad_norm': '0.9878', 'learning_rate': '1.917e-05', 'epoch': '4.153'}
{'loss': '0.02567', 'grad_norm': '4.656', 'learning_rate': '1.917e-05', 'epoch': '4.159'}
{'loss': '0.06491', 'grad_norm': '3.883', 'learning_rate': '1.917e-05', 'epoch': '4.165'}
{'loss': '0.02599', 'grad_norm': '0.5694', 'learning_rate': '1.917e-05', 'epoch': '4.171'}
{'loss': '0.01648', 'grad_norm': '1.348', 'learning_rate': '1.916e-05', 'epoch': '4.177'}
{'loss': '0.0216', 'grad_norm': '0.3717', 'learning_rate': '1.916e-05', 'epoch': '4.183'}
{'loss': '0.03569', 'grad_norm': '15.65', 'learning_rate': '1.916e-05', 'epoch': '4.189'}
{'loss': '0.02363', 'grad_norm': '1.876', 'learning_rate': '1.916e-05', 'epoch': '4.195'}
{'loss': '0.03991', 'grad_norm': '2.732', 'learning_rate': '1.916e-05', 'epoch': '4.201'}
{'loss': '0.08159', 'grad_norm': '9.447', 'learning_rate': '1.916e-05', 'epoch': '4.207'}
{'loss': '0.0464', 'grad_norm': '2.224', 'learning_rate': '1.916e-05', 'epoch': '4.213'}
{'loss': '0.03924', 'grad_norm': '3.197', 'learning_rate': '1.916e-05', 'epoch': '4.219'}
{'loss': '0.01898', 'grad_norm': '0.7716', 'learning_rate': '1.916e-05', 'epoch': '4.225'}
{'loss': '0.02119', 'grad_norm': '0.3021', 'learning_rate': '1.915e-05', 'epoch': '4.231'}
{'loss': '0.08351', 'grad_norm': '10.86', 'learning_rate': '1.915e-05', 'epoch': '4.237'}
{'loss': '0.04589', 'grad_norm': '5.216', 'learning_rate': '1.915e-05', 'epoch': '4.243'}
{'loss': '0.02162', 'grad_norm': '8.177', 'learning_rate': '1.915e-05', 'epoch': '4.249'}
{'loss': '0.04752', 'grad_norm': '17.27', 'learning_rate': '1.915e-05', 'epoch': '4.255'}
{'loss': '0.05472', 'grad_norm': '0.08238', 'learning_rate': '1.915e-05', 'epoch': '4.262'}
{'loss': '0.06086', 'grad_norm': '1.662', 'learning_rate': '1.915e-05', 'epoch': '4.268'}
{'loss': '0.03312', 'grad_norm': '1.096', 'learning_rate': '1.915e-05', 'epoch': '4.274'}
{'loss': '0.0354', 'grad_norm': '2.296', 'learning_rate': '1.914e-05', 'epoch': '4.28'}
{'loss': '0.02793', 'grad_norm': '0.05802', 'learning_rate': '1.914e-05', 'epoch': '4.286'}
{'loss': '0.03266', 'grad_norm': '0.03432', 'learning_rate': '1.914e-05', 'epoch': '4.292'}
{'loss': '0.06862', 'grad_norm': '7.254', 'learning_rate': '1.914e-05', 'epoch': '4.298'}
{'loss': '0.01282', 'grad_norm': '0.7851', 'learning_rate': '1.914e-05', 'epoch': '4.304'}
{'loss': '0.0406', 'grad_norm': '0.00281', 'learning_rate': '1.914e-05', 'epoch': '4.31'}
{'loss': '0.02805', 'grad_norm': '0.01132', 'learning_rate': '1.914e-05', 'epoch': '4.316'}
{'loss': '0.0668', 'grad_norm': '4.635', 'learning_rate': '1.914e-05', 'epoch': '4.322'}
{'loss': '0.1256', 'grad_norm': '9.952', 'learning_rate': '1.913e-05', 'epoch': '4.328'}
{'loss': '0.07719', 'grad_norm': '4.221', 'learning_rate': '1.913e-05', 'epoch': '4.334'}
{'loss': '0.03325', 'grad_norm': '3.344', 'learning_rate': '1.913e-05', 'epoch': '4.34'}
{'loss': '0.02062', 'grad_norm': '8.982', 'learning_rate': '1.913e-05', 'epoch': '4.346'}
{'loss': '0.05826', 'grad_norm': '4.426', 'learning_rate': '1.913e-05', 'epoch': '4.352'}
{'loss': '0.06269', 'grad_norm': '2.071', 'learning_rate': '1.913e-05', 'epoch': '4.358'}
{'loss': '0.07481', 'grad_norm': '4.919', 'learning_rate': '1.913e-05', 'epoch': '4.364'}
{'loss': '0.02569', 'grad_norm': '36.61', 'learning_rate': '1.913e-05', 'epoch': '4.37'}
{'loss': '0.02075', 'grad_norm': '0.8635', 'learning_rate': '1.912e-05', 'epoch': '4.377'}
{'loss': '0.01827', 'grad_norm': '0.2112', 'learning_rate': '1.912e-05', 'epoch': '4.383'}
{'loss': '0.05742', 'grad_norm': '3.479', 'learning_rate': '1.912e-05', 'epoch': '4.389'}
{'loss': '0.03353', 'grad_norm': '18.59', 'learning_rate': '1.912e-05', 'epoch': '4.395'}
{'loss': '0.07935', 'grad_norm': '6.582', 'learning_rate': '1.912e-05', 'epoch': '4.401'}
{'loss': '0.05347', 'grad_norm': '5.618', 'learning_rate': '1.912e-05', 'epoch': '4.407'}
{'loss': '0.1179', 'grad_norm': '28.86', 'learning_rate': '1.912e-05', 'epoch': '4.413'}
{'loss': '0.05307', 'grad_norm': '0.3388', 'learning_rate': '1.912e-05', 'epoch': '4.419'}
{'loss': '0.02553', 'grad_norm': '0.4856', 'learning_rate': '1.912e-05', 'epoch': '4.425'}
{'loss': '0.06073', 'grad_norm': '4.814', 'learning_rate': '1.911e-05', 'epoch': '4.431'}
{'loss': '0.05896', 'grad_norm': '9.921', 'learning_rate': '1.911e-05', 'epoch': '4.437'}
{'loss': '0.03623', 'grad_norm': '12.01', 'learning_rate': '1.911e-05', 'epoch': '4.443'}
{'loss': '0.02604', 'grad_norm': '0.114', 'learning_rate': '1.911e-05', 'epoch': '4.449'}
{'loss': '0.02423', 'grad_norm': '8.247', 'learning_rate': '1.911e-05', 'epoch': '4.455'}
{'loss': '0.06277', 'grad_norm': '4.592', 'learning_rate': '1.911e-05', 'epoch': '4.461'}
{'loss': '0.07462', 'grad_norm': '0.147', 'learning_rate': '1.911e-05', 'epoch': '4.467'}
{'loss': '0.02355', 'grad_norm': '13.38', 'learning_rate': '1.911e-05', 'epoch': '4.473'}
{'loss': '0.1249', 'grad_norm': '5.222', 'learning_rate': '1.91e-05', 'epoch': '4.479'}
{'loss': '0.05472', 'grad_norm': '0.02996', 'learning_rate': '1.91e-05', 'epoch': '4.485'}
{'loss': '0.01824', 'grad_norm': '8.475', 'learning_rate': '1.91e-05', 'epoch': '4.492'}
{'loss': '0.04696', 'grad_norm': '0.057', 'learning_rate': '1.91e-05', 'epoch': '4.498'}
{'loss': '0.009941', 'grad_norm': '0.03462', 'learning_rate': '1.91e-05', 'epoch': '4.504'}
{'loss': '0.03343', 'grad_norm': '9.275', 'learning_rate': '1.91e-05', 'epoch': '4.51'}
{'loss': '0.05686', 'grad_norm': '0.7362', 'learning_rate': '1.91e-05', 'epoch': '4.516'}
{'loss': '0.02498', 'grad_norm': '0.2494', 'learning_rate': '1.91e-05', 'epoch': '4.522'}
{'loss': '0.03824', 'grad_norm': '1.118', 'learning_rate': '1.909e-05', 'epoch': '4.528'}
{'loss': '0.0325', 'grad_norm': '0.162', 'learning_rate': '1.909e-05', 'epoch': '4.534'}
{'loss': '0.05419', 'grad_norm': '4.84', 'learning_rate': '1.909e-05', 'epoch': '4.54'}
{'loss': '0.02114', 'grad_norm': '2.157', 'learning_rate': '1.909e-05', 'epoch': '4.546'}
{'loss': '0.0407', 'grad_norm': '0.007569', 'learning_rate': '1.909e-05', 'epoch': '4.552'}
{'loss': '0.01845', 'grad_norm': '0.02212', 'learning_rate': '1.909e-05', 'epoch': '4.558'}
{'loss': '0.06826', 'grad_norm': '9.874', 'learning_rate': '1.909e-05', 'epoch': '4.564'}
{'loss': '0.01888', 'grad_norm': '3.046', 'learning_rate': '1.909e-05', 'epoch': '4.57'}
{'loss': '0.03027', 'grad_norm': '0.1577', 'learning_rate': '1.908e-05', 'epoch': '4.576'}
{'loss': '0.05059', 'grad_norm': '12.5', 'learning_rate': '1.908e-05', 'epoch': '4.582'}
{'loss': '0.03905', 'grad_norm': '0.1934', 'learning_rate': '1.908e-05', 'epoch': '4.588'}
{'loss': '0.03926', 'grad_norm': '4.946', 'learning_rate': '1.908e-05', 'epoch': '4.594'}
{'loss': '0.06363', 'grad_norm': '0.4313', 'learning_rate': '1.908e-05', 'epoch': '4.6'}
{'loss': '0.01173', 'grad_norm': '0.09023', 'learning_rate': '1.908e-05', 'epoch': '4.607'}
{'loss': '0.0637', 'grad_norm': '18.42', 'learning_rate': '1.908e-05', 'epoch': '4.613'}
{'loss': '0.034', 'grad_norm': '4.589', 'learning_rate': '1.908e-05', 'epoch': '4.619'}
{'loss': '0.009413', 'grad_norm': '0.142', 'learning_rate': '1.908e-05', 'epoch': '4.625'}
{'loss': '0.07261', 'grad_norm': '11.09', 'learning_rate': '1.907e-05', 'epoch': '4.631'}
{'loss': '0.05337', 'grad_norm': '12.42', 'learning_rate': '1.907e-05', 'epoch': '4.637'}
{'loss': '0.04234', 'grad_norm': '0.01318', 'learning_rate': '1.907e-05', 'epoch': '4.643'}
{'loss': '0.03823', 'grad_norm': '13.91', 'learning_rate': '1.907e-05', 'epoch': '4.649'}
{'loss': '0.01432', 'grad_norm': '7.527', 'learning_rate': '1.907e-05', 'epoch': '4.655'}
{'loss': '0.04563', 'grad_norm': '1.705', 'learning_rate': '1.907e-05', 'epoch': '4.661'}
{'loss': '0.02724', 'grad_norm': '0.03996', 'learning_rate': '1.907e-05', 'epoch': '4.667'}
{'loss': '0.03967', 'grad_norm': '0.2384', 'learning_rate': '1.907e-05', 'epoch': '4.673'}
{'loss': '0.05383', 'grad_norm': '8.762', 'learning_rate': '1.906e-05', 'epoch': '4.679'}
{'loss': '0.07201', 'grad_norm': '9.129', 'learning_rate': '1.906e-05', 'epoch': '4.685'}
{'loss': '0.08791', 'grad_norm': '8.137', 'learning_rate': '1.906e-05', 'epoch': '4.691'}
{'loss': '0.02921', 'grad_norm': '4.24', 'learning_rate': '1.906e-05', 'epoch': '4.697'}
{'loss': '0.03872', 'grad_norm': '13.07', 'learning_rate': '1.906e-05', 'epoch': '4.703'}
{'loss': '0.06242', 'grad_norm': '0.07749', 'learning_rate': '1.906e-05', 'epoch': '4.709'}
{'loss': '0.009806', 'grad_norm': '0.00407', 'learning_rate': '1.906e-05', 'epoch': '4.715'}
{'loss': '0.042', 'grad_norm': '0.1524', 'learning_rate': '1.906e-05', 'epoch': '4.722'}
{'loss': '0.03879', 'grad_norm': '0.09041', 'learning_rate': '1.905e-05', 'epoch': '4.728'}
{'loss': '0.01646', 'grad_norm': '3.786', 'learning_rate': '1.905e-05', 'epoch': '4.734'}
{'loss': '0.0342', 'grad_norm': '1.81', 'learning_rate': '1.905e-05', 'epoch': '4.74'}
{'loss': '0.06731', 'grad_norm': '0.0267', 'learning_rate': '1.905e-05', 'epoch': '4.746'}
{'loss': '0.04964', 'grad_norm': '2.982', 'learning_rate': '1.905e-05', 'epoch': '4.752'}
{'loss': '0.08024', 'grad_norm': '6.112', 'learning_rate': '1.905e-05', 'epoch': '4.758'}
{'loss': '0.05011', 'grad_norm': '0.08751', 'learning_rate': '1.905e-05', 'epoch': '4.764'}
{'loss': '0.03753', 'grad_norm': '8.88', 'learning_rate': '1.905e-05', 'epoch': '4.77'}
{'loss': '0.0259', 'grad_norm': '1.15', 'learning_rate': '1.904e-05', 'epoch': '4.776'}
{'loss': '0.04441', 'grad_norm': '0.0185', 'learning_rate': '1.904e-05', 'epoch': '4.782'}
{'loss': '0.01507', 'grad_norm': '1.19', 'learning_rate': '1.904e-05', 'epoch': '4.788'}
{'loss': '0.01676', 'grad_norm': '2.89', 'learning_rate': '1.904e-05', 'epoch': '4.794'}
{'loss': '0.006699', 'grad_norm': '0.2711', 'learning_rate': '1.904e-05', 'epoch': '4.8'}
{'loss': '0.04577', 'grad_norm': '5.286', 'learning_rate': '1.904e-05', 'epoch': '4.806'}
{'loss': '0.003995', 'grad_norm': '0.3457', 'learning_rate': '1.904e-05', 'epoch': '4.812'}
{'loss': '0.09116', 'grad_norm': '36.49', 'learning_rate': '1.904e-05', 'epoch': '4.818'}
{'loss': '0.02164', 'grad_norm': '0.4563', 'learning_rate': '1.904e-05', 'epoch': '4.824'}
{'loss': '0.03529', 'grad_norm': '0.2092', 'learning_rate': '1.903e-05', 'epoch': '4.831'}
{'loss': '0.03324', 'grad_norm': '0.6707', 'learning_rate': '1.903e-05', 'epoch': '4.837'}
{'loss': '0.03085', 'grad_norm': '1.405', 'learning_rate': '1.903e-05', 'epoch': '4.843'}
{'loss': '0.08733', 'grad_norm': '12.61', 'learning_rate': '1.903e-05', 'epoch': '4.849'}
{'loss': '0.01566', 'grad_norm': '8.69', 'learning_rate': '1.903e-05', 'epoch': '4.855'}
{'loss': '0.02554', 'grad_norm': '0.05413', 'learning_rate': '1.903e-05', 'epoch': '4.861'}
{'loss': '0.06359', 'grad_norm': '1.166', 'learning_rate': '1.903e-05', 'epoch': '4.867'}
{'loss': '0.0359', 'grad_norm': '1.073', 'learning_rate': '1.903e-05', 'epoch': '4.873'}
{'loss': '0.00988', 'grad_norm': '0.05691', 'learning_rate': '1.902e-05', 'epoch': '4.879'}
{'loss': '0.0256', 'grad_norm': '5.602', 'learning_rate': '1.902e-05', 'epoch': '4.885'}
{'loss': '0.03173', 'grad_norm': '12.14', 'learning_rate': '1.902e-05', 'epoch': '4.891'}
{'loss': '0.05218', 'grad_norm': '9.001', 'learning_rate': '1.902e-05', 'epoch': '4.897'}
{'loss': '0.02816', 'grad_norm': '0.06737', 'learning_rate': '1.902e-05', 'epoch': '4.903'}
{'loss': '0.01052', 'grad_norm': '11.36', 'learning_rate': '1.902e-05', 'epoch': '4.909'}
{'loss': '0.01152', 'grad_norm': '1.634', 'learning_rate': '1.902e-05', 'epoch': '4.915'}
{'loss': '0.03418', 'grad_norm': '0.05584', 'learning_rate': '1.902e-05', 'epoch': '4.921'}
{'loss': '0.01106', 'grad_norm': '0.3402', 'learning_rate': '1.901e-05', 'epoch': '4.927'}
{'loss': '0.03922', 'grad_norm': '7.599', 'learning_rate': '1.901e-05', 'epoch': '4.933'}
{'loss': '0.03835', 'grad_norm': '0.901', 'learning_rate': '1.901e-05', 'epoch': '4.939'}
{'loss': '0.07485', 'grad_norm': '12.78', 'learning_rate': '1.901e-05', 'epoch': '4.946'}
{'loss': '0.03166', 'grad_norm': '3.064', 'learning_rate': '1.901e-05', 'epoch': '4.952'}
{'loss': '0.05613', 'grad_norm': '2.465', 'learning_rate': '1.901e-05', 'epoch': '4.958'}
{'loss': '0.03739', 'grad_norm': '0.9767', 'learning_rate': '1.901e-05', 'epoch': '4.964'}
{'loss': '0.02486', 'grad_norm': '13.02', 'learning_rate': '1.901e-05', 'epoch': '4.97'}
{'loss': '0.02388', 'grad_norm': '1.207', 'learning_rate': '1.9e-05', 'epoch': '4.976'}
{'loss': '0.05216', 'grad_norm': '0.01038', 'learning_rate': '1.9e-05', 'epoch': '4.982'}
{'loss': '0.04789', 'grad_norm': '0.1028', 'learning_rate': '1.9e-05', 'epoch': '4.988'}
{'loss': '0.03786', 'grad_norm': '8.679', 'learning_rate': '1.9e-05', 'epoch': '4.994'}
{'loss': '0.07344', 'grad_norm': '17.08', 'learning_rate': '1.9e-05', 'epoch': '5'}
{'eval_loss': '1.394', 'eval_accuracy': '0.8439', 'eval_precision': '0.8333', 'eval_recall': '0.8804', 'eval_f1': '0.8562', 'eval_runtime': '11.35', 'eval_samples_per_second': '1122', 'eval_steps_per_second': '17.53', 'epoch': '5'}
{'loss': '0.02324', 'grad_norm': '2.281', 'learning_rate': '1.9e-05', 'epoch': '5.006'}
{'loss': '0.01933', 'grad_norm': '0.0443', 'learning_rate': '1.9e-05', 'epoch': '5.012'}
{'loss': '0.01727', 'grad_norm': '0.004254', 'learning_rate': '1.9e-05', 'epoch': '5.018'}
{'loss': '0.04665', 'grad_norm': '0.1643', 'learning_rate': '1.9e-05', 'epoch': '5.024'}
{'loss': '0.05102', 'grad_norm': '0.3159', 'learning_rate': '1.899e-05', 'epoch': '5.03'}
{'loss': '0.01183', 'grad_norm': '0.5449', 'learning_rate': '1.899e-05', 'epoch': '5.036'}
{'loss': '0.04172', 'grad_norm': '5.83', 'learning_rate': '1.899e-05', 'epoch': '5.042'}
{'loss': '0.01225', 'grad_norm': '4.692', 'learning_rate': '1.899e-05', 'epoch': '5.048'}
{'loss': '0.03391', 'grad_norm': '20.34', 'learning_rate': '1.899e-05', 'epoch': '5.054'}
{'loss': '0.04749', 'grad_norm': '0.2829', 'learning_rate': '1.899e-05', 'epoch': '5.061'}
{'loss': '0.004612', 'grad_norm': '0.4747', 'learning_rate': '1.899e-05', 'epoch': '5.067'}
{'loss': '0.05904', 'grad_norm': '2.047', 'learning_rate': '1.899e-05', 'epoch': '5.073'}
{'loss': '0.03194', 'grad_norm': '0.1292', 'learning_rate': '1.898e-05', 'epoch': '5.079'}
{'loss': '0.02184', 'grad_norm': '1.13', 'learning_rate': '1.898e-05', 'epoch': '5.085'}
{'loss': '0.04702', 'grad_norm': '10.1', 'learning_rate': '1.898e-05', 'epoch': '5.091'}
{'loss': '0.02683', 'grad_norm': '0.06114', 'learning_rate': '1.898e-05', 'epoch': '5.097'}
{'loss': '0.008487', 'grad_norm': '0.1571', 'learning_rate': '1.898e-05', 'epoch': '5.103'}
{'loss': '0.01755', 'grad_norm': '2.151', 'learning_rate': '1.898e-05', 'epoch': '5.109'}
{'loss': '0.04587', 'grad_norm': '0.05093', 'learning_rate': '1.898e-05', 'epoch': '5.115'}
{'loss': '0.03989', 'grad_norm': '1.26', 'learning_rate': '1.898e-05', 'epoch': '5.121'}
{'loss': '0.02593', 'grad_norm': '0.08455', 'learning_rate': '1.897e-05', 'epoch': '5.127'}
{'loss': '0.05986', 'grad_norm': '4.771', 'learning_rate': '1.897e-05', 'epoch': '5.133'}
{'loss': '0.04728', 'grad_norm': '0.2392', 'learning_rate': '1.897e-05', 'epoch': '5.139'}
{'loss': '0.02588', 'grad_norm': '0.0622', 'learning_rate': '1.897e-05', 'epoch': '5.145'}
{'loss': '0.01652', 'grad_norm': '1.14', 'learning_rate': '1.897e-05', 'epoch': '5.151'}
{'loss': '0.02142', 'grad_norm': '3.242', 'learning_rate': '1.897e-05', 'epoch': '5.157'}
{'loss': '0.06848', 'grad_norm': '6.287', 'learning_rate': '1.897e-05', 'epoch': '5.163'}
{'loss': '0.01613', 'grad_norm': '5.027', 'learning_rate': '1.897e-05', 'epoch': '5.169'}
{'loss': '0.02157', 'grad_norm': '0.9751', 'learning_rate': '1.897e-05', 'epoch': '5.176'}
{'loss': '0.02773', 'grad_norm': '0.3639', 'learning_rate': '1.896e-05', 'epoch': '5.182'}
{'loss': '0.0347', 'grad_norm': '0.2058', 'learning_rate': '1.896e-05', 'epoch': '5.188'}
{'loss': '0.01446', 'grad_norm': '1.032', 'learning_rate': '1.896e-05', 'epoch': '5.194'}
{'loss': '0.02062', 'grad_norm': '3.923', 'learning_rate': '1.896e-05', 'epoch': '5.2'}
{'loss': '0.0203', 'grad_norm': '9.833', 'learning_rate': '1.896e-05', 'epoch': '5.206'}
{'loss': '0.004739', 'grad_norm': '0.1101', 'learning_rate': '1.896e-05', 'epoch': '5.212'}
{'loss': '0.04916', 'grad_norm': '0.7917', 'learning_rate': '1.896e-05', 'epoch': '5.218'}
{'loss': '0.02631', 'grad_norm': '0.06992', 'learning_rate': '1.896e-05', 'epoch': '5.224'}
{'loss': '0.02464', 'grad_norm': '0.01163', 'learning_rate': '1.895e-05', 'epoch': '5.23'}
{'loss': '0.03151', 'grad_norm': '7.95', 'learning_rate': '1.895e-05', 'epoch': '5.236'}
{'loss': '0.05573', 'grad_norm': '11.38', 'learning_rate': '1.895e-05', 'epoch': '5.242'}
{'loss': '0.02487', 'grad_norm': '0.09347', 'learning_rate': '1.895e-05', 'epoch': '5.248'}
{'loss': '0.05813', 'grad_norm': '0.1115', 'learning_rate': '1.895e-05', 'epoch': '5.254'}
{'loss': '0.05168', 'grad_norm': '4.148', 'learning_rate': '1.895e-05', 'epoch': '5.26'}
{'loss': '0.02372', 'grad_norm': '2.791', 'learning_rate': '1.895e-05', 'epoch': '5.266'}
{'loss': '0.04162', 'grad_norm': '12.32', 'learning_rate': '1.895e-05', 'epoch': '5.272'}
{'loss': '0.02895', 'grad_norm': '0.08629', 'learning_rate': '1.894e-05', 'epoch': '5.278'}
{'loss': '0.07484', 'grad_norm': '0.3156', 'learning_rate': '1.894e-05', 'epoch': '5.285'}
{'loss': '0.0214', 'grad_norm': '5.858', 'learning_rate': '1.894e-05', 'epoch': '5.291'}
{'loss': '0.03402', 'grad_norm': '0.9217', 'learning_rate': '1.894e-05', 'epoch': '5.297'}
{'loss': '0.03787', 'grad_norm': '0.02146', 'learning_rate': '1.894e-05', 'epoch': '5.303'}
{'loss': '0.02388', 'grad_norm': '0.9744', 'learning_rate': '1.894e-05', 'epoch': '5.309'}
{'loss': '0.04535', 'grad_norm': '0.08795', 'learning_rate': '1.894e-05', 'epoch': '5.315'}
{'loss': '0.04569', 'grad_norm': '0.1573', 'learning_rate': '1.894e-05', 'epoch': '5.321'}
{'loss': '0.03851', 'grad_norm': '4.751', 'learning_rate': '1.893e-05', 'epoch': '5.327'}
{'loss': '0.07452', 'grad_norm': '4.61', 'learning_rate': '1.893e-05', 'epoch': '5.333'}
{'loss': '0.04638', 'grad_norm': '0.04163', 'learning_rate': '1.893e-05', 'epoch': '5.339'}
{'loss': '0.02327', 'grad_norm': '0.0581', 'learning_rate': '1.893e-05', 'epoch': '5.345'}
{'loss': '0.005306', 'grad_norm': '0.01178', 'learning_rate': '1.893e-05', 'epoch': '5.351'}
{'loss': '0.06636', 'grad_norm': '1.498', 'learning_rate': '1.893e-05', 'epoch': '5.357'}
{'loss': '0.0221', 'grad_norm': '15.67', 'learning_rate': '1.893e-05', 'epoch': '5.363'}
{'loss': '0.01169', 'grad_norm': '4.508', 'learning_rate': '1.893e-05', 'epoch': '5.369'}
{'loss': '0.02648', 'grad_norm': '0.09312', 'learning_rate': '1.893e-05', 'epoch': '5.375'}
{'loss': '0.04625', 'grad_norm': '6.81', 'learning_rate': '1.892e-05', 'epoch': '5.381'}
{'loss': '0.005225', 'grad_norm': '0.0391', 'learning_rate': '1.892e-05', 'epoch': '5.387'}
{'loss': '0.04199', 'grad_norm': '0.2198', 'learning_rate': '1.892e-05', 'epoch': '5.393'}
{'loss': '0.02176', 'grad_norm': '0.3587', 'learning_rate': '1.892e-05', 'epoch': '5.4'}
{'loss': '0.01109', 'grad_norm': '0.02252', 'learning_rate': '1.892e-05', 'epoch': '5.406'}
{'loss': '0.05243', 'grad_norm': '10.88', 'learning_rate': '1.892e-05', 'epoch': '5.412'}
{'loss': '0.01068', 'grad_norm': '0.03167', 'learning_rate': '1.892e-05', 'epoch': '5.418'}
{'loss': '0.01057', 'grad_norm': '0.5399', 'learning_rate': '1.892e-05', 'epoch': '5.424'}
{'loss': '0.0181', 'grad_norm': '0.249', 'learning_rate': '1.891e-05', 'epoch': '5.43'}
{'loss': '0.06869', 'grad_norm': '13.71', 'learning_rate': '1.891e-05', 'epoch': '5.436'}
{'loss': '0.05393', 'grad_norm': '13.16', 'learning_rate': '1.891e-05', 'epoch': '5.442'}
{'loss': '0.04013', 'grad_norm': '0.08251', 'learning_rate': '1.891e-05', 'epoch': '5.448'}
{'loss': '0.09265', 'grad_norm': '4.88', 'learning_rate': '1.891e-05', 'epoch': '5.454'}
{'loss': '0.02428', 'grad_norm': '2.796', 'learning_rate': '1.891e-05', 'epoch': '5.46'}
{'loss': '0.04427', 'grad_norm': '1.079', 'learning_rate': '1.891e-05', 'epoch': '5.466'}
{'loss': '0.03198', 'grad_norm': '10.36', 'learning_rate': '1.891e-05', 'epoch': '5.472'}
{'loss': '0.01961', 'grad_norm': '0.1592', 'learning_rate': '1.89e-05', 'epoch': '5.478'}
{'loss': '0.06445', 'grad_norm': '0.1146', 'learning_rate': '1.89e-05', 'epoch': '5.484'}
{'loss': '0.03547', 'grad_norm': '0.6772', 'learning_rate': '1.89e-05', 'epoch': '5.49'}
{'loss': '0.02068', 'grad_norm': '0.07745', 'learning_rate': '1.89e-05', 'epoch': '5.496'}
{'loss': '0.02833', 'grad_norm': '0.002304', 'learning_rate': '1.89e-05', 'epoch': '5.502'}
{'loss': '0.04066', 'grad_norm': '0.4955', 'learning_rate': '1.89e-05', 'epoch': '5.508'}
{'loss': '0.02027', 'grad_norm': '1.802', 'learning_rate': '1.89e-05', 'epoch': '5.515'}
{'loss': '0.01645', 'grad_norm': '4.7', 'learning_rate': '1.89e-05', 'epoch': '5.521'}
{'loss': '0.03722', 'grad_norm': '10.51', 'learning_rate': '1.889e-05', 'epoch': '5.527'}
{'loss': '0.033', 'grad_norm': '0.05951', 'learning_rate': '1.889e-05', 'epoch': '5.533'}
{'loss': '0.06184', 'grad_norm': '1.762', 'learning_rate': '1.889e-05', 'epoch': '5.539'}
{'loss': '0.002867', 'grad_norm': '0.8756', 'learning_rate': '1.889e-05', 'epoch': '5.545'}
{'loss': '0.02051', 'grad_norm': '4.672', 'learning_rate': '1.889e-05', 'epoch': '5.551'}
{'loss': '0.02623', 'grad_norm': '0.06284', 'learning_rate': '1.889e-05', 'epoch': '5.557'}
{'loss': '0.03222', 'grad_norm': '1.522', 'learning_rate': '1.889e-05', 'epoch': '5.563'}
{'loss': '0.05569', 'grad_norm': '5.068', 'learning_rate': '1.889e-05', 'epoch': '5.569'}
{'loss': '0.02022', 'grad_norm': '0.06092', 'learning_rate': '1.889e-05', 'epoch': '5.575'}
{'loss': '0.02267', 'grad_norm': '23.13', 'learning_rate': '1.888e-05', 'epoch': '5.581'}
{'loss': '0.05689', 'grad_norm': '8.499', 'learning_rate': '1.888e-05', 'epoch': '5.587'}
{'loss': '0.01011', 'grad_norm': '0.07501', 'learning_rate': '1.888e-05', 'epoch': '5.593'}
{'loss': '0.06081', 'grad_norm': '4.645', 'learning_rate': '1.888e-05', 'epoch': '5.599'}
{'loss': '0.01625', 'grad_norm': '0.5599', 'learning_rate': '1.888e-05', 'epoch': '5.605'}
{'loss': '0.0179', 'grad_norm': '0.05324', 'learning_rate': '1.888e-05', 'epoch': '5.611'}
{'loss': '0.07666', 'grad_norm': '0.003639', 'learning_rate': '1.888e-05', 'epoch': '5.617'}
{'loss': '0.02754', 'grad_norm': '0.4489', 'learning_rate': '1.888e-05', 'epoch': '5.623'}
{'loss': '0.005398', 'grad_norm': '0.3346', 'learning_rate': '1.887e-05', 'epoch': '5.63'}
{'loss': '0.05259', 'grad_norm': '0.02953', 'learning_rate': '1.887e-05', 'epoch': '5.636'}
{'loss': '0.04397', 'grad_norm': '0.1522', 'learning_rate': '1.887e-05', 'epoch': '5.642'}
{'loss': '0.03021', 'grad_norm': '0.001608', 'learning_rate': '1.887e-05', 'epoch': '5.648'}
{'loss': '0.05273', 'grad_norm': '1.546', 'learning_rate': '1.887e-05', 'epoch': '5.654'}
{'loss': '0.03432', 'grad_norm': '2.935', 'learning_rate': '1.887e-05', 'epoch': '5.66'}
{'loss': '0.02008', 'grad_norm': '1.139', 'learning_rate': '1.887e-05', 'epoch': '5.666'}
{'loss': '0.08197', 'grad_norm': '1.015', 'learning_rate': '1.887e-05', 'epoch': '5.672'}
{'loss': '0.01242', 'grad_norm': '0.552', 'learning_rate': '1.886e-05', 'epoch': '5.678'}
{'loss': '0.0875', 'grad_norm': '4.037', 'learning_rate': '1.886e-05', 'epoch': '5.684'}
{'loss': '0.0309', 'grad_norm': '1.03', 'learning_rate': '1.886e-05', 'epoch': '5.69'}
{'loss': '0.05523', 'grad_norm': '4.325', 'learning_rate': '1.886e-05', 'epoch': '5.696'}
{'loss': '0.03128', 'grad_norm': '0.9354', 'learning_rate': '1.886e-05', 'epoch': '5.702'}
{'loss': '0.03602', 'grad_norm': '0.6062', 'learning_rate': '1.886e-05', 'epoch': '5.708'}
{'loss': '0.02576', 'grad_norm': '0.1472', 'learning_rate': '1.886e-05', 'epoch': '5.714'}
{'loss': '0.02454', 'grad_norm': '5.415', 'learning_rate': '1.886e-05', 'epoch': '5.72'}
{'loss': '0.01449', 'grad_norm': '0.8833', 'learning_rate': '1.885e-05', 'epoch': '5.726'}
{'loss': '0.01993', 'grad_norm': '0.1005', 'learning_rate': '1.885e-05', 'epoch': '5.732'}
{'loss': '0.06549', 'grad_norm': '0.002262', 'learning_rate': '1.885e-05', 'epoch': '5.738'}
{'loss': '0.02085', 'grad_norm': '0.8897', 'learning_rate': '1.885e-05', 'epoch': '5.745'}
{'loss': '0.03375', 'grad_norm': '8.131', 'learning_rate': '1.885e-05', 'epoch': '5.751'}
{'loss': '0.03519', 'grad_norm': '7.755', 'learning_rate': '1.885e-05', 'epoch': '5.757'}
{'loss': '0.05631', 'grad_norm': '14.12', 'learning_rate': '1.885e-05', 'epoch': '5.763'}
{'loss': '0.03739', 'grad_norm': '0.144', 'learning_rate': '1.885e-05', 'epoch': '5.769'}
{'loss': '0.01545', 'grad_norm': '0.9824', 'learning_rate': '1.885e-05', 'epoch': '5.775'}
{'loss': '0.02417', 'grad_norm': '0.7999', 'learning_rate': '1.884e-05', 'epoch': '5.781'}
{'loss': '0.03676', 'grad_norm': '9.096', 'learning_rate': '1.884e-05', 'epoch': '5.787'}
{'loss': '0.01488', 'grad_norm': '0.1583', 'learning_rate': '1.884e-05', 'epoch': '5.793'}
{'loss': '0.01317', 'grad_norm': '0.1345', 'learning_rate': '1.884e-05', 'epoch': '5.799'}
{'loss': '0.05755', 'grad_norm': '169.2', 'learning_rate': '1.884e-05', 'epoch': '5.805'}
{'loss': '0.01495', 'grad_norm': '0.009852', 'learning_rate': '1.884e-05', 'epoch': '5.811'}
{'loss': '0.02951', 'grad_norm': '0.005092', 'learning_rate': '1.884e-05', 'epoch': '5.817'}
{'loss': '0.03866', 'grad_norm': '5.179', 'learning_rate': '1.884e-05', 'epoch': '5.823'}
{'loss': '0.03562', 'grad_norm': '10.64', 'learning_rate': '1.883e-05', 'epoch': '5.829'}
{'loss': '0.02216', 'grad_norm': '0.01169', 'learning_rate': '1.883e-05', 'epoch': '5.835'}
{'loss': '0.07047', 'grad_norm': '0.07252', 'learning_rate': '1.883e-05', 'epoch': '5.841'}
{'loss': '0.01222', 'grad_norm': '0.04923', 'learning_rate': '1.883e-05', 'epoch': '5.847'}
{'loss': '0.03232', 'grad_norm': '0.04412', 'learning_rate': '1.883e-05', 'epoch': '5.854'}
{'loss': '0.06902', 'grad_norm': '4.695', 'learning_rate': '1.883e-05', 'epoch': '5.86'}
{'loss': '0.03779', 'grad_norm': '0.1044', 'learning_rate': '1.883e-05', 'epoch': '5.866'}
{'loss': '0.05586', 'grad_norm': '0.1573', 'learning_rate': '1.883e-05', 'epoch': '5.872'}
{'loss': '0.07584', 'grad_norm': '18.3', 'learning_rate': '1.882e-05', 'epoch': '5.878'}
{'loss': '0.04433', 'grad_norm': '0.05798', 'learning_rate': '1.882e-05', 'epoch': '5.884'}
{'loss': '0.01857', 'grad_norm': '0.3286', 'learning_rate': '1.882e-05', 'epoch': '5.89'}
{'loss': '0.05014', 'grad_norm': '0.001251', 'learning_rate': '1.882e-05', 'epoch': '5.896'}
{'loss': '0.003735', 'grad_norm': '0.01109', 'learning_rate': '1.882e-05', 'epoch': '5.902'}
{'loss': '0.001878', 'grad_norm': '0.1198', 'learning_rate': '1.882e-05', 'epoch': '5.908'}
{'loss': '0.02309', 'grad_norm': '0.007785', 'learning_rate': '1.882e-05', 'epoch': '5.914'}
{'loss': '0.03995', 'grad_norm': '9.848', 'learning_rate': '1.882e-05', 'epoch': '5.92'}
{'loss': '0.03084', 'grad_norm': '0.05745', 'learning_rate': '1.881e-05', 'epoch': '5.926'}
{'loss': '0.005722', 'grad_norm': '4.048', 'learning_rate': '1.881e-05', 'epoch': '5.932'}
{'loss': '0.05128', 'grad_norm': '9.102', 'learning_rate': '1.881e-05', 'epoch': '5.938'}
{'loss': '0.02228', 'grad_norm': '0.0788', 'learning_rate': '1.881e-05', 'epoch': '5.944'}
{'loss': '0.006974', 'grad_norm': '2.14', 'learning_rate': '1.881e-05', 'epoch': '5.95'}
{'loss': '0.05323', 'grad_norm': '7.592', 'learning_rate': '1.881e-05', 'epoch': '5.956'}
{'loss': '0.0481', 'grad_norm': '8.266', 'learning_rate': '1.881e-05', 'epoch': '5.962'}
{'loss': '0.03591', 'grad_norm': '6.235', 'learning_rate': '1.881e-05', 'epoch': '5.969'}
{'loss': '0.01575', 'grad_norm': '0.1685', 'learning_rate': '1.881e-05', 'epoch': '5.975'}
{'loss': '0.01381', 'grad_norm': '0.08322', 'learning_rate': '1.88e-05', 'epoch': '5.981'}
{'loss': '0.03696', 'grad_norm': '6.111', 'learning_rate': '1.88e-05', 'epoch': '5.987'}
{'loss': '0.04824', 'grad_norm': '7.864', 'learning_rate': '1.88e-05', 'epoch': '5.993'}
{'loss': '0.02344', 'grad_norm': '0.005524', 'learning_rate': '1.88e-05', 'epoch': '5.999'}
{'eval_loss': '1.34', 'eval_accuracy': '0.8456', 'eval_precision': '0.8367', 'eval_recall': '0.8789', 'eval_f1': '0.8573', 'eval_runtime': '11.37', 'eval_samples_per_second': '1120', 'eval_steps_per_second': '17.5', 'epoch': '6'}
{'loss': '0.01496', 'grad_norm': '0.1854', 'learning_rate': '1.88e-05', 'epoch': '6.005'}
{'loss': '0.01027', 'grad_norm': '0.007474', 'learning_rate': '1.88e-05', 'epoch': '6.011'}
{'loss': '0.003185', 'grad_norm': '0.581', 'learning_rate': '1.88e-05', 'epoch': '6.017'}
{'loss': '0.02352', 'grad_norm': '0.1264', 'learning_rate': '1.88e-05', 'epoch': '6.023'}
{'loss': '0.02716', 'grad_norm': '0.02708', 'learning_rate': '1.879e-05', 'epoch': '6.029'}
{'loss': '0.03271', 'grad_norm': '0.07262', 'learning_rate': '1.879e-05', 'epoch': '6.035'}
{'loss': '0.0176', 'grad_norm': '0.1738', 'learning_rate': '1.879e-05', 'epoch': '6.041'}
{'loss': '0.009244', 'grad_norm': '0.00936', 'learning_rate': '1.879e-05', 'epoch': '6.047'}
{'loss': '0.044', 'grad_norm': '0.1251', 'learning_rate': '1.879e-05', 'epoch': '6.053'}
{'loss': '0.02461', 'grad_norm': '0.004989', 'learning_rate': '1.879e-05', 'epoch': '6.059'}
{'loss': '0.01884', 'grad_norm': '0.004319', 'learning_rate': '1.879e-05', 'epoch': '6.065'}
{'loss': '0.01432', 'grad_norm': '0.07593', 'learning_rate': '1.879e-05', 'epoch': '6.071'}
{'loss': '0.04884', 'grad_norm': '8.138', 'learning_rate': '1.878e-05', 'epoch': '6.077'}
{'loss': '0.02344', 'grad_norm': '0.03254', 'learning_rate': '1.878e-05', 'epoch': '6.084'}
{'loss': '0.02041', 'grad_norm': '0.6661', 'learning_rate': '1.878e-05', 'epoch': '6.09'}
{'loss': '0.02285', 'grad_norm': '0.08255', 'learning_rate': '1.878e-05', 'epoch': '6.096'}
{'loss': '0.02613', 'grad_norm': '1.645', 'learning_rate': '1.878e-05', 'epoch': '6.102'}
{'loss': '0.02266', 'grad_norm': '0.7788', 'learning_rate': '1.878e-05', 'epoch': '6.108'}
{'loss': '0.01656', 'grad_norm': '0.1689', 'learning_rate': '1.878e-05', 'epoch': '6.114'}
{'loss': '0.02505', 'grad_norm': '0.2332', 'learning_rate': '1.878e-05', 'epoch': '6.12'}
{'loss': '0.0107', 'grad_norm': '1.726', 'learning_rate': '1.877e-05', 'epoch': '6.126'}
{'loss': '0.03777', 'grad_norm': '2.282', 'learning_rate': '1.877e-05', 'epoch': '6.132'}
{'loss': '0.01724', 'grad_norm': '2.116', 'learning_rate': '1.877e-05', 'epoch': '6.138'}
{'loss': '0.03224', 'grad_norm': '0.07391', 'learning_rate': '1.877e-05', 'epoch': '6.144'}
{'loss': '0.04485', 'grad_norm': '0.003006', 'learning_rate': '1.877e-05', 'epoch': '6.15'}
{'loss': '0.01459', 'grad_norm': '5.444', 'learning_rate': '1.877e-05', 'epoch': '6.156'}
{'loss': '0.04852', 'grad_norm': '7.156', 'learning_rate': '1.877e-05', 'epoch': '6.162'}
{'loss': '0.01174', 'grad_norm': '0.1145', 'learning_rate': '1.877e-05', 'epoch': '6.168'}
{'loss': '0.01265', 'grad_norm': '5.698', 'learning_rate': '1.877e-05', 'epoch': '6.174'}
{'loss': '0.00526', 'grad_norm': '0.2208', 'learning_rate': '1.876e-05', 'epoch': '6.18'}
{'loss': '0.02475', 'grad_norm': '0.1423', 'learning_rate': '1.876e-05', 'epoch': '6.186'}
{'loss': '0.03762', 'grad_norm': '0.003841', 'learning_rate': '1.876e-05', 'epoch': '6.192'}
{'loss': '0.03753', 'grad_norm': '12.41', 'learning_rate': '1.876e-05', 'epoch': '6.199'}
{'loss': '0.02067', 'grad_norm': '0.01043', 'learning_rate': '1.876e-05', 'epoch': '6.205'}
{'loss': '0.0594', 'grad_norm': '4.448', 'learning_rate': '1.876e-05', 'epoch': '6.211'}
{'loss': '0.05677', 'grad_norm': '14.61', 'learning_rate': '1.876e-05', 'epoch': '6.217'}
{'loss': '0.02654', 'grad_norm': '9.879', 'learning_rate': '1.876e-05', 'epoch': '6.223'}
{'loss': '0.01506', 'grad_norm': '0.144', 'learning_rate': '1.875e-05', 'epoch': '6.229'}
{'loss': '0.03208', 'grad_norm': '0.03589', 'learning_rate': '1.875e-05', 'epoch': '6.235'}
{'loss': '0.009468', 'grad_norm': '0.08569', 'learning_rate': '1.875e-05', 'epoch': '6.241'}
{'loss': '0.00815', 'grad_norm': '0.01048', 'learning_rate': '1.875e-05', 'epoch': '6.247'}
{'loss': '0.01515', 'grad_norm': '1.974', 'learning_rate': '1.875e-05', 'epoch': '6.253'}
{'loss': '0.01289', 'grad_norm': '0.1484', 'learning_rate': '1.875e-05', 'epoch': '6.259'}
{'loss': '0.01134', 'grad_norm': '0.02552', 'learning_rate': '1.875e-05', 'epoch': '6.265'}
{'loss': '0.03121', 'grad_norm': '0.08775', 'learning_rate': '1.875e-05', 'epoch': '6.271'}
{'loss': '0.01817', 'grad_norm': '0.03304', 'learning_rate': '1.874e-05', 'epoch': '6.277'}
{'loss': '0.02923', 'grad_norm': '5.218', 'learning_rate': '1.874e-05', 'epoch': '6.283'}
{'loss': '0.04367', 'grad_norm': '0.03691', 'learning_rate': '1.874e-05', 'epoch': '6.289'}
{'loss': '0.0394', 'grad_norm': '4.386', 'learning_rate': '1.874e-05', 'epoch': '6.295'}
{'loss': '0.03572', 'grad_norm': '4.423', 'learning_rate': '1.874e-05', 'epoch': '6.301'}
{'loss': '0.01526', 'grad_norm': '0.1254', 'learning_rate': '1.874e-05', 'epoch': '6.308'}
{'loss': '0.01658', 'grad_norm': '0.2524', 'learning_rate': '1.874e-05', 'epoch': '6.314'}
{'loss': '0.05452', 'grad_norm': '0.114', 'learning_rate': '1.874e-05', 'epoch': '6.32'}
{'loss': '0.02089', 'grad_norm': '6.717', 'learning_rate': '1.873e-05', 'epoch': '6.326'}
{'loss': '0.0141', 'grad_norm': '15.25', 'learning_rate': '1.873e-05', 'epoch': '6.332'}
{'loss': '0.1009', 'grad_norm': '0.1002', 'learning_rate': '1.873e-05', 'epoch': '6.338'}
{'loss': '0.01372', 'grad_norm': '5.097', 'learning_rate': '1.873e-05', 'epoch': '6.344'}
{'loss': '0.01643', 'grad_norm': '0.03123', 'learning_rate': '1.873e-05', 'epoch': '6.35'}
{'loss': '0.03006', 'grad_norm': '0.1292', 'learning_rate': '1.873e-05', 'epoch': '6.356'}
{'loss': '0.03988', 'grad_norm': '10.41', 'learning_rate': '1.873e-05', 'epoch': '6.362'}
{'loss': '0.03375', 'grad_norm': '0.07416', 'learning_rate': '1.873e-05', 'epoch': '6.368'}
{'loss': '0.02155', 'grad_norm': '0.03525', 'learning_rate': '1.873e-05', 'epoch': '6.374'}
{'loss': '0.0476', 'grad_norm': '1.36', 'learning_rate': '1.872e-05', 'epoch': '6.38'}
{'loss': '0.01171', 'grad_norm': '1.703', 'learning_rate': '1.872e-05', 'epoch': '6.386'}
{'loss': '0.01987', 'grad_norm': '0.07307', 'learning_rate': '1.872e-05', 'epoch': '6.392'}
{'loss': '0.01909', 'grad_norm': '9.596', 'learning_rate': '1.872e-05', 'epoch': '6.398'}
{'loss': '0.01658', 'grad_norm': '0.5441', 'learning_rate': '1.872e-05', 'epoch': '6.404'}
{'loss': '0.02245', 'grad_norm': '0.3531', 'learning_rate': '1.872e-05', 'epoch': '6.41'}
{'loss': '0.0581', 'grad_norm': '0.0008694', 'learning_rate': '1.872e-05', 'epoch': '6.416'}
{'loss': '0.02041', 'grad_norm': '8.407', 'learning_rate': '1.872e-05', 'epoch': '6.423'}
{'loss': '0.0316', 'grad_norm': '0.03881', 'learning_rate': '1.871e-05', 'epoch': '6.429'}
{'loss': '0.02372', 'grad_norm': '0.02598', 'learning_rate': '1.871e-05', 'epoch': '6.435'}
{'loss': '0.05176', 'grad_norm': '0.01968', 'learning_rate': '1.871e-05', 'epoch': '6.441'}
{'loss': '0.04054', 'grad_norm': '0.6493', 'learning_rate': '1.871e-05', 'epoch': '6.447'}
{'loss': '0.01707', 'grad_norm': '1.698', 'learning_rate': '1.871e-05', 'epoch': '6.453'}
{'loss': '0.01288', 'grad_norm': '0.01165', 'learning_rate': '1.871e-05', 'epoch': '6.459'}
{'loss': '0.005739', 'grad_norm': '0.03555', 'learning_rate': '1.871e-05', 'epoch': '6.465'}
{'loss': '0.05094', 'grad_norm': '0.1625', 'learning_rate': '1.871e-05', 'epoch': '6.471'}
{'loss': '0.03177', 'grad_norm': '0.654', 'learning_rate': '1.87e-05', 'epoch': '6.477'}
{'loss': '0.02881', 'grad_norm': '0.1099', 'learning_rate': '1.87e-05', 'epoch': '6.483'}
{'loss': '0.02883', 'grad_norm': '0.6409', 'learning_rate': '1.87e-05', 'epoch': '6.489'}
{'loss': '0.02681', 'grad_norm': '0.005413', 'learning_rate': '1.87e-05', 'epoch': '6.495'}
{'loss': '0.02065', 'grad_norm': '0.2293', 'learning_rate': '1.87e-05', 'epoch': '6.501'}
{'loss': '0.01258', 'grad_norm': '5.302', 'learning_rate': '1.87e-05', 'epoch': '6.507'}
{'loss': '0.05831', 'grad_norm': '0.002906', 'learning_rate': '1.87e-05', 'epoch': '6.513'}
{'loss': '0.001845', 'grad_norm': '0.0006134', 'learning_rate': '1.87e-05', 'epoch': '6.519'}
{'loss': '0.02166', 'grad_norm': '0.01079', 'learning_rate': '1.87e-05', 'epoch': '6.525'}
{'loss': '0.06967', 'grad_norm': '8.317', 'learning_rate': '1.869e-05', 'epoch': '6.531'}
{'loss': '0.03698', 'grad_norm': '0.01378', 'learning_rate': '1.869e-05', 'epoch': '6.538'}
{'loss': '0.02279', 'grad_norm': '2.503', 'learning_rate': '1.869e-05', 'epoch': '6.544'}
{'loss': '0.0068', 'grad_norm': '1.107', 'learning_rate': '1.869e-05', 'epoch': '6.55'}
{'loss': '0.03046', 'grad_norm': '0.572', 'learning_rate': '1.869e-05', 'epoch': '6.556'}
{'loss': '0.008265', 'grad_norm': '0.07444', 'learning_rate': '1.869e-05', 'epoch': '6.562'}
{'loss': '0.01734', 'grad_norm': '0.03209', 'learning_rate': '1.869e-05', 'epoch': '6.568'}
{'loss': '0.01686', 'grad_norm': '0.4215', 'learning_rate': '1.869e-05', 'epoch': '6.574'}
{'loss': '0.007562', 'grad_norm': '1.792', 'learning_rate': '1.868e-05', 'epoch': '6.58'}
{'loss': '0.04259', 'grad_norm': '8.298', 'learning_rate': '1.868e-05', 'epoch': '6.586'}
{'loss': '0.067', 'grad_norm': '6.158', 'learning_rate': '1.868e-05', 'epoch': '6.592'}
{'loss': '0.02644', 'grad_norm': '0.2672', 'learning_rate': '1.868e-05', 'epoch': '6.598'}
{'loss': '0.01127', 'grad_norm': '0.432', 'learning_rate': '1.868e-05', 'epoch': '6.604'}
{'loss': '0.04781', 'grad_norm': '0.00546', 'learning_rate': '1.868e-05', 'epoch': '6.61'}
{'loss': '0.005391', 'grad_norm': '4.101', 'learning_rate': '1.868e-05', 'epoch': '6.616'}
{'loss': '0.02169', 'grad_norm': '7.42', 'learning_rate': '1.868e-05', 'epoch': '6.622'}
{'loss': '0.0196', 'grad_norm': '8.421', 'learning_rate': '1.867e-05', 'epoch': '6.628'}
{'loss': '0.000634', 'grad_norm': '1.023', 'learning_rate': '1.867e-05', 'epoch': '6.634'}
{'loss': '0.04453', 'grad_norm': '12.43', 'learning_rate': '1.867e-05', 'epoch': '6.64'}
{'loss': '0.04336', 'grad_norm': '4.636', 'learning_rate': '1.867e-05', 'epoch': '6.646'}
{'loss': '0.001188', 'grad_norm': '0.01296', 'learning_rate': '1.867e-05', 'epoch': '6.653'}
{'loss': '0.09202', 'grad_norm': '0.5895', 'learning_rate': '1.867e-05', 'epoch': '6.659'}
{'loss': '0.02529', 'grad_norm': '0.2573', 'learning_rate': '1.867e-05', 'epoch': '6.665'}
{'loss': '0.01035', 'grad_norm': '0.09202', 'learning_rate': '1.867e-05', 'epoch': '6.671'}
{'loss': '0.04414', 'grad_norm': '11.55', 'learning_rate': '1.866e-05', 'epoch': '6.677'}
{'loss': '0.02947', 'grad_norm': '1.658', 'learning_rate': '1.866e-05', 'epoch': '6.683'}
{'loss': '0.02785', 'grad_norm': '0.01031', 'learning_rate': '1.866e-05', 'epoch': '6.689'}
{'loss': '0.02479', 'grad_norm': '0.6648', 'learning_rate': '1.866e-05', 'epoch': '6.695'}
{'loss': '0.03378', 'grad_norm': '11.86', 'learning_rate': '1.866e-05', 'epoch': '6.701'}
{'loss': '0.04978', 'grad_norm': '12.13', 'learning_rate': '1.866e-05', 'epoch': '6.707'}
{'loss': '0.02325', 'grad_norm': '0.009709', 'learning_rate': '1.866e-05', 'epoch': '6.713'}
{'loss': '0.03497', 'grad_norm': '0.1497', 'learning_rate': '1.866e-05', 'epoch': '6.719'}
{'loss': '0.002218', 'grad_norm': '1.558', 'learning_rate': '1.866e-05', 'epoch': '6.725'}
{'loss': '0.00342', 'grad_norm': '0.03849', 'learning_rate': '1.865e-05', 'epoch': '6.731'}
{'loss': '0.03343', 'grad_norm': '40.79', 'learning_rate': '1.865e-05', 'epoch': '6.737'}
{'loss': '0.03184', 'grad_norm': '5.649', 'learning_rate': '1.865e-05', 'epoch': '6.743'}
{'loss': '0.007522', 'grad_norm': '0.04143', 'learning_rate': '1.865e-05', 'epoch': '6.749'}
{'loss': '0.007078', 'grad_norm': '0.7248', 'learning_rate': '1.865e-05', 'epoch': '6.755'}
{'loss': '0.01095', 'grad_norm': '0.03171', 'learning_rate': '1.865e-05', 'epoch': '6.762'}
{'loss': '0.03341', 'grad_norm': '0.0224', 'learning_rate': '1.865e-05', 'epoch': '6.768'}
{'loss': '0.01635', 'grad_norm': '8.733', 'learning_rate': '1.865e-05', 'epoch': '6.774'}
{'loss': '0.01238', 'grad_norm': '18.14', 'learning_rate': '1.864e-05', 'epoch': '6.78'}
{'loss': '0.03307', 'grad_norm': '0.006329', 'learning_rate': '1.864e-05', 'epoch': '6.786'}
{'loss': '0.01331', 'grad_norm': '0.03049', 'learning_rate': '1.864e-05', 'epoch': '6.792'}
{'loss': '0.09102', 'grad_norm': '0.4252', 'learning_rate': '1.864e-05', 'epoch': '6.798'}
{'loss': '0.01289', 'grad_norm': '0.03368', 'learning_rate': '1.864e-05', 'epoch': '6.804'}
{'loss': '0.03194', 'grad_norm': '0.02038', 'learning_rate': '1.864e-05', 'epoch': '6.81'}
{'loss': '0.0205', 'grad_norm': '0.0118', 'learning_rate': '1.864e-05', 'epoch': '6.816'}
{'loss': '0.0184', 'grad_norm': '0.003524', 'learning_rate': '1.864e-05', 'epoch': '6.822'}
{'loss': '0.07026', 'grad_norm': '5.389', 'learning_rate': '1.863e-05', 'epoch': '6.828'}
{'loss': '0.03607', 'grad_norm': '0.1351', 'learning_rate': '1.863e-05', 'epoch': '6.834'}
{'loss': '0.06952', 'grad_norm': '0.5292', 'learning_rate': '1.863e-05', 'epoch': '6.84'}
{'loss': '0.01566', 'grad_norm': '0.08422', 'learning_rate': '1.863e-05', 'epoch': '6.846'}
{'loss': '0.003281', 'grad_norm': '0.5964', 'learning_rate': '1.863e-05', 'epoch': '6.852'}
{'loss': '0.05454', 'grad_norm': '7.757', 'learning_rate': '1.863e-05', 'epoch': '6.858'}
{'loss': '0.04649', 'grad_norm': '1.529', 'learning_rate': '1.863e-05', 'epoch': '6.864'}
{'loss': '0.04548', 'grad_norm': '0.005964', 'learning_rate': '1.863e-05', 'epoch': '6.87'}
{'loss': '0.01387', 'grad_norm': '1.09', 'learning_rate': '1.862e-05', 'epoch': '6.877'}
{'loss': '0.03614', 'grad_norm': '4.591', 'learning_rate': '1.862e-05', 'epoch': '6.883'}
{'loss': '0.02013', 'grad_norm': '0.1204', 'learning_rate': '1.862e-05', 'epoch': '6.889'}
{'loss': '0.01698', 'grad_norm': '7.534', 'learning_rate': '1.862e-05', 'epoch': '6.895'}
{'loss': '0.02191', 'grad_norm': '9.304', 'learning_rate': '1.862e-05', 'epoch': '6.901'}
{'loss': '0.01492', 'grad_norm': '0.01011', 'learning_rate': '1.862e-05', 'epoch': '6.907'}
{'loss': '0.003905', 'grad_norm': '0.7978', 'learning_rate': '1.862e-05', 'epoch': '6.913'}
{'loss': '0.003773', 'grad_norm': '0.06245', 'learning_rate': '1.862e-05', 'epoch': '6.919'}
{'loss': '0.04033', 'grad_norm': '9.8', 'learning_rate': '1.862e-05', 'epoch': '6.925'}
{'loss': '0.009795', 'grad_norm': '2.809', 'learning_rate': '1.861e-05', 'epoch': '6.931'}
{'loss': '0.03863', 'grad_norm': '0.01202', 'learning_rate': '1.861e-05', 'epoch': '6.937'}
{'loss': '0.04336', 'grad_norm': '0.2005', 'learning_rate': '1.861e-05', 'epoch': '6.943'}
{'loss': '0.02926', 'grad_norm': '1.443', 'learning_rate': '1.861e-05', 'epoch': '6.949'}
{'loss': '0.01272', 'grad_norm': '0.03055', 'learning_rate': '1.861e-05', 'epoch': '6.955'}
{'loss': '0.03111', 'grad_norm': '0.006423', 'learning_rate': '1.861e-05', 'epoch': '6.961'}
{'loss': '0.03405', 'grad_norm': '0.3122', 'learning_rate': '1.861e-05', 'epoch': '6.967'}
{'loss': '0.00842', 'grad_norm': '3.839', 'learning_rate': '1.861e-05', 'epoch': '6.973'}
{'loss': '0.03352', 'grad_norm': '0.1188', 'learning_rate': '1.86e-05', 'epoch': '6.979'}
{'loss': '0.08749', 'grad_norm': '4.773', 'learning_rate': '1.86e-05', 'epoch': '6.985'}
{'loss': '0.01364', 'grad_norm': '2.454', 'learning_rate': '1.86e-05', 'epoch': '6.992'}
{'loss': '0.05155', 'grad_norm': '1.169', 'learning_rate': '1.86e-05', 'epoch': '6.998'}
{'eval_loss': '1.315', 'eval_accuracy': '0.8513', 'eval_precision': '0.8521', 'eval_recall': '0.8691', 'eval_f1': '0.8605', 'eval_runtime': '11.35', 'eval_samples_per_second': '1122', 'eval_steps_per_second': '17.54', 'epoch': '7'}
{'loss': '0.04313', 'grad_norm': '2.766', 'learning_rate': '1.86e-05', 'epoch': '7.004'}
{'loss': '0.03119', 'grad_norm': '0.2089', 'learning_rate': '1.86e-05', 'epoch': '7.01'}
{'loss': '0.01667', 'grad_norm': '0.006458', 'learning_rate': '1.86e-05', 'epoch': '7.016'}
{'loss': '0.004644', 'grad_norm': '0.5651', 'learning_rate': '1.86e-05', 'epoch': '7.022'}
{'loss': '0.02196', 'grad_norm': '1.831', 'learning_rate': '1.859e-05', 'epoch': '7.028'}
{'loss': '0.02418', 'grad_norm': '4.589', 'learning_rate': '1.859e-05', 'epoch': '7.034'}
{'loss': '0.02692', 'grad_norm': '10.56', 'learning_rate': '1.859e-05', 'epoch': '7.04'}
{'loss': '0.0008167', 'grad_norm': '0.7949', 'learning_rate': '1.859e-05', 'epoch': '7.046'}
{'loss': '0.03266', 'grad_norm': '0.004161', 'learning_rate': '1.859e-05', 'epoch': '7.052'}
{'loss': '0.01486', 'grad_norm': '0.9715', 'learning_rate': '1.859e-05', 'epoch': '7.058'}
{'loss': '0.01221', 'grad_norm': '0.1451', 'learning_rate': '1.859e-05', 'epoch': '7.064'}
{'loss': '0.02287', 'grad_norm': '13.65', 'learning_rate': '1.859e-05', 'epoch': '7.07'}
{'loss': '0.02279', 'grad_norm': '0.2553', 'learning_rate': '1.858e-05', 'epoch': '7.076'}
{'loss': '0.02661', 'grad_norm': '10.59', 'learning_rate': '1.858e-05', 'epoch': '7.082'}
{'loss': '0.02008', 'grad_norm': '0.009625', 'learning_rate': '1.858e-05', 'epoch': '7.088'}
{'loss': '0.006991', 'grad_norm': '4.624', 'learning_rate': '1.858e-05', 'epoch': '7.094'}
{'loss': '0.01956', 'grad_norm': '0.004406', 'learning_rate': '1.858e-05', 'epoch': '7.1'}
{'loss': '0.002707', 'grad_norm': '5.129', 'learning_rate': '1.858e-05', 'epoch': '7.107'}
{'loss': '0.00271', 'grad_norm': '2.975', 'learning_rate': '1.858e-05', 'epoch': '7.113'}
{'loss': '0.02074', 'grad_norm': '4.161', 'learning_rate': '1.858e-05', 'epoch': '7.119'}
{'loss': '0.03819', 'grad_norm': '7.512', 'learning_rate': '1.858e-05', 'epoch': '7.125'}
{'loss': '0.04233', 'grad_norm': '0.05872', 'learning_rate': '1.857e-05', 'epoch': '7.131'}
{'loss': '0.0116', 'grad_norm': '2.562', 'learning_rate': '1.857e-05', 'epoch': '7.137'}
{'loss': '0.01314', 'grad_norm': '1.393', 'learning_rate': '1.857e-05', 'epoch': '7.143'}
{'loss': '0.003278', 'grad_norm': '0.04935', 'learning_rate': '1.857e-05', 'epoch': '7.149'}
{'loss': '0.01036', 'grad_norm': '1.983', 'learning_rate': '1.857e-05', 'epoch': '7.155'}
{'loss': '0.03794', 'grad_norm': '2.002', 'learning_rate': '1.857e-05', 'epoch': '7.161'}
{'loss': '0.03192', 'grad_norm': '11.83', 'learning_rate': '1.857e-05', 'epoch': '7.167'}
{'loss': '0.01488', 'grad_norm': '6.403', 'learning_rate': '1.857e-05', 'epoch': '7.173'}
{'loss': '0.02338', 'grad_norm': '2.176', 'learning_rate': '1.856e-05', 'epoch': '7.179'}
{'loss': '0.01296', 'grad_norm': '0.4965', 'learning_rate': '1.856e-05', 'epoch': '7.185'}
{'loss': '0.04196', 'grad_norm': '0.06911', 'learning_rate': '1.856e-05', 'epoch': '7.191'}
{'loss': '0.04448', 'grad_norm': '0.00318', 'learning_rate': '1.856e-05', 'epoch': '7.197'}
{'loss': '0.008768', 'grad_norm': '0.1151', 'learning_rate': '1.856e-05', 'epoch': '7.203'}
{'loss': '0.0421', 'grad_norm': '0.8044', 'learning_rate': '1.856e-05', 'epoch': '7.209'}
{'loss': '0.01691', 'grad_norm': '0.06352', 'learning_rate': '1.856e-05', 'epoch': '7.215'}
{'loss': '0.01613', 'grad_norm': '3.258', 'learning_rate': '1.856e-05', 'epoch': '7.222'}
{'loss': '0.006053', 'grad_norm': '0.002218', 'learning_rate': '1.855e-05', 'epoch': '7.228'}
{'loss': '0.02088', 'grad_norm': '5.027', 'learning_rate': '1.855e-05', 'epoch': '7.234'}
{'loss': '0.002153', 'grad_norm': '0.01283', 'learning_rate': '1.855e-05', 'epoch': '7.24'}
{'loss': '0.01135', 'grad_norm': '0.003986', 'learning_rate': '1.855e-05', 'epoch': '7.246'}
{'loss': '0.03924', 'grad_norm': '0.005795', 'learning_rate': '1.855e-05', 'epoch': '7.252'}
{'loss': '0.02515', 'grad_norm': '0.01665', 'learning_rate': '1.855e-05', 'epoch': '7.258'}
{'loss': '0.02824', 'grad_norm': '11.26', 'learning_rate': '1.855e-05', 'epoch': '7.264'}
{'loss': '0.02572', 'grad_norm': '0.0471', 'learning_rate': '1.855e-05', 'epoch': '7.27'}
{'loss': '0.02006', 'grad_norm': '0.0004767', 'learning_rate': '1.854e-05', 'epoch': '7.276'}
{'loss': '0.01126', 'grad_norm': '0.01312', 'learning_rate': '1.854e-05', 'epoch': '7.282'}
{'loss': '0.02159', 'grad_norm': '0.2351', 'learning_rate': '1.854e-05', 'epoch': '7.288'}
{'loss': '0.01626', 'grad_norm': '0.1947', 'learning_rate': '1.854e-05', 'epoch': '7.294'}
{'loss': '0.03566', 'grad_norm': '0.2368', 'learning_rate': '1.854e-05', 'epoch': '7.3'}
{'loss': '0.02301', 'grad_norm': '7.332', 'learning_rate': '1.854e-05', 'epoch': '7.306'}
{'loss': '0.0002052', 'grad_norm': '0.04581', 'learning_rate': '1.854e-05', 'epoch': '7.312'}
{'loss': '0.0148', 'grad_norm': '8.315', 'learning_rate': '1.854e-05', 'epoch': '7.318'}
{'loss': '0.004723', 'grad_norm': '1.91', 'learning_rate': '1.854e-05', 'epoch': '7.324'}
{'loss': '0.006625', 'grad_norm': '2.149', 'learning_rate': '1.853e-05', 'epoch': '7.331'}
{'loss': '0.001647', 'grad_norm': '0.001544', 'learning_rate': '1.853e-05', 'epoch': '7.337'}
{'loss': '0.007138', 'grad_norm': '0.0317', 'learning_rate': '1.853e-05', 'epoch': '7.343'}
{'loss': '0.04935', 'grad_norm': '0.03457', 'learning_rate': '1.853e-05', 'epoch': '7.349'}
{'loss': '0.02065', 'grad_norm': '0.8213', 'learning_rate': '1.853e-05', 'epoch': '7.355'}
{'loss': '0.01248', 'grad_norm': '0.06677', 'learning_rate': '1.853e-05', 'epoch': '7.361'}
{'loss': '0.02448', 'grad_norm': '0.06243', 'learning_rate': '1.853e-05', 'epoch': '7.367'}
{'loss': '0.03949', 'grad_norm': '0.001866', 'learning_rate': '1.853e-05', 'epoch': '7.373'}
{'loss': '0.00135', 'grad_norm': '0.004031', 'learning_rate': '1.852e-05', 'epoch': '7.379'}
{'loss': '0.01039', 'grad_norm': '0.02962', 'learning_rate': '1.852e-05', 'epoch': '7.385'}
{'loss': '0.02411', 'grad_norm': '7.742', 'learning_rate': '1.852e-05', 'epoch': '7.391'}
{'loss': '0.02005', 'grad_norm': '0.1346', 'learning_rate': '1.852e-05', 'epoch': '7.397'}
{'loss': '0.005989', 'grad_norm': '0.3706', 'learning_rate': '1.852e-05', 'epoch': '7.403'}
{'loss': '0.02622', 'grad_norm': '0.0316', 'learning_rate': '1.852e-05', 'epoch': '7.409'}
{'loss': '0.001414', 'grad_norm': '0.005788', 'learning_rate': '1.852e-05', 'epoch': '7.415'}
{'loss': '0.01724', 'grad_norm': '4.466', 'learning_rate': '1.852e-05', 'epoch': '7.421'}
{'loss': '0.009805', 'grad_norm': '1.591', 'learning_rate': '1.851e-05', 'epoch': '7.427'}
{'loss': '0.02646', 'grad_norm': '0.2116', 'learning_rate': '1.851e-05', 'epoch': '7.433'}
{'loss': '0.00566', 'grad_norm': '0.002292', 'learning_rate': '1.851e-05', 'epoch': '7.439'}
{'loss': '0.01991', 'grad_norm': '1.223', 'learning_rate': '1.851e-05', 'epoch': '7.446'}
{'loss': '0.02614', 'grad_norm': '0.006415', 'learning_rate': '1.851e-05', 'epoch': '7.452'}
{'loss': '0.03799', 'grad_norm': '0.3266', 'learning_rate': '1.851e-05', 'epoch': '7.458'}
{'loss': '0.03002', 'grad_norm': '6.422', 'learning_rate': '1.851e-05', 'epoch': '7.464'}
{'loss': '0.02501', 'grad_norm': '5.71', 'learning_rate': '1.851e-05', 'epoch': '7.47'}
{'loss': '0.01734', 'grad_norm': '10.94', 'learning_rate': '1.85e-05', 'epoch': '7.476'}
{'loss': '0.003848', 'grad_norm': '1.964', 'learning_rate': '1.85e-05', 'epoch': '7.482'}
{'loss': '0.01275', 'grad_norm': '2.882', 'learning_rate': '1.85e-05', 'epoch': '7.488'}
{'loss': '0.01154', 'grad_norm': '0.02624', 'learning_rate': '1.85e-05', 'epoch': '7.494'}
{'loss': '0.006243', 'grad_norm': '0.05675', 'learning_rate': '1.85e-05', 'epoch': '7.5'}
{'loss': '0.02609', 'grad_norm': '5.016', 'learning_rate': '1.85e-05', 'epoch': '7.506'}
{'loss': '0.001119', 'grad_norm': '0.001765', 'learning_rate': '1.85e-05', 'epoch': '7.512'}
{'loss': '0.01457', 'grad_norm': '0.01035', 'learning_rate': '1.85e-05', 'epoch': '7.518'}
{'loss': '0.002645', 'grad_norm': '0.001811', 'learning_rate': '1.85e-05', 'epoch': '7.524'}
{'loss': '0.01798', 'grad_norm': '2.736', 'learning_rate': '1.849e-05', 'epoch': '7.53'}
{'loss': '0.03118', 'grad_norm': '0.04485', 'learning_rate': '1.849e-05', 'epoch': '7.536'}
{'loss': '0.0432', 'grad_norm': '8.953', 'learning_rate': '1.849e-05', 'epoch': '7.542'}
{'loss': '0.01659', 'grad_norm': '0.0107', 'learning_rate': '1.849e-05', 'epoch': '7.548'}
{'loss': '0.008205', 'grad_norm': '0.01213', 'learning_rate': '1.849e-05', 'epoch': '7.554'}
{'loss': '0.01468', 'grad_norm': '0.5093', 'learning_rate': '1.849e-05', 'epoch': '7.561'}
{'loss': '0.0045', 'grad_norm': '0.02382', 'learning_rate': '1.849e-05', 'epoch': '7.567'}
{'loss': '0.02475', 'grad_norm': '4.424', 'learning_rate': '1.849e-05', 'epoch': '7.573'}
{'loss': '0.01855', 'grad_norm': '0.01578', 'learning_rate': '1.848e-05', 'epoch': '7.579'}
{'loss': '0.008913', 'grad_norm': '6.216', 'learning_rate': '1.848e-05', 'epoch': '7.585'}
{'loss': '0.01973', 'grad_norm': '0.04583', 'learning_rate': '1.848e-05', 'epoch': '7.591'}
{'loss': '0.02338', 'grad_norm': '10.96', 'learning_rate': '1.848e-05', 'epoch': '7.597'}
{'loss': '0.03046', 'grad_norm': '1.677', 'learning_rate': '1.848e-05', 'epoch': '7.603'}
{'loss': '0.01674', 'grad_norm': '3.727', 'learning_rate': '1.848e-05', 'epoch': '7.609'}
{'loss': '0.0631', 'grad_norm': '3.305', 'learning_rate': '1.848e-05', 'epoch': '7.615'}
{'loss': '0.06046', 'grad_norm': '1.332', 'learning_rate': '1.848e-05', 'epoch': '7.621'}
{'loss': '0.01897', 'grad_norm': '10.16', 'learning_rate': '1.847e-05', 'epoch': '7.627'}
{'loss': '0.03399', 'grad_norm': '0.002601', 'learning_rate': '1.847e-05', 'epoch': '7.633'}
{'loss': '0.05685', 'grad_norm': '0.02669', 'learning_rate': '1.847e-05', 'epoch': '7.639'}
{'loss': '0.01786', 'grad_norm': '0.02628', 'learning_rate': '1.847e-05', 'epoch': '7.645'}
{'loss': '0.005694', 'grad_norm': '48.73', 'learning_rate': '1.847e-05', 'epoch': '7.651'}
{'loss': '0.02054', 'grad_norm': '12.54', 'learning_rate': '1.847e-05', 'epoch': '7.657'}
{'loss': '0.01456', 'grad_norm': '0.004683', 'learning_rate': '1.847e-05', 'epoch': '7.663'}
{'loss': '0.02091', 'grad_norm': '5.682', 'learning_rate': '1.847e-05', 'epoch': '7.669'}
{'loss': '0.03372', 'grad_norm': '0.009002', 'learning_rate': '1.847e-05', 'epoch': '7.676'}
{'loss': '0.0006369', 'grad_norm': '0.002079', 'learning_rate': '1.846e-05', 'epoch': '7.682'}
{'loss': '0.01577', 'grad_norm': '0.05509', 'learning_rate': '1.846e-05', 'epoch': '7.688'}
{'loss': '0.0139', 'grad_norm': '0.09088', 'learning_rate': '1.846e-05', 'epoch': '7.694'}
{'loss': '0.01157', 'grad_norm': '7.77', 'learning_rate': '1.846e-05', 'epoch': '7.7'}
{'loss': '0.01056', 'grad_norm': '0.006774', 'learning_rate': '1.846e-05', 'epoch': '7.706'}
{'loss': '0.03632', 'grad_norm': '0.07186', 'learning_rate': '1.846e-05', 'epoch': '7.712'}
{'loss': '0.003284', 'grad_norm': '0.1288', 'learning_rate': '1.846e-05', 'epoch': '7.718'}
{'loss': '0.03119', 'grad_norm': '0.01239', 'learning_rate': '1.846e-05', 'epoch': '7.724'}
{'loss': '0.01256', 'grad_norm': '4.611', 'learning_rate': '1.845e-05', 'epoch': '7.73'}
{'loss': '0.02796', 'grad_norm': '0.05418', 'learning_rate': '1.845e-05', 'epoch': '7.736'}
{'loss': '0.01834', 'grad_norm': '1.581', 'learning_rate': '1.845e-05', 'epoch': '7.742'}
{'loss': '0.005975', 'grad_norm': '0.2706', 'learning_rate': '1.845e-05', 'epoch': '7.748'}
{'loss': '0.01213', 'grad_norm': '1.729', 'learning_rate': '1.845e-05', 'epoch': '7.754'}
{'loss': '0.02291', 'grad_norm': '0.005577', 'learning_rate': '1.845e-05', 'epoch': '7.76'}
{'loss': '0.03556', 'grad_norm': '1.566', 'learning_rate': '1.845e-05', 'epoch': '7.766'}
{'loss': '0.02001', 'grad_norm': '2.642', 'learning_rate': '1.845e-05', 'epoch': '7.772'}
{'loss': '0.009659', 'grad_norm': '5.136', 'learning_rate': '1.844e-05', 'epoch': '7.778'}
{'loss': '0.01889', 'grad_norm': '0.04684', 'learning_rate': '1.844e-05', 'epoch': '7.785'}
{'loss': '0.02639', 'grad_norm': '0.004375', 'learning_rate': '1.844e-05', 'epoch': '7.791'}
{'loss': '0.01417', 'grad_norm': '0.001607', 'learning_rate': '1.844e-05', 'epoch': '7.797'}
{'loss': '0.01303', 'grad_norm': '5.337', 'learning_rate': '1.844e-05', 'epoch': '7.803'}
{'loss': '0.03804', 'grad_norm': '5.416', 'learning_rate': '1.844e-05', 'epoch': '7.809'}
{'loss': '0.005016', 'grad_norm': '0.01596', 'learning_rate': '1.844e-05', 'epoch': '7.815'}
{'loss': '0.0321', 'grad_norm': '0.1077', 'learning_rate': '1.844e-05', 'epoch': '7.821'}
{'loss': '0.01314', 'grad_norm': '1.94', 'learning_rate': '1.843e-05', 'epoch': '7.827'}
{'loss': '0.009221', 'grad_norm': '0.05172', 'learning_rate': '1.843e-05', 'epoch': '7.833'}
{'loss': '0.03546', 'grad_norm': '0.003078', 'learning_rate': '1.843e-05', 'epoch': '7.839'}
{'loss': '0.0008268', 'grad_norm': '0.03817', 'learning_rate': '1.843e-05', 'epoch': '7.845'}
{'loss': '0.001765', 'grad_norm': '0.001404', 'learning_rate': '1.843e-05', 'epoch': '7.851'}
{'loss': '0.05993', 'grad_norm': '0.02156', 'learning_rate': '1.843e-05', 'epoch': '7.857'}
{'loss': '0.01514', 'grad_norm': '0.0008866', 'learning_rate': '1.843e-05', 'epoch': '7.863'}
{'loss': '0.06741', 'grad_norm': '0.4611', 'learning_rate': '1.843e-05', 'epoch': '7.869'}
{'loss': '0.004693', 'grad_norm': '0.822', 'learning_rate': '1.843e-05', 'epoch': '7.875'}
{'loss': '0.004841', 'grad_norm': '0.00479', 'learning_rate': '1.842e-05', 'epoch': '7.881'}
{'loss': '0.03751', 'grad_norm': '0.06468', 'learning_rate': '1.842e-05', 'epoch': '7.887'}
{'loss': '0.009555', 'grad_norm': '0.07859', 'learning_rate': '1.842e-05', 'epoch': '7.893'}
{'loss': '0.02049', 'grad_norm': '4.96', 'learning_rate': '1.842e-05', 'epoch': '7.9'}
{'loss': '0.03687', 'grad_norm': '0.006064', 'learning_rate': '1.842e-05', 'epoch': '7.906'}
{'loss': '0.003403', 'grad_norm': '4.344', 'learning_rate': '1.842e-05', 'epoch': '7.912'}
{'loss': '0.01159', 'grad_norm': '0.01521', 'learning_rate': '1.842e-05', 'epoch': '7.918'}
{'loss': '0.001291', 'grad_norm': '0.4114', 'learning_rate': '1.842e-05', 'epoch': '7.924'}
{'loss': '0.01209', 'grad_norm': '0.8991', 'learning_rate': '1.841e-05', 'epoch': '7.93'}
{'loss': '0.006317', 'grad_norm': '0.002547', 'learning_rate': '1.841e-05', 'epoch': '7.936'}
{'loss': '0.007785', 'grad_norm': '0.001232', 'learning_rate': '1.841e-05', 'epoch': '7.942'}
{'loss': '0.02552', 'grad_norm': '0.00111', 'learning_rate': '1.841e-05', 'epoch': '7.948'}
{'loss': '0.02671', 'grad_norm': '0.01753', 'learning_rate': '1.841e-05', 'epoch': '7.954'}
{'loss': '0.06462', 'grad_norm': '6.369', 'learning_rate': '1.841e-05', 'epoch': '7.96'}
{'loss': '0.02571', 'grad_norm': '0.05044', 'learning_rate': '1.841e-05', 'epoch': '7.966'}
{'loss': '0.0626', 'grad_norm': '0.244', 'learning_rate': '1.841e-05', 'epoch': '7.972'}
{'loss': '0.01516', 'grad_norm': '0.001886', 'learning_rate': '1.84e-05', 'epoch': '7.978'}
{'loss': '0.007843', 'grad_norm': '0.9591', 'learning_rate': '1.84e-05', 'epoch': '7.984'}
{'loss': '0.01509', 'grad_norm': '0.01549', 'learning_rate': '1.84e-05', 'epoch': '7.99'}
{'loss': '0.0005438', 'grad_norm': '0.001284', 'learning_rate': '1.84e-05', 'epoch': '7.996'}
{'eval_loss': '1.505', 'eval_accuracy': '0.8458', 'eval_precision': '0.8407', 'eval_recall': '0.8734', 'eval_f1': '0.8567', 'eval_runtime': '11.36', 'eval_samples_per_second': '1122', 'eval_steps_per_second': '17.52', 'epoch': '8'}
{'loss': '0.01173', 'grad_norm': '0.05213', 'learning_rate': '1.84e-05', 'epoch': '8.002'}
{'loss': '0.0002776', 'grad_norm': '0.003313', 'learning_rate': '1.84e-05', 'epoch': '8.008'}
{'loss': '0.009986', 'grad_norm': '0.012', 'learning_rate': '1.84e-05', 'epoch': '8.015'}
{'loss': '0.02878', 'grad_norm': '0.01315', 'learning_rate': '1.84e-05', 'epoch': '8.021'}
{'loss': '0.001367', 'grad_norm': '0.2296', 'learning_rate': '1.839e-05', 'epoch': '8.027'}
{'loss': '0.006556', 'grad_norm': '17.95', 'learning_rate': '1.839e-05', 'epoch': '8.033'}
{'loss': '0.01467', 'grad_norm': '0.007281', 'learning_rate': '1.839e-05', 'epoch': '8.039'}
{'loss': '0.004022', 'grad_norm': '0.09953', 'learning_rate': '1.839e-05', 'epoch': '8.045'}
{'loss': '0.04488', 'grad_norm': '0.02796', 'learning_rate': '1.839e-05', 'epoch': '8.051'}
{'loss': '0.01148', 'grad_norm': '0.01222', 'learning_rate': '1.839e-05', 'epoch': '8.057'}
{'loss': '0.0003482', 'grad_norm': '0.05254', 'learning_rate': '1.839e-05', 'epoch': '8.063'}
{'loss': '0.005116', 'grad_norm': '0.006754', 'learning_rate': '1.839e-05', 'epoch': '8.069'}
{'loss': '0.02883', 'grad_norm': '0.1169', 'learning_rate': '1.839e-05', 'epoch': '8.075'}
{'loss': '0.02267', 'grad_norm': '0.001553', 'learning_rate': '1.838e-05', 'epoch': '8.081'}
{'loss': '0.0005713', 'grad_norm': '0.001189', 'learning_rate': '1.838e-05', 'epoch': '8.087'}
{'loss': '0.002818', 'grad_norm': '0.1366', 'learning_rate': '1.838e-05', 'epoch': '8.093'}
{'loss': '0.002941', 'grad_norm': '0.04104', 'learning_rate': '1.838e-05', 'epoch': '8.099'}
{'loss': '0.002321', 'grad_norm': '0.03116', 'learning_rate': '1.838e-05', 'epoch': '8.105'}
{'loss': '0.01719', 'grad_norm': '0.1416', 'learning_rate': '1.838e-05', 'epoch': '8.111'}
{'loss': '0.04861', 'grad_norm': '0.08963', 'learning_rate': '1.838e-05', 'epoch': '8.117'}
{'loss': '0.01265', 'grad_norm': '0.09489', 'learning_rate': '1.838e-05', 'epoch': '8.123'}
{'loss': '0.03499', 'grad_norm': '0.002593', 'learning_rate': '1.837e-05', 'epoch': '8.13'}
{'loss': '0.007958', 'grad_norm': '0.0066', 'learning_rate': '1.837e-05', 'epoch': '8.136'}
{'loss': '0.02659', 'grad_norm': '0.9033', 'learning_rate': '1.837e-05', 'epoch': '8.142'}
{'loss': '0.005264', 'grad_norm': '0.263', 'learning_rate': '1.837e-05', 'epoch': '8.148'}
{'loss': '0.05502', 'grad_norm': '0.06341', 'learning_rate': '1.837e-05', 'epoch': '8.154'}
{'loss': '0.007929', 'grad_norm': '0.3622', 'learning_rate': '1.837e-05', 'epoch': '8.16'}
{'loss': '0.06171', 'grad_norm': '0.2838', 'learning_rate': '1.837e-05', 'epoch': '8.166'}
{'loss': '0.01597', 'grad_norm': '0.002407', 'learning_rate': '1.837e-05', 'epoch': '8.172'}
{'loss': '0.02281', 'grad_norm': '0.04673', 'learning_rate': '1.836e-05', 'epoch': '8.178'}
{'loss': '0.02682', 'grad_norm': '6.906', 'learning_rate': '1.836e-05', 'epoch': '8.184'}
{'loss': '0.004118', 'grad_norm': '0.001926', 'learning_rate': '1.836e-05', 'epoch': '8.19'}
{'loss': '0.004734', 'grad_norm': '0.01628', 'learning_rate': '1.836e-05', 'epoch': '8.196'}
{'loss': '0.04217', 'grad_norm': '12.24', 'learning_rate': '1.836e-05', 'epoch': '8.202'}
{'loss': '0.01106', 'grad_norm': '10.16', 'learning_rate': '1.836e-05', 'epoch': '8.208'}
{'loss': '0.02249', 'grad_norm': '0.03741', 'learning_rate': '1.836e-05', 'epoch': '8.214'}
{'loss': '0.02086', 'grad_norm': '0.01074', 'learning_rate': '1.836e-05', 'epoch': '8.22'}
{'loss': '0.003053', 'grad_norm': '4.157', 'learning_rate': '1.835e-05', 'epoch': '8.226'}
{'loss': '0.01067', 'grad_norm': '0.02382', 'learning_rate': '1.835e-05', 'epoch': '8.232'}
{'loss': '0.01125', 'grad_norm': '0.1345', 'learning_rate': '1.835e-05', 'epoch': '8.238'}
{'loss': '0.004237', 'grad_norm': '4.961', 'learning_rate': '1.835e-05', 'epoch': '8.245'}
{'loss': '0.002181', 'grad_norm': '0.0005428', 'learning_rate': '1.835e-05', 'epoch': '8.251'}
{'loss': '0.002325', 'grad_norm': '2.304', 'learning_rate': '1.835e-05', 'epoch': '8.257'}
{'loss': '0.03099', 'grad_norm': '0.7274', 'learning_rate': '1.835e-05', 'epoch': '8.263'}
{'loss': '0.01213', 'grad_norm': '0.05992', 'learning_rate': '1.835e-05', 'epoch': '8.269'}
{'loss': '0.0004912', 'grad_norm': '0.08655', 'learning_rate': '1.835e-05', 'epoch': '8.275'}
{'loss': '0.01598', 'grad_norm': '3.366', 'learning_rate': '1.834e-05', 'epoch': '8.281'}
{'loss': '0.02286', 'grad_norm': '16.59', 'learning_rate': '1.834e-05', 'epoch': '8.287'}
{'loss': '0.01115', 'grad_norm': '0.005497', 'learning_rate': '1.834e-05', 'epoch': '8.293'}
{'loss': '0.01297', 'grad_norm': '16.32', 'learning_rate': '1.834e-05', 'epoch': '8.299'}
{'loss': '0.01124', 'grad_norm': '0.009386', 'learning_rate': '1.834e-05', 'epoch': '8.305'}
{'loss': '0.03612', 'grad_norm': '0.02314', 'learning_rate': '1.834e-05', 'epoch': '8.311'}
{'loss': '0.02025', 'grad_norm': '0.3553', 'learning_rate': '1.834e-05', 'epoch': '8.317'}
{'loss': '0.0001647', 'grad_norm': '0.0008107', 'learning_rate': '1.834e-05', 'epoch': '8.323'}
{'loss': '0.02148', 'grad_norm': '0.7747', 'learning_rate': '1.833e-05', 'epoch': '8.329'}
{'loss': '0.008659', 'grad_norm': '0.2194', 'learning_rate': '1.833e-05', 'epoch': '8.335'}
{'loss': '0.03094', 'grad_norm': '0.01023', 'learning_rate': '1.833e-05', 'epoch': '8.341'}
{'loss': '0.04973', 'grad_norm': '0.01147', 'learning_rate': '1.833e-05', 'epoch': '8.347'}
{'loss': '0.01653', 'grad_norm': '9.987', 'learning_rate': '1.833e-05', 'epoch': '8.354'}
{'loss': '0.024', 'grad_norm': '0.2265', 'learning_rate': '1.833e-05', 'epoch': '8.36'}
{'loss': '0.02026', 'grad_norm': '0.008209', 'learning_rate': '1.833e-05', 'epoch': '8.366'}
{'loss': '0.04017', 'grad_norm': '0.04444', 'learning_rate': '1.833e-05', 'epoch': '8.372'}
{'loss': '0.002716', 'grad_norm': '0.05351', 'learning_rate': '1.832e-05', 'epoch': '8.378'}
{'loss': '0.0004803', 'grad_norm': '1.043', 'learning_rate': '1.832e-05', 'epoch': '8.384'}
{'loss': '0.03438', 'grad_norm': '0.8041', 'learning_rate': '1.832e-05', 'epoch': '8.39'}
{'loss': '0.0415', 'grad_norm': '0.01462', 'learning_rate': '1.832e-05', 'epoch': '8.396'}
{'loss': '0.005243', 'grad_norm': '1.556', 'learning_rate': '1.832e-05', 'epoch': '8.402'}
{'loss': '0.03521', 'grad_norm': '1.777', 'learning_rate': '1.832e-05', 'epoch': '8.408'}
{'loss': '0.02073', 'grad_norm': '0.03297', 'learning_rate': '1.832e-05', 'epoch': '8.414'}
{'loss': '0.04738', 'grad_norm': '0.01651', 'learning_rate': '1.832e-05', 'epoch': '8.42'}
{'loss': '0.02927', 'grad_norm': '0.002544', 'learning_rate': '1.831e-05', 'epoch': '8.426'}
{'loss': '0.007115', 'grad_norm': '0.004038', 'learning_rate': '1.831e-05', 'epoch': '8.432'}
{'loss': '0.02015', 'grad_norm': '0.08551', 'learning_rate': '1.831e-05', 'epoch': '8.438'}
{'loss': '0.03788', 'grad_norm': '0.9738', 'learning_rate': '1.831e-05', 'epoch': '8.444'}
{'loss': '0.003894', 'grad_norm': '2.05', 'learning_rate': '1.831e-05', 'epoch': '8.45'}
{'loss': '0.003913', 'grad_norm': '0.8001', 'learning_rate': '1.831e-05', 'epoch': '8.456'}
{'loss': '0.007272', 'grad_norm': '1.585', 'learning_rate': '1.831e-05', 'epoch': '8.462'}
{'loss': '0.007043', 'grad_norm': '0.1136', 'learning_rate': '1.831e-05', 'epoch': '8.469'}
{'loss': '0.005444', 'grad_norm': '0.6183', 'learning_rate': '1.831e-05', 'epoch': '8.475'}
{'loss': '0.002525', 'grad_norm': '1.288', 'learning_rate': '1.83e-05', 'epoch': '8.481'}
{'loss': '0.002109', 'grad_norm': '1.47', 'learning_rate': '1.83e-05', 'epoch': '8.487'}
{'loss': '0.004649', 'grad_norm': '0.007887', 'learning_rate': '1.83e-05', 'epoch': '8.493'}
{'loss': '0.001197', 'grad_norm': '1.477', 'learning_rate': '1.83e-05', 'epoch': '8.499'}
{'loss': '0.0126', 'grad_norm': '0.006079', 'learning_rate': '1.83e-05', 'epoch': '8.505'}
{'loss': '0.04842', 'grad_norm': '1.739', 'learning_rate': '1.83e-05', 'epoch': '8.511'}
{'loss': '0.007356', 'grad_norm': '0.07368', 'learning_rate': '1.83e-05', 'epoch': '8.517'}
{'loss': '0.05638', 'grad_norm': '8.949', 'learning_rate': '1.83e-05', 'epoch': '8.523'}
{'loss': '0.04452', 'grad_norm': '0.04622', 'learning_rate': '1.829e-05', 'epoch': '8.529'}
{'loss': '0.01094', 'grad_norm': '0.003311', 'learning_rate': '1.829e-05', 'epoch': '8.535'}
{'loss': '0.02219', 'grad_norm': '0.03299', 'learning_rate': '1.829e-05', 'epoch': '8.541'}
{'loss': '0.009405', 'grad_norm': '0.02813', 'learning_rate': '1.829e-05', 'epoch': '8.547'}
{'loss': '0.007579', 'grad_norm': '0.001105', 'learning_rate': '1.829e-05', 'epoch': '8.553'}
{'loss': '0.06115', 'grad_norm': '3.338', 'learning_rate': '1.829e-05', 'epoch': '8.559'}
{'loss': '0.01924', 'grad_norm': '1.589', 'learning_rate': '1.829e-05', 'epoch': '8.565'}
{'loss': '0.03863', 'grad_norm': '0.02005', 'learning_rate': '1.829e-05', 'epoch': '8.571'}
{'loss': '0.004197', 'grad_norm': '0.8613', 'learning_rate': '1.828e-05', 'epoch': '8.577'}
{'loss': '0.025', 'grad_norm': '0.009906', 'learning_rate': '1.828e-05', 'epoch': '8.584'}
{'loss': '0.01853', 'grad_norm': '0.1387', 'learning_rate': '1.828e-05', 'epoch': '8.59'}
{'loss': '0.02805', 'grad_norm': '5.414', 'learning_rate': '1.828e-05', 'epoch': '8.596'}
{'loss': '0.005607', 'grad_norm': '0.02148', 'learning_rate': '1.828e-05', 'epoch': '8.602'}
{'loss': '0.0003244', 'grad_norm': '0.01674', 'learning_rate': '1.828e-05', 'epoch': '8.608'}
{'loss': '0.03266', 'grad_norm': '0.02278', 'learning_rate': '1.828e-05', 'epoch': '8.614'}
{'loss': '0.04854', 'grad_norm': '0.006025', 'learning_rate': '1.828e-05', 'epoch': '8.62'}
{'loss': '0.006597', 'grad_norm': '0.4789', 'learning_rate': '1.827e-05', 'epoch': '8.626'}
{'loss': '0.01851', 'grad_norm': '1.706', 'learning_rate': '1.827e-05', 'epoch': '8.632'}
{'loss': '0.03476', 'grad_norm': '0.00349', 'learning_rate': '1.827e-05', 'epoch': '8.638'}
{'loss': '0.003131', 'grad_norm': '0.3092', 'learning_rate': '1.827e-05', 'epoch': '8.644'}
{'loss': '0.01018', 'grad_norm': '0.002486', 'learning_rate': '1.827e-05', 'epoch': '8.65'}
{'loss': '0.01822', 'grad_norm': '2.62', 'learning_rate': '1.827e-05', 'epoch': '8.656'}
{'loss': '0.01637', 'grad_norm': '8.121', 'learning_rate': '1.827e-05', 'epoch': '8.662'}
{'loss': '0.01713', 'grad_norm': '0.02518', 'learning_rate': '1.827e-05', 'epoch': '8.668'}
{'loss': '0.01578', 'grad_norm': '7.89', 'learning_rate': '1.827e-05', 'epoch': '8.674'}
{'loss': '0.01714', 'grad_norm': '0.03379', 'learning_rate': '1.826e-05', 'epoch': '8.68'}
{'loss': '0.01871', 'grad_norm': '0.001242', 'learning_rate': '1.826e-05', 'epoch': '8.686'}
{'loss': '0.02518', 'grad_norm': '1.445', 'learning_rate': '1.826e-05', 'epoch': '8.692'}
{'loss': '0.03849', 'grad_norm': '0.01807', 'learning_rate': '1.826e-05', 'epoch': '8.699'}
{'loss': '0.01358', 'grad_norm': '0.5884', 'learning_rate': '1.826e-05', 'epoch': '8.705'}
{'loss': '0.01856', 'grad_norm': '0.00827', 'learning_rate': '1.826e-05', 'epoch': '8.711'}
{'loss': '0.001619', 'grad_norm': '0.03404', 'learning_rate': '1.826e-05', 'epoch': '8.717'}
{'loss': '0.01279', 'grad_norm': '0.01897', 'learning_rate': '1.826e-05', 'epoch': '8.723'}
{'loss': '0.0009537', 'grad_norm': '0.004541', 'learning_rate': '1.825e-05', 'epoch': '8.729'}
{'loss': '0.01458', 'grad_norm': '0.01335', 'learning_rate': '1.825e-05', 'epoch': '8.735'}
{'loss': '0.08156', 'grad_norm': '9.116', 'learning_rate': '1.825e-05', 'epoch': '8.741'}
{'loss': '0.01338', 'grad_norm': '0.06909', 'learning_rate': '1.825e-05', 'epoch': '8.747'}
{'loss': '0.002973', 'grad_norm': '0.2454', 'learning_rate': '1.825e-05', 'epoch': '8.753'}
{'loss': '0.02429', 'grad_norm': '10.19', 'learning_rate': '1.825e-05', 'epoch': '8.759'}
{'loss': '0.01508', 'grad_norm': '0.9539', 'learning_rate': '1.825e-05', 'epoch': '8.765'}
{'loss': '0.001729', 'grad_norm': '0.001035', 'learning_rate': '1.825e-05', 'epoch': '8.771'}
{'loss': '0.01689', 'grad_norm': '0.03281', 'learning_rate': '1.824e-05', 'epoch': '8.777'}
{'loss': '0.02431', 'grad_norm': '0.1468', 'learning_rate': '1.824e-05', 'epoch': '8.783'}
{'loss': '0.002539', 'grad_norm': '0.001225', 'learning_rate': '1.824e-05', 'epoch': '8.789'}
{'loss': '0.008556', 'grad_norm': '0.03082', 'learning_rate': '1.824e-05', 'epoch': '8.795'}
{'loss': '0.00852', 'grad_norm': '1.382', 'learning_rate': '1.824e-05', 'epoch': '8.801'}
{'loss': '0.008543', 'grad_norm': '0.01443', 'learning_rate': '1.824e-05', 'epoch': '8.808'}
{'loss': '0.01404', 'grad_norm': '0.1801', 'learning_rate': '1.824e-05', 'epoch': '8.814'}
{'loss': '0.04384', 'grad_norm': '5.787', 'learning_rate': '1.824e-05', 'epoch': '8.82'}
{'loss': '0.04154', 'grad_norm': '5.991', 'learning_rate': '1.823e-05', 'epoch': '8.826'}
{'loss': '0.02413', 'grad_norm': '0.001247', 'learning_rate': '1.823e-05', 'epoch': '8.832'}
{'loss': '0.02325', 'grad_norm': '0.2028', 'learning_rate': '1.823e-05', 'epoch': '8.838'}
{'loss': '0.03638', 'grad_norm': '0.001413', 'learning_rate': '1.823e-05', 'epoch': '8.844'}
{'loss': '0.005722', 'grad_norm': '0.01032', 'learning_rate': '1.823e-05', 'epoch': '8.85'}
{'loss': '0.02624', 'grad_norm': '0.0005131', 'learning_rate': '1.823e-05', 'epoch': '8.856'}
{'loss': '0.003314', 'grad_norm': '5.121', 'learning_rate': '1.823e-05', 'epoch': '8.862'}
{'loss': '0.04083', 'grad_norm': '0.2819', 'learning_rate': '1.823e-05', 'epoch': '8.868'}
{'loss': '0.03465', 'grad_norm': '7.583', 'learning_rate': '1.823e-05', 'epoch': '8.874'}
{'loss': '0.01087', 'grad_norm': '0.0006823', 'learning_rate': '1.822e-05', 'epoch': '8.88'}
{'loss': '0.02518', 'grad_norm': '16.69', 'learning_rate': '1.822e-05', 'epoch': '8.886'}
{'loss': '0.002301', 'grad_norm': '0.004301', 'learning_rate': '1.822e-05', 'epoch': '8.892'}
{'loss': '0.01305', 'grad_norm': '2.154', 'learning_rate': '1.822e-05', 'epoch': '8.898'}
{'loss': '0.06948', 'grad_norm': '5.865', 'learning_rate': '1.822e-05', 'epoch': '8.904'}
{'loss': '0.02229', 'grad_norm': '0.008818', 'learning_rate': '1.822e-05', 'epoch': '8.91'}
{'loss': '0.005198', 'grad_norm': '0.002927', 'learning_rate': '1.822e-05', 'epoch': '8.916'}
{'loss': '0.03435', 'grad_norm': '1.364', 'learning_rate': '1.822e-05', 'epoch': '8.923'}
{'loss': '0.0388', 'grad_norm': '0.001757', 'learning_rate': '1.821e-05', 'epoch': '8.929'}
{'loss': '0.002076', 'grad_norm': '0.4243', 'learning_rate': '1.821e-05', 'epoch': '8.935'}
{'loss': '0.03197', 'grad_norm': '0.07605', 'learning_rate': '1.821e-05', 'epoch': '8.941'}
{'loss': '0.04862', 'grad_norm': '9.175', 'learning_rate': '1.821e-05', 'epoch': '8.947'}
{'loss': '0.01858', 'grad_norm': '0.2638', 'learning_rate': '1.821e-05', 'epoch': '8.953'}
{'loss': '0.02869', 'grad_norm': '6.592', 'learning_rate': '1.821e-05', 'epoch': '8.959'}
{'loss': '0.01393', 'grad_norm': '0.002005', 'learning_rate': '1.821e-05', 'epoch': '8.965'}
{'loss': '0.009977', 'grad_norm': '0.06384', 'learning_rate': '1.821e-05', 'epoch': '8.971'}
{'loss': '0.009779', 'grad_norm': '0.01149', 'learning_rate': '1.82e-05', 'epoch': '8.977'}
{'loss': '0.01643', 'grad_norm': '0.007294', 'learning_rate': '1.82e-05', 'epoch': '8.983'}
{'loss': '0.008104', 'grad_norm': '0.02018', 'learning_rate': '1.82e-05', 'epoch': '8.989'}
{'loss': '0.006272', 'grad_norm': '2.161', 'learning_rate': '1.82e-05', 'epoch': '8.995'}
{'eval_loss': '1.358', 'eval_accuracy': '0.8552', 'eval_precision': '0.8479', 'eval_recall': '0.8844', 'eval_f1': '0.8658', 'eval_runtime': '11.35', 'eval_samples_per_second': '1123', 'eval_steps_per_second': '17.54', 'epoch': '9'}
{'loss': '0.001954', 'grad_norm': '0.2424', 'learning_rate': '1.82e-05', 'epoch': '9.001'}
{'loss': '0.00776', 'grad_norm': '0.08538', 'learning_rate': '1.82e-05', 'epoch': '9.007'}
{'loss': '0.02892', 'grad_norm': '8.456', 'learning_rate': '1.82e-05', 'epoch': '9.013'}
{'loss': '0.01268', 'grad_norm': '0.07072', 'learning_rate': '1.82e-05', 'epoch': '9.019'}
{'loss': '0.01415', 'grad_norm': '0.06609', 'learning_rate': '1.82e-05', 'epoch': '9.025'}
{'loss': '0.01555', 'grad_norm': '0.02172', 'learning_rate': '1.819e-05', 'epoch': '9.031'}
{'loss': '0.006774', 'grad_norm': '0.03636', 'learning_rate': '1.819e-05', 'epoch': '9.038'}
{'loss': '0.02376', 'grad_norm': '0.4503', 'learning_rate': '1.819e-05', 'epoch': '9.044'}
{'loss': '0.02731', 'grad_norm': '16.42', 'learning_rate': '1.819e-05', 'epoch': '9.05'}
{'loss': '0.06311', 'grad_norm': '0.05365', 'learning_rate': '1.819e-05', 'epoch': '9.056'}
{'loss': '0.03117', 'grad_norm': '0.002291', 'learning_rate': '1.819e-05', 'epoch': '9.062'}
{'loss': '0.006974', 'grad_norm': '1.961', 'learning_rate': '1.819e-05', 'epoch': '9.068'}
{'loss': '0.006635', 'grad_norm': '1.449', 'learning_rate': '1.819e-05', 'epoch': '9.074'}
{'loss': '0.01007', 'grad_norm': '0.00111', 'learning_rate': '1.818e-05', 'epoch': '9.08'}
{'loss': '0.01618', 'grad_norm': '0.01068', 'learning_rate': '1.818e-05', 'epoch': '9.086'}
{'loss': '0.005099', 'grad_norm': '0.006389', 'learning_rate': '1.818e-05', 'epoch': '9.092'}
{'loss': '0.02272', 'grad_norm': '0.415', 'learning_rate': '1.818e-05', 'epoch': '9.098'}
{'loss': '0.01237', 'grad_norm': '0.07709', 'learning_rate': '1.818e-05', 'epoch': '9.104'}
{'loss': '0.009762', 'grad_norm': '0.06156', 'learning_rate': '1.818e-05', 'epoch': '9.11'}
{'loss': '0.003219', 'grad_norm': '0.4567', 'learning_rate': '1.818e-05', 'epoch': '9.116'}
{'loss': '0.01418', 'grad_norm': '0.5215', 'learning_rate': '1.818e-05', 'epoch': '9.122'}
{'loss': '0.01908', 'grad_norm': '0.02245', 'learning_rate': '1.817e-05', 'epoch': '9.128'}
{'loss': '0.004765', 'grad_norm': '0.1192', 'learning_rate': '1.817e-05', 'epoch': '9.134'}
{'loss': '0.004246', 'grad_norm': '0.0004991', 'learning_rate': '1.817e-05', 'epoch': '9.14'}
{'loss': '0.006061', 'grad_norm': '0.4906', 'learning_rate': '1.817e-05', 'epoch': '9.146'}
{'loss': '0.004829', 'grad_norm': '0.01023', 'learning_rate': '1.817e-05', 'epoch': '9.153'}
{'loss': '0.005897', 'grad_norm': '0.01081', 'learning_rate': '1.817e-05', 'epoch': '9.159'}
{'loss': '0.004913', 'grad_norm': '0.7225', 'learning_rate': '1.817e-05', 'epoch': '9.165'}
{'loss': '0.01523', 'grad_norm': '0.0466', 'learning_rate': '1.817e-05', 'epoch': '9.171'}
{'loss': '0.002095', 'grad_norm': '0.007561', 'learning_rate': '1.816e-05', 'epoch': '9.177'}
{'loss': '0.01575', 'grad_norm': '0.6294', 'learning_rate': '1.816e-05', 'epoch': '9.183'}
{'loss': '0.0078', 'grad_norm': '0.1765', 'learning_rate': '1.816e-05', 'epoch': '9.189'}
{'loss': '0.003601', 'grad_norm': '0.007813', 'learning_rate': '1.816e-05', 'epoch': '9.195'}
{'loss': '0.01995', 'grad_norm': '3.541', 'learning_rate': '1.816e-05', 'epoch': '9.201'}
{'loss': '0.01777', 'grad_norm': '3.76', 'learning_rate': '1.816e-05', 'epoch': '9.207'}
{'loss': '0.01357', 'grad_norm': '0.003562', 'learning_rate': '1.816e-05', 'epoch': '9.213'}
{'loss': '0.03093', 'grad_norm': '0.05044', 'learning_rate': '1.816e-05', 'epoch': '9.219'}
{'loss': '0.01811', 'grad_norm': '0.006851', 'learning_rate': '1.816e-05', 'epoch': '9.225'}
{'loss': '0.01422', 'grad_norm': '0.1471', 'learning_rate': '1.815e-05', 'epoch': '9.231'}
{'loss': '0.02241', 'grad_norm': '0.005631', 'learning_rate': '1.815e-05', 'epoch': '9.237'}
{'loss': '0.0398', 'grad_norm': '0.03529', 'learning_rate': '1.815e-05', 'epoch': '9.243'}
{'loss': '0.009624', 'grad_norm': '1.27', 'learning_rate': '1.815e-05', 'epoch': '9.249'}
{'loss': '5.842e-05', 'grad_norm': '0.05554', 'learning_rate': '1.815e-05', 'epoch': '9.255'}
{'loss': '0.0006865', 'grad_norm': '0.0165', 'learning_rate': '1.815e-05', 'epoch': '9.262'}
{'loss': '0.006637', 'grad_norm': '0.01742', 'learning_rate': '1.815e-05', 'epoch': '9.268'}
{'loss': '0.02228', 'grad_norm': '0.1534', 'learning_rate': '1.815e-05', 'epoch': '9.274'}
{'loss': '0.01792', 'grad_norm': '16.08', 'learning_rate': '1.814e-05', 'epoch': '9.28'}
{'loss': '0.02008', 'grad_norm': '0.05582', 'learning_rate': '1.814e-05', 'epoch': '9.286'}
{'loss': '0.003059', 'grad_norm': '0.000474', 'learning_rate': '1.814e-05', 'epoch': '9.292'}
{'loss': '0.0003787', 'grad_norm': '0.7259', 'learning_rate': '1.814e-05', 'epoch': '9.298'}
{'loss': '0.002549', 'grad_norm': '0.01672', 'learning_rate': '1.814e-05', 'epoch': '9.304'}
{'loss': '0.004058', 'grad_norm': '0.08552', 'learning_rate': '1.814e-05', 'epoch': '9.31'}
{'loss': '0.05379', 'grad_norm': '0.001418', 'learning_rate': '1.814e-05', 'epoch': '9.316'}
{'loss': '0.04459', 'grad_norm': '0.001027', 'learning_rate': '1.814e-05', 'epoch': '9.322'}
{'loss': '0.002801', 'grad_norm': '0.06936', 'learning_rate': '1.813e-05', 'epoch': '9.328'}
{'loss': '0.003045', 'grad_norm': '0.004915', 'learning_rate': '1.813e-05', 'epoch': '9.334'}
{'loss': '0.02942', 'grad_norm': '0.02759', 'learning_rate': '1.813e-05', 'epoch': '9.34'}
{'loss': '0.0104', 'grad_norm': '0.02475', 'learning_rate': '1.813e-05', 'epoch': '9.346'}
{'loss': '0.0152', 'grad_norm': '0.04945', 'learning_rate': '1.813e-05', 'epoch': '9.352'}
{'loss': '0.004614', 'grad_norm': '0.4338', 'learning_rate': '1.813e-05', 'epoch': '9.358'}
{'loss': '0.01143', 'grad_norm': '1.481', 'learning_rate': '1.813e-05', 'epoch': '9.364'}
{'loss': '0.03359', 'grad_norm': '5.458', 'learning_rate': '1.813e-05', 'epoch': '9.37'}
{'loss': '0.04934', 'grad_norm': '0.1671', 'learning_rate': '1.812e-05', 'epoch': '9.377'}
{'loss': '0.02257', 'grad_norm': '6.611', 'learning_rate': '1.812e-05', 'epoch': '9.383'}
{'loss': '0.06255', 'grad_norm': '0.8413', 'learning_rate': '1.812e-05', 'epoch': '9.389'}
{'loss': '0.002368', 'grad_norm': '0.002364', 'learning_rate': '1.812e-05', 'epoch': '9.395'}
{'loss': '0.01169', 'grad_norm': '0.0008405', 'learning_rate': '1.812e-05', 'epoch': '9.401'}
{'loss': '0.02204', 'grad_norm': '2.074', 'learning_rate': '1.812e-05', 'epoch': '9.407'}
{'loss': '0.02065', 'grad_norm': '0.01129', 'learning_rate': '1.812e-05', 'epoch': '9.413'}
{'loss': '0.004115', 'grad_norm': '0.3714', 'learning_rate': '1.812e-05', 'epoch': '9.419'}
{'loss': '0.01864', 'grad_norm': '0.1758', 'learning_rate': '1.812e-05', 'epoch': '9.425'}
{'loss': '0.02744', 'grad_norm': '0.04621', 'learning_rate': '1.811e-05', 'epoch': '9.431'}
{'loss': '0.02686', 'grad_norm': '0.008336', 'learning_rate': '1.811e-05', 'epoch': '9.437'}
{'loss': '0.001484', 'grad_norm': '2.047', 'learning_rate': '1.811e-05', 'epoch': '9.443'}
{'loss': '0.01377', 'grad_norm': '0.194', 'learning_rate': '1.811e-05', 'epoch': '9.449'}
{'loss': '0.0005253', 'grad_norm': '1.395', 'learning_rate': '1.811e-05', 'epoch': '9.455'}
{'loss': '0.009012', 'grad_norm': '0.01042', 'learning_rate': '1.811e-05', 'epoch': '9.461'}
{'loss': '0.003763', 'grad_norm': '0.002119', 'learning_rate': '1.811e-05', 'epoch': '9.467'}
{'loss': '0.01696', 'grad_norm': '0.0002117', 'learning_rate': '1.811e-05', 'epoch': '9.473'}
{'loss': '0.03444', 'grad_norm': '0.002226', 'learning_rate': '1.81e-05', 'epoch': '9.479'}
{'loss': '0.005806', 'grad_norm': '0.2858', 'learning_rate': '1.81e-05', 'epoch': '9.485'}
{'loss': '0.001662', 'grad_norm': '0.008207', 'learning_rate': '1.81e-05', 'epoch': '9.492'}
{'loss': '0.004023', 'grad_norm': '0.04178', 'learning_rate': '1.81e-05', 'epoch': '9.498'}
{'loss': '0.009411', 'grad_norm': '0.04384', 'learning_rate': '1.81e-05', 'epoch': '9.504'}
{'loss': '0.01464', 'grad_norm': '0.00647', 'learning_rate': '1.81e-05', 'epoch': '9.51'}
{'loss': '0.02323', 'grad_norm': '0.06469', 'learning_rate': '1.81e-05', 'epoch': '9.516'}
{'loss': '0.01021', 'grad_norm': '0.009669', 'learning_rate': '1.81e-05', 'epoch': '9.522'}
{'loss': '0.01876', 'grad_norm': '13.46', 'learning_rate': '1.809e-05', 'epoch': '9.528'}
{'loss': '0.05533', 'grad_norm': '0.03987', 'learning_rate': '1.809e-05', 'epoch': '9.534'}
{'loss': '0.0436', 'grad_norm': '0.01556', 'learning_rate': '1.809e-05', 'epoch': '9.54'}
{'loss': '0.009146', 'grad_norm': '0.004965', 'learning_rate': '1.809e-05', 'epoch': '9.546'}
{'loss': '0.001622', 'grad_norm': '0.03745', 'learning_rate': '1.809e-05', 'epoch': '9.552'}
{'loss': '0.003946', 'grad_norm': '1.61', 'learning_rate': '1.809e-05', 'epoch': '9.558'}
{'loss': '0.007562', 'grad_norm': '0.003417', 'learning_rate': '1.809e-05', 'epoch': '9.564'}
{'loss': '0.000646', 'grad_norm': '0.4468', 'learning_rate': '1.809e-05', 'epoch': '9.57'}
{'loss': '0.01203', 'grad_norm': '0.007241', 'learning_rate': '1.808e-05', 'epoch': '9.576'}
{'loss': '0.003', 'grad_norm': '0.006311', 'learning_rate': '1.808e-05', 'epoch': '9.582'}
{'loss': '0.01067', 'grad_norm': '1.184', 'learning_rate': '1.808e-05', 'epoch': '9.588'}
{'loss': '0.001188', 'grad_norm': '12.58', 'learning_rate': '1.808e-05', 'epoch': '9.594'}
{'loss': '0.00392', 'grad_norm': '0.04826', 'learning_rate': '1.808e-05', 'epoch': '9.6'}
{'loss': '0.04343', 'grad_norm': '0.8052', 'learning_rate': '1.808e-05', 'epoch': '9.607'}
{'loss': '0.004567', 'grad_norm': '0.2556', 'learning_rate': '1.808e-05', 'epoch': '9.613'}
{'loss': '0.002223', 'grad_norm': '0.0004165', 'learning_rate': '1.808e-05', 'epoch': '9.619'}
{'loss': '0.0149', 'grad_norm': '0.0024', 'learning_rate': '1.808e-05', 'epoch': '9.625'}
{'loss': '0.0172', 'grad_norm': '0.02126', 'learning_rate': '1.807e-05', 'epoch': '9.631'}
{'loss': '0.02462', 'grad_norm': '0.008491', 'learning_rate': '1.807e-05', 'epoch': '9.637'}
{'loss': '0.01339', 'grad_norm': '0.001352', 'learning_rate': '1.807e-05', 'epoch': '9.643'}
{'loss': '0.005952', 'grad_norm': '0.001431', 'learning_rate': '1.807e-05', 'epoch': '9.649'}
{'loss': '0.02545', 'grad_norm': '0.0007962', 'learning_rate': '1.807e-05', 'epoch': '9.655'}
{'loss': '0.006158', 'grad_norm': '1.518', 'learning_rate': '1.807e-05', 'epoch': '9.661'}
{'loss': '0.04275', 'grad_norm': '0.005294', 'learning_rate': '1.807e-05', 'epoch': '9.667'}
{'loss': '0.004444', 'grad_norm': '0.03052', 'learning_rate': '1.807e-05', 'epoch': '9.673'}
{'loss': '0.01619', 'grad_norm': '1.718', 'learning_rate': '1.806e-05', 'epoch': '9.679'}
{'loss': '0.008979', 'grad_norm': '0.03152', 'learning_rate': '1.806e-05', 'epoch': '9.685'}
{'loss': '0.0004796', 'grad_norm': '0.006099', 'learning_rate': '1.806e-05', 'epoch': '9.691'}
{'loss': '0.001636', 'grad_norm': '0.001051', 'learning_rate': '1.806e-05', 'epoch': '9.697'}
{'loss': '0.03865', 'grad_norm': '0.02608', 'learning_rate': '1.806e-05', 'epoch': '9.703'}
{'loss': '0.008051', 'grad_norm': '0.5075', 'learning_rate': '1.806e-05', 'epoch': '9.709'}
{'loss': '0.0199', 'grad_norm': '0.001535', 'learning_rate': '1.806e-05', 'epoch': '9.715'}
{'loss': '0.00598', 'grad_norm': '0.03344', 'learning_rate': '1.806e-05', 'epoch': '9.722'}
{'loss': '0.003496', 'grad_norm': '0.0005012', 'learning_rate': '1.805e-05', 'epoch': '9.728'}
{'loss': '0.01457', 'grad_norm': '0.4241', 'learning_rate': '1.805e-05', 'epoch': '9.734'}
{'loss': '0.009139', 'grad_norm': '0.02225', 'learning_rate': '1.805e-05', 'epoch': '9.74'}
{'loss': '0.008318', 'grad_norm': '6.967', 'learning_rate': '1.805e-05', 'epoch': '9.746'}
{'loss': '0.0232', 'grad_norm': '8.628', 'learning_rate': '1.805e-05', 'epoch': '9.752'}
{'loss': '0.02949', 'grad_norm': '0.4334', 'learning_rate': '1.805e-05', 'epoch': '9.758'}
{'loss': '0.01877', 'grad_norm': '0.01206', 'learning_rate': '1.805e-05', 'epoch': '9.764'}
{'loss': '0.000789', 'grad_norm': '0.8946', 'learning_rate': '1.805e-05', 'epoch': '9.77'}
{'loss': '0.01096', 'grad_norm': '0.7517', 'learning_rate': '1.804e-05', 'epoch': '9.776'}
{'loss': '0.008829', 'grad_norm': '1.472', 'learning_rate': '1.804e-05', 'epoch': '9.782'}
{'loss': '0.02568', 'grad_norm': '11.65', 'learning_rate': '1.804e-05', 'epoch': '9.788'}
{'loss': '0.01112', 'grad_norm': '0.001025', 'learning_rate': '1.804e-05', 'epoch': '9.794'}
{'loss': '0.007463', 'grad_norm': '0.1345', 'learning_rate': '1.804e-05', 'epoch': '9.8'}
{'loss': '0.0489', 'grad_norm': '0.2294', 'learning_rate': '1.804e-05', 'epoch': '9.806'}
{'loss': '0.01429', 'grad_norm': '0.02683', 'learning_rate': '1.804e-05', 'epoch': '9.812'}
{'loss': '0.003728', 'grad_norm': '0.3996', 'learning_rate': '1.804e-05', 'epoch': '9.818'}
{'loss': '0.01552', 'grad_norm': '9.003', 'learning_rate': '1.804e-05', 'epoch': '9.824'}
{'loss': '0.002229', 'grad_norm': '2.527', 'learning_rate': '1.803e-05', 'epoch': '9.831'}
{'loss': '0.01739', 'grad_norm': '14.06', 'learning_rate': '1.803e-05', 'epoch': '9.837'}
{'loss': '0.005821', 'grad_norm': '0.008425', 'learning_rate': '1.803e-05', 'epoch': '9.843'}
{'loss': '0.03089', 'grad_norm': '0.0006101', 'learning_rate': '1.803e-05', 'epoch': '9.849'}
{'loss': '0.03131', 'grad_norm': '0.006386', 'learning_rate': '1.803e-05', 'epoch': '9.855'}
{'loss': '0.01132', 'grad_norm': '0.0002909', 'learning_rate': '1.803e-05', 'epoch': '9.861'}
{'loss': '0.04211', 'grad_norm': '0.0005613', 'learning_rate': '1.803e-05', 'epoch': '9.867'}
{'loss': '0.01286', 'grad_norm': '0.0002406', 'learning_rate': '1.803e-05', 'epoch': '9.873'}
{'loss': '0.02087', 'grad_norm': '0.1407', 'learning_rate': '1.802e-05', 'epoch': '9.879'}
{'loss': '0.0004081', 'grad_norm': '0.01083', 'learning_rate': '1.802e-05', 'epoch': '9.885'}
{'loss': '0.04057', 'grad_norm': '0.006539', 'learning_rate': '1.802e-05', 'epoch': '9.891'}
{'loss': '0.01206', 'grad_norm': '0.0006722', 'learning_rate': '1.802e-05', 'epoch': '9.897'}
{'loss': '0.01831', 'grad_norm': '0.04251', 'learning_rate': '1.802e-05', 'epoch': '9.903'}
{'loss': '0.01076', 'grad_norm': '5.381', 'learning_rate': '1.802e-05', 'epoch': '9.909'}
{'loss': '0.06328', 'grad_norm': '0.8752', 'learning_rate': '1.802e-05', 'epoch': '9.915'}
{'loss': '0.002737', 'grad_norm': '0.0008584', 'learning_rate': '1.802e-05', 'epoch': '9.921'}
{'loss': '0.02891', 'grad_norm': '0.001728', 'learning_rate': '1.801e-05', 'epoch': '9.927'}
{'loss': '0.006332', 'grad_norm': '0.05763', 'learning_rate': '1.801e-05', 'epoch': '9.933'}
{'loss': '0.0009304', 'grad_norm': '0.009652', 'learning_rate': '1.801e-05', 'epoch': '9.939'}
{'loss': '0.01389', 'grad_norm': '0.005986', 'learning_rate': '1.801e-05', 'epoch': '9.946'}
{'loss': '0.00407', 'grad_norm': '0.1558', 'learning_rate': '1.801e-05', 'epoch': '9.952'}
{'loss': '0.01304', 'grad_norm': '0.09326', 'learning_rate': '1.801e-05', 'epoch': '9.958'}
{'loss': '0.01832', 'grad_norm': '0.002273', 'learning_rate': '1.801e-05', 'epoch': '9.964'}
{'loss': '0.002918', 'grad_norm': '0.002197', 'learning_rate': '1.801e-05', 'epoch': '9.97'}
{'loss': '0.01065', 'grad_norm': '0.05769', 'learning_rate': '1.8e-05', 'epoch': '9.976'}
{'loss': '0.01516', 'grad_norm': '0.0003189', 'learning_rate': '1.8e-05', 'epoch': '9.982'}
{'loss': '0.03233', 'grad_norm': '0.000622', 'learning_rate': '1.8e-05', 'epoch': '9.988'}
{'loss': '0.0221', 'grad_norm': '0.8529', 'learning_rate': '1.8e-05', 'epoch': '9.994'}
{'loss': '0.004808', 'grad_norm': '0.3534', 'learning_rate': '1.8e-05', 'epoch': '10'}
{'eval_loss': '1.691', 'eval_accuracy': '0.842', 'eval_precision': '0.8453', 'eval_recall': '0.8577', 'eval_f1': '0.8514', 'eval_runtime': '11.35', 'eval_samples_per_second': '1122', 'eval_steps_per_second': '17.54', 'epoch': '10'}
{'loss': '0.00101', 'grad_norm': '0.0608', 'learning_rate': '1.8e-05', 'epoch': '10.01'}
{'loss': '0.009113', 'grad_norm': '0.000412', 'learning_rate': '1.8e-05', 'epoch': '10.01'}
{'loss': '0.0105', 'grad_norm': '0.005296', 'learning_rate': '1.8e-05', 'epoch': '10.02'}
{'loss': '0.03371', 'grad_norm': '0.1766', 'learning_rate': '1.8e-05', 'epoch': '10.02'}
{'loss': '0.005443', 'grad_norm': '0.3815', 'learning_rate': '1.799e-05', 'epoch': '10.03'}
{'loss': '0.03217', 'grad_norm': '0.002078', 'learning_rate': '1.799e-05', 'epoch': '10.04'}
{'loss': '0.03595', 'grad_norm': '0.006722', 'learning_rate': '1.799e-05', 'epoch': '10.04'}
{'loss': '0.003975', 'grad_norm': '0.01605', 'learning_rate': '1.799e-05', 'epoch': '10.05'}
{'loss': '0.03197', 'grad_norm': '2.694', 'learning_rate': '1.799e-05', 'epoch': '10.05'}
{'loss': '0.004524', 'grad_norm': '0.008', 'learning_rate': '1.799e-05', 'epoch': '10.06'}
{'loss': '0.01691', 'grad_norm': '0.02896', 'learning_rate': '1.799e-05', 'epoch': '10.07'}
{'loss': '0.0008943', 'grad_norm': '0.01187', 'learning_rate': '1.799e-05', 'epoch': '10.07'}
{'loss': '0.00144', 'grad_norm': '0.005319', 'learning_rate': '1.798e-05', 'epoch': '10.08'}
{'loss': '0.01697', 'grad_norm': '0.003913', 'learning_rate': '1.798e-05', 'epoch': '10.08'}
{'loss': '0.01273', 'grad_norm': '0.01026', 'learning_rate': '1.798e-05', 'epoch': '10.09'}
{'loss': '0.007719', 'grad_norm': '2.1', 'learning_rate': '1.798e-05', 'epoch': '10.1'}
{'loss': '0.005127', 'grad_norm': '0.00197', 'learning_rate': '1.798e-05', 'epoch': '10.1'}
{'loss': '0.002829', 'grad_norm': '0.001566', 'learning_rate': '1.798e-05', 'epoch': '10.11'}
{'loss': '0.04015', 'grad_norm': '0.419', 'learning_rate': '1.798e-05', 'epoch': '10.12'}
{'loss': '0.008907', 'grad_norm': '0.0006033', 'learning_rate': '1.798e-05', 'epoch': '10.12'}
{'loss': '0.01154', 'grad_norm': '0.4804', 'learning_rate': '1.797e-05', 'epoch': '10.13'}
{'loss': '0.05292', 'grad_norm': '0.02733', 'learning_rate': '1.797e-05', 'epoch': '10.13'}
{'loss': '0.001051', 'grad_norm': '0.0001679', 'learning_rate': '1.797e-05', 'epoch': '10.14'}
{'loss': '0.02097', 'grad_norm': '0.2246', 'learning_rate': '1.797e-05', 'epoch': '10.15'}
{'loss': '0.0101', 'grad_norm': '1.465', 'learning_rate': '1.797e-05', 'epoch': '10.15'}
{'loss': '0.006926', 'grad_norm': '0.4475', 'learning_rate': '1.797e-05', 'epoch': '10.16'}
{'loss': '0.02062', 'grad_norm': '0.005107', 'learning_rate': '1.797e-05', 'epoch': '10.16'}
{'loss': '0.02184', 'grad_norm': '8.146', 'learning_rate': '1.797e-05', 'epoch': '10.17'}
{'loss': '0.0163', 'grad_norm': '0.0005093', 'learning_rate': '1.797e-05', 'epoch': '10.18'}
{'loss': '0.02653', 'grad_norm': '0.001551', 'learning_rate': '1.796e-05', 'epoch': '10.18'}
{'loss': '0.004523', 'grad_norm': '0.03945', 'learning_rate': '1.796e-05', 'epoch': '10.19'}
{'loss': '0.01736', 'grad_norm': '0.0008157', 'learning_rate': '1.796e-05', 'epoch': '10.19'}
{'loss': '0.0324', 'grad_norm': '0.1199', 'learning_rate': '1.796e-05', 'epoch': '10.2'}
{'loss': '0.0258', 'grad_norm': '0.1672', 'learning_rate': '1.796e-05', 'epoch': '10.21'}
{'loss': '0.005729', 'grad_norm': '4.453', 'learning_rate': '1.796e-05', 'epoch': '10.21'}
{'loss': '0.0012', 'grad_norm': '0.08592', 'learning_rate': '1.796e-05', 'epoch': '10.22'}
{'loss': '0.006038', 'grad_norm': '0.5032', 'learning_rate': '1.796e-05', 'epoch': '10.22'}
{'loss': '0.02404', 'grad_norm': '0.009441', 'learning_rate': '1.795e-05', 'epoch': '10.23'}
{'loss': '0.005194', 'grad_norm': '0.0009851', 'learning_rate': '1.795e-05', 'epoch': '10.24'}
{'loss': '0.02722', 'grad_norm': '10.34', 'learning_rate': '1.795e-05', 'epoch': '10.24'}
{'loss': '0.008174', 'grad_norm': '0.2107', 'learning_rate': '1.795e-05', 'epoch': '10.25'}
{'loss': '0.0002529', 'grad_norm': '0.0455', 'learning_rate': '1.795e-05', 'epoch': '10.25'}
{'loss': '0.0005453', 'grad_norm': '0.001668', 'learning_rate': '1.795e-05', 'epoch': '10.26'}
{'loss': '0.02265', 'grad_norm': '0.002514', 'learning_rate': '1.795e-05', 'epoch': '10.27'}
{'loss': '0.002562', 'grad_norm': '0.01582', 'learning_rate': '1.795e-05', 'epoch': '10.27'}
{'loss': '0.02959', 'grad_norm': '0.0003247', 'learning_rate': '1.794e-05', 'epoch': '10.28'}
{'loss': '0.03598', 'grad_norm': '12.48', 'learning_rate': '1.794e-05', 'epoch': '10.28'}
{'loss': '0.02589', 'grad_norm': '0.809', 'learning_rate': '1.794e-05', 'epoch': '10.29'}
{'loss': '0.03778', 'grad_norm': '3.856', 'learning_rate': '1.794e-05', 'epoch': '10.3'}
{'loss': '0.02497', 'grad_norm': '0.3282', 'learning_rate': '1.794e-05', 'epoch': '10.3'}
{'loss': '0.03582', 'grad_norm': '0.1334', 'learning_rate': '1.794e-05', 'epoch': '10.31'}
{'loss': '0.04077', 'grad_norm': '0.05286', 'learning_rate': '1.794e-05', 'epoch': '10.31'}
{'loss': '0.01532', 'grad_norm': '0.1149', 'learning_rate': '1.794e-05', 'epoch': '10.32'}
{'loss': '0.006126', 'grad_norm': '0.001139', 'learning_rate': '1.793e-05', 'epoch': '10.33'}
{'loss': '0.01097', 'grad_norm': '0.001778', 'learning_rate': '1.793e-05', 'epoch': '10.33'}
{'loss': '0.002509', 'grad_norm': '0.008267', 'learning_rate': '1.793e-05', 'epoch': '10.34'}
{'loss': '0.008212', 'grad_norm': '0.0157', 'learning_rate': '1.793e-05', 'epoch': '10.35'}
{'loss': '0.001224', 'grad_norm': '0.005367', 'learning_rate': '1.793e-05', 'epoch': '10.35'}
{'loss': '0.01025', 'grad_norm': '0.007254', 'learning_rate': '1.793e-05', 'epoch': '10.36'}
{'loss': '0.03148', 'grad_norm': '1.017', 'learning_rate': '1.793e-05', 'epoch': '10.36'}
{'loss': '0.004554', 'grad_norm': '0.001126', 'learning_rate': '1.793e-05', 'epoch': '10.37'}
{'loss': '0.008878', 'grad_norm': '0.02771', 'learning_rate': '1.793e-05', 'epoch': '10.38'}
{'loss': '0.01482', 'grad_norm': '0.005716', 'learning_rate': '1.792e-05', 'epoch': '10.38'}
{'loss': '0.02665', 'grad_norm': '0.0005792', 'learning_rate': '1.792e-05', 'epoch': '10.39'}
{'loss': '0.006498', 'grad_norm': '0.004703', 'learning_rate': '1.792e-05', 'epoch': '10.39'}
{'loss': '0.002532', 'grad_norm': '0.3238', 'learning_rate': '1.792e-05', 'epoch': '10.4'}
{'loss': '0.0408', 'grad_norm': '0.03351', 'learning_rate': '1.792e-05', 'epoch': '10.41'}
{'loss': '0.03287', 'grad_norm': '0.001013', 'learning_rate': '1.792e-05', 'epoch': '10.41'}
{'loss': '0.01115', 'grad_norm': '9.315', 'learning_rate': '1.792e-05', 'epoch': '10.42'}
{'loss': '0.01257', 'grad_norm': '0.01549', 'learning_rate': '1.792e-05', 'epoch': '10.42'}
{'loss': '0.007598', 'grad_norm': '0.01956', 'learning_rate': '1.791e-05', 'epoch': '10.43'}
{'loss': '0.01128', 'grad_norm': '0.1163', 'learning_rate': '1.791e-05', 'epoch': '10.44'}
{'loss': '0.01643', 'grad_norm': '0.0007638', 'learning_rate': '1.791e-05', 'epoch': '10.44'}
{'loss': '0.002507', 'grad_norm': '0.1081', 'learning_rate': '1.791e-05', 'epoch': '10.45'}
{'loss': '0.01626', 'grad_norm': '0.1194', 'learning_rate': '1.791e-05', 'epoch': '10.45'}
{'loss': '0.0002192', 'grad_norm': '0.002774', 'learning_rate': '1.791e-05', 'epoch': '10.46'}
{'loss': '0.01566', 'grad_norm': '0.006307', 'learning_rate': '1.791e-05', 'epoch': '10.47'}
{'loss': '0.0002987', 'grad_norm': '0.003856', 'learning_rate': '1.791e-05', 'epoch': '10.47'}
{'loss': '0.01913', 'grad_norm': '6.448', 'learning_rate': '1.79e-05', 'epoch': '10.48'}
{'loss': '0.0005385', 'grad_norm': '0.03031', 'learning_rate': '1.79e-05', 'epoch': '10.48'}
{'loss': '0.01539', 'grad_norm': '1.351', 'learning_rate': '1.79e-05', 'epoch': '10.49'}
{'loss': '0.02111', 'grad_norm': '0.01232', 'learning_rate': '1.79e-05', 'epoch': '10.5'}
{'loss': '0.006349', 'grad_norm': '0.01564', 'learning_rate': '1.79e-05', 'epoch': '10.5'}
{'loss': '0.02965', 'grad_norm': '5.237', 'learning_rate': '1.79e-05', 'epoch': '10.51'}
{'loss': '0.003397', 'grad_norm': '3.32', 'learning_rate': '1.79e-05', 'epoch': '10.51'}
{'loss': '0.01221', 'grad_norm': '0.03872', 'learning_rate': '1.79e-05', 'epoch': '10.52'}
{'loss': '0.009154', 'grad_norm': '0.01058', 'learning_rate': '1.789e-05', 'epoch': '10.53'}
{'loss': '0.001911', 'grad_norm': '0.01383', 'learning_rate': '1.789e-05', 'epoch': '10.53'}
{'loss': '0.002704', 'grad_norm': '0.001116', 'learning_rate': '1.789e-05', 'epoch': '10.54'}
{'loss': '0.03373', 'grad_norm': '13.81', 'learning_rate': '1.789e-05', 'epoch': '10.54'}
{'loss': '0.01489', 'grad_norm': '0.4415', 'learning_rate': '1.789e-05', 'epoch': '10.55'}
{'loss': '0.01224', 'grad_norm': '11.48', 'learning_rate': '1.789e-05', 'epoch': '10.56'}
{'loss': '0.02867', 'grad_norm': '0.006425', 'learning_rate': '1.789e-05', 'epoch': '10.56'}
{'loss': '0.02977', 'grad_norm': '0.0522', 'learning_rate': '1.789e-05', 'epoch': '10.57'}
{'loss': '0.02154', 'grad_norm': '3.042', 'learning_rate': '1.789e-05', 'epoch': '10.58'}
{'loss': '0.02614', 'grad_norm': '0.0001022', 'learning_rate': '1.788e-05', 'epoch': '10.58'}
{'loss': '0.003758', 'grad_norm': '0.7787', 'learning_rate': '1.788e-05', 'epoch': '10.59'}
{'loss': '0.01101', 'grad_norm': '0.09246', 'learning_rate': '1.788e-05', 'epoch': '10.59'}
{'loss': '0.01909', 'grad_norm': '0.0005677', 'learning_rate': '1.788e-05', 'epoch': '10.6'}
{'loss': '0.006809', 'grad_norm': '0.2481', 'learning_rate': '1.788e-05', 'epoch': '10.61'}
{'loss': '0.01481', 'grad_norm': '0.03791', 'learning_rate': '1.788e-05', 'epoch': '10.61'}
{'loss': '0.006784', 'grad_norm': '1.609', 'learning_rate': '1.788e-05', 'epoch': '10.62'}
{'loss': '0.04124', 'grad_norm': '0.0008076', 'learning_rate': '1.788e-05', 'epoch': '10.62'}
{'loss': '0.0149', 'grad_norm': '0.001161', 'learning_rate': '1.787e-05', 'epoch': '10.63'}
{'loss': '0.03489', 'grad_norm': '0.0009978', 'learning_rate': '1.787e-05', 'epoch': '10.64'}
{'loss': '0.01422', 'grad_norm': '13.62', 'learning_rate': '1.787e-05', 'epoch': '10.64'}
{'loss': '0.006275', 'grad_norm': '0.09035', 'learning_rate': '1.787e-05', 'epoch': '10.65'}
{'loss': '0.04184', 'grad_norm': '3.482', 'learning_rate': '1.787e-05', 'epoch': '10.65'}
{'loss': '0.01145', 'grad_norm': '0.4548', 'learning_rate': '1.787e-05', 'epoch': '10.66'}
{'loss': '0.006958', 'grad_norm': '0.3777', 'learning_rate': '1.787e-05', 'epoch': '10.67'}
{'loss': '0.02708', 'grad_norm': '0.06634', 'learning_rate': '1.787e-05', 'epoch': '10.67'}
{'loss': '0.008758', 'grad_norm': '0.001095', 'learning_rate': '1.786e-05', 'epoch': '10.68'}
{'loss': '0.01092', 'grad_norm': '1.41', 'learning_rate': '1.786e-05', 'epoch': '10.68'}
{'loss': '0.02888', 'grad_norm': '0.05249', 'learning_rate': '1.786e-05', 'epoch': '10.69'}
{'loss': '0.02352', 'grad_norm': '12.11', 'learning_rate': '1.786e-05', 'epoch': '10.7'}
{'loss': '0.0008906', 'grad_norm': '0.1472', 'learning_rate': '1.786e-05', 'epoch': '10.7'}
{'loss': '0.03676', 'grad_norm': '0.1431', 'learning_rate': '1.786e-05', 'epoch': '10.71'}
{'loss': '0.003093', 'grad_norm': '0.0008689', 'learning_rate': '1.786e-05', 'epoch': '10.71'}
{'loss': '0.02111', 'grad_norm': '0.002457', 'learning_rate': '1.786e-05', 'epoch': '10.72'}
{'loss': '0.02787', 'grad_norm': '0.01891', 'learning_rate': '1.785e-05', 'epoch': '10.73'}
{'loss': '0.01489', 'grad_norm': '0.004652', 'learning_rate': '1.785e-05', 'epoch': '10.73'}
{'loss': '0.001796', 'grad_norm': '0.1325', 'learning_rate': '1.785e-05', 'epoch': '10.74'}
{'loss': '0.007576', 'grad_norm': '0.01702', 'learning_rate': '1.785e-05', 'epoch': '10.74'}
{'loss': '0.01651', 'grad_norm': '0.01708', 'learning_rate': '1.785e-05', 'epoch': '10.75'}
{'loss': '0.008805', 'grad_norm': '0.9188', 'learning_rate': '1.785e-05', 'epoch': '10.76'}
{'loss': '0.02569', 'grad_norm': '0.001767', 'learning_rate': '1.785e-05', 'epoch': '10.76'}
{'loss': '0.001606', 'grad_norm': '0.002155', 'learning_rate': '1.785e-05', 'epoch': '10.77'}
{'loss': '0.002042', 'grad_norm': '0.002048', 'learning_rate': '1.785e-05', 'epoch': '10.77'}
{'loss': '0.001727', 'grad_norm': '0.001258', 'learning_rate': '1.784e-05', 'epoch': '10.78'}
{'loss': '0.008859', 'grad_norm': '0.003968', 'learning_rate': '1.784e-05', 'epoch': '10.79'}
{'loss': '0.01184', 'grad_norm': '9.563', 'learning_rate': '1.784e-05', 'epoch': '10.79'}
{'loss': '0.004673', 'grad_norm': '0.0002562', 'learning_rate': '1.784e-05', 'epoch': '10.8'}
{'loss': '0.001206', 'grad_norm': '0.1772', 'learning_rate': '1.784e-05', 'epoch': '10.81'}
{'loss': '0.01151', 'grad_norm': '0.02059', 'learning_rate': '1.784e-05', 'epoch': '10.81'}
{'loss': '0.005042', 'grad_norm': '0.0003718', 'learning_rate': '1.784e-05', 'epoch': '10.82'}
{'loss': '0.008869', 'grad_norm': '0.001489', 'learning_rate': '1.784e-05', 'epoch': '10.82'}
{'loss': '0.003178', 'grad_norm': '0.1812', 'learning_rate': '1.783e-05', 'epoch': '10.83'}
{'loss': '0.01216', 'grad_norm': '1.147', 'learning_rate': '1.783e-05', 'epoch': '10.84'}
{'loss': '0.007462', 'grad_norm': '0.8531', 'learning_rate': '1.783e-05', 'epoch': '10.84'}
{'loss': '0.01241', 'grad_norm': '9.31e-05', 'learning_rate': '1.783e-05', 'epoch': '10.85'}
{'loss': '0.01897', 'grad_norm': '0.1219', 'learning_rate': '1.783e-05', 'epoch': '10.85'}
{'loss': '0.03144', 'grad_norm': '0.06772', 'learning_rate': '1.783e-05', 'epoch': '10.86'}
{'loss': '0.01319', 'grad_norm': '11.28', 'learning_rate': '1.783e-05', 'epoch': '10.87'}
{'loss': '0.004756', 'grad_norm': '0.01081', 'learning_rate': '1.783e-05', 'epoch': '10.87'}
{'loss': '0.01036', 'grad_norm': '0.003033', 'learning_rate': '1.782e-05', 'epoch': '10.88'}
{'loss': '0.03658', 'grad_norm': '22.46', 'learning_rate': '1.782e-05', 'epoch': '10.88'}
{'loss': '0.02038', 'grad_norm': '0.2919', 'learning_rate': '1.782e-05', 'epoch': '10.89'}
{'loss': '0.05606', 'grad_norm': '0.005407', 'learning_rate': '1.782e-05', 'epoch': '10.9'}
{'loss': '0.0009731', 'grad_norm': '0.02883', 'learning_rate': '1.782e-05', 'epoch': '10.9'}
{'loss': '0.01033', 'grad_norm': '0.3111', 'learning_rate': '1.782e-05', 'epoch': '10.91'}
{'loss': '0.01449', 'grad_norm': '16.23', 'learning_rate': '1.782e-05', 'epoch': '10.91'}
{'loss': '0.001892', 'grad_norm': '0.0005993', 'learning_rate': '1.782e-05', 'epoch': '10.92'}
{'loss': '0.003926', 'grad_norm': '0.0007943', 'learning_rate': '1.781e-05', 'epoch': '10.93'}
{'loss': '6.678e-05', 'grad_norm': '0.02593', 'learning_rate': '1.781e-05', 'epoch': '10.93'}
{'loss': '0.01502', 'grad_norm': '5.291', 'learning_rate': '1.781e-05', 'epoch': '10.94'}
{'loss': '0.02558', 'grad_norm': '0.001921', 'learning_rate': '1.781e-05', 'epoch': '10.94'}
{'loss': '0.00351', 'grad_norm': '0.02261', 'learning_rate': '1.781e-05', 'epoch': '10.95'}
{'loss': '0.01971', 'grad_norm': '0.004417', 'learning_rate': '1.781e-05', 'epoch': '10.96'}
{'loss': '0.007879', 'grad_norm': '0.09645', 'learning_rate': '1.781e-05', 'epoch': '10.96'}
{'loss': '0.00928', 'grad_norm': '0.001648', 'learning_rate': '1.781e-05', 'epoch': '10.97'}
{'loss': '0.0003466', 'grad_norm': '0.001167', 'learning_rate': '1.781e-05', 'epoch': '10.97'}
{'loss': '0.01194', 'grad_norm': '0.002649', 'learning_rate': '1.78e-05', 'epoch': '10.98'}
{'loss': '0.001674', 'grad_norm': '0.07046', 'learning_rate': '1.78e-05', 'epoch': '10.99'}
{'loss': '0.009104', 'grad_norm': '0.04003', 'learning_rate': '1.78e-05', 'epoch': '10.99'}
{'loss': '0.0002405', 'grad_norm': '0.04369', 'learning_rate': '1.78e-05', 'epoch': '11'}
{'eval_loss': '1.5', 'eval_accuracy': '0.8523', 'eval_precision': '0.8554', 'eval_recall': '0.8667', 'eval_f1': '0.861', 'eval_runtime': '11.43', 'eval_samples_per_second': '1114', 'eval_steps_per_second': '17.41', 'epoch': '11'}
{'train_runtime': '2676', 'train_samples_per_second': '1975', 'train_steps_per_second': '61.73', 'train_loss': '0.09607', 'epoch': '11'}
Fold F1: 0.8665883274578927
Точность определения арабских заимств.: {'accuracy': 0.835632183908046, 'precision': 0.386046511627907, 'recall': 0.8829787234042553, 'f1': 0.5372168284789643}
Точность определения китайских заимств.: {'accuracy': 0.8281053952321205, 'precision': 0.10810810810810811, 'recall': 0.7619047619047619, 'f1': 0.1893491124260355}
Точность определения английских заимств.: {'accuracy': 0.863035019455253, 'precision': 0.7788944723618091, 'recall': 0.9135559921414538, 'f1': 0.840867992766727}
Точность определения французских заимств.: {'accuracy': 0.8711401425178147, 'precision': 0.8617801047120419, 'recall': 0.9063876651982379, 'f1': 0.8835212023617821}
Точность определения немецких заимств.: {'accuracy': 0.8597328244274809, 'precision': 0.6606683804627249, 'recall': 0.9448529411764706, 'f1': 0.7776096822995462}
Точность определения итальянских заимтсв.: {'accuracy': 0.8331584470094439, 'precision': 0.5319148936170213, 'recall': 0.847457627118644, 'f1': 0.6535947712418301}
Точность определения японских заимств.: {'accuracy': 0.8325842696629213, 'precision': 0.42358078602620086, 'recall': 0.8508771929824561, 'f1': 0.565597667638484}
Точность определения польских заимств.: {'accuracy': 0.8161057692307693, 'precision': 0.20958083832335328, 'recall': 0.625, 'f1': 0.31390134529147984}
{'eval_loss': 0.3741587698459625, 'eval_accuracy': 0.8662845477386935, 'eval_precision': 0.9154253558424362, 'eval_recall': 0.8226982002082404, 'eval_f1': 0.8665883274578927, 'eval_runtime': 11.5069, 'eval_samples_per_second': 1106.815, 'eval_steps_per_second': 17.294, 'epoch': 11.0}

===== Fold 4 =====
{'loss': '0.701', 'grad_norm': '77.22', 'learning_rate': '2e-05', 'epoch': '0.006158'}
{'loss': '0.6951', 'grad_norm': '24.22', 'learning_rate': '2e-05', 'epoch': '0.01232'}
{'loss': '0.6892', 'grad_norm': '27.15', 'learning_rate': '2e-05', 'epoch': '0.01847'}
{'loss': '0.696', 'grad_norm': '33.84', 'learning_rate': '2e-05', 'epoch': '0.02463'}
{'loss': '0.692', 'grad_norm': '24.54', 'learning_rate': '1.999e-05', 'epoch': '0.03079'}
{'loss': '0.6903', 'grad_norm': '49.55', 'learning_rate': '1.999e-05', 'epoch': '0.03695'}
{'loss': '0.6874', 'grad_norm': '38.39', 'learning_rate': '1.999e-05', 'epoch': '0.0431'}
{'loss': '0.6743', 'grad_norm': '115.5', 'learning_rate': '1.999e-05', 'epoch': '0.04926'}
{'loss': '0.6853', 'grad_norm': '34.44', 'learning_rate': '1.999e-05', 'epoch': '0.05542'}
{'loss': '0.6751', 'grad_norm': '21.5', 'learning_rate': '1.999e-05', 'epoch': '0.06158'}
{'loss': '0.688', 'grad_norm': '36.95', 'learning_rate': '1.999e-05', 'epoch': '0.06773'}
{'loss': '0.6811', 'grad_norm': '15.81', 'learning_rate': '1.999e-05', 'epoch': '0.07389'}
{'loss': '0.6887', 'grad_norm': '33.49', 'learning_rate': '1.998e-05', 'epoch': '0.08005'}
{'loss': '0.6854', 'grad_norm': '118.8', 'learning_rate': '1.998e-05', 'epoch': '0.08621'}
{'loss': '0.6829', 'grad_norm': '47.02', 'learning_rate': '1.998e-05', 'epoch': '0.09236'}
{'loss': '0.6836', 'grad_norm': '54.48', 'learning_rate': '1.998e-05', 'epoch': '0.09852'}
{'loss': '0.6945', 'grad_norm': '28.66', 'learning_rate': '1.998e-05', 'epoch': '0.1047'}
{'loss': '0.6796', 'grad_norm': '19.4', 'learning_rate': '1.998e-05', 'epoch': '0.1108'}
{'loss': '0.6785', 'grad_norm': '32.46', 'learning_rate': '1.998e-05', 'epoch': '0.117'}
{'loss': '0.6687', 'grad_norm': '20.48', 'learning_rate': '1.998e-05', 'epoch': '0.1232'}
{'loss': '0.6674', 'grad_norm': '41.96', 'learning_rate': '1.997e-05', 'epoch': '0.1293'}
{'loss': '0.6781', 'grad_norm': '16.86', 'learning_rate': '1.997e-05', 'epoch': '0.1355'}
{'loss': '0.6678', 'grad_norm': '21.03', 'learning_rate': '1.997e-05', 'epoch': '0.1416'}
{'loss': '0.6708', 'grad_norm': '22.02', 'learning_rate': '1.997e-05', 'epoch': '0.1478'}
{'loss': '0.6595', 'grad_norm': '60.81', 'learning_rate': '1.997e-05', 'epoch': '0.1539'}
{'loss': '0.6771', 'grad_norm': '47.92', 'learning_rate': '1.997e-05', 'epoch': '0.1601'}
{'loss': '0.6562', 'grad_norm': '39.52', 'learning_rate': '1.997e-05', 'epoch': '0.1663'}
{'loss': '0.6693', 'grad_norm': '47.66', 'learning_rate': '1.997e-05', 'epoch': '0.1724'}
{'loss': '0.6608', 'grad_norm': '40.64', 'learning_rate': '1.996e-05', 'epoch': '0.1786'}
{'loss': '0.6649', 'grad_norm': '25.05', 'learning_rate': '1.996e-05', 'epoch': '0.1847'}
{'loss': '0.6448', 'grad_norm': '39.08', 'learning_rate': '1.996e-05', 'epoch': '0.1909'}
{'loss': '0.6503', 'grad_norm': '25.53', 'learning_rate': '1.996e-05', 'epoch': '0.197'}
{'loss': '0.6401', 'grad_norm': '32.02', 'learning_rate': '1.996e-05', 'epoch': '0.2032'}
{'loss': '0.6359', 'grad_norm': '379.4', 'learning_rate': '1.996e-05', 'epoch': '0.2094'}
{'loss': '0.6513', 'grad_norm': '64.73', 'learning_rate': '1.996e-05', 'epoch': '0.2155'}
{'loss': '0.6593', 'grad_norm': '51.21', 'learning_rate': '1.996e-05', 'epoch': '0.2217'}
{'loss': '0.6295', 'grad_norm': '42.33', 'learning_rate': '1.995e-05', 'epoch': '0.2278'}
{'loss': '0.6345', 'grad_norm': '66.52', 'learning_rate': '1.995e-05', 'epoch': '0.234'}
{'loss': '0.6339', 'grad_norm': '198.5', 'learning_rate': '1.995e-05', 'epoch': '0.2401'}
{'loss': '0.6056', 'grad_norm': '61.11', 'learning_rate': '1.995e-05', 'epoch': '0.2463'}
{'loss': '0.6425', 'grad_norm': '47.07', 'learning_rate': '1.995e-05', 'epoch': '0.2525'}
{'loss': '0.6251', 'grad_norm': '31.45', 'learning_rate': '1.995e-05', 'epoch': '0.2586'}
{'loss': '0.6023', 'grad_norm': '44.53', 'learning_rate': '1.995e-05', 'epoch': '0.2648'}
{'loss': '0.6302', 'grad_norm': '72.12', 'learning_rate': '1.995e-05', 'epoch': '0.2709'}
{'loss': '0.6153', 'grad_norm': '54.33', 'learning_rate': '1.994e-05', 'epoch': '0.2771'}
{'loss': '0.6192', 'grad_norm': '23.52', 'learning_rate': '1.994e-05', 'epoch': '0.2833'}
{'loss': '0.6174', 'grad_norm': '103.1', 'learning_rate': '1.994e-05', 'epoch': '0.2894'}
{'loss': '0.6166', 'grad_norm': '58.56', 'learning_rate': '1.994e-05', 'epoch': '0.2956'}
{'loss': '0.6095', 'grad_norm': '52.81', 'learning_rate': '1.994e-05', 'epoch': '0.3017'}
{'loss': '0.6007', 'grad_norm': '34.13', 'learning_rate': '1.994e-05', 'epoch': '0.3079'}
{'loss': '0.5989', 'grad_norm': '34.83', 'learning_rate': '1.994e-05', 'epoch': '0.314'}
{'loss': '0.5824', 'grad_norm': '152', 'learning_rate': '1.994e-05', 'epoch': '0.3202'}
{'loss': '0.5759', 'grad_norm': '50.34', 'learning_rate': '1.993e-05', 'epoch': '0.3264'}
{'loss': '0.5975', 'grad_norm': '69.15', 'learning_rate': '1.993e-05', 'epoch': '0.3325'}
{'loss': '0.615', 'grad_norm': '45.67', 'learning_rate': '1.993e-05', 'epoch': '0.3387'}
{'loss': '0.583', 'grad_norm': '90.23', 'learning_rate': '1.993e-05', 'epoch': '0.3448'}
{'loss': '0.6002', 'grad_norm': '254.3', 'learning_rate': '1.993e-05', 'epoch': '0.351'}
{'loss': '0.55', 'grad_norm': '57.75', 'learning_rate': '1.993e-05', 'epoch': '0.3571'}
{'loss': '0.5557', 'grad_norm': '76.7', 'learning_rate': '1.993e-05', 'epoch': '0.3633'}
{'loss': '0.5744', 'grad_norm': '104.2', 'learning_rate': '1.993e-05', 'epoch': '0.3695'}
{'loss': '0.5711', 'grad_norm': '111.5', 'learning_rate': '1.992e-05', 'epoch': '0.3756'}
{'loss': '0.5684', 'grad_norm': '166.5', 'learning_rate': '1.992e-05', 'epoch': '0.3818'}
{'loss': '0.5888', 'grad_norm': '105.8', 'learning_rate': '1.992e-05', 'epoch': '0.3879'}
{'loss': '0.52', 'grad_norm': '126', 'learning_rate': '1.992e-05', 'epoch': '0.3941'}
{'loss': '0.5383', 'grad_norm': '98.51', 'learning_rate': '1.992e-05', 'epoch': '0.4002'}
{'loss': '0.5418', 'grad_norm': '90.92', 'learning_rate': '1.992e-05', 'epoch': '0.4064'}
{'loss': '0.5281', 'grad_norm': '97.93', 'learning_rate': '1.992e-05', 'epoch': '0.4126'}
{'loss': '0.5625', 'grad_norm': '99.72', 'learning_rate': '1.992e-05', 'epoch': '0.4187'}
{'loss': '0.5288', 'grad_norm': '363', 'learning_rate': '1.992e-05', 'epoch': '0.4249'}
{'loss': '0.5445', 'grad_norm': '355.9', 'learning_rate': '1.991e-05', 'epoch': '0.431'}
{'loss': '0.5373', 'grad_norm': '233.3', 'learning_rate': '1.991e-05', 'epoch': '0.4372'}
{'loss': '0.5246', 'grad_norm': '54.2', 'learning_rate': '1.991e-05', 'epoch': '0.4433'}
{'loss': '0.5649', 'grad_norm': '43.97', 'learning_rate': '1.991e-05', 'epoch': '0.4495'}
{'loss': '0.5417', 'grad_norm': '322', 'learning_rate': '1.991e-05', 'epoch': '0.4557'}
{'loss': '0.5282', 'grad_norm': '82.09', 'learning_rate': '1.991e-05', 'epoch': '0.4618'}
{'loss': '0.5426', 'grad_norm': '342.8', 'learning_rate': '1.991e-05', 'epoch': '0.468'}
{'loss': '0.5464', 'grad_norm': '82.23', 'learning_rate': '1.991e-05', 'epoch': '0.4741'}
{'loss': '0.5402', 'grad_norm': '49.52', 'learning_rate': '1.99e-05', 'epoch': '0.4803'}
{'loss': '0.5287', 'grad_norm': '75.02', 'learning_rate': '1.99e-05', 'epoch': '0.4865'}
{'loss': '0.5125', 'grad_norm': '42.82', 'learning_rate': '1.99e-05', 'epoch': '0.4926'}
{'loss': '0.5294', 'grad_norm': '141.3', 'learning_rate': '1.99e-05', 'epoch': '0.4988'}
{'loss': '0.5409', 'grad_norm': '55.36', 'learning_rate': '1.99e-05', 'epoch': '0.5049'}
{'loss': '0.4961', 'grad_norm': '61.78', 'learning_rate': '1.99e-05', 'epoch': '0.5111'}
{'loss': '0.5007', 'grad_norm': '88.47', 'learning_rate': '1.99e-05', 'epoch': '0.5172'}
{'loss': '0.5074', 'grad_norm': '139.5', 'learning_rate': '1.99e-05', 'epoch': '0.5234'}
{'loss': '0.4866', 'grad_norm': '130.1', 'learning_rate': '1.989e-05', 'epoch': '0.5296'}
{'loss': '0.4876', 'grad_norm': '72.71', 'learning_rate': '1.989e-05', 'epoch': '0.5357'}
{'loss': '0.4886', 'grad_norm': '58.04', 'learning_rate': '1.989e-05', 'epoch': '0.5419'}
{'loss': '0.5242', 'grad_norm': '58.49', 'learning_rate': '1.989e-05', 'epoch': '0.548'}
{'loss': '0.4902', 'grad_norm': '47.6', 'learning_rate': '1.989e-05', 'epoch': '0.5542'}
{'loss': '0.5024', 'grad_norm': '294.7', 'learning_rate': '1.989e-05', 'epoch': '0.5603'}
{'loss': '0.4995', 'grad_norm': '102.3', 'learning_rate': '1.989e-05', 'epoch': '0.5665'}
{'loss': '0.5363', 'grad_norm': '100.9', 'learning_rate': '1.989e-05', 'epoch': '0.5727'}
{'loss': '0.4642', 'grad_norm': '118.8', 'learning_rate': '1.988e-05', 'epoch': '0.5788'}
{'loss': '0.5044', 'grad_norm': '202.3', 'learning_rate': '1.988e-05', 'epoch': '0.585'}
{'loss': '0.4636', 'grad_norm': '160.9', 'learning_rate': '1.988e-05', 'epoch': '0.5911'}
{'loss': '0.5027', 'grad_norm': '57.38', 'learning_rate': '1.988e-05', 'epoch': '0.5973'}
{'loss': '0.5006', 'grad_norm': '41.96', 'learning_rate': '1.988e-05', 'epoch': '0.6034'}
{'loss': '0.48', 'grad_norm': '117.8', 'learning_rate': '1.988e-05', 'epoch': '0.6096'}
{'loss': '0.5295', 'grad_norm': '61.8', 'learning_rate': '1.988e-05', 'epoch': '0.6158'}
{'loss': '0.4638', 'grad_norm': '104.3', 'learning_rate': '1.988e-05', 'epoch': '0.6219'}
{'loss': '0.4746', 'grad_norm': '195.3', 'learning_rate': '1.987e-05', 'epoch': '0.6281'}
{'loss': '0.4681', 'grad_norm': '33.4', 'learning_rate': '1.987e-05', 'epoch': '0.6342'}
{'loss': '0.4864', 'grad_norm': '103.7', 'learning_rate': '1.987e-05', 'epoch': '0.6404'}
{'loss': '0.4495', 'grad_norm': '70.63', 'learning_rate': '1.987e-05', 'epoch': '0.6466'}
{'loss': '0.4413', 'grad_norm': '55.76', 'learning_rate': '1.987e-05', 'epoch': '0.6527'}
{'loss': '0.4283', 'grad_norm': '124.2', 'learning_rate': '1.987e-05', 'epoch': '0.6589'}
{'loss': '0.4866', 'grad_norm': '34.86', 'learning_rate': '1.987e-05', 'epoch': '0.665'}
{'loss': '0.4603', 'grad_norm': '112.9', 'learning_rate': '1.987e-05', 'epoch': '0.6712'}
{'loss': '0.4221', 'grad_norm': '125.9', 'learning_rate': '1.986e-05', 'epoch': '0.6773'}
{'loss': '0.5021', 'grad_norm': '66.25', 'learning_rate': '1.986e-05', 'epoch': '0.6835'}
{'loss': '0.4161', 'grad_norm': '64.53', 'learning_rate': '1.986e-05', 'epoch': '0.6897'}
{'loss': '0.485', 'grad_norm': '175', 'learning_rate': '1.986e-05', 'epoch': '0.6958'}
{'loss': '0.4403', 'grad_norm': '122', 'learning_rate': '1.986e-05', 'epoch': '0.702'}
{'loss': '0.4275', 'grad_norm': '111.5', 'learning_rate': '1.986e-05', 'epoch': '0.7081'}
{'loss': '0.3605', 'grad_norm': '152.2', 'learning_rate': '1.986e-05', 'epoch': '0.7143'}
{'loss': '0.4274', 'grad_norm': '54.05', 'learning_rate': '1.986e-05', 'epoch': '0.7204'}
{'loss': '0.4329', 'grad_norm': '111.3', 'learning_rate': '1.985e-05', 'epoch': '0.7266'}
{'loss': '0.4218', 'grad_norm': '29.53', 'learning_rate': '1.985e-05', 'epoch': '0.7328'}
{'loss': '0.4459', 'grad_norm': '114.1', 'learning_rate': '1.985e-05', 'epoch': '0.7389'}
{'loss': '0.4478', 'grad_norm': '81.36', 'learning_rate': '1.985e-05', 'epoch': '0.7451'}
{'loss': '0.4121', 'grad_norm': '291.9', 'learning_rate': '1.985e-05', 'epoch': '0.7512'}
{'loss': '0.3777', 'grad_norm': '53.72', 'learning_rate': '1.985e-05', 'epoch': '0.7574'}
{'loss': '0.3637', 'grad_norm': '127.9', 'learning_rate': '1.985e-05', 'epoch': '0.7635'}
{'loss': '0.4024', 'grad_norm': '33.84', 'learning_rate': '1.985e-05', 'epoch': '0.7697'}
{'loss': '0.4491', 'grad_norm': '84.76', 'learning_rate': '1.984e-05', 'epoch': '0.7759'}
{'loss': '0.4228', 'grad_norm': '37.96', 'learning_rate': '1.984e-05', 'epoch': '0.782'}
{'loss': '0.4644', 'grad_norm': '117.7', 'learning_rate': '1.984e-05', 'epoch': '0.7882'}
{'loss': '0.4678', 'grad_norm': '45.62', 'learning_rate': '1.984e-05', 'epoch': '0.7943'}
{'loss': '0.4071', 'grad_norm': '219.9', 'learning_rate': '1.984e-05', 'epoch': '0.8005'}
{'loss': '0.4173', 'grad_norm': '91.62', 'learning_rate': '1.984e-05', 'epoch': '0.8067'}
{'loss': '0.4309', 'grad_norm': '260.9', 'learning_rate': '1.984e-05', 'epoch': '0.8128'}
{'loss': '0.3983', 'grad_norm': '217.5', 'learning_rate': '1.984e-05', 'epoch': '0.819'}
{'loss': '0.4016', 'grad_norm': '48.82', 'learning_rate': '1.984e-05', 'epoch': '0.8251'}
{'loss': '0.4121', 'grad_norm': '48.63', 'learning_rate': '1.983e-05', 'epoch': '0.8313'}
{'loss': '0.4091', 'grad_norm': '31.44', 'learning_rate': '1.983e-05', 'epoch': '0.8374'}
{'loss': '0.3904', 'grad_norm': '57.38', 'learning_rate': '1.983e-05', 'epoch': '0.8436'}
{'loss': '0.3415', 'grad_norm': '51.11', 'learning_rate': '1.983e-05', 'epoch': '0.8498'}
{'loss': '0.3183', 'grad_norm': '82.07', 'learning_rate': '1.983e-05', 'epoch': '0.8559'}
{'loss': '0.3688', 'grad_norm': '1136', 'learning_rate': '1.983e-05', 'epoch': '0.8621'}
{'loss': '0.3224', 'grad_norm': '50.42', 'learning_rate': '1.983e-05', 'epoch': '0.8682'}
{'loss': '0.3743', 'grad_norm': '27.08', 'learning_rate': '1.983e-05', 'epoch': '0.8744'}
{'loss': '0.3895', 'grad_norm': '38.59', 'learning_rate': '1.982e-05', 'epoch': '0.8805'}
{'loss': '0.342', 'grad_norm': '73.5', 'learning_rate': '1.982e-05', 'epoch': '0.8867'}
{'loss': '0.3086', 'grad_norm': '72.65', 'learning_rate': '1.982e-05', 'epoch': '0.8929'}
{'loss': '0.3991', 'grad_norm': '157.6', 'learning_rate': '1.982e-05', 'epoch': '0.899'}
{'loss': '0.3364', 'grad_norm': '16.86', 'learning_rate': '1.982e-05', 'epoch': '0.9052'}
{'loss': '0.3377', 'grad_norm': '40.04', 'learning_rate': '1.982e-05', 'epoch': '0.9113'}
{'loss': '0.3812', 'grad_norm': '93.48', 'learning_rate': '1.982e-05', 'epoch': '0.9175'}
{'loss': '0.3418', 'grad_norm': '509.7', 'learning_rate': '1.982e-05', 'epoch': '0.9236'}
{'loss': '0.3855', 'grad_norm': '43.15', 'learning_rate': '1.981e-05', 'epoch': '0.9298'}
{'loss': '0.3479', 'grad_norm': '42.31', 'learning_rate': '1.981e-05', 'epoch': '0.936'}
{'loss': '0.3392', 'grad_norm': '78.53', 'learning_rate': '1.981e-05', 'epoch': '0.9421'}
{'loss': '0.3633', 'grad_norm': '26.78', 'learning_rate': '1.981e-05', 'epoch': '0.9483'}
{'loss': '0.3734', 'grad_norm': '42.66', 'learning_rate': '1.981e-05', 'epoch': '0.9544'}
{'loss': '0.2655', 'grad_norm': '62.88', 'learning_rate': '1.981e-05', 'epoch': '0.9606'}
{'loss': '0.3316', 'grad_norm': '17.18', 'learning_rate': '1.981e-05', 'epoch': '0.9667'}
{'loss': '0.3515', 'grad_norm': '44.39', 'learning_rate': '1.981e-05', 'epoch': '0.9729'}
{'loss': '0.385', 'grad_norm': '45.71', 'learning_rate': '1.98e-05', 'epoch': '0.9791'}
{'loss': '0.2968', 'grad_norm': '61.79', 'learning_rate': '1.98e-05', 'epoch': '0.9852'}
{'loss': '0.3242', 'grad_norm': '149.1', 'learning_rate': '1.98e-05', 'epoch': '0.9914'}
{'loss': '0.2755', 'grad_norm': '65.76', 'learning_rate': '1.98e-05', 'epoch': '0.9975'}
{'eval_loss': '0.2834', 'eval_accuracy': '0.8816', 'eval_precision': '0.8902', 'eval_recall': '0.9013', 'eval_f1': '0.8957', 'eval_runtime': '12.88', 'eval_samples_per_second': '1059', 'eval_steps_per_second': '16.62', 'epoch': '1'}
{'loss': '0.3108', 'grad_norm': '45.69', 'learning_rate': '1.98e-05', 'epoch': '1.004'}
{'loss': '0.2532', 'grad_norm': '24.41', 'learning_rate': '1.98e-05', 'epoch': '1.01'}
{'loss': '0.2937', 'grad_norm': '19.48', 'learning_rate': '1.98e-05', 'epoch': '1.016'}
{'loss': '0.2774', 'grad_norm': '29.96', 'learning_rate': '1.98e-05', 'epoch': '1.022'}
{'loss': '0.318', 'grad_norm': '65.01', 'learning_rate': '1.979e-05', 'epoch': '1.028'}
{'loss': '0.3284', 'grad_norm': '53.74', 'learning_rate': '1.979e-05', 'epoch': '1.034'}
{'loss': '0.3333', 'grad_norm': '37.12', 'learning_rate': '1.979e-05', 'epoch': '1.041'}
{'loss': '0.3004', 'grad_norm': '152.1', 'learning_rate': '1.979e-05', 'epoch': '1.047'}
{'loss': '0.313', 'grad_norm': '44.28', 'learning_rate': '1.979e-05', 'epoch': '1.053'}
{'loss': '0.2892', 'grad_norm': '58.36', 'learning_rate': '1.979e-05', 'epoch': '1.059'}
{'loss': '0.3515', 'grad_norm': '45.12', 'learning_rate': '1.979e-05', 'epoch': '1.065'}
{'loss': '0.3255', 'grad_norm': '30.15', 'learning_rate': '1.979e-05', 'epoch': '1.071'}
{'loss': '0.2807', 'grad_norm': '22.1', 'learning_rate': '1.978e-05', 'epoch': '1.078'}
{'loss': '0.2785', 'grad_norm': '28.95', 'learning_rate': '1.978e-05', 'epoch': '1.084'}
{'loss': '0.2537', 'grad_norm': '65.59', 'learning_rate': '1.978e-05', 'epoch': '1.09'}
{'loss': '0.3146', 'grad_norm': '44.95', 'learning_rate': '1.978e-05', 'epoch': '1.096'}
{'loss': '0.3914', 'grad_norm': '76.59', 'learning_rate': '1.978e-05', 'epoch': '1.102'}
{'loss': '0.2734', 'grad_norm': '56.82', 'learning_rate': '1.978e-05', 'epoch': '1.108'}
{'loss': '0.3283', 'grad_norm': '41.89', 'learning_rate': '1.978e-05', 'epoch': '1.115'}
{'loss': '0.2846', 'grad_norm': '123.7', 'learning_rate': '1.978e-05', 'epoch': '1.121'}
{'loss': '0.3384', 'grad_norm': '52.75', 'learning_rate': '1.977e-05', 'epoch': '1.127'}
{'loss': '0.3121', 'grad_norm': '108.8', 'learning_rate': '1.977e-05', 'epoch': '1.133'}
{'loss': '0.3014', 'grad_norm': '64.91', 'learning_rate': '1.977e-05', 'epoch': '1.139'}
{'loss': '0.2929', 'grad_norm': '29.07', 'learning_rate': '1.977e-05', 'epoch': '1.145'}
{'loss': '0.3354', 'grad_norm': '12.42', 'learning_rate': '1.977e-05', 'epoch': '1.151'}
{'loss': '0.3194', 'grad_norm': '31.82', 'learning_rate': '1.977e-05', 'epoch': '1.158'}
{'loss': '0.2864', 'grad_norm': '20.28', 'learning_rate': '1.977e-05', 'epoch': '1.164'}
{'loss': '0.3353', 'grad_norm': '90.32', 'learning_rate': '1.977e-05', 'epoch': '1.17'}
{'loss': '0.258', 'grad_norm': '28.53', 'learning_rate': '1.976e-05', 'epoch': '1.176'}
{'loss': '0.2796', 'grad_norm': '26.01', 'learning_rate': '1.976e-05', 'epoch': '1.182'}
{'loss': '0.2775', 'grad_norm': '132.4', 'learning_rate': '1.976e-05', 'epoch': '1.188'}
{'loss': '0.2693', 'grad_norm': '29.91', 'learning_rate': '1.976e-05', 'epoch': '1.195'}
{'loss': '0.2795', 'grad_norm': '14.32', 'learning_rate': '1.976e-05', 'epoch': '1.201'}
{'loss': '0.2697', 'grad_norm': '21.48', 'learning_rate': '1.976e-05', 'epoch': '1.207'}
{'loss': '0.1651', 'grad_norm': '93.2', 'learning_rate': '1.976e-05', 'epoch': '1.213'}
{'loss': '0.3132', 'grad_norm': '60.66', 'learning_rate': '1.976e-05', 'epoch': '1.219'}
{'loss': '0.3256', 'grad_norm': '25.28', 'learning_rate': '1.976e-05', 'epoch': '1.225'}
{'loss': '0.2377', 'grad_norm': '19.78', 'learning_rate': '1.975e-05', 'epoch': '1.232'}
{'loss': '0.2747', 'grad_norm': '39.67', 'learning_rate': '1.975e-05', 'epoch': '1.238'}
{'loss': '0.2687', 'grad_norm': '44.49', 'learning_rate': '1.975e-05', 'epoch': '1.244'}
{'loss': '0.2942', 'grad_norm': '68.58', 'learning_rate': '1.975e-05', 'epoch': '1.25'}
{'loss': '0.2272', 'grad_norm': '7.605', 'learning_rate': '1.975e-05', 'epoch': '1.256'}
{'loss': '0.2184', 'grad_norm': '54.25', 'learning_rate': '1.975e-05', 'epoch': '1.262'}
{'loss': '0.2242', 'grad_norm': '9.785', 'learning_rate': '1.975e-05', 'epoch': '1.268'}
{'loss': '0.2245', 'grad_norm': '22.43', 'learning_rate': '1.975e-05', 'epoch': '1.275'}
{'loss': '0.1893', 'grad_norm': '31.21', 'learning_rate': '1.974e-05', 'epoch': '1.281'}
{'loss': '0.2307', 'grad_norm': '9.824', 'learning_rate': '1.974e-05', 'epoch': '1.287'}
{'loss': '0.1717', 'grad_norm': '21.02', 'learning_rate': '1.974e-05', 'epoch': '1.293'}
{'loss': '0.2437', 'grad_norm': '46.24', 'learning_rate': '1.974e-05', 'epoch': '1.299'}
{'loss': '0.2367', 'grad_norm': '25.99', 'learning_rate': '1.974e-05', 'epoch': '1.305'}
{'loss': '0.2197', 'grad_norm': '29.97', 'learning_rate': '1.974e-05', 'epoch': '1.312'}
{'loss': '0.2606', 'grad_norm': '12.19', 'learning_rate': '1.974e-05', 'epoch': '1.318'}
{'loss': '0.2375', 'grad_norm': '103.6', 'learning_rate': '1.974e-05', 'epoch': '1.324'}
{'loss': '0.2124', 'grad_norm': '23.01', 'learning_rate': '1.973e-05', 'epoch': '1.33'}
{'loss': '0.2552', 'grad_norm': '14.96', 'learning_rate': '1.973e-05', 'epoch': '1.336'}
{'loss': '0.2266', 'grad_norm': '57.53', 'learning_rate': '1.973e-05', 'epoch': '1.342'}
{'loss': '0.2278', 'grad_norm': '23.63', 'learning_rate': '1.973e-05', 'epoch': '1.349'}
{'loss': '0.3146', 'grad_norm': '30.48', 'learning_rate': '1.973e-05', 'epoch': '1.355'}
{'loss': '0.2259', 'grad_norm': '19.84', 'learning_rate': '1.973e-05', 'epoch': '1.361'}
{'loss': '0.202', 'grad_norm': '85.96', 'learning_rate': '1.973e-05', 'epoch': '1.367'}
{'loss': '0.165', 'grad_norm': '26.28', 'learning_rate': '1.973e-05', 'epoch': '1.373'}
{'loss': '0.1794', 'grad_norm': '35.19', 'learning_rate': '1.972e-05', 'epoch': '1.379'}
{'loss': '0.2044', 'grad_norm': '20.81', 'learning_rate': '1.972e-05', 'epoch': '1.385'}
{'loss': '0.1472', 'grad_norm': '22.95', 'learning_rate': '1.972e-05', 'epoch': '1.392'}
{'loss': '0.2757', 'grad_norm': '23.56', 'learning_rate': '1.972e-05', 'epoch': '1.398'}
{'loss': '0.2019', 'grad_norm': '13.74', 'learning_rate': '1.972e-05', 'epoch': '1.404'}
{'loss': '0.2243', 'grad_norm': '18.47', 'learning_rate': '1.972e-05', 'epoch': '1.41'}
{'loss': '0.2158', 'grad_norm': '21.57', 'learning_rate': '1.972e-05', 'epoch': '1.416'}
{'loss': '0.181', 'grad_norm': '6.174', 'learning_rate': '1.972e-05', 'epoch': '1.422'}
{'loss': '0.2068', 'grad_norm': '23.88', 'learning_rate': '1.971e-05', 'epoch': '1.429'}
{'loss': '0.2225', 'grad_norm': '18.48', 'learning_rate': '1.971e-05', 'epoch': '1.435'}
{'loss': '0.1721', 'grad_norm': '61.36', 'learning_rate': '1.971e-05', 'epoch': '1.441'}
{'loss': '0.1051', 'grad_norm': '25.52', 'learning_rate': '1.971e-05', 'epoch': '1.447'}
{'loss': '0.215', 'grad_norm': '15.73', 'learning_rate': '1.971e-05', 'epoch': '1.453'}
{'loss': '0.1391', 'grad_norm': '5.02', 'learning_rate': '1.971e-05', 'epoch': '1.459'}
{'loss': '0.2602', 'grad_norm': '96.44', 'learning_rate': '1.971e-05', 'epoch': '1.466'}
{'loss': '0.2324', 'grad_norm': '11.64', 'learning_rate': '1.971e-05', 'epoch': '1.472'}
{'loss': '0.2311', 'grad_norm': '18.43', 'learning_rate': '1.97e-05', 'epoch': '1.478'}
{'loss': '0.1697', 'grad_norm': '7.416', 'learning_rate': '1.97e-05', 'epoch': '1.484'}
{'loss': '0.2144', 'grad_norm': '24.68', 'learning_rate': '1.97e-05', 'epoch': '1.49'}
{'loss': '0.1742', 'grad_norm': '16.36', 'learning_rate': '1.97e-05', 'epoch': '1.496'}
{'loss': '0.218', 'grad_norm': '18.04', 'learning_rate': '1.97e-05', 'epoch': '1.502'}
{'loss': '0.1604', 'grad_norm': '29.14', 'learning_rate': '1.97e-05', 'epoch': '1.509'}
{'loss': '0.1306', 'grad_norm': '12.41', 'learning_rate': '1.97e-05', 'epoch': '1.515'}
{'loss': '0.1515', 'grad_norm': '8.077', 'learning_rate': '1.97e-05', 'epoch': '1.521'}
{'loss': '0.1667', 'grad_norm': '18.95', 'learning_rate': '1.969e-05', 'epoch': '1.527'}
{'loss': '0.1474', 'grad_norm': '7.876', 'learning_rate': '1.969e-05', 'epoch': '1.533'}
{'loss': '0.2612', 'grad_norm': '110', 'learning_rate': '1.969e-05', 'epoch': '1.539'}
{'loss': '0.1535', 'grad_norm': '7.31', 'learning_rate': '1.969e-05', 'epoch': '1.546'}
{'loss': '0.156', 'grad_norm': '8.202', 'learning_rate': '1.969e-05', 'epoch': '1.552'}
{'loss': '0.1668', 'grad_norm': '10.75', 'learning_rate': '1.969e-05', 'epoch': '1.558'}
{'loss': '0.1587', 'grad_norm': '11.36', 'learning_rate': '1.969e-05', 'epoch': '1.564'}
{'loss': '0.1451', 'grad_norm': '7.733', 'learning_rate': '1.969e-05', 'epoch': '1.57'}
{'loss': '0.2039', 'grad_norm': '24.96', 'learning_rate': '1.968e-05', 'epoch': '1.576'}
{'loss': '0.2116', 'grad_norm': '9.214', 'learning_rate': '1.968e-05', 'epoch': '1.583'}
{'loss': '0.1555', 'grad_norm': '38.5', 'learning_rate': '1.968e-05', 'epoch': '1.589'}
{'loss': '0.1707', 'grad_norm': '16.32', 'learning_rate': '1.968e-05', 'epoch': '1.595'}
{'loss': '0.2342', 'grad_norm': '8.043', 'learning_rate': '1.968e-05', 'epoch': '1.601'}
{'loss': '0.183', 'grad_norm': '19.84', 'learning_rate': '1.968e-05', 'epoch': '1.607'}
{'loss': '0.2096', 'grad_norm': '46.77', 'learning_rate': '1.968e-05', 'epoch': '1.613'}
{'loss': '0.1647', 'grad_norm': '17.15', 'learning_rate': '1.968e-05', 'epoch': '1.619'}
{'loss': '0.2037', 'grad_norm': '12.38', 'learning_rate': '1.968e-05', 'epoch': '1.626'}
{'loss': '0.1925', 'grad_norm': '7.671', 'learning_rate': '1.967e-05', 'epoch': '1.632'}
{'loss': '0.1642', 'grad_norm': '8.11', 'learning_rate': '1.967e-05', 'epoch': '1.638'}
{'loss': '0.1516', 'grad_norm': '18.38', 'learning_rate': '1.967e-05', 'epoch': '1.644'}
{'loss': '0.1708', 'grad_norm': '3.682', 'learning_rate': '1.967e-05', 'epoch': '1.65'}
{'loss': '0.1991', 'grad_norm': '9.234', 'learning_rate': '1.967e-05', 'epoch': '1.656'}
{'loss': '0.1381', 'grad_norm': '3.665', 'learning_rate': '1.967e-05', 'epoch': '1.663'}
{'loss': '0.1714', 'grad_norm': '14.73', 'learning_rate': '1.967e-05', 'epoch': '1.669'}
{'loss': '0.1414', 'grad_norm': '10.3', 'learning_rate': '1.967e-05', 'epoch': '1.675'}
{'loss': '0.165', 'grad_norm': '31.13', 'learning_rate': '1.966e-05', 'epoch': '1.681'}
{'loss': '0.1134', 'grad_norm': '18.73', 'learning_rate': '1.966e-05', 'epoch': '1.687'}
{'loss': '0.1644', 'grad_norm': '2.099', 'learning_rate': '1.966e-05', 'epoch': '1.693'}
{'loss': '0.2283', 'grad_norm': '5.568', 'learning_rate': '1.966e-05', 'epoch': '1.7'}
{'loss': '0.1461', 'grad_norm': '13.45', 'learning_rate': '1.966e-05', 'epoch': '1.706'}
{'loss': '0.1599', 'grad_norm': '22.14', 'learning_rate': '1.966e-05', 'epoch': '1.712'}
{'loss': '0.1555', 'grad_norm': '10.44', 'learning_rate': '1.966e-05', 'epoch': '1.718'}
{'loss': '0.1801', 'grad_norm': '9.084', 'learning_rate': '1.966e-05', 'epoch': '1.724'}
{'loss': '0.1782', 'grad_norm': '10.27', 'learning_rate': '1.965e-05', 'epoch': '1.73'}
{'loss': '0.1237', 'grad_norm': '7.545', 'learning_rate': '1.965e-05', 'epoch': '1.736'}
{'loss': '0.2078', 'grad_norm': '5.163', 'learning_rate': '1.965e-05', 'epoch': '1.743'}
{'loss': '0.1245', 'grad_norm': '20.4', 'learning_rate': '1.965e-05', 'epoch': '1.749'}
{'loss': '0.1673', 'grad_norm': '9.486', 'learning_rate': '1.965e-05', 'epoch': '1.755'}
{'loss': '0.1086', 'grad_norm': '10.1', 'learning_rate': '1.965e-05', 'epoch': '1.761'}
{'loss': '0.1424', 'grad_norm': '40.24', 'learning_rate': '1.965e-05', 'epoch': '1.767'}
{'loss': '0.1689', 'grad_norm': '7.97', 'learning_rate': '1.965e-05', 'epoch': '1.773'}
{'loss': '0.1829', 'grad_norm': '29.04', 'learning_rate': '1.964e-05', 'epoch': '1.78'}
{'loss': '0.1311', 'grad_norm': '3.644', 'learning_rate': '1.964e-05', 'epoch': '1.786'}
{'loss': '0.1369', 'grad_norm': '9.119', 'learning_rate': '1.964e-05', 'epoch': '1.792'}
{'loss': '0.1605', 'grad_norm': '7.452', 'learning_rate': '1.964e-05', 'epoch': '1.798'}
{'loss': '0.1999', 'grad_norm': '14.67', 'learning_rate': '1.964e-05', 'epoch': '1.804'}
{'loss': '0.1442', 'grad_norm': '4.918', 'learning_rate': '1.964e-05', 'epoch': '1.81'}
{'loss': '0.139', 'grad_norm': '12.59', 'learning_rate': '1.964e-05', 'epoch': '1.817'}
{'loss': '0.1463', 'grad_norm': '8.542', 'learning_rate': '1.964e-05', 'epoch': '1.823'}
{'loss': '0.1137', 'grad_norm': '9.288', 'learning_rate': '1.963e-05', 'epoch': '1.829'}
{'loss': '0.1793', 'grad_norm': '3.168', 'learning_rate': '1.963e-05', 'epoch': '1.835'}
{'loss': '0.09128', 'grad_norm': '10.07', 'learning_rate': '1.963e-05', 'epoch': '1.841'}
{'loss': '0.136', 'grad_norm': '11.92', 'learning_rate': '1.963e-05', 'epoch': '1.847'}
{'loss': '0.1469', 'grad_norm': '7.283', 'learning_rate': '1.963e-05', 'epoch': '1.853'}
{'loss': '0.1828', 'grad_norm': '27.57', 'learning_rate': '1.963e-05', 'epoch': '1.86'}
{'loss': '0.1154', 'grad_norm': '3.643', 'learning_rate': '1.963e-05', 'epoch': '1.866'}
{'loss': '0.1023', 'grad_norm': '5.317', 'learning_rate': '1.963e-05', 'epoch': '1.872'}
{'loss': '0.1317', 'grad_norm': '1.116', 'learning_rate': '1.962e-05', 'epoch': '1.878'}
{'loss': '0.1255', 'grad_norm': '9.163', 'learning_rate': '1.962e-05', 'epoch': '1.884'}
{'loss': '0.093', 'grad_norm': '2.624', 'learning_rate': '1.962e-05', 'epoch': '1.89'}
{'loss': '0.1804', 'grad_norm': '13.63', 'learning_rate': '1.962e-05', 'epoch': '1.897'}
{'loss': '0.1652', 'grad_norm': '22.69', 'learning_rate': '1.962e-05', 'epoch': '1.903'}
{'loss': '0.1584', 'grad_norm': '8.712', 'learning_rate': '1.962e-05', 'epoch': '1.909'}
{'loss': '0.1323', 'grad_norm': '7.065', 'learning_rate': '1.962e-05', 'epoch': '1.915'}
{'loss': '0.1692', 'grad_norm': '2.304', 'learning_rate': '1.962e-05', 'epoch': '1.921'}
{'loss': '0.1126', 'grad_norm': '11.2', 'learning_rate': '1.961e-05', 'epoch': '1.927'}
{'loss': '0.1568', 'grad_norm': '12.62', 'learning_rate': '1.961e-05', 'epoch': '1.933'}
{'loss': '0.09748', 'grad_norm': '4.446', 'learning_rate': '1.961e-05', 'epoch': '1.94'}
{'loss': '0.1615', 'grad_norm': '9.249', 'learning_rate': '1.961e-05', 'epoch': '1.946'}
{'loss': '0.1397', 'grad_norm': '24.17', 'learning_rate': '1.961e-05', 'epoch': '1.952'}
{'loss': '0.1528', 'grad_norm': '23.38', 'learning_rate': '1.961e-05', 'epoch': '1.958'}
{'loss': '0.07794', 'grad_norm': '8.143', 'learning_rate': '1.961e-05', 'epoch': '1.964'}
{'loss': '0.1671', 'grad_norm': '26.52', 'learning_rate': '1.961e-05', 'epoch': '1.97'}
{'loss': '0.1633', 'grad_norm': '6.453', 'learning_rate': '1.96e-05', 'epoch': '1.977'}
{'loss': '0.1249', 'grad_norm': '1.217', 'learning_rate': '1.96e-05', 'epoch': '1.983'}
{'loss': '0.183', 'grad_norm': '11.09', 'learning_rate': '1.96e-05', 'epoch': '1.989'}
{'loss': '0.102', 'grad_norm': '24.17', 'learning_rate': '1.96e-05', 'epoch': '1.995'}
{'eval_loss': '0.317', 'eval_accuracy': '0.9223', 'eval_precision': '0.9287', 'eval_recall': '0.9339', 'eval_f1': '0.9313', 'eval_runtime': '12.18', 'eval_samples_per_second': '1119', 'eval_steps_per_second': '17.57', 'epoch': '2'}
{'loss': '0.09665', 'grad_norm': '3.703', 'learning_rate': '1.96e-05', 'epoch': '2.001'}
{'loss': '0.1146', 'grad_norm': '9.976', 'learning_rate': '1.96e-05', 'epoch': '2.007'}
{'loss': '0.1441', 'grad_norm': '7.411', 'learning_rate': '1.96e-05', 'epoch': '2.014'}
{'loss': '0.1319', 'grad_norm': '7.593', 'learning_rate': '1.96e-05', 'epoch': '2.02'}
{'loss': '0.1237', 'grad_norm': '5.636', 'learning_rate': '1.959e-05', 'epoch': '2.026'}
{'loss': '0.1155', 'grad_norm': '8.778', 'learning_rate': '1.959e-05', 'epoch': '2.032'}
{'loss': '0.1295', 'grad_norm': '6.024', 'learning_rate': '1.959e-05', 'epoch': '2.038'}
{'loss': '0.1482', 'grad_norm': '16.75', 'learning_rate': '1.959e-05', 'epoch': '2.044'}
{'loss': '0.1191', 'grad_norm': '11.9', 'learning_rate': '1.959e-05', 'epoch': '2.05'}
{'loss': '0.1748', 'grad_norm': '7.402', 'learning_rate': '1.959e-05', 'epoch': '2.057'}
{'loss': '0.1093', 'grad_norm': '4.259', 'learning_rate': '1.959e-05', 'epoch': '2.063'}
{'loss': '0.08636', 'grad_norm': '17.27', 'learning_rate': '1.959e-05', 'epoch': '2.069'}
{'loss': '0.1266', 'grad_norm': '4.115', 'learning_rate': '1.959e-05', 'epoch': '2.075'}
{'loss': '0.1266', 'grad_norm': '8.01', 'learning_rate': '1.958e-05', 'epoch': '2.081'}
{'loss': '0.1103', 'grad_norm': '12.14', 'learning_rate': '1.958e-05', 'epoch': '2.087'}
{'loss': '0.109', 'grad_norm': '14.23', 'learning_rate': '1.958e-05', 'epoch': '2.094'}
{'loss': '0.1239', 'grad_norm': '8.683', 'learning_rate': '1.958e-05', 'epoch': '2.1'}
{'loss': '0.09534', 'grad_norm': '10.56', 'learning_rate': '1.958e-05', 'epoch': '2.106'}
{'loss': '0.1047', 'grad_norm': '22.15', 'learning_rate': '1.958e-05', 'epoch': '2.112'}
{'loss': '0.1374', 'grad_norm': '6.108', 'learning_rate': '1.958e-05', 'epoch': '2.118'}
{'loss': '0.1337', 'grad_norm': '18.81', 'learning_rate': '1.958e-05', 'epoch': '2.124'}
{'loss': '0.138', 'grad_norm': '29.8', 'learning_rate': '1.957e-05', 'epoch': '2.131'}
{'loss': '0.09366', 'grad_norm': '5.113', 'learning_rate': '1.957e-05', 'epoch': '2.137'}
{'loss': '0.1359', 'grad_norm': '15.4', 'learning_rate': '1.957e-05', 'epoch': '2.143'}
{'loss': '0.06097', 'grad_norm': '1.897', 'learning_rate': '1.957e-05', 'epoch': '2.149'}
{'loss': '0.09862', 'grad_norm': '18.2', 'learning_rate': '1.957e-05', 'epoch': '2.155'}
{'loss': '0.1397', 'grad_norm': '9.019', 'learning_rate': '1.957e-05', 'epoch': '2.161'}
{'loss': '0.06745', 'grad_norm': '9.43', 'learning_rate': '1.957e-05', 'epoch': '2.167'}
{'loss': '0.145', 'grad_norm': '10.44', 'learning_rate': '1.957e-05', 'epoch': '2.174'}
{'loss': '0.08204', 'grad_norm': '16.45', 'learning_rate': '1.956e-05', 'epoch': '2.18'}
{'loss': '0.08404', 'grad_norm': '1.67', 'learning_rate': '1.956e-05', 'epoch': '2.186'}
{'loss': '0.07531', 'grad_norm': '1.969', 'learning_rate': '1.956e-05', 'epoch': '2.192'}
{'loss': '0.1452', 'grad_norm': '89.08', 'learning_rate': '1.956e-05', 'epoch': '2.198'}
{'loss': '0.1286', 'grad_norm': '21.17', 'learning_rate': '1.956e-05', 'epoch': '2.204'}
{'loss': '0.1025', 'grad_norm': '32.29', 'learning_rate': '1.956e-05', 'epoch': '2.211'}
{'loss': '0.1339', 'grad_norm': '4.315', 'learning_rate': '1.956e-05', 'epoch': '2.217'}
{'loss': '0.0977', 'grad_norm': '5.804', 'learning_rate': '1.956e-05', 'epoch': '2.223'}
{'loss': '0.09676', 'grad_norm': '4.009', 'learning_rate': '1.955e-05', 'epoch': '2.229'}
{'loss': '0.128', 'grad_norm': '16.86', 'learning_rate': '1.955e-05', 'epoch': '2.235'}
{'loss': '0.1408', 'grad_norm': '0.6295', 'learning_rate': '1.955e-05', 'epoch': '2.241'}
{'loss': '0.1061', 'grad_norm': '4.774', 'learning_rate': '1.955e-05', 'epoch': '2.248'}
{'loss': '0.1062', 'grad_norm': '5.274', 'learning_rate': '1.955e-05', 'epoch': '2.254'}
{'loss': '0.1172', 'grad_norm': '12.6', 'learning_rate': '1.955e-05', 'epoch': '2.26'}
{'loss': '0.08995', 'grad_norm': '21.46', 'learning_rate': '1.955e-05', 'epoch': '2.266'}
{'loss': '0.09599', 'grad_norm': '1.349', 'learning_rate': '1.955e-05', 'epoch': '2.272'}
{'loss': '0.1123', 'grad_norm': '3.061', 'learning_rate': '1.954e-05', 'epoch': '2.278'}
{'loss': '0.078', 'grad_norm': '6.639', 'learning_rate': '1.954e-05', 'epoch': '2.284'}
{'loss': '0.06303', 'grad_norm': '7.472', 'learning_rate': '1.954e-05', 'epoch': '2.291'}
{'loss': '0.08169', 'grad_norm': '2.887', 'learning_rate': '1.954e-05', 'epoch': '2.297'}
{'loss': '0.1294', 'grad_norm': '1.553', 'learning_rate': '1.954e-05', 'epoch': '2.303'}
{'loss': '0.1102', 'grad_norm': '8.426', 'learning_rate': '1.954e-05', 'epoch': '2.309'}
{'loss': '0.1416', 'grad_norm': '7.42', 'learning_rate': '1.954e-05', 'epoch': '2.315'}
{'loss': '0.09693', 'grad_norm': '6.989', 'learning_rate': '1.954e-05', 'epoch': '2.321'}
{'loss': '0.08474', 'grad_norm': '2.491', 'learning_rate': '1.953e-05', 'epoch': '2.328'}
{'loss': '0.1682', 'grad_norm': '7.73', 'learning_rate': '1.953e-05', 'epoch': '2.334'}
{'loss': '0.09579', 'grad_norm': '28.15', 'learning_rate': '1.953e-05', 'epoch': '2.34'}
{'loss': '0.1216', 'grad_norm': '3.403', 'learning_rate': '1.953e-05', 'epoch': '2.346'}
{'loss': '0.1248', 'grad_norm': '2.252', 'learning_rate': '1.953e-05', 'epoch': '2.352'}
{'loss': '0.1012', 'grad_norm': '6.095', 'learning_rate': '1.953e-05', 'epoch': '2.358'}
{'loss': '0.0888', 'grad_norm': '10.78', 'learning_rate': '1.953e-05', 'epoch': '2.365'}
{'loss': '0.142', 'grad_norm': '5.262', 'learning_rate': '1.953e-05', 'epoch': '2.371'}
{'loss': '0.1344', 'grad_norm': '8.368', 'learning_rate': '1.952e-05', 'epoch': '2.377'}
{'loss': '0.07934', 'grad_norm': '11.56', 'learning_rate': '1.952e-05', 'epoch': '2.383'}
{'loss': '0.1054', 'grad_norm': '2.499', 'learning_rate': '1.952e-05', 'epoch': '2.389'}
{'loss': '0.1045', 'grad_norm': '3.95', 'learning_rate': '1.952e-05', 'epoch': '2.395'}
{'loss': '0.06978', 'grad_norm': '1.091', 'learning_rate': '1.952e-05', 'epoch': '2.401'}
{'loss': '0.1184', 'grad_norm': '11.21', 'learning_rate': '1.952e-05', 'epoch': '2.408'}
{'loss': '0.07467', 'grad_norm': '7.774', 'learning_rate': '1.952e-05', 'epoch': '2.414'}
{'loss': '0.1207', 'grad_norm': '4.906', 'learning_rate': '1.952e-05', 'epoch': '2.42'}
{'loss': '0.08468', 'grad_norm': '5.756', 'learning_rate': '1.951e-05', 'epoch': '2.426'}
{'loss': '0.1126', 'grad_norm': '6.722', 'learning_rate': '1.951e-05', 'epoch': '2.432'}
{'loss': '0.05927', 'grad_norm': '5.781', 'learning_rate': '1.951e-05', 'epoch': '2.438'}
{'loss': '0.0549', 'grad_norm': '7.559', 'learning_rate': '1.951e-05', 'epoch': '2.445'}
{'loss': '0.09792', 'grad_norm': '5.03', 'learning_rate': '1.951e-05', 'epoch': '2.451'}
{'loss': '0.1458', 'grad_norm': '1.14', 'learning_rate': '1.951e-05', 'epoch': '2.457'}
{'loss': '0.08701', 'grad_norm': '1.599', 'learning_rate': '1.951e-05', 'epoch': '2.463'}
{'loss': '0.1016', 'grad_norm': '3.319', 'learning_rate': '1.951e-05', 'epoch': '2.469'}
{'loss': '0.0593', 'grad_norm': '1.453', 'learning_rate': '1.951e-05', 'epoch': '2.475'}
{'loss': '0.0937', 'grad_norm': '2.856', 'learning_rate': '1.95e-05', 'epoch': '2.482'}
{'loss': '0.07322', 'grad_norm': '2.562', 'learning_rate': '1.95e-05', 'epoch': '2.488'}
{'loss': '0.06816', 'grad_norm': '1.922', 'learning_rate': '1.95e-05', 'epoch': '2.494'}
{'loss': '0.06284', 'grad_norm': '14.15', 'learning_rate': '1.95e-05', 'epoch': '2.5'}
{'loss': '0.0745', 'grad_norm': '6.032', 'learning_rate': '1.95e-05', 'epoch': '2.506'}
{'loss': '0.1246', 'grad_norm': '9.669', 'learning_rate': '1.95e-05', 'epoch': '2.512'}
{'loss': '0.1126', 'grad_norm': '8.672', 'learning_rate': '1.95e-05', 'epoch': '2.518'}
{'loss': '0.09328', 'grad_norm': '7.88', 'learning_rate': '1.95e-05', 'epoch': '2.525'}
{'loss': '0.147', 'grad_norm': '25.66', 'learning_rate': '1.949e-05', 'epoch': '2.531'}
{'loss': '0.1386', 'grad_norm': '4.504', 'learning_rate': '1.949e-05', 'epoch': '2.537'}
{'loss': '0.07638', 'grad_norm': '10.76', 'learning_rate': '1.949e-05', 'epoch': '2.543'}
{'loss': '0.1428', 'grad_norm': '0.684', 'learning_rate': '1.949e-05', 'epoch': '2.549'}
{'loss': '0.1087', 'grad_norm': '10.98', 'learning_rate': '1.949e-05', 'epoch': '2.555'}
{'loss': '0.1185', 'grad_norm': '6.352', 'learning_rate': '1.949e-05', 'epoch': '2.562'}
{'loss': '0.04705', 'grad_norm': '3.962', 'learning_rate': '1.949e-05', 'epoch': '2.568'}
{'loss': '0.06216', 'grad_norm': '1.96', 'learning_rate': '1.949e-05', 'epoch': '2.574'}
{'loss': '0.07078', 'grad_norm': '3.299', 'learning_rate': '1.948e-05', 'epoch': '2.58'}
{'loss': '0.06789', 'grad_norm': '7.608', 'learning_rate': '1.948e-05', 'epoch': '2.586'}
{'loss': '0.07199', 'grad_norm': '4.702', 'learning_rate': '1.948e-05', 'epoch': '2.592'}
{'loss': '0.1043', 'grad_norm': '13.46', 'learning_rate': '1.948e-05', 'epoch': '2.599'}
{'loss': '0.06082', 'grad_norm': '24.81', 'learning_rate': '1.948e-05', 'epoch': '2.605'}
{'loss': '0.09504', 'grad_norm': '16.31', 'learning_rate': '1.948e-05', 'epoch': '2.611'}
{'loss': '0.1077', 'grad_norm': '6.963', 'learning_rate': '1.948e-05', 'epoch': '2.617'}
{'loss': '0.08773', 'grad_norm': '3.704', 'learning_rate': '1.948e-05', 'epoch': '2.623'}
{'loss': '0.07962', 'grad_norm': '10.68', 'learning_rate': '1.947e-05', 'epoch': '2.629'}
{'loss': '0.123', 'grad_norm': '11.09', 'learning_rate': '1.947e-05', 'epoch': '2.635'}
{'loss': '0.09988', 'grad_norm': '21.32', 'learning_rate': '1.947e-05', 'epoch': '2.642'}
{'loss': '0.09507', 'grad_norm': '12.56', 'learning_rate': '1.947e-05', 'epoch': '2.648'}
{'loss': '0.04599', 'grad_norm': '1.208', 'learning_rate': '1.947e-05', 'epoch': '2.654'}
{'loss': '0.1183', 'grad_norm': '1.441', 'learning_rate': '1.947e-05', 'epoch': '2.66'}
{'loss': '0.07731', 'grad_norm': '9.292', 'learning_rate': '1.947e-05', 'epoch': '2.666'}
{'loss': '0.05444', 'grad_norm': '6.888', 'learning_rate': '1.947e-05', 'epoch': '2.672'}
{'loss': '0.133', 'grad_norm': '2.065', 'learning_rate': '1.946e-05', 'epoch': '2.679'}
{'loss': '0.06813', 'grad_norm': '8.221', 'learning_rate': '1.946e-05', 'epoch': '2.685'}
{'loss': '0.07931', 'grad_norm': '13.76', 'learning_rate': '1.946e-05', 'epoch': '2.691'}
{'loss': '0.07206', 'grad_norm': '24.77', 'learning_rate': '1.946e-05', 'epoch': '2.697'}
{'loss': '0.09648', 'grad_norm': '4.692', 'learning_rate': '1.946e-05', 'epoch': '2.703'}
{'loss': '0.09013', 'grad_norm': '9.387', 'learning_rate': '1.946e-05', 'epoch': '2.709'}
{'loss': '0.09242', 'grad_norm': '2.947', 'learning_rate': '1.946e-05', 'epoch': '2.716'}
{'loss': '0.09951', 'grad_norm': '13.83', 'learning_rate': '1.946e-05', 'epoch': '2.722'}
{'loss': '0.1149', 'grad_norm': '12.47', 'learning_rate': '1.945e-05', 'epoch': '2.728'}
{'loss': '0.07393', 'grad_norm': '3.903', 'learning_rate': '1.945e-05', 'epoch': '2.734'}
{'loss': '0.08497', 'grad_norm': '5.002', 'learning_rate': '1.945e-05', 'epoch': '2.74'}
{'loss': '0.0535', 'grad_norm': '26.62', 'learning_rate': '1.945e-05', 'epoch': '2.746'}
{'loss': '0.06659', 'grad_norm': '9.684', 'learning_rate': '1.945e-05', 'epoch': '2.752'}
{'loss': '0.07846', 'grad_norm': '1.141', 'learning_rate': '1.945e-05', 'epoch': '2.759'}
{'loss': '0.1849', 'grad_norm': '0.6574', 'learning_rate': '1.945e-05', 'epoch': '2.765'}
{'loss': '0.1033', 'grad_norm': '137.7', 'learning_rate': '1.945e-05', 'epoch': '2.771'}
{'loss': '0.07486', 'grad_norm': '3.409', 'learning_rate': '1.944e-05', 'epoch': '2.777'}
{'loss': '0.1087', 'grad_norm': '8.704', 'learning_rate': '1.944e-05', 'epoch': '2.783'}
{'loss': '0.103', 'grad_norm': '3.554', 'learning_rate': '1.944e-05', 'epoch': '2.789'}
{'loss': '0.05748', 'grad_norm': '1.953', 'learning_rate': '1.944e-05', 'epoch': '2.796'}
{'loss': '0.07296', 'grad_norm': '4.06', 'learning_rate': '1.944e-05', 'epoch': '2.802'}
{'loss': '0.09579', 'grad_norm': '13.68', 'learning_rate': '1.944e-05', 'epoch': '2.808'}
{'loss': '0.08712', 'grad_norm': '12.78', 'learning_rate': '1.944e-05', 'epoch': '2.814'}
{'loss': '0.05582', 'grad_norm': '5.979', 'learning_rate': '1.944e-05', 'epoch': '2.82'}
{'loss': '0.1394', 'grad_norm': '6.729', 'learning_rate': '1.943e-05', 'epoch': '2.826'}
{'loss': '0.07295', 'grad_norm': '13.11', 'learning_rate': '1.943e-05', 'epoch': '2.833'}
{'loss': '0.06856', 'grad_norm': '7.845', 'learning_rate': '1.943e-05', 'epoch': '2.839'}
{'loss': '0.1114', 'grad_norm': '3.804', 'learning_rate': '1.943e-05', 'epoch': '2.845'}
{'loss': '0.08458', 'grad_norm': '8.365', 'learning_rate': '1.943e-05', 'epoch': '2.851'}
{'loss': '0.05346', 'grad_norm': '1.034', 'learning_rate': '1.943e-05', 'epoch': '2.857'}
{'loss': '0.08555', 'grad_norm': '3.462', 'learning_rate': '1.943e-05', 'epoch': '2.863'}
{'loss': '0.08642', 'grad_norm': '5.916', 'learning_rate': '1.943e-05', 'epoch': '2.869'}
{'loss': '0.07978', 'grad_norm': '5.007', 'learning_rate': '1.943e-05', 'epoch': '2.876'}
{'loss': '0.05005', 'grad_norm': '0.2689', 'learning_rate': '1.942e-05', 'epoch': '2.882'}
{'loss': '0.06174', 'grad_norm': '0.9432', 'learning_rate': '1.942e-05', 'epoch': '2.888'}
{'loss': '0.06049', 'grad_norm': '11.1', 'learning_rate': '1.942e-05', 'epoch': '2.894'}
{'loss': '0.0795', 'grad_norm': '3.618', 'learning_rate': '1.942e-05', 'epoch': '2.9'}
{'loss': '0.1026', 'grad_norm': '2.436', 'learning_rate': '1.942e-05', 'epoch': '2.906'}
{'loss': '0.1268', 'grad_norm': '8.051', 'learning_rate': '1.942e-05', 'epoch': '2.913'}
{'loss': '0.05886', 'grad_norm': '7.137', 'learning_rate': '1.942e-05', 'epoch': '2.919'}
{'loss': '0.1027', 'grad_norm': '10.11', 'learning_rate': '1.942e-05', 'epoch': '2.925'}
{'loss': '0.07734', 'grad_norm': '7.832', 'learning_rate': '1.941e-05', 'epoch': '2.931'}
{'loss': '0.05968', 'grad_norm': '3.341', 'learning_rate': '1.941e-05', 'epoch': '2.937'}
{'loss': '0.06767', 'grad_norm': '3.209', 'learning_rate': '1.941e-05', 'epoch': '2.943'}
{'loss': '0.07844', 'grad_norm': '2.753', 'learning_rate': '1.941e-05', 'epoch': '2.95'}
{'loss': '0.0944', 'grad_norm': '0.1845', 'learning_rate': '1.941e-05', 'epoch': '2.956'}
{'loss': '0.09024', 'grad_norm': '5.834', 'learning_rate': '1.941e-05', 'epoch': '2.962'}
{'loss': '0.09929', 'grad_norm': '5.288', 'learning_rate': '1.941e-05', 'epoch': '2.968'}
{'loss': '0.05884', 'grad_norm': '7.208', 'learning_rate': '1.941e-05', 'epoch': '2.974'}
{'loss': '0.04749', 'grad_norm': '2.681', 'learning_rate': '1.94e-05', 'epoch': '2.98'}
{'loss': '0.06719', 'grad_norm': '0.5907', 'learning_rate': '1.94e-05', 'epoch': '2.986'}
{'loss': '0.1142', 'grad_norm': '10.48', 'learning_rate': '1.94e-05', 'epoch': '2.993'}
{'loss': '0.05995', 'grad_norm': '0.2253', 'learning_rate': '1.94e-05', 'epoch': '2.999'}
{'eval_loss': '0.5118', 'eval_accuracy': '0.9105', 'eval_precision': '0.9106', 'eval_recall': '0.9329', 'eval_f1': '0.9216', 'eval_runtime': '12.21', 'eval_samples_per_second': '1117', 'eval_steps_per_second': '17.53', 'epoch': '3'}
{'loss': '0.09382', 'grad_norm': '1.762', 'learning_rate': '1.94e-05', 'epoch': '3.005'}
{'loss': '0.07087', 'grad_norm': '12.31', 'learning_rate': '1.94e-05', 'epoch': '3.011'}
{'loss': '0.08285', 'grad_norm': '1.032', 'learning_rate': '1.94e-05', 'epoch': '3.017'}
{'loss': '0.07027', 'grad_norm': '6.227', 'learning_rate': '1.94e-05', 'epoch': '3.023'}
{'loss': '0.05131', 'grad_norm': '1.281', 'learning_rate': '1.939e-05', 'epoch': '3.03'}
{'loss': '0.04868', 'grad_norm': '5.747', 'learning_rate': '1.939e-05', 'epoch': '3.036'}
{'loss': '0.09766', 'grad_norm': '2.733', 'learning_rate': '1.939e-05', 'epoch': '3.042'}
{'loss': '0.09578', 'grad_norm': '1.324', 'learning_rate': '1.939e-05', 'epoch': '3.048'}
{'loss': '0.09405', 'grad_norm': '6.541', 'learning_rate': '1.939e-05', 'epoch': '3.054'}
{'loss': '0.06332', 'grad_norm': '5.847', 'learning_rate': '1.939e-05', 'epoch': '3.06'}
{'loss': '0.04961', 'grad_norm': '0.514', 'learning_rate': '1.939e-05', 'epoch': '3.067'}
{'loss': '0.07891', 'grad_norm': '11.57', 'learning_rate': '1.939e-05', 'epoch': '3.073'}
{'loss': '0.07566', 'grad_norm': '2.643', 'learning_rate': '1.938e-05', 'epoch': '3.079'}
{'loss': '0.076', 'grad_norm': '12.51', 'learning_rate': '1.938e-05', 'epoch': '3.085'}
{'loss': '0.09203', 'grad_norm': '6.304', 'learning_rate': '1.938e-05', 'epoch': '3.091'}
{'loss': '0.1054', 'grad_norm': '5.035', 'learning_rate': '1.938e-05', 'epoch': '3.097'}
{'loss': '0.07489', 'grad_norm': '0.1627', 'learning_rate': '1.938e-05', 'epoch': '3.103'}
{'loss': '0.08783', 'grad_norm': '7.154', 'learning_rate': '1.938e-05', 'epoch': '3.11'}
{'loss': '0.08288', 'grad_norm': '3.553', 'learning_rate': '1.938e-05', 'epoch': '3.116'}
{'loss': '0.0751', 'grad_norm': '9.834', 'learning_rate': '1.938e-05', 'epoch': '3.122'}
{'loss': '0.03838', 'grad_norm': '4.868', 'learning_rate': '1.937e-05', 'epoch': '3.128'}
{'loss': '0.06336', 'grad_norm': '10.42', 'learning_rate': '1.937e-05', 'epoch': '3.134'}
{'loss': '0.09804', 'grad_norm': '1.543', 'learning_rate': '1.937e-05', 'epoch': '3.14'}
{'loss': '0.04855', 'grad_norm': '0.9417', 'learning_rate': '1.937e-05', 'epoch': '3.147'}
{'loss': '0.05471', 'grad_norm': '9.353', 'learning_rate': '1.937e-05', 'epoch': '3.153'}
{'loss': '0.09642', 'grad_norm': '0.1207', 'learning_rate': '1.937e-05', 'epoch': '3.159'}
{'loss': '0.09227', 'grad_norm': '6.268', 'learning_rate': '1.937e-05', 'epoch': '3.165'}
{'loss': '0.0511', 'grad_norm': '0.7214', 'learning_rate': '1.937e-05', 'epoch': '3.171'}
{'loss': '0.08179', 'grad_norm': '7.403', 'learning_rate': '1.936e-05', 'epoch': '3.177'}
{'loss': '0.06528', 'grad_norm': '14.18', 'learning_rate': '1.936e-05', 'epoch': '3.183'}
{'loss': '0.06878', 'grad_norm': '15.09', 'learning_rate': '1.936e-05', 'epoch': '3.19'}
{'loss': '0.06895', 'grad_norm': '2.342', 'learning_rate': '1.936e-05', 'epoch': '3.196'}
{'loss': '0.06417', 'grad_norm': '1.305', 'learning_rate': '1.936e-05', 'epoch': '3.202'}
{'loss': '0.1198', 'grad_norm': '5.048', 'learning_rate': '1.936e-05', 'epoch': '3.208'}
{'loss': '0.09393', 'grad_norm': '4.117', 'learning_rate': '1.936e-05', 'epoch': '3.214'}
{'loss': '0.09656', 'grad_norm': '1.358', 'learning_rate': '1.936e-05', 'epoch': '3.22'}
{'loss': '0.05917', 'grad_norm': '3.575', 'learning_rate': '1.935e-05', 'epoch': '3.227'}
{'loss': '0.05214', 'grad_norm': '2.159', 'learning_rate': '1.935e-05', 'epoch': '3.233'}
{'loss': '0.05851', 'grad_norm': '4.68', 'learning_rate': '1.935e-05', 'epoch': '3.239'}
{'loss': '0.09434', 'grad_norm': '1.895', 'learning_rate': '1.935e-05', 'epoch': '3.245'}
{'loss': '0.0437', 'grad_norm': '0.9207', 'learning_rate': '1.935e-05', 'epoch': '3.251'}
{'loss': '0.09424', 'grad_norm': '2.375', 'learning_rate': '1.935e-05', 'epoch': '3.257'}
{'loss': '0.03107', 'grad_norm': '3.498', 'learning_rate': '1.935e-05', 'epoch': '3.264'}
{'loss': '0.06107', 'grad_norm': '5.293', 'learning_rate': '1.935e-05', 'epoch': '3.27'}
{'loss': '0.1061', 'grad_norm': '5.897', 'learning_rate': '1.934e-05', 'epoch': '3.276'}
{'loss': '0.04196', 'grad_norm': '0.3391', 'learning_rate': '1.934e-05', 'epoch': '3.282'}
{'loss': '0.07823', 'grad_norm': '8.046', 'learning_rate': '1.934e-05', 'epoch': '3.288'}
{'loss': '0.07932', 'grad_norm': '13.4', 'learning_rate': '1.934e-05', 'epoch': '3.294'}
{'loss': '0.07557', 'grad_norm': '5.001', 'learning_rate': '1.934e-05', 'epoch': '3.3'}
{'loss': '0.07553', 'grad_norm': '1.036', 'learning_rate': '1.934e-05', 'epoch': '3.307'}
{'loss': '0.06866', 'grad_norm': '6.234', 'learning_rate': '1.934e-05', 'epoch': '3.313'}
{'loss': '0.09808', 'grad_norm': '1.38', 'learning_rate': '1.934e-05', 'epoch': '3.319'}
{'loss': '0.06124', 'grad_norm': '5.234', 'learning_rate': '1.934e-05', 'epoch': '3.325'}
{'loss': '0.109', 'grad_norm': '5.448', 'learning_rate': '1.933e-05', 'epoch': '3.331'}
{'loss': '0.07596', 'grad_norm': '3.912', 'learning_rate': '1.933e-05', 'epoch': '3.337'}
{'loss': '0.0269', 'grad_norm': '10.89', 'learning_rate': '1.933e-05', 'epoch': '3.344'}
{'loss': '0.02998', 'grad_norm': '1.806', 'learning_rate': '1.933e-05', 'epoch': '3.35'}
{'loss': '0.08192', 'grad_norm': '2.611', 'learning_rate': '1.933e-05', 'epoch': '3.356'}
{'loss': '0.09851', 'grad_norm': '0.7502', 'learning_rate': '1.933e-05', 'epoch': '3.362'}
{'loss': '0.07338', 'grad_norm': '0.3894', 'learning_rate': '1.933e-05', 'epoch': '3.368'}
{'loss': '0.07805', 'grad_norm': '9.388', 'learning_rate': '1.933e-05', 'epoch': '3.374'}
{'loss': '0.05061', 'grad_norm': '2.241', 'learning_rate': '1.932e-05', 'epoch': '3.381'}
{'loss': '0.04892', 'grad_norm': '4.973', 'learning_rate': '1.932e-05', 'epoch': '3.387'}
{'loss': '0.07534', 'grad_norm': '5.905', 'learning_rate': '1.932e-05', 'epoch': '3.393'}
{'loss': '0.1015', 'grad_norm': '6.961', 'learning_rate': '1.932e-05', 'epoch': '3.399'}
{'loss': '0.05117', 'grad_norm': '0.2732', 'learning_rate': '1.932e-05', 'epoch': '3.405'}
{'loss': '0.07114', 'grad_norm': '7.689', 'learning_rate': '1.932e-05', 'epoch': '3.411'}
{'loss': '0.05256', 'grad_norm': '4.249', 'learning_rate': '1.932e-05', 'epoch': '3.417'}
{'loss': '0.07146', 'grad_norm': '0.7398', 'learning_rate': '1.932e-05', 'epoch': '3.424'}
{'loss': '0.1239', 'grad_norm': '6.98', 'learning_rate': '1.931e-05', 'epoch': '3.43'}
{'loss': '0.06763', 'grad_norm': '0.7026', 'learning_rate': '1.931e-05', 'epoch': '3.436'}
{'loss': '0.07213', 'grad_norm': '5.524', 'learning_rate': '1.931e-05', 'epoch': '3.442'}
{'loss': '0.08642', 'grad_norm': '2.424', 'learning_rate': '1.931e-05', 'epoch': '3.448'}
{'loss': '0.0372', 'grad_norm': '4.825', 'learning_rate': '1.931e-05', 'epoch': '3.454'}
{'loss': '0.05339', 'grad_norm': '12.79', 'learning_rate': '1.931e-05', 'epoch': '3.461'}
{'loss': '0.1265', 'grad_norm': '3.878', 'learning_rate': '1.931e-05', 'epoch': '3.467'}
{'loss': '0.0299', 'grad_norm': '7.499', 'learning_rate': '1.931e-05', 'epoch': '3.473'}
{'loss': '0.06335', 'grad_norm': '2.422', 'learning_rate': '1.93e-05', 'epoch': '3.479'}
{'loss': '0.02453', 'grad_norm': '4.174', 'learning_rate': '1.93e-05', 'epoch': '3.485'}
{'loss': '0.05482', 'grad_norm': '27.17', 'learning_rate': '1.93e-05', 'epoch': '3.491'}
{'loss': '0.09745', 'grad_norm': '5.558', 'learning_rate': '1.93e-05', 'epoch': '3.498'}
{'loss': '0.05744', 'grad_norm': '0.8191', 'learning_rate': '1.93e-05', 'epoch': '3.504'}
{'loss': '0.06278', 'grad_norm': '6.106', 'learning_rate': '1.93e-05', 'epoch': '3.51'}
{'loss': '0.07369', 'grad_norm': '0.5159', 'learning_rate': '1.93e-05', 'epoch': '3.516'}
{'loss': '0.06922', 'grad_norm': '1.672', 'learning_rate': '1.93e-05', 'epoch': '3.522'}
{'loss': '0.06005', 'grad_norm': '2.259', 'learning_rate': '1.929e-05', 'epoch': '3.528'}
{'loss': '0.08978', 'grad_norm': '0.8004', 'learning_rate': '1.929e-05', 'epoch': '3.534'}
{'loss': '0.0432', 'grad_norm': '6.509', 'learning_rate': '1.929e-05', 'epoch': '3.541'}
{'loss': '0.09816', 'grad_norm': '8.31', 'learning_rate': '1.929e-05', 'epoch': '3.547'}
{'loss': '0.06634', 'grad_norm': '2.184', 'learning_rate': '1.929e-05', 'epoch': '3.553'}
{'loss': '0.09345', 'grad_norm': '15.4', 'learning_rate': '1.929e-05', 'epoch': '3.559'}
{'loss': '0.05084', 'grad_norm': '0.4909', 'learning_rate': '1.929e-05', 'epoch': '3.565'}
{'loss': '0.1696', 'grad_norm': '7.48', 'learning_rate': '1.929e-05', 'epoch': '3.571'}
{'loss': '0.1319', 'grad_norm': '3.032', 'learning_rate': '1.928e-05', 'epoch': '3.578'}
{'loss': '0.04549', 'grad_norm': '1.052', 'learning_rate': '1.928e-05', 'epoch': '3.584'}
{'loss': '0.0195', 'grad_norm': '15.17', 'learning_rate': '1.928e-05', 'epoch': '3.59'}
{'loss': '0.04593', 'grad_norm': '1.104', 'learning_rate': '1.928e-05', 'epoch': '3.596'}
{'loss': '0.05866', 'grad_norm': '71.66', 'learning_rate': '1.928e-05', 'epoch': '3.602'}
{'loss': '0.03734', 'grad_norm': '4.88', 'learning_rate': '1.928e-05', 'epoch': '3.608'}
{'loss': '0.02681', 'grad_norm': '2.698', 'learning_rate': '1.928e-05', 'epoch': '3.615'}
{'loss': '0.04732', 'grad_norm': '6.408', 'learning_rate': '1.928e-05', 'epoch': '3.621'}
{'loss': '0.07038', 'grad_norm': '4.559', 'learning_rate': '1.927e-05', 'epoch': '3.627'}
{'loss': '0.05074', 'grad_norm': '5.393', 'learning_rate': '1.927e-05', 'epoch': '3.633'}
{'loss': '0.05935', 'grad_norm': '0.8391', 'learning_rate': '1.927e-05', 'epoch': '3.639'}
{'loss': '0.04659', 'grad_norm': '0.4871', 'learning_rate': '1.927e-05', 'epoch': '3.645'}
{'loss': '0.02519', 'grad_norm': '6.686', 'learning_rate': '1.927e-05', 'epoch': '3.651'}
{'loss': '0.06855', 'grad_norm': '3.069', 'learning_rate': '1.927e-05', 'epoch': '3.658'}
{'loss': '0.04436', 'grad_norm': '6.375', 'learning_rate': '1.927e-05', 'epoch': '3.664'}
{'loss': '0.08857', 'grad_norm': '5.147', 'learning_rate': '1.927e-05', 'epoch': '3.67'}
{'loss': '0.07263', 'grad_norm': '3.383', 'learning_rate': '1.926e-05', 'epoch': '3.676'}
{'loss': '0.03665', 'grad_norm': '10.47', 'learning_rate': '1.926e-05', 'epoch': '3.682'}
{'loss': '0.04681', 'grad_norm': '0.5323', 'learning_rate': '1.926e-05', 'epoch': '3.688'}
{'loss': '0.1377', 'grad_norm': '0.04227', 'learning_rate': '1.926e-05', 'epoch': '3.695'}
{'loss': '0.07239', 'grad_norm': '0.9999', 'learning_rate': '1.926e-05', 'epoch': '3.701'}
{'loss': '0.08089', 'grad_norm': '15.05', 'learning_rate': '1.926e-05', 'epoch': '3.707'}
{'loss': '0.04624', 'grad_norm': '10.05', 'learning_rate': '1.926e-05', 'epoch': '3.713'}
{'loss': '0.07704', 'grad_norm': '4.862', 'learning_rate': '1.926e-05', 'epoch': '3.719'}
{'loss': '0.05202', 'grad_norm': '0.09922', 'learning_rate': '1.926e-05', 'epoch': '3.725'}
{'loss': '0.08595', 'grad_norm': '7.523', 'learning_rate': '1.925e-05', 'epoch': '3.732'}
{'loss': '0.07804', 'grad_norm': '2.977', 'learning_rate': '1.925e-05', 'epoch': '3.738'}
{'loss': '0.07078', 'grad_norm': '4.088', 'learning_rate': '1.925e-05', 'epoch': '3.744'}
{'loss': '0.02994', 'grad_norm': '0.04338', 'learning_rate': '1.925e-05', 'epoch': '3.75'}
{'loss': '0.05068', 'grad_norm': '4.584', 'learning_rate': '1.925e-05', 'epoch': '3.756'}
{'loss': '0.0393', 'grad_norm': '4.457', 'learning_rate': '1.925e-05', 'epoch': '3.762'}
{'loss': '0.07046', 'grad_norm': '9.833', 'learning_rate': '1.925e-05', 'epoch': '3.768'}
{'loss': '0.05013', 'grad_norm': '0.4695', 'learning_rate': '1.925e-05', 'epoch': '3.775'}
{'loss': '0.06527', 'grad_norm': '10.31', 'learning_rate': '1.924e-05', 'epoch': '3.781'}
{'loss': '0.05681', 'grad_norm': '1.376', 'learning_rate': '1.924e-05', 'epoch': '3.787'}
{'loss': '0.05539', 'grad_norm': '1.213', 'learning_rate': '1.924e-05', 'epoch': '3.793'}
{'loss': '0.04137', 'grad_norm': '6.283', 'learning_rate': '1.924e-05', 'epoch': '3.799'}
{'loss': '0.05718', 'grad_norm': '12.17', 'learning_rate': '1.924e-05', 'epoch': '3.805'}
{'loss': '0.04356', 'grad_norm': '3.686', 'learning_rate': '1.924e-05', 'epoch': '3.812'}
{'loss': '0.1', 'grad_norm': '1.093', 'learning_rate': '1.924e-05', 'epoch': '3.818'}
{'loss': '0.05472', 'grad_norm': '0.3391', 'learning_rate': '1.924e-05', 'epoch': '3.824'}
{'loss': '0.04509', 'grad_norm': '7.379', 'learning_rate': '1.923e-05', 'epoch': '3.83'}
{'loss': '0.07582', 'grad_norm': '5.297', 'learning_rate': '1.923e-05', 'epoch': '3.836'}
{'loss': '0.08875', 'grad_norm': '2.777', 'learning_rate': '1.923e-05', 'epoch': '3.842'}
{'loss': '0.03119', 'grad_norm': '6.21', 'learning_rate': '1.923e-05', 'epoch': '3.849'}
{'loss': '0.02564', 'grad_norm': '1.467', 'learning_rate': '1.923e-05', 'epoch': '3.855'}
{'loss': '0.1004', 'grad_norm': '0.1582', 'learning_rate': '1.923e-05', 'epoch': '3.861'}
{'loss': '0.05766', 'grad_norm': '6.951', 'learning_rate': '1.923e-05', 'epoch': '3.867'}
{'loss': '0.0401', 'grad_norm': '4.462', 'learning_rate': '1.923e-05', 'epoch': '3.873'}
{'loss': '0.02309', 'grad_norm': '1.216', 'learning_rate': '1.922e-05', 'epoch': '3.879'}
{'loss': '0.04991', 'grad_norm': '0.952', 'learning_rate': '1.922e-05', 'epoch': '3.885'}
{'loss': '0.03285', 'grad_norm': '1.528', 'learning_rate': '1.922e-05', 'epoch': '3.892'}
{'loss': '0.04066', 'grad_norm': '1.699', 'learning_rate': '1.922e-05', 'epoch': '3.898'}
{'loss': '0.04708', 'grad_norm': '3.962', 'learning_rate': '1.922e-05', 'epoch': '3.904'}
{'loss': '0.08011', 'grad_norm': '9.466', 'learning_rate': '1.922e-05', 'epoch': '3.91'}
{'loss': '0.04059', 'grad_norm': '0.2467', 'learning_rate': '1.922e-05', 'epoch': '3.916'}
{'loss': '0.04669', 'grad_norm': '5.818', 'learning_rate': '1.922e-05', 'epoch': '3.922'}
{'loss': '0.1061', 'grad_norm': '0.3407', 'learning_rate': '1.921e-05', 'epoch': '3.929'}
{'loss': '0.04098', 'grad_norm': '3.903', 'learning_rate': '1.921e-05', 'epoch': '3.935'}
{'loss': '0.04343', 'grad_norm': '7.368', 'learning_rate': '1.921e-05', 'epoch': '3.941'}
{'loss': '0.06639', 'grad_norm': '1.574', 'learning_rate': '1.921e-05', 'epoch': '3.947'}
{'loss': '0.06234', 'grad_norm': '2.366', 'learning_rate': '1.921e-05', 'epoch': '3.953'}
{'loss': '0.0442', 'grad_norm': '4.534', 'learning_rate': '1.921e-05', 'epoch': '3.959'}
{'loss': '0.1328', 'grad_norm': '9.616', 'learning_rate': '1.921e-05', 'epoch': '3.966'}
{'loss': '0.06805', 'grad_norm': '5.583', 'learning_rate': '1.921e-05', 'epoch': '3.972'}
{'loss': '0.04439', 'grad_norm': '0.06843', 'learning_rate': '1.92e-05', 'epoch': '3.978'}
{'loss': '0.08249', 'grad_norm': '3.923', 'learning_rate': '1.92e-05', 'epoch': '3.984'}
{'loss': '0.07908', 'grad_norm': '4.805', 'learning_rate': '1.92e-05', 'epoch': '3.99'}
{'loss': '0.04825', 'grad_norm': '4.797', 'learning_rate': '1.92e-05', 'epoch': '3.996'}
{'eval_loss': '0.5516', 'eval_accuracy': '0.9107', 'eval_precision': '0.9033', 'eval_recall': '0.9425', 'eval_f1': '0.9225', 'eval_runtime': '12.19', 'eval_samples_per_second': '1118', 'eval_steps_per_second': '17.56', 'epoch': '4'}
{'loss': '0.05962', 'grad_norm': '2.823', 'learning_rate': '1.92e-05', 'epoch': '4.002'}
{'loss': '0.04949', 'grad_norm': '2.148', 'learning_rate': '1.92e-05', 'epoch': '4.009'}
{'loss': '0.07065', 'grad_norm': '4.223', 'learning_rate': '1.92e-05', 'epoch': '4.015'}
{'loss': '0.02992', 'grad_norm': '1.062', 'learning_rate': '1.92e-05', 'epoch': '4.021'}
{'loss': '0.04449', 'grad_norm': '13.71', 'learning_rate': '1.919e-05', 'epoch': '4.027'}
{'loss': '0.05209', 'grad_norm': '7.619', 'learning_rate': '1.919e-05', 'epoch': '4.033'}
{'loss': '0.05307', 'grad_norm': '0.3681', 'learning_rate': '1.919e-05', 'epoch': '4.039'}
{'loss': '0.04415', 'grad_norm': '1.024', 'learning_rate': '1.919e-05', 'epoch': '4.046'}
{'loss': '0.07921', 'grad_norm': '0.2933', 'learning_rate': '1.919e-05', 'epoch': '4.052'}
{'loss': '0.03338', 'grad_norm': '4.269', 'learning_rate': '1.919e-05', 'epoch': '4.058'}
{'loss': '0.02437', 'grad_norm': '0.4774', 'learning_rate': '1.919e-05', 'epoch': '4.064'}
{'loss': '0.03911', 'grad_norm': '0.1157', 'learning_rate': '1.919e-05', 'epoch': '4.07'}
{'loss': '0.06163', 'grad_norm': '1.566', 'learning_rate': '1.918e-05', 'epoch': '4.076'}
{'loss': '0.06589', 'grad_norm': '4.741', 'learning_rate': '1.918e-05', 'epoch': '4.083'}
{'loss': '0.01352', 'grad_norm': '0.1081', 'learning_rate': '1.918e-05', 'epoch': '4.089'}
{'loss': '0.05457', 'grad_norm': '0.183', 'learning_rate': '1.918e-05', 'epoch': '4.095'}
{'loss': '0.02598', 'grad_norm': '3.858', 'learning_rate': '1.918e-05', 'epoch': '4.101'}
{'loss': '0.03458', 'grad_norm': '2.293', 'learning_rate': '1.918e-05', 'epoch': '4.107'}
{'loss': '0.0375', 'grad_norm': '0.1556', 'learning_rate': '1.918e-05', 'epoch': '4.113'}
{'loss': '0.05106', 'grad_norm': '0.4272', 'learning_rate': '1.918e-05', 'epoch': '4.119'}
{'loss': '0.03655', 'grad_norm': '2.032', 'learning_rate': '1.918e-05', 'epoch': '4.126'}
{'loss': '0.1038', 'grad_norm': '1.965', 'learning_rate': '1.917e-05', 'epoch': '4.132'}
{'loss': '0.06068', 'grad_norm': '1.766', 'learning_rate': '1.917e-05', 'epoch': '4.138'}
{'loss': '0.06736', 'grad_norm': '3.204', 'learning_rate': '1.917e-05', 'epoch': '4.144'}
{'loss': '0.04928', 'grad_norm': '4.575', 'learning_rate': '1.917e-05', 'epoch': '4.15'}
{'loss': '0.04902', 'grad_norm': '2.142', 'learning_rate': '1.917e-05', 'epoch': '4.156'}
{'loss': '0.03027', 'grad_norm': '1.347', 'learning_rate': '1.917e-05', 'epoch': '4.163'}
{'loss': '0.02979', 'grad_norm': '0.6974', 'learning_rate': '1.917e-05', 'epoch': '4.169'}
{'loss': '0.01599', 'grad_norm': '0.5195', 'learning_rate': '1.917e-05', 'epoch': '4.175'}
{'loss': '0.03943', 'grad_norm': '12.64', 'learning_rate': '1.916e-05', 'epoch': '4.181'}
{'loss': '0.06872', 'grad_norm': '0.2956', 'learning_rate': '1.916e-05', 'epoch': '4.187'}
{'loss': '0.1233', 'grad_norm': '1.395', 'learning_rate': '1.916e-05', 'epoch': '4.193'}
{'loss': '0.0426', 'grad_norm': '3.951', 'learning_rate': '1.916e-05', 'epoch': '4.2'}
{'loss': '0.06103', 'grad_norm': '4.07', 'learning_rate': '1.916e-05', 'epoch': '4.206'}
{'loss': '0.03034', 'grad_norm': '0.2072', 'learning_rate': '1.916e-05', 'epoch': '4.212'}
{'loss': '0.0467', 'grad_norm': '4.652', 'learning_rate': '1.916e-05', 'epoch': '4.218'}
{'loss': '0.0573', 'grad_norm': '0.1772', 'learning_rate': '1.916e-05', 'epoch': '4.224'}
{'loss': '0.05973', 'grad_norm': '8.462', 'learning_rate': '1.915e-05', 'epoch': '4.23'}
{'loss': '0.06493', 'grad_norm': '1.117', 'learning_rate': '1.915e-05', 'epoch': '4.236'}
{'loss': '0.06449', 'grad_norm': '3.623', 'learning_rate': '1.915e-05', 'epoch': '4.243'}
{'loss': '0.08079', 'grad_norm': '1.727', 'learning_rate': '1.915e-05', 'epoch': '4.249'}
{'loss': '0.05073', 'grad_norm': '8.236', 'learning_rate': '1.915e-05', 'epoch': '4.255'}
{'loss': '0.03654', 'grad_norm': '8.144', 'learning_rate': '1.915e-05', 'epoch': '4.261'}
{'loss': '0.02665', 'grad_norm': '2.328', 'learning_rate': '1.915e-05', 'epoch': '4.267'}
{'loss': '0.06497', 'grad_norm': '6.295', 'learning_rate': '1.915e-05', 'epoch': '4.273'}
{'loss': '0.02044', 'grad_norm': '6.29', 'learning_rate': '1.914e-05', 'epoch': '4.28'}
{'loss': '0.06272', 'grad_norm': '1.279', 'learning_rate': '1.914e-05', 'epoch': '4.286'}
{'loss': '0.08112', 'grad_norm': '3.334', 'learning_rate': '1.914e-05', 'epoch': '4.292'}
{'loss': '0.03943', 'grad_norm': '0.6189', 'learning_rate': '1.914e-05', 'epoch': '4.298'}
{'loss': '0.01745', 'grad_norm': '3.625', 'learning_rate': '1.914e-05', 'epoch': '4.304'}
{'loss': '0.06599', 'grad_norm': '1.142', 'learning_rate': '1.914e-05', 'epoch': '4.31'}
{'loss': '0.03551', 'grad_norm': '0.1639', 'learning_rate': '1.914e-05', 'epoch': '4.317'}
{'loss': '0.03778', 'grad_norm': '4.153', 'learning_rate': '1.914e-05', 'epoch': '4.323'}
{'loss': '0.03578', 'grad_norm': '0.07017', 'learning_rate': '1.913e-05', 'epoch': '4.329'}
{'loss': '0.01981', 'grad_norm': '1.529', 'learning_rate': '1.913e-05', 'epoch': '4.335'}
{'loss': '0.1216', 'grad_norm': '8.015', 'learning_rate': '1.913e-05', 'epoch': '4.341'}
{'loss': '0.06636', 'grad_norm': '4.336', 'learning_rate': '1.913e-05', 'epoch': '4.347'}
{'loss': '0.01912', 'grad_norm': '5.51', 'learning_rate': '1.913e-05', 'epoch': '4.353'}
{'loss': '0.05711', 'grad_norm': '8.777', 'learning_rate': '1.913e-05', 'epoch': '4.36'}
{'loss': '0.05152', 'grad_norm': '1.786', 'learning_rate': '1.913e-05', 'epoch': '4.366'}
{'loss': '0.0258', 'grad_norm': '0.2937', 'learning_rate': '1.913e-05', 'epoch': '4.372'}
{'loss': '0.08499', 'grad_norm': '4.991', 'learning_rate': '1.912e-05', 'epoch': '4.378'}
{'loss': '0.03688', 'grad_norm': '0.03692', 'learning_rate': '1.912e-05', 'epoch': '4.384'}
{'loss': '0.07509', 'grad_norm': '0.2555', 'learning_rate': '1.912e-05', 'epoch': '4.39'}
{'loss': '0.06038', 'grad_norm': '13.65', 'learning_rate': '1.912e-05', 'epoch': '4.397'}
{'loss': '0.04891', 'grad_norm': '0.1179', 'learning_rate': '1.912e-05', 'epoch': '4.403'}
{'loss': '0.05751', 'grad_norm': '0.2097', 'learning_rate': '1.912e-05', 'epoch': '4.409'}
{'loss': '0.02424', 'grad_norm': '1.087', 'learning_rate': '1.912e-05', 'epoch': '4.415'}
{'loss': '0.04609', 'grad_norm': '2.326', 'learning_rate': '1.912e-05', 'epoch': '4.421'}
{'loss': '0.02302', 'grad_norm': '0.6597', 'learning_rate': '1.911e-05', 'epoch': '4.427'}
{'loss': '0.06117', 'grad_norm': '0.6773', 'learning_rate': '1.911e-05', 'epoch': '4.433'}
{'loss': '0.05654', 'grad_norm': '0.07027', 'learning_rate': '1.911e-05', 'epoch': '4.44'}
{'loss': '0.03634', 'grad_norm': '1.472', 'learning_rate': '1.911e-05', 'epoch': '4.446'}
{'loss': '0.05343', 'grad_norm': '0.4362', 'learning_rate': '1.911e-05', 'epoch': '4.452'}
{'loss': '0.02367', 'grad_norm': '0.3641', 'learning_rate': '1.911e-05', 'epoch': '4.458'}
{'loss': '0.1532', 'grad_norm': '11.36', 'learning_rate': '1.911e-05', 'epoch': '4.464'}
{'loss': '0.09043', 'grad_norm': '4.952', 'learning_rate': '1.911e-05', 'epoch': '4.47'}
{'loss': '0.03099', 'grad_norm': '0.05308', 'learning_rate': '1.91e-05', 'epoch': '4.477'}
{'loss': '0.0772', 'grad_norm': '2.895', 'learning_rate': '1.91e-05', 'epoch': '4.483'}
{'loss': '0.07383', 'grad_norm': '6.078', 'learning_rate': '1.91e-05', 'epoch': '4.489'}
{'loss': '0.03695', 'grad_norm': '0.06328', 'learning_rate': '1.91e-05', 'epoch': '4.495'}
{'loss': '0.04903', 'grad_norm': '0.3584', 'learning_rate': '1.91e-05', 'epoch': '4.501'}
{'loss': '0.03457', 'grad_norm': '0.1073', 'learning_rate': '1.91e-05', 'epoch': '4.507'}
{'loss': '0.02719', 'grad_norm': '2.145', 'learning_rate': '1.91e-05', 'epoch': '4.514'}
{'loss': '0.01658', 'grad_norm': '1.296', 'learning_rate': '1.91e-05', 'epoch': '4.52'}
{'loss': '0.05986', 'grad_norm': '0.007292', 'learning_rate': '1.909e-05', 'epoch': '4.526'}
{'loss': '0.06551', 'grad_norm': '0.2635', 'learning_rate': '1.909e-05', 'epoch': '4.532'}
{'loss': '0.04428', 'grad_norm': '14.33', 'learning_rate': '1.909e-05', 'epoch': '4.538'}
{'loss': '0.02375', 'grad_norm': '0.9634', 'learning_rate': '1.909e-05', 'epoch': '4.544'}
{'loss': '0.07103', 'grad_norm': '1.514', 'learning_rate': '1.909e-05', 'epoch': '4.55'}
{'loss': '0.04666', 'grad_norm': '7.396', 'learning_rate': '1.909e-05', 'epoch': '4.557'}
{'loss': '0.03744', 'grad_norm': '2.59', 'learning_rate': '1.909e-05', 'epoch': '4.563'}
{'loss': '0.0393', 'grad_norm': '41.56', 'learning_rate': '1.909e-05', 'epoch': '4.569'}
{'loss': '0.0297', 'grad_norm': '11.04', 'learning_rate': '1.909e-05', 'epoch': '4.575'}
{'loss': '0.04604', 'grad_norm': '0.2036', 'learning_rate': '1.908e-05', 'epoch': '4.581'}
{'loss': '0.04525', 'grad_norm': '3.665', 'learning_rate': '1.908e-05', 'epoch': '4.587'}
{'loss': '0.04054', 'grad_norm': '1.139', 'learning_rate': '1.908e-05', 'epoch': '4.594'}
{'loss': '0.03049', 'grad_norm': '2.543', 'learning_rate': '1.908e-05', 'epoch': '4.6'}
{'loss': '0.03172', 'grad_norm': '4.469', 'learning_rate': '1.908e-05', 'epoch': '4.606'}
{'loss': '0.02625', 'grad_norm': '5.999', 'learning_rate': '1.908e-05', 'epoch': '4.612'}
{'loss': '0.05517', 'grad_norm': '3.906', 'learning_rate': '1.908e-05', 'epoch': '4.618'}
{'loss': '0.03542', 'grad_norm': '0.4791', 'learning_rate': '1.908e-05', 'epoch': '4.624'}
{'loss': '0.04067', 'grad_norm': '0.4675', 'learning_rate': '1.907e-05', 'epoch': '4.631'}
{'loss': '0.01852', 'grad_norm': '0.02007', 'learning_rate': '1.907e-05', 'epoch': '4.637'}
{'loss': '0.0552', 'grad_norm': '5.848', 'learning_rate': '1.907e-05', 'epoch': '4.643'}
{'loss': '0.03221', 'grad_norm': '5.738', 'learning_rate': '1.907e-05', 'epoch': '4.649'}
{'loss': '0.05761', 'grad_norm': '3.549', 'learning_rate': '1.907e-05', 'epoch': '4.655'}
{'loss': '0.024', 'grad_norm': '0.02083', 'learning_rate': '1.907e-05', 'epoch': '4.661'}
{'loss': '0.03305', 'grad_norm': '1.969', 'learning_rate': '1.907e-05', 'epoch': '4.667'}
{'loss': '0.05176', 'grad_norm': '4.588', 'learning_rate': '1.907e-05', 'epoch': '4.674'}
{'loss': '0.05356', 'grad_norm': '4.033', 'learning_rate': '1.906e-05', 'epoch': '4.68'}
{'loss': '0.02207', 'grad_norm': '0.46', 'learning_rate': '1.906e-05', 'epoch': '4.686'}
{'loss': '0.09363', 'grad_norm': '2.04', 'learning_rate': '1.906e-05', 'epoch': '4.692'}
{'loss': '0.03491', 'grad_norm': '10.88', 'learning_rate': '1.906e-05', 'epoch': '4.698'}
{'loss': '0.05397', 'grad_norm': '56.99', 'learning_rate': '1.906e-05', 'epoch': '4.704'}
{'loss': '0.03919', 'grad_norm': '0.105', 'learning_rate': '1.906e-05', 'epoch': '4.711'}
{'loss': '0.04028', 'grad_norm': '5.666', 'learning_rate': '1.906e-05', 'epoch': '4.717'}
{'loss': '0.03267', 'grad_norm': '5.063', 'learning_rate': '1.906e-05', 'epoch': '4.723'}
{'loss': '0.01278', 'grad_norm': '0.5515', 'learning_rate': '1.905e-05', 'epoch': '4.729'}
{'loss': '0.0359', 'grad_norm': '5.95', 'learning_rate': '1.905e-05', 'epoch': '4.735'}
{'loss': '0.04698', 'grad_norm': '3.063', 'learning_rate': '1.905e-05', 'epoch': '4.741'}
{'loss': '0.04037', 'grad_norm': '0.645', 'learning_rate': '1.905e-05', 'epoch': '4.748'}
{'loss': '0.06776', 'grad_norm': '6.692', 'learning_rate': '1.905e-05', 'epoch': '4.754'}
{'loss': '0.0465', 'grad_norm': '0.6676', 'learning_rate': '1.905e-05', 'epoch': '4.76'}
{'loss': '0.03655', 'grad_norm': '0.2272', 'learning_rate': '1.905e-05', 'epoch': '4.766'}
{'loss': '0.05804', 'grad_norm': '3.259', 'learning_rate': '1.905e-05', 'epoch': '4.772'}
{'loss': '0.02396', 'grad_norm': '0.1625', 'learning_rate': '1.904e-05', 'epoch': '4.778'}
{'loss': '0.05486', 'grad_norm': '8.553', 'learning_rate': '1.904e-05', 'epoch': '4.784'}
{'loss': '0.02472', 'grad_norm': '4.432', 'learning_rate': '1.904e-05', 'epoch': '4.791'}
{'loss': '0.02174', 'grad_norm': '1.367', 'learning_rate': '1.904e-05', 'epoch': '4.797'}
{'loss': '0.04848', 'grad_norm': '5.679', 'learning_rate': '1.904e-05', 'epoch': '4.803'}
{'loss': '0.03704', 'grad_norm': '4.843', 'learning_rate': '1.904e-05', 'epoch': '4.809'}
{'loss': '0.04081', 'grad_norm': '17.89', 'learning_rate': '1.904e-05', 'epoch': '4.815'}
{'loss': '0.0141', 'grad_norm': '0.6695', 'learning_rate': '1.904e-05', 'epoch': '4.821'}
{'loss': '0.07761', 'grad_norm': '0.2789', 'learning_rate': '1.903e-05', 'epoch': '4.828'}
{'loss': '0.0192', 'grad_norm': '1.302', 'learning_rate': '1.903e-05', 'epoch': '4.834'}
{'loss': '0.03635', 'grad_norm': '1.412', 'learning_rate': '1.903e-05', 'epoch': '4.84'}
{'loss': '0.03587', 'grad_norm': '6.881', 'learning_rate': '1.903e-05', 'epoch': '4.846'}
{'loss': '0.02837', 'grad_norm': '3.234', 'learning_rate': '1.903e-05', 'epoch': '4.852'}
{'loss': '0.02834', 'grad_norm': '17', 'learning_rate': '1.903e-05', 'epoch': '4.858'}
{'loss': '0.03774', 'grad_norm': '0.01783', 'learning_rate': '1.903e-05', 'epoch': '4.865'}
{'loss': '0.08716', 'grad_norm': '1.069', 'learning_rate': '1.903e-05', 'epoch': '4.871'}
{'loss': '0.01723', 'grad_norm': '2.56', 'learning_rate': '1.902e-05', 'epoch': '4.877'}
{'loss': '0.02154', 'grad_norm': '2.764', 'learning_rate': '1.902e-05', 'epoch': '4.883'}
{'loss': '0.05148', 'grad_norm': '0.03738', 'learning_rate': '1.902e-05', 'epoch': '4.889'}
{'loss': '0.03313', 'grad_norm': '27.82', 'learning_rate': '1.902e-05', 'epoch': '4.895'}
{'loss': '0.03413', 'grad_norm': '6.252', 'learning_rate': '1.902e-05', 'epoch': '4.901'}
{'loss': '0.03405', 'grad_norm': '0.2844', 'learning_rate': '1.902e-05', 'epoch': '4.908'}
{'loss': '0.05268', 'grad_norm': '0.06008', 'learning_rate': '1.902e-05', 'epoch': '4.914'}
{'loss': '0.03374', 'grad_norm': '0.1013', 'learning_rate': '1.902e-05', 'epoch': '4.92'}
{'loss': '0.0368', 'grad_norm': '4.442', 'learning_rate': '1.901e-05', 'epoch': '4.926'}
{'loss': '0.02723', 'grad_norm': '6.203', 'learning_rate': '1.901e-05', 'epoch': '4.932'}
{'loss': '0.04269', 'grad_norm': '10.96', 'learning_rate': '1.901e-05', 'epoch': '4.938'}
{'loss': '0.04289', 'grad_norm': '1.424', 'learning_rate': '1.901e-05', 'epoch': '4.945'}
{'loss': '0.05433', 'grad_norm': '0.07582', 'learning_rate': '1.901e-05', 'epoch': '4.951'}
{'loss': '0.04448', 'grad_norm': '0.07515', 'learning_rate': '1.901e-05', 'epoch': '4.957'}
{'loss': '0.04449', 'grad_norm': '15.1', 'learning_rate': '1.901e-05', 'epoch': '4.963'}
{'loss': '0.04163', 'grad_norm': '0.8636', 'learning_rate': '1.901e-05', 'epoch': '4.969'}
{'loss': '0.0682', 'grad_norm': '10.02', 'learning_rate': '1.901e-05', 'epoch': '4.975'}
{'loss': '0.03196', 'grad_norm': '0.0561', 'learning_rate': '1.9e-05', 'epoch': '4.982'}
{'loss': '0.05565', 'grad_norm': '7.579', 'learning_rate': '1.9e-05', 'epoch': '4.988'}
{'loss': '0.0723', 'grad_norm': '0.9945', 'learning_rate': '1.9e-05', 'epoch': '4.994'}
{'loss': '0.04334', 'grad_norm': '0.5014', 'learning_rate': '1.9e-05', 'epoch': '5'}
{'eval_loss': '0.6736', 'eval_accuracy': '0.9156', 'eval_precision': '0.8999', 'eval_recall': '0.957', 'eval_f1': '0.9275', 'eval_runtime': '12.17', 'eval_samples_per_second': '1120', 'eval_steps_per_second': '17.59', 'epoch': '5'}
{'loss': '0.03649', 'grad_norm': '0.3134', 'learning_rate': '1.9e-05', 'epoch': '5.006'}
{'loss': '0.01097', 'grad_norm': '1.293', 'learning_rate': '1.9e-05', 'epoch': '5.012'}
{'loss': '0.05053', 'grad_norm': '0.02489', 'learning_rate': '1.9e-05', 'epoch': '5.018'}
{'loss': '0.04509', 'grad_norm': '5.638', 'learning_rate': '1.9e-05', 'epoch': '5.025'}
{'loss': '0.05253', 'grad_norm': '12.77', 'learning_rate': '1.899e-05', 'epoch': '5.031'}
{'loss': '0.04803', 'grad_norm': '3.27', 'learning_rate': '1.899e-05', 'epoch': '5.037'}
{'loss': '0.01961', 'grad_norm': '0.1639', 'learning_rate': '1.899e-05', 'epoch': '5.043'}
{'loss': '0.053', 'grad_norm': '8.32', 'learning_rate': '1.899e-05', 'epoch': '5.049'}
{'loss': '0.04777', 'grad_norm': '8.345', 'learning_rate': '1.899e-05', 'epoch': '5.055'}
{'loss': '0.04665', 'grad_norm': '14.73', 'learning_rate': '1.899e-05', 'epoch': '5.062'}
{'loss': '0.06747', 'grad_norm': '13.11', 'learning_rate': '1.899e-05', 'epoch': '5.068'}
{'loss': '0.02464', 'grad_norm': '0.145', 'learning_rate': '1.899e-05', 'epoch': '5.074'}
{'loss': '0.0305', 'grad_norm': '9.883', 'learning_rate': '1.898e-05', 'epoch': '5.08'}
{'loss': '0.01768', 'grad_norm': '1.098', 'learning_rate': '1.898e-05', 'epoch': '5.086'}
{'loss': '0.03269', 'grad_norm': '11.57', 'learning_rate': '1.898e-05', 'epoch': '5.092'}
{'loss': '0.05358', 'grad_norm': '6.104', 'learning_rate': '1.898e-05', 'epoch': '5.099'}
{'loss': '0.03202', 'grad_norm': '1.3', 'learning_rate': '1.898e-05', 'epoch': '5.105'}
{'loss': '0.04223', 'grad_norm': '0.1624', 'learning_rate': '1.898e-05', 'epoch': '5.111'}
{'loss': '0.02712', 'grad_norm': '0.4876', 'learning_rate': '1.898e-05', 'epoch': '5.117'}
{'loss': '0.04142', 'grad_norm': '6.13', 'learning_rate': '1.898e-05', 'epoch': '5.123'}
{'loss': '0.04327', 'grad_norm': '11.87', 'learning_rate': '1.897e-05', 'epoch': '5.129'}
{'loss': '0.01805', 'grad_norm': '4.168', 'learning_rate': '1.897e-05', 'epoch': '5.135'}
{'loss': '0.02983', 'grad_norm': '8.276', 'learning_rate': '1.897e-05', 'epoch': '5.142'}
{'loss': '0.04081', 'grad_norm': '8.216', 'learning_rate': '1.897e-05', 'epoch': '5.148'}
{'loss': '0.07281', 'grad_norm': '6.198', 'learning_rate': '1.897e-05', 'epoch': '5.154'}
{'loss': '0.03623', 'grad_norm': '5.14', 'learning_rate': '1.897e-05', 'epoch': '5.16'}
{'loss': '0.04883', 'grad_norm': '4.25', 'learning_rate': '1.897e-05', 'epoch': '5.166'}
{'loss': '0.06431', 'grad_norm': '17.62', 'learning_rate': '1.897e-05', 'epoch': '5.172'}
{'loss': '0.03536', 'grad_norm': '0.1111', 'learning_rate': '1.896e-05', 'epoch': '5.179'}
{'loss': '0.02838', 'grad_norm': '0.006999', 'learning_rate': '1.896e-05', 'epoch': '5.185'}
{'loss': '0.02009', 'grad_norm': '0.5462', 'learning_rate': '1.896e-05', 'epoch': '5.191'}
{'loss': '0.00186', 'grad_norm': '0.05069', 'learning_rate': '1.896e-05', 'epoch': '5.197'}
{'loss': '0.01634', 'grad_norm': '1.448', 'learning_rate': '1.896e-05', 'epoch': '5.203'}
{'loss': '0.02936', 'grad_norm': '3.496', 'learning_rate': '1.896e-05', 'epoch': '5.209'}
{'loss': '0.05761', 'grad_norm': '0.4048', 'learning_rate': '1.896e-05', 'epoch': '5.216'}
{'loss': '0.07192', 'grad_norm': '0.0427', 'learning_rate': '1.896e-05', 'epoch': '5.222'}
{'loss': '0.07029', 'grad_norm': '8.12', 'learning_rate': '1.895e-05', 'epoch': '5.228'}
{'loss': '0.0578', 'grad_norm': '0.8261', 'learning_rate': '1.895e-05', 'epoch': '5.234'}
{'loss': '0.04839', 'grad_norm': '2.637', 'learning_rate': '1.895e-05', 'epoch': '5.24'}
{'loss': '0.05895', 'grad_norm': '0.9408', 'learning_rate': '1.895e-05', 'epoch': '5.246'}
{'loss': '0.02126', 'grad_norm': '0.4499', 'learning_rate': '1.895e-05', 'epoch': '5.252'}
{'loss': '0.01908', 'grad_norm': '7.84', 'learning_rate': '1.895e-05', 'epoch': '5.259'}
{'loss': '0.01838', 'grad_norm': '2.146', 'learning_rate': '1.895e-05', 'epoch': '5.265'}
{'loss': '0.02576', 'grad_norm': '0.3217', 'learning_rate': '1.895e-05', 'epoch': '5.271'}
{'loss': '0.03115', 'grad_norm': '0.003909', 'learning_rate': '1.894e-05', 'epoch': '5.277'}
{'loss': '0.09196', 'grad_norm': '1.478', 'learning_rate': '1.894e-05', 'epoch': '5.283'}
{'loss': '0.05672', 'grad_norm': '11.48', 'learning_rate': '1.894e-05', 'epoch': '5.289'}
{'loss': '0.03085', 'grad_norm': '7.012', 'learning_rate': '1.894e-05', 'epoch': '5.296'}
{'loss': '0.007458', 'grad_norm': '5.996', 'learning_rate': '1.894e-05', 'epoch': '5.302'}
{'loss': '0.02406', 'grad_norm': '2.8', 'learning_rate': '1.894e-05', 'epoch': '5.308'}
{'loss': '0.03947', 'grad_norm': '0.2599', 'learning_rate': '1.894e-05', 'epoch': '5.314'}
{'loss': '0.02264', 'grad_norm': '3.047', 'learning_rate': '1.894e-05', 'epoch': '5.32'}
{'loss': '0.04641', 'grad_norm': '0.1492', 'learning_rate': '1.893e-05', 'epoch': '5.326'}
{'loss': '0.0059', 'grad_norm': '0.06332', 'learning_rate': '1.893e-05', 'epoch': '5.333'}
{'loss': '0.02399', 'grad_norm': '0.3455', 'learning_rate': '1.893e-05', 'epoch': '5.339'}
{'loss': '0.01736', 'grad_norm': '3.558', 'learning_rate': '1.893e-05', 'epoch': '5.345'}
{'loss': '0.07476', 'grad_norm': '0.007857', 'learning_rate': '1.893e-05', 'epoch': '5.351'}
{'loss': '0.02351', 'grad_norm': '2.966', 'learning_rate': '1.893e-05', 'epoch': '5.357'}
{'loss': '0.03845', 'grad_norm': '0.241', 'learning_rate': '1.893e-05', 'epoch': '5.363'}
{'loss': '0.02306', 'grad_norm': '0.1854', 'learning_rate': '1.893e-05', 'epoch': '5.369'}
{'loss': '0.03849', 'grad_norm': '6.981', 'learning_rate': '1.893e-05', 'epoch': '5.376'}
{'loss': '0.03219', 'grad_norm': '2.007', 'learning_rate': '1.892e-05', 'epoch': '5.382'}
{'loss': '0.0467', 'grad_norm': '0.3703', 'learning_rate': '1.892e-05', 'epoch': '5.388'}
{'loss': '0.03237', 'grad_norm': '7.682', 'learning_rate': '1.892e-05', 'epoch': '5.394'}
{'loss': '0.06284', 'grad_norm': '0.4277', 'learning_rate': '1.892e-05', 'epoch': '5.4'}
{'loss': '0.04149', 'grad_norm': '0.4444', 'learning_rate': '1.892e-05', 'epoch': '5.406'}
{'loss': '0.09119', 'grad_norm': '2.925', 'learning_rate': '1.892e-05', 'epoch': '5.413'}
{'loss': '0.06569', 'grad_norm': '0.03183', 'learning_rate': '1.892e-05', 'epoch': '5.419'}
{'loss': '0.01239', 'grad_norm': '0.05299', 'learning_rate': '1.892e-05', 'epoch': '5.425'}
{'loss': '0.04713', 'grad_norm': '0.9777', 'learning_rate': '1.891e-05', 'epoch': '5.431'}
{'loss': '0.01614', 'grad_norm': '0.01803', 'learning_rate': '1.891e-05', 'epoch': '5.437'}
{'loss': '0.03826', 'grad_norm': '5.789', 'learning_rate': '1.891e-05', 'epoch': '5.443'}
{'loss': '0.01903', 'grad_norm': '1.994', 'learning_rate': '1.891e-05', 'epoch': '5.45'}
{'loss': '0.03675', 'grad_norm': '0.903', 'learning_rate': '1.891e-05', 'epoch': '5.456'}
{'loss': '0.003419', 'grad_norm': '0.4469', 'learning_rate': '1.891e-05', 'epoch': '5.462'}
{'loss': '0.01309', 'grad_norm': '0.1131', 'learning_rate': '1.891e-05', 'epoch': '5.468'}
{'loss': '0.04127', 'grad_norm': '0.0493', 'learning_rate': '1.891e-05', 'epoch': '5.474'}
{'loss': '0.03408', 'grad_norm': '2.022', 'learning_rate': '1.89e-05', 'epoch': '5.48'}
{'loss': '0.0598', 'grad_norm': '0.2422', 'learning_rate': '1.89e-05', 'epoch': '5.486'}
{'loss': '0.01136', 'grad_norm': '0.06913', 'learning_rate': '1.89e-05', 'epoch': '5.493'}
{'loss': '0.06272', 'grad_norm': '10.21', 'learning_rate': '1.89e-05', 'epoch': '5.499'}
{'loss': '0.01576', 'grad_norm': '0.326', 'learning_rate': '1.89e-05', 'epoch': '5.505'}
{'loss': '0.06709', 'grad_norm': '3.116', 'learning_rate': '1.89e-05', 'epoch': '5.511'}
{'loss': '0.03655', 'grad_norm': '0.1065', 'learning_rate': '1.89e-05', 'epoch': '5.517'}
{'loss': '0.02753', 'grad_norm': '0.08262', 'learning_rate': '1.89e-05', 'epoch': '5.523'}
{'loss': '0.02525', 'grad_norm': '0.0111', 'learning_rate': '1.889e-05', 'epoch': '5.53'}
{'loss': '0.03402', 'grad_norm': '1.476', 'learning_rate': '1.889e-05', 'epoch': '5.536'}
{'loss': '0.06664', 'grad_norm': '0.5293', 'learning_rate': '1.889e-05', 'epoch': '5.542'}
{'loss': '0.009518', 'grad_norm': '0.2861', 'learning_rate': '1.889e-05', 'epoch': '5.548'}
{'loss': '0.07178', 'grad_norm': '12.87', 'learning_rate': '1.889e-05', 'epoch': '5.554'}
{'loss': '0.0895', 'grad_norm': '4.698', 'learning_rate': '1.889e-05', 'epoch': '5.56'}
{'loss': '0.02388', 'grad_norm': '3.541', 'learning_rate': '1.889e-05', 'epoch': '5.567'}
{'loss': '0.03678', 'grad_norm': '0.3431', 'learning_rate': '1.889e-05', 'epoch': '5.573'}
{'loss': '0.06642', 'grad_norm': '15.61', 'learning_rate': '1.888e-05', 'epoch': '5.579'}
{'loss': '0.01671', 'grad_norm': '0.01354', 'learning_rate': '1.888e-05', 'epoch': '5.585'}
{'loss': '0.03185', 'grad_norm': '2.224', 'learning_rate': '1.888e-05', 'epoch': '5.591'}
{'loss': '0.04108', 'grad_norm': '10.77', 'learning_rate': '1.888e-05', 'epoch': '5.597'}
{'loss': '0.0338', 'grad_norm': '0.2025', 'learning_rate': '1.888e-05', 'epoch': '5.603'}
{'loss': '0.001827', 'grad_norm': '0.004922', 'learning_rate': '1.888e-05', 'epoch': '5.61'}
{'loss': '0.02188', 'grad_norm': '0.02745', 'learning_rate': '1.888e-05', 'epoch': '5.616'}
{'loss': '0.05635', 'grad_norm': '1.182', 'learning_rate': '1.888e-05', 'epoch': '5.622'}
{'loss': '0.02097', 'grad_norm': '0.04609', 'learning_rate': '1.887e-05', 'epoch': '5.628'}
{'loss': '0.07786', 'grad_norm': '7.725', 'learning_rate': '1.887e-05', 'epoch': '5.634'}
{'loss': '0.03249', 'grad_norm': '1.125', 'learning_rate': '1.887e-05', 'epoch': '5.64'}
{'loss': '0.0144', 'grad_norm': '3.117', 'learning_rate': '1.887e-05', 'epoch': '5.647'}
{'loss': '0.02099', 'grad_norm': '0.0604', 'learning_rate': '1.887e-05', 'epoch': '5.653'}
{'loss': '0.01421', 'grad_norm': '0.3407', 'learning_rate': '1.887e-05', 'epoch': '5.659'}
{'loss': '0.05995', 'grad_norm': '22.5', 'learning_rate': '1.887e-05', 'epoch': '5.665'}
{'loss': '0.03597', 'grad_norm': '4.579', 'learning_rate': '1.887e-05', 'epoch': '5.671'}
{'loss': '0.02098', 'grad_norm': '0.4251', 'learning_rate': '1.886e-05', 'epoch': '5.677'}
{'loss': '0.01482', 'grad_norm': '0.01175', 'learning_rate': '1.886e-05', 'epoch': '5.683'}
{'loss': '0.006582', 'grad_norm': '0.3037', 'learning_rate': '1.886e-05', 'epoch': '5.69'}
{'loss': '0.0098', 'grad_norm': '0.1812', 'learning_rate': '1.886e-05', 'epoch': '5.696'}
{'loss': '0.01144', 'grad_norm': '0.00608', 'learning_rate': '1.886e-05', 'epoch': '5.702'}
{'loss': '0.02378', 'grad_norm': '0.02567', 'learning_rate': '1.886e-05', 'epoch': '5.708'}
{'loss': '0.06033', 'grad_norm': '0.006809', 'learning_rate': '1.886e-05', 'epoch': '5.714'}
{'loss': '0.03471', 'grad_norm': '0.1339', 'learning_rate': '1.886e-05', 'epoch': '5.72'}
{'loss': '0.01416', 'grad_norm': '4.549', 'learning_rate': '1.885e-05', 'epoch': '5.727'}
{'loss': '0.009799', 'grad_norm': '0.02238', 'learning_rate': '1.885e-05', 'epoch': '5.733'}
{'loss': '0.02073', 'grad_norm': '0.2354', 'learning_rate': '1.885e-05', 'epoch': '5.739'}
{'loss': '0.03048', 'grad_norm': '0.02107', 'learning_rate': '1.885e-05', 'epoch': '5.745'}
{'loss': '0.07807', 'grad_norm': '0.03352', 'learning_rate': '1.885e-05', 'epoch': '5.751'}
{'loss': '0.06899', 'grad_norm': '3.881', 'learning_rate': '1.885e-05', 'epoch': '5.757'}
{'loss': '0.05485', 'grad_norm': '5.718', 'learning_rate': '1.885e-05', 'epoch': '5.764'}
{'loss': '0.008558', 'grad_norm': '0.03303', 'learning_rate': '1.885e-05', 'epoch': '5.77'}
{'loss': '0.02741', 'grad_norm': '0.01138', 'learning_rate': '1.884e-05', 'epoch': '5.776'}
{'loss': '0.03355', 'grad_norm': '24.18', 'learning_rate': '1.884e-05', 'epoch': '5.782'}
{'loss': '0.04281', 'grad_norm': '6.075', 'learning_rate': '1.884e-05', 'epoch': '5.788'}
{'loss': '0.01898', 'grad_norm': '1.517', 'learning_rate': '1.884e-05', 'epoch': '5.794'}
{'loss': '0.03551', 'grad_norm': '0.01008', 'learning_rate': '1.884e-05', 'epoch': '5.8'}
{'loss': '0.0449', 'grad_norm': '0.2948', 'learning_rate': '1.884e-05', 'epoch': '5.807'}
{'loss': '0.0536', 'grad_norm': '0.3645', 'learning_rate': '1.884e-05', 'epoch': '5.813'}
{'loss': '0.04594', 'grad_norm': '9.329', 'learning_rate': '1.884e-05', 'epoch': '5.819'}
{'loss': '0.03051', 'grad_norm': '5.068', 'learning_rate': '1.884e-05', 'epoch': '5.825'}
{'loss': '0.01615', 'grad_norm': '0.1233', 'learning_rate': '1.883e-05', 'epoch': '5.831'}
{'loss': '0.02837', 'grad_norm': '3.065', 'learning_rate': '1.883e-05', 'epoch': '5.837'}
{'loss': '0.02294', 'grad_norm': '2.114', 'learning_rate': '1.883e-05', 'epoch': '5.844'}
{'loss': '0.02696', 'grad_norm': '0.0394', 'learning_rate': '1.883e-05', 'epoch': '5.85'}
{'loss': '0.0426', 'grad_norm': '7.888', 'learning_rate': '1.883e-05', 'epoch': '5.856'}
{'loss': '0.05898', 'grad_norm': '8.307', 'learning_rate': '1.883e-05', 'epoch': '5.862'}
{'loss': '0.03332', 'grad_norm': '0.08129', 'learning_rate': '1.883e-05', 'epoch': '5.868'}
{'loss': '0.03127', 'grad_norm': '0.1972', 'learning_rate': '1.883e-05', 'epoch': '5.874'}
{'loss': '0.02399', 'grad_norm': '0.005815', 'learning_rate': '1.882e-05', 'epoch': '5.881'}
{'loss': '0.04349', 'grad_norm': '0.01846', 'learning_rate': '1.882e-05', 'epoch': '5.887'}
{'loss': '0.002715', 'grad_norm': '0.07866', 'learning_rate': '1.882e-05', 'epoch': '5.893'}
{'loss': '0.02153', 'grad_norm': '0.05998', 'learning_rate': '1.882e-05', 'epoch': '5.899'}
{'loss': '0.01755', 'grad_norm': '0.03469', 'learning_rate': '1.882e-05', 'epoch': '5.905'}
{'loss': '0.03393', 'grad_norm': '0.0498', 'learning_rate': '1.882e-05', 'epoch': '5.911'}
{'loss': '0.03646', 'grad_norm': '3.992', 'learning_rate': '1.882e-05', 'epoch': '5.917'}
{'loss': '0.01434', 'grad_norm': '3.247', 'learning_rate': '1.882e-05', 'epoch': '5.924'}
{'loss': '0.03224', 'grad_norm': '9.394', 'learning_rate': '1.881e-05', 'epoch': '5.93'}
{'loss': '0.07569', 'grad_norm': '0.2216', 'learning_rate': '1.881e-05', 'epoch': '5.936'}
{'loss': '0.02986', 'grad_norm': '0.01579', 'learning_rate': '1.881e-05', 'epoch': '5.942'}
{'loss': '0.02728', 'grad_norm': '0.9483', 'learning_rate': '1.881e-05', 'epoch': '5.948'}
{'loss': '0.04072', 'grad_norm': '0.1214', 'learning_rate': '1.881e-05', 'epoch': '5.954'}
{'loss': '0.003758', 'grad_norm': '0.002469', 'learning_rate': '1.881e-05', 'epoch': '5.961'}
{'loss': '0.03265', 'grad_norm': '0.04036', 'learning_rate': '1.881e-05', 'epoch': '5.967'}
{'loss': '0.0312', 'grad_norm': '0.04577', 'learning_rate': '1.881e-05', 'epoch': '5.973'}
{'loss': '0.05575', 'grad_norm': '1.637', 'learning_rate': '1.88e-05', 'epoch': '5.979'}
{'loss': '0.01401', 'grad_norm': '0.008395', 'learning_rate': '1.88e-05', 'epoch': '5.985'}
{'loss': '0.02072', 'grad_norm': '0.847', 'learning_rate': '1.88e-05', 'epoch': '5.991'}
{'loss': '0.04797', 'grad_norm': '2.034', 'learning_rate': '1.88e-05', 'epoch': '5.998'}
{'eval_loss': '0.8359', 'eval_accuracy': '0.9051', 'eval_precision': '0.8929', 'eval_recall': '0.9451', 'eval_f1': '0.9183', 'eval_runtime': '12.17', 'eval_samples_per_second': '1120', 'eval_steps_per_second': '17.58', 'epoch': '6'}
{'loss': '0.01484', 'grad_norm': '0.4372', 'learning_rate': '1.88e-05', 'epoch': '6.004'}
{'loss': '0.06616', 'grad_norm': '8.999', 'learning_rate': '1.88e-05', 'epoch': '6.01'}
{'loss': '0.04341', 'grad_norm': '0.1132', 'learning_rate': '1.88e-05', 'epoch': '6.016'}
{'loss': '0.04022', 'grad_norm': '7.172', 'learning_rate': '1.88e-05', 'epoch': '6.022'}
{'loss': '0.05069', 'grad_norm': '4.402', 'learning_rate': '1.879e-05', 'epoch': '6.028'}
{'loss': '0.0188', 'grad_norm': '0.1825', 'learning_rate': '1.879e-05', 'epoch': '6.034'}
{'loss': '0.05537', 'grad_norm': '7.244', 'learning_rate': '1.879e-05', 'epoch': '6.041'}
{'loss': '0.03691', 'grad_norm': '0.3255', 'learning_rate': '1.879e-05', 'epoch': '6.047'}
{'loss': '0.03728', 'grad_norm': '0.1912', 'learning_rate': '1.879e-05', 'epoch': '6.053'}
{'loss': '0.007987', 'grad_norm': '1.238', 'learning_rate': '1.879e-05', 'epoch': '6.059'}
{'loss': '0.02278', 'grad_norm': '0.2013', 'learning_rate': '1.879e-05', 'epoch': '6.065'}
{'loss': '0.02253', 'grad_norm': '1.085', 'learning_rate': '1.879e-05', 'epoch': '6.071'}
{'loss': '0.04644', 'grad_norm': '14', 'learning_rate': '1.878e-05', 'epoch': '6.078'}
{'loss': '0.00645', 'grad_norm': '0.01616', 'learning_rate': '1.878e-05', 'epoch': '6.084'}
{'loss': '0.01914', 'grad_norm': '4.547', 'learning_rate': '1.878e-05', 'epoch': '6.09'}
{'loss': '0.0489', 'grad_norm': '13.41', 'learning_rate': '1.878e-05', 'epoch': '6.096'}
{'loss': '0.04012', 'grad_norm': '0.0794', 'learning_rate': '1.878e-05', 'epoch': '6.102'}
{'loss': '0.04363', 'grad_norm': '0.01553', 'learning_rate': '1.878e-05', 'epoch': '6.108'}
{'loss': '0.02046', 'grad_norm': '0.02578', 'learning_rate': '1.878e-05', 'epoch': '6.115'}
{'loss': '0.01501', 'grad_norm': '7.88', 'learning_rate': '1.878e-05', 'epoch': '6.121'}
{'loss': '0.02342', 'grad_norm': '0.0529', 'learning_rate': '1.877e-05', 'epoch': '6.127'}
{'loss': '0.06249', 'grad_norm': '0.1967', 'learning_rate': '1.877e-05', 'epoch': '6.133'}
{'loss': '0.06394', 'grad_norm': '0.06996', 'learning_rate': '1.877e-05', 'epoch': '6.139'}
{'loss': '0.01334', 'grad_norm': '0.008516', 'learning_rate': '1.877e-05', 'epoch': '6.145'}
{'loss': '0.02593', 'grad_norm': '0.07503', 'learning_rate': '1.877e-05', 'epoch': '6.151'}
{'loss': '0.009385', 'grad_norm': '0.1314', 'learning_rate': '1.877e-05', 'epoch': '6.158'}
{'loss': '0.03405', 'grad_norm': '10.33', 'learning_rate': '1.877e-05', 'epoch': '6.164'}
{'loss': '0.03499', 'grad_norm': '0.3658', 'learning_rate': '1.877e-05', 'epoch': '6.17'}
{'loss': '0.03749', 'grad_norm': '0.1572', 'learning_rate': '1.876e-05', 'epoch': '6.176'}
{'loss': '0.0169', 'grad_norm': '11.46', 'learning_rate': '1.876e-05', 'epoch': '6.182'}
{'loss': '0.04778', 'grad_norm': '1.487', 'learning_rate': '1.876e-05', 'epoch': '6.188'}
{'loss': '0.008012', 'grad_norm': '3.268', 'learning_rate': '1.876e-05', 'epoch': '6.195'}
{'loss': '0.05967', 'grad_norm': '20.4', 'learning_rate': '1.876e-05', 'epoch': '6.201'}
{'loss': '0.02114', 'grad_norm': '0.3938', 'learning_rate': '1.876e-05', 'epoch': '6.207'}
{'loss': '0.03891', 'grad_norm': '2.423', 'learning_rate': '1.876e-05', 'epoch': '6.213'}
{'loss': '0.06044', 'grad_norm': '7.54', 'learning_rate': '1.876e-05', 'epoch': '6.219'}
{'loss': '0.03176', 'grad_norm': '3.852', 'learning_rate': '1.876e-05', 'epoch': '6.225'}
{'loss': '0.03775', 'grad_norm': '0.05476', 'learning_rate': '1.875e-05', 'epoch': '6.232'}
{'loss': '0.02266', 'grad_norm': '4.634', 'learning_rate': '1.875e-05', 'epoch': '6.238'}
{'loss': '0.01574', 'grad_norm': '9.022', 'learning_rate': '1.875e-05', 'epoch': '6.244'}
{'loss': '0.02666', 'grad_norm': '0.2666', 'learning_rate': '1.875e-05', 'epoch': '6.25'}
{'loss': '0.04232', 'grad_norm': '2.737', 'learning_rate': '1.875e-05', 'epoch': '6.256'}
{'loss': '0.02497', 'grad_norm': '0.3521', 'learning_rate': '1.875e-05', 'epoch': '6.262'}
{'loss': '0.03464', 'grad_norm': '0.5141', 'learning_rate': '1.875e-05', 'epoch': '6.268'}
{'loss': '0.03026', 'grad_norm': '45.49', 'learning_rate': '1.875e-05', 'epoch': '6.275'}
{'loss': '0.01934', 'grad_norm': '0.2422', 'learning_rate': '1.874e-05', 'epoch': '6.281'}
{'loss': '0.01418', 'grad_norm': '0.04741', 'learning_rate': '1.874e-05', 'epoch': '6.287'}
{'loss': '0.01987', 'grad_norm': '0.05549', 'learning_rate': '1.874e-05', 'epoch': '6.293'}
{'loss': '0.03101', 'grad_norm': '0.2877', 'learning_rate': '1.874e-05', 'epoch': '6.299'}
{'loss': '0.01398', 'grad_norm': '3.401', 'learning_rate': '1.874e-05', 'epoch': '6.305'}
{'loss': '0.05305', 'grad_norm': '1.08', 'learning_rate': '1.874e-05', 'epoch': '6.312'}
{'loss': '0.02565', 'grad_norm': '0.03417', 'learning_rate': '1.874e-05', 'epoch': '6.318'}
{'loss': '0.02015', 'grad_norm': '0.02354', 'learning_rate': '1.874e-05', 'epoch': '6.324'}
{'loss': '0.0173', 'grad_norm': '0.6553', 'learning_rate': '1.873e-05', 'epoch': '6.33'}
{'loss': '0.02145', 'grad_norm': '1.998', 'learning_rate': '1.873e-05', 'epoch': '6.336'}
{'loss': '0.04638', 'grad_norm': '1.805', 'learning_rate': '1.873e-05', 'epoch': '6.342'}
{'loss': '0.03557', 'grad_norm': '4.76', 'learning_rate': '1.873e-05', 'epoch': '6.349'}
{'loss': '0.01381', 'grad_norm': '7.066', 'learning_rate': '1.873e-05', 'epoch': '6.355'}
{'loss': '0.05293', 'grad_norm': '2.718', 'learning_rate': '1.873e-05', 'epoch': '6.361'}
{'loss': '0.006567', 'grad_norm': '0.002189', 'learning_rate': '1.873e-05', 'epoch': '6.367'}
{'loss': '0.0368', 'grad_norm': '1.759', 'learning_rate': '1.873e-05', 'epoch': '6.373'}
{'loss': '0.02816', 'grad_norm': '0.004058', 'learning_rate': '1.872e-05', 'epoch': '6.379'}
{'loss': '0.03843', 'grad_norm': '1.52', 'learning_rate': '1.872e-05', 'epoch': '6.385'}
{'loss': '0.004198', 'grad_norm': '0.1708', 'learning_rate': '1.872e-05', 'epoch': '6.392'}
{'loss': '0.0162', 'grad_norm': '1.471', 'learning_rate': '1.872e-05', 'epoch': '6.398'}
{'loss': '0.02806', 'grad_norm': '0.002048', 'learning_rate': '1.872e-05', 'epoch': '6.404'}
{'loss': '0.04524', 'grad_norm': '0.2706', 'learning_rate': '1.872e-05', 'epoch': '6.41'}
{'loss': '0.01759', 'grad_norm': '1.383', 'learning_rate': '1.872e-05', 'epoch': '6.416'}
{'loss': '0.04775', 'grad_norm': '9.657', 'learning_rate': '1.872e-05', 'epoch': '6.422'}
{'loss': '0.02942', 'grad_norm': '0.5339', 'learning_rate': '1.871e-05', 'epoch': '6.429'}
{'loss': '0.0355', 'grad_norm': '0.1634', 'learning_rate': '1.871e-05', 'epoch': '6.435'}
{'loss': '0.03785', 'grad_norm': '2.841', 'learning_rate': '1.871e-05', 'epoch': '6.441'}
{'loss': '0.02998', 'grad_norm': '11.79', 'learning_rate': '1.871e-05', 'epoch': '6.447'}
{'loss': '0.04303', 'grad_norm': '0.775', 'learning_rate': '1.871e-05', 'epoch': '6.453'}
{'loss': '0.0132', 'grad_norm': '0.7758', 'learning_rate': '1.871e-05', 'epoch': '6.459'}
{'loss': '0.00957', 'grad_norm': '0.06019', 'learning_rate': '1.871e-05', 'epoch': '6.466'}
{'loss': '0.01176', 'grad_norm': '0.04819', 'learning_rate': '1.871e-05', 'epoch': '6.472'}
{'loss': '0.006263', 'grad_norm': '0.006016', 'learning_rate': '1.87e-05', 'epoch': '6.478'}
{'loss': '0.005906', 'grad_norm': '2.619', 'learning_rate': '1.87e-05', 'epoch': '6.484'}
{'loss': '0.04394', 'grad_norm': '0.09689', 'learning_rate': '1.87e-05', 'epoch': '6.49'}
{'loss': '0.01674', 'grad_norm': '4.763', 'learning_rate': '1.87e-05', 'epoch': '6.496'}
{'loss': '0.04552', 'grad_norm': '5.616', 'learning_rate': '1.87e-05', 'epoch': '6.502'}
{'loss': '0.02658', 'grad_norm': '0.004182', 'learning_rate': '1.87e-05', 'epoch': '6.509'}
{'loss': '0.007099', 'grad_norm': '0.0146', 'learning_rate': '1.87e-05', 'epoch': '6.515'}
{'loss': '0.02167', 'grad_norm': '3.151', 'learning_rate': '1.87e-05', 'epoch': '6.521'}
{'loss': '0.04049', 'grad_norm': '0.1548', 'learning_rate': '1.869e-05', 'epoch': '6.527'}
{'loss': '0.01099', 'grad_norm': '3.602', 'learning_rate': '1.869e-05', 'epoch': '6.533'}
{'loss': '0.007942', 'grad_norm': '0.02644', 'learning_rate': '1.869e-05', 'epoch': '6.539'}
{'loss': '0.02549', 'grad_norm': '1.1', 'learning_rate': '1.869e-05', 'epoch': '6.546'}
{'loss': '0.04583', 'grad_norm': '0.3582', 'learning_rate': '1.869e-05', 'epoch': '6.552'}
{'loss': '0.03757', 'grad_norm': '20.45', 'learning_rate': '1.869e-05', 'epoch': '6.558'}
{'loss': '0.02527', 'grad_norm': '0.9394', 'learning_rate': '1.869e-05', 'epoch': '6.564'}
{'loss': '0.02158', 'grad_norm': '0.1209', 'learning_rate': '1.869e-05', 'epoch': '6.57'}
{'loss': '0.0168', 'grad_norm': '0.001739', 'learning_rate': '1.868e-05', 'epoch': '6.576'}
{'loss': '0.01747', 'grad_norm': '0.5221', 'learning_rate': '1.868e-05', 'epoch': '6.583'}
{'loss': '0.0244', 'grad_norm': '0.7499', 'learning_rate': '1.868e-05', 'epoch': '6.589'}
{'loss': '0.03663', 'grad_norm': '4.387', 'learning_rate': '1.868e-05', 'epoch': '6.595'}
{'loss': '0.08989', 'grad_norm': '5.182', 'learning_rate': '1.868e-05', 'epoch': '6.601'}
{'loss': '0.004731', 'grad_norm': '3.825', 'learning_rate': '1.868e-05', 'epoch': '6.607'}
{'loss': '0.05216', 'grad_norm': '0.01881', 'learning_rate': '1.868e-05', 'epoch': '6.613'}
{'loss': '0.0474', 'grad_norm': '0.3153', 'learning_rate': '1.868e-05', 'epoch': '6.619'}
{'loss': '0.04632', 'grad_norm': '10.57', 'learning_rate': '1.867e-05', 'epoch': '6.626'}
{'loss': '0.03206', 'grad_norm': '0.04927', 'learning_rate': '1.867e-05', 'epoch': '6.632'}
{'loss': '0.05253', 'grad_norm': '13.14', 'learning_rate': '1.867e-05', 'epoch': '6.638'}
{'loss': '0.03687', 'grad_norm': '3.753', 'learning_rate': '1.867e-05', 'epoch': '6.644'}
{'loss': '0.01598', 'grad_norm': '0.3085', 'learning_rate': '1.867e-05', 'epoch': '6.65'}
{'loss': '0.07501', 'grad_norm': '3.154', 'learning_rate': '1.867e-05', 'epoch': '6.656'}
{'loss': '0.01883', 'grad_norm': '6.629', 'learning_rate': '1.867e-05', 'epoch': '6.663'}
{'loss': '0.03959', 'grad_norm': '13.33', 'learning_rate': '1.867e-05', 'epoch': '6.669'}
{'loss': '0.02025', 'grad_norm': '6.417', 'learning_rate': '1.867e-05', 'epoch': '6.675'}
{'loss': '0.01813', 'grad_norm': '5.556', 'learning_rate': '1.866e-05', 'epoch': '6.681'}
{'loss': '0.02283', 'grad_norm': '0.2576', 'learning_rate': '1.866e-05', 'epoch': '6.687'}
{'loss': '0.02437', 'grad_norm': '0.03638', 'learning_rate': '1.866e-05', 'epoch': '6.693'}
{'loss': '0.02671', 'grad_norm': '0.78', 'learning_rate': '1.866e-05', 'epoch': '6.7'}
{'loss': '0.01663', 'grad_norm': '0.1438', 'learning_rate': '1.866e-05', 'epoch': '6.706'}
{'loss': '0.005587', 'grad_norm': '0.1187', 'learning_rate': '1.866e-05', 'epoch': '6.712'}
{'loss': '0.02083', 'grad_norm': '0.002159', 'learning_rate': '1.866e-05', 'epoch': '6.718'}
{'loss': '0.03859', 'grad_norm': '19.19', 'learning_rate': '1.866e-05', 'epoch': '6.724'}
{'loss': '0.06702', 'grad_norm': '4.378', 'learning_rate': '1.865e-05', 'epoch': '6.73'}
{'loss': '0.06551', 'grad_norm': '0.2218', 'learning_rate': '1.865e-05', 'epoch': '6.736'}
{'loss': '0.02008', 'grad_norm': '2.547', 'learning_rate': '1.865e-05', 'epoch': '6.743'}
{'loss': '0.007991', 'grad_norm': '0.003192', 'learning_rate': '1.865e-05', 'epoch': '6.749'}
{'loss': '0.001833', 'grad_norm': '0.00479', 'learning_rate': '1.865e-05', 'epoch': '6.755'}
{'loss': '0.01365', 'grad_norm': '0.8125', 'learning_rate': '1.865e-05', 'epoch': '6.761'}
{'loss': '0.02314', 'grad_norm': '1.595', 'learning_rate': '1.865e-05', 'epoch': '6.767'}
{'loss': '0.02173', 'grad_norm': '3.821', 'learning_rate': '1.865e-05', 'epoch': '6.773'}
{'loss': '0.01692', 'grad_norm': '1.512', 'learning_rate': '1.864e-05', 'epoch': '6.78'}
{'loss': '0.03807', 'grad_norm': '0.006924', 'learning_rate': '1.864e-05', 'epoch': '6.786'}
{'loss': '0.02457', 'grad_norm': '0.3167', 'learning_rate': '1.864e-05', 'epoch': '6.792'}
{'loss': '0.002879', 'grad_norm': '0.03482', 'learning_rate': '1.864e-05', 'epoch': '6.798'}
{'loss': '0.05909', 'grad_norm': '2.546', 'learning_rate': '1.864e-05', 'epoch': '6.804'}
{'loss': '0.02774', 'grad_norm': '4.985', 'learning_rate': '1.864e-05', 'epoch': '6.81'}
{'loss': '0.04921', 'grad_norm': '5.212', 'learning_rate': '1.864e-05', 'epoch': '6.817'}
{'loss': '0.05951', 'grad_norm': '0.1709', 'learning_rate': '1.864e-05', 'epoch': '6.823'}
{'loss': '0.02537', 'grad_norm': '0.05092', 'learning_rate': '1.863e-05', 'epoch': '6.829'}
{'loss': '0.03918', 'grad_norm': '2.632', 'learning_rate': '1.863e-05', 'epoch': '6.835'}
{'loss': '0.02031', 'grad_norm': '0.05299', 'learning_rate': '1.863e-05', 'epoch': '6.841'}
{'loss': '0.02006', 'grad_norm': '0.002052', 'learning_rate': '1.863e-05', 'epoch': '6.847'}
{'loss': '0.01039', 'grad_norm': '0.3669', 'learning_rate': '1.863e-05', 'epoch': '6.853'}
{'loss': '0.03012', 'grad_norm': '0.008875', 'learning_rate': '1.863e-05', 'epoch': '6.86'}
{'loss': '0.0139', 'grad_norm': '1.987', 'learning_rate': '1.863e-05', 'epoch': '6.866'}
{'loss': '0.04009', 'grad_norm': '0.2087', 'learning_rate': '1.863e-05', 'epoch': '6.872'}
{'loss': '0.04033', 'grad_norm': '6.214', 'learning_rate': '1.862e-05', 'epoch': '6.878'}
{'loss': '0.07765', 'grad_norm': '1.192', 'learning_rate': '1.862e-05', 'epoch': '6.884'}
{'loss': '0.01928', 'grad_norm': '2.086', 'learning_rate': '1.862e-05', 'epoch': '6.89'}
{'loss': '0.02045', 'grad_norm': '1.304', 'learning_rate': '1.862e-05', 'epoch': '6.897'}
{'loss': '0.04045', 'grad_norm': '0.0501', 'learning_rate': '1.862e-05', 'epoch': '6.903'}
{'loss': '0.03595', 'grad_norm': '3.489', 'learning_rate': '1.862e-05', 'epoch': '6.909'}
{'loss': '0.04933', 'grad_norm': '5.488', 'learning_rate': '1.862e-05', 'epoch': '6.915'}
{'loss': '0.03583', 'grad_norm': '7.317', 'learning_rate': '1.862e-05', 'epoch': '6.921'}
{'loss': '0.07049', 'grad_norm': '0.2023', 'learning_rate': '1.861e-05', 'epoch': '6.927'}
{'loss': '0.0195', 'grad_norm': '2.835', 'learning_rate': '1.861e-05', 'epoch': '6.933'}
{'loss': '0.03735', 'grad_norm': '0.1083', 'learning_rate': '1.861e-05', 'epoch': '6.94'}
{'loss': '0.007384', 'grad_norm': '0.8952', 'learning_rate': '1.861e-05', 'epoch': '6.946'}
{'loss': '0.001656', 'grad_norm': '0.002723', 'learning_rate': '1.861e-05', 'epoch': '6.952'}
{'loss': '0.01156', 'grad_norm': '4.88', 'learning_rate': '1.861e-05', 'epoch': '6.958'}
{'loss': '0.03382', 'grad_norm': '0.07587', 'learning_rate': '1.861e-05', 'epoch': '6.964'}
{'loss': '0.02404', 'grad_norm': '8.45', 'learning_rate': '1.861e-05', 'epoch': '6.97'}
{'loss': '0.008505', 'grad_norm': '2.823', 'learning_rate': '1.86e-05', 'epoch': '6.977'}
{'loss': '0.03703', 'grad_norm': '0.07903', 'learning_rate': '1.86e-05', 'epoch': '6.983'}
{'loss': '0.06621', 'grad_norm': '2.18', 'learning_rate': '1.86e-05', 'epoch': '6.989'}
{'loss': '0.0135', 'grad_norm': '0.0138', 'learning_rate': '1.86e-05', 'epoch': '6.995'}
{'eval_loss': '0.7315', 'eval_accuracy': '0.9167', 'eval_precision': '0.9044', 'eval_recall': '0.9531', 'eval_f1': '0.9281', 'eval_runtime': '12.17', 'eval_samples_per_second': '1121', 'eval_steps_per_second': '17.59', 'epoch': '7'}
{'loss': '0.02751', 'grad_norm': '1.696', 'learning_rate': '1.86e-05', 'epoch': '7.001'}
{'loss': '0.00797', 'grad_norm': '0.006608', 'learning_rate': '1.86e-05', 'epoch': '7.007'}
{'loss': '0.008875', 'grad_norm': '0.3833', 'learning_rate': '1.86e-05', 'epoch': '7.014'}
{'loss': '0.0178', 'grad_norm': '0.008495', 'learning_rate': '1.86e-05', 'epoch': '7.02'}
{'loss': '0.004726', 'grad_norm': '0.2618', 'learning_rate': '1.859e-05', 'epoch': '7.026'}
{'loss': '0.03349', 'grad_norm': '8.051', 'learning_rate': '1.859e-05', 'epoch': '7.032'}
{'loss': '0.02968', 'grad_norm': '2.649', 'learning_rate': '1.859e-05', 'epoch': '7.038'}
{'loss': '0.05012', 'grad_norm': '0.4126', 'learning_rate': '1.859e-05', 'epoch': '7.044'}
{'loss': '0.001315', 'grad_norm': '0.03752', 'learning_rate': '1.859e-05', 'epoch': '7.05'}
{'loss': '0.04777', 'grad_norm': '0.0351', 'learning_rate': '1.859e-05', 'epoch': '7.057'}
{'loss': '0.02735', 'grad_norm': '0.04306', 'learning_rate': '1.859e-05', 'epoch': '7.063'}
{'loss': '0.0295', 'grad_norm': '2.545', 'learning_rate': '1.859e-05', 'epoch': '7.069'}
{'loss': '0.03542', 'grad_norm': '0.008526', 'learning_rate': '1.859e-05', 'epoch': '7.075'}
{'loss': '0.03329', 'grad_norm': '0.05593', 'learning_rate': '1.858e-05', 'epoch': '7.081'}
{'loss': '0.04014', 'grad_norm': '1.791', 'learning_rate': '1.858e-05', 'epoch': '7.087'}
{'loss': '0.02075', 'grad_norm': '0.9317', 'learning_rate': '1.858e-05', 'epoch': '7.094'}
{'loss': '0.01133', 'grad_norm': '0.0233', 'learning_rate': '1.858e-05', 'epoch': '7.1'}
{'loss': '0.01238', 'grad_norm': '0.2385', 'learning_rate': '1.858e-05', 'epoch': '7.106'}
{'loss': '0.01149', 'grad_norm': '3.041', 'learning_rate': '1.858e-05', 'epoch': '7.112'}
{'loss': '0.03949', 'grad_norm': '6.933', 'learning_rate': '1.858e-05', 'epoch': '7.118'}
{'loss': '0.009561', 'grad_norm': '0.01656', 'learning_rate': '1.858e-05', 'epoch': '7.124'}
{'loss': '0.00834', 'grad_norm': '5.347', 'learning_rate': '1.857e-05', 'epoch': '7.131'}
{'loss': '0.01917', 'grad_norm': '0.6981', 'learning_rate': '1.857e-05', 'epoch': '7.137'}
{'loss': '0.02791', 'grad_norm': '0.008382', 'learning_rate': '1.857e-05', 'epoch': '7.143'}
{'loss': '0.02171', 'grad_norm': '0.0536', 'learning_rate': '1.857e-05', 'epoch': '7.149'}
{'loss': '0.005658', 'grad_norm': '0.1584', 'learning_rate': '1.857e-05', 'epoch': '7.155'}
{'loss': '0.04971', 'grad_norm': '0.2907', 'learning_rate': '1.857e-05', 'epoch': '7.161'}
{'loss': '0.03401', 'grad_norm': '2.543', 'learning_rate': '1.857e-05', 'epoch': '7.167'}
{'loss': '0.02328', 'grad_norm': '0.1412', 'learning_rate': '1.857e-05', 'epoch': '7.174'}
{'loss': '0.04212', 'grad_norm': '1.872', 'learning_rate': '1.856e-05', 'epoch': '7.18'}
{'loss': '0.04313', 'grad_norm': '0.04627', 'learning_rate': '1.856e-05', 'epoch': '7.186'}
{'loss': '0.006116', 'grad_norm': '0.09452', 'learning_rate': '1.856e-05', 'epoch': '7.192'}
{'loss': '0.02459', 'grad_norm': '0.07861', 'learning_rate': '1.856e-05', 'epoch': '7.198'}
{'loss': '0.02065', 'grad_norm': '0.8729', 'learning_rate': '1.856e-05', 'epoch': '7.204'}
{'loss': '0.01642', 'grad_norm': '0.02934', 'learning_rate': '1.856e-05', 'epoch': '7.211'}
{'loss': '0.03063', 'grad_norm': '0.003877', 'learning_rate': '1.856e-05', 'epoch': '7.217'}
{'loss': '0.03035', 'grad_norm': '18.87', 'learning_rate': '1.856e-05', 'epoch': '7.223'}
{'loss': '0.01269', 'grad_norm': '3.567', 'learning_rate': '1.855e-05', 'epoch': '7.229'}
{'loss': '0.06486', 'grad_norm': '13.23', 'learning_rate': '1.855e-05', 'epoch': '7.235'}
{'loss': '0.0182', 'grad_norm': '0.2354', 'learning_rate': '1.855e-05', 'epoch': '7.241'}
{'loss': '0.03671', 'grad_norm': '1.761', 'learning_rate': '1.855e-05', 'epoch': '7.248'}
{'loss': '0.02324', 'grad_norm': '2.819', 'learning_rate': '1.855e-05', 'epoch': '7.254'}
{'loss': '0.02751', 'grad_norm': '0.1554', 'learning_rate': '1.855e-05', 'epoch': '7.26'}
{'loss': '0.005939', 'grad_norm': '0.01837', 'learning_rate': '1.855e-05', 'epoch': '7.266'}
{'loss': '0.05622', 'grad_norm': '0.2773', 'learning_rate': '1.855e-05', 'epoch': '7.272'}
{'loss': '0.01012', 'grad_norm': '0.008078', 'learning_rate': '1.854e-05', 'epoch': '7.278'}
{'loss': '0.02508', 'grad_norm': '0.1869', 'learning_rate': '1.854e-05', 'epoch': '7.284'}
{'loss': '0.01443', 'grad_norm': '4.742', 'learning_rate': '1.854e-05', 'epoch': '7.291'}
{'loss': '0.0202', 'grad_norm': '0.7865', 'learning_rate': '1.854e-05', 'epoch': '7.297'}
{'loss': '0.01692', 'grad_norm': '2.625', 'learning_rate': '1.854e-05', 'epoch': '7.303'}
{'loss': '0.03165', 'grad_norm': '1.526', 'learning_rate': '1.854e-05', 'epoch': '7.309'}
{'loss': '0.02295', 'grad_norm': '8.731', 'learning_rate': '1.854e-05', 'epoch': '7.315'}
{'loss': '0.01142', 'grad_norm': '2.194', 'learning_rate': '1.854e-05', 'epoch': '7.321'}
{'loss': '0.01919', 'grad_norm': '1.274', 'learning_rate': '1.853e-05', 'epoch': '7.328'}
{'loss': '0.01194', 'grad_norm': '0.004294', 'learning_rate': '1.853e-05', 'epoch': '7.334'}
{'loss': '0.02713', 'grad_norm': '2.098', 'learning_rate': '1.853e-05', 'epoch': '7.34'}
{'loss': '0.02004', 'grad_norm': '0.3928', 'learning_rate': '1.853e-05', 'epoch': '7.346'}
{'loss': '0.02221', 'grad_norm': '0.1456', 'learning_rate': '1.853e-05', 'epoch': '7.352'}
{'loss': '0.0383', 'grad_norm': '15.28', 'learning_rate': '1.853e-05', 'epoch': '7.358'}
{'loss': '0.04159', 'grad_norm': '10.88', 'learning_rate': '1.853e-05', 'epoch': '7.365'}
{'loss': '0.0003926', 'grad_norm': '0.005116', 'learning_rate': '1.853e-05', 'epoch': '7.371'}
{'loss': '0.05721', 'grad_norm': '1.674', 'learning_rate': '1.852e-05', 'epoch': '7.377'}
{'loss': '0.01848', 'grad_norm': '0.1491', 'learning_rate': '1.852e-05', 'epoch': '7.383'}
{'loss': '0.03415', 'grad_norm': '0.01796', 'learning_rate': '1.852e-05', 'epoch': '7.389'}
{'loss': '0.04403', 'grad_norm': '0.8216', 'learning_rate': '1.852e-05', 'epoch': '7.395'}
{'loss': '0.02591', 'grad_norm': '0.04953', 'learning_rate': '1.852e-05', 'epoch': '7.401'}
{'loss': '0.008343', 'grad_norm': '0.03405', 'learning_rate': '1.852e-05', 'epoch': '7.408'}
{'loss': '0.01859', 'grad_norm': '9.903', 'learning_rate': '1.852e-05', 'epoch': '7.414'}
{'loss': '0.0751', 'grad_norm': '0.03159', 'learning_rate': '1.852e-05', 'epoch': '7.42'}
{'loss': '0.01826', 'grad_norm': '2.59', 'learning_rate': '1.851e-05', 'epoch': '7.426'}
{'loss': '0.03495', 'grad_norm': '0.6078', 'learning_rate': '1.851e-05', 'epoch': '7.432'}
{'loss': '0.00696', 'grad_norm': '1.39', 'learning_rate': '1.851e-05', 'epoch': '7.438'}
{'loss': '0.03877', 'grad_norm': '0.2871', 'learning_rate': '1.851e-05', 'epoch': '7.445'}
{'loss': '0.05717', 'grad_norm': '0.1533', 'learning_rate': '1.851e-05', 'epoch': '7.451'}
{'loss': '0.01465', 'grad_norm': '2.624', 'learning_rate': '1.851e-05', 'epoch': '7.457'}
{'loss': '0.07064', 'grad_norm': '0.06739', 'learning_rate': '1.851e-05', 'epoch': '7.463'}
{'loss': '0.02711', 'grad_norm': '4.332', 'learning_rate': '1.851e-05', 'epoch': '7.469'}
{'loss': '0.009593', 'grad_norm': '0.3064', 'learning_rate': '1.851e-05', 'epoch': '7.475'}
{'loss': '0.05089', 'grad_norm': '2.795', 'learning_rate': '1.85e-05', 'epoch': '7.482'}
{'loss': '0.0317', 'grad_norm': '0.005486', 'learning_rate': '1.85e-05', 'epoch': '7.488'}
{'loss': '0.006971', 'grad_norm': '0.002876', 'learning_rate': '1.85e-05', 'epoch': '7.494'}
{'loss': '0.06933', 'grad_norm': '8.553', 'learning_rate': '1.85e-05', 'epoch': '7.5'}
{'loss': '0.004327', 'grad_norm': '0.1424', 'learning_rate': '1.85e-05', 'epoch': '7.506'}
{'loss': '0.005606', 'grad_norm': '0.3684', 'learning_rate': '1.85e-05', 'epoch': '7.512'}
{'loss': '0.008964', 'grad_norm': '3.628', 'learning_rate': '1.85e-05', 'epoch': '7.518'}
{'loss': '0.06768', 'grad_norm': '23.77', 'learning_rate': '1.85e-05', 'epoch': '7.525'}
{'loss': '0.01572', 'grad_norm': '0.1014', 'learning_rate': '1.849e-05', 'epoch': '7.531'}
{'loss': '0.0207', 'grad_norm': '0.06649', 'learning_rate': '1.849e-05', 'epoch': '7.537'}
{'loss': '0.01371', 'grad_norm': '0.009616', 'learning_rate': '1.849e-05', 'epoch': '7.543'}
{'loss': '0.03112', 'grad_norm': '6.879', 'learning_rate': '1.849e-05', 'epoch': '7.549'}
{'loss': '0.02744', 'grad_norm': '0.002842', 'learning_rate': '1.849e-05', 'epoch': '7.555'}
{'loss': '0.00305', 'grad_norm': '0.01931', 'learning_rate': '1.849e-05', 'epoch': '7.562'}
{'loss': '0.006225', 'grad_norm': '0.03134', 'learning_rate': '1.849e-05', 'epoch': '7.568'}
{'loss': '0.008861', 'grad_norm': '0.0005202', 'learning_rate': '1.849e-05', 'epoch': '7.574'}
{'loss': '0.03248', 'grad_norm': '0.3647', 'learning_rate': '1.848e-05', 'epoch': '7.58'}
{'loss': '0.01785', 'grad_norm': '0.05665', 'learning_rate': '1.848e-05', 'epoch': '7.586'}
{'loss': '0.06402', 'grad_norm': '0.0123', 'learning_rate': '1.848e-05', 'epoch': '7.592'}
{'loss': '0.009328', 'grad_norm': '0.006633', 'learning_rate': '1.848e-05', 'epoch': '7.599'}
{'loss': '0.04489', 'grad_norm': '4.416', 'learning_rate': '1.848e-05', 'epoch': '7.605'}
{'loss': '0.04358', 'grad_norm': '0.009791', 'learning_rate': '1.848e-05', 'epoch': '7.611'}
{'loss': '0.0208', 'grad_norm': '0.374', 'learning_rate': '1.848e-05', 'epoch': '7.617'}
{'loss': '0.05181', 'grad_norm': '0.03278', 'learning_rate': '1.848e-05', 'epoch': '7.623'}
{'loss': '0.01432', 'grad_norm': '4.45', 'learning_rate': '1.847e-05', 'epoch': '7.629'}
{'loss': '0.02697', 'grad_norm': '0.7112', 'learning_rate': '1.847e-05', 'epoch': '7.635'}
{'loss': '0.01784', 'grad_norm': '1.082', 'learning_rate': '1.847e-05', 'epoch': '7.642'}
{'loss': '0.03156', 'grad_norm': '2.434', 'learning_rate': '1.847e-05', 'epoch': '7.648'}
{'loss': '0.04054', 'grad_norm': '0.07176', 'learning_rate': '1.847e-05', 'epoch': '7.654'}
{'loss': '0.01948', 'grad_norm': '0.8506', 'learning_rate': '1.847e-05', 'epoch': '7.66'}
{'loss': '0.01448', 'grad_norm': '0.02813', 'learning_rate': '1.847e-05', 'epoch': '7.666'}
{'loss': '0.001673', 'grad_norm': '0.01421', 'learning_rate': '1.847e-05', 'epoch': '7.672'}
{'loss': '0.08027', 'grad_norm': '1.314', 'learning_rate': '1.846e-05', 'epoch': '7.679'}
{'loss': '0.005964', 'grad_norm': '0.002677', 'learning_rate': '1.846e-05', 'epoch': '7.685'}
{'loss': '0.005843', 'grad_norm': '0.1094', 'learning_rate': '1.846e-05', 'epoch': '7.691'}
{'loss': '0.01298', 'grad_norm': '0.1187', 'learning_rate': '1.846e-05', 'epoch': '7.697'}
{'loss': '0.02844', 'grad_norm': '2.069', 'learning_rate': '1.846e-05', 'epoch': '7.703'}
{'loss': '0.001306', 'grad_norm': '0.03148', 'learning_rate': '1.846e-05', 'epoch': '7.709'}
{'loss': '0.01077', 'grad_norm': '4.954', 'learning_rate': '1.846e-05', 'epoch': '7.716'}
{'loss': '0.03178', 'grad_norm': '0.2757', 'learning_rate': '1.846e-05', 'epoch': '7.722'}
{'loss': '0.02367', 'grad_norm': '0.05586', 'learning_rate': '1.845e-05', 'epoch': '7.728'}
{'loss': '0.02919', 'grad_norm': '0.005079', 'learning_rate': '1.845e-05', 'epoch': '7.734'}
{'loss': '0.01699', 'grad_norm': '0.9106', 'learning_rate': '1.845e-05', 'epoch': '7.74'}
{'loss': '0.01175', 'grad_norm': '0.4506', 'learning_rate': '1.845e-05', 'epoch': '7.746'}
{'loss': '0.02287', 'grad_norm': '1.467', 'learning_rate': '1.845e-05', 'epoch': '7.752'}
{'loss': '0.05672', 'grad_norm': '2.029', 'learning_rate': '1.845e-05', 'epoch': '7.759'}
{'loss': '0.01653', 'grad_norm': '0.9272', 'learning_rate': '1.845e-05', 'epoch': '7.765'}
{'loss': '0.02842', 'grad_norm': '0.8384', 'learning_rate': '1.845e-05', 'epoch': '7.771'}
{'loss': '0.03771', 'grad_norm': '0.03607', 'learning_rate': '1.844e-05', 'epoch': '7.777'}
{'loss': '0.0153', 'grad_norm': '0.08523', 'learning_rate': '1.844e-05', 'epoch': '7.783'}
{'loss': '0.02022', 'grad_norm': '2.639', 'learning_rate': '1.844e-05', 'epoch': '7.789'}
{'loss': '0.02478', 'grad_norm': '0.06926', 'learning_rate': '1.844e-05', 'epoch': '7.796'}
{'loss': '0.02387', 'grad_norm': '0.765', 'learning_rate': '1.844e-05', 'epoch': '7.802'}
{'loss': '0.01187', 'grad_norm': '0.01413', 'learning_rate': '1.844e-05', 'epoch': '7.808'}
{'loss': '0.03084', 'grad_norm': '8.504', 'learning_rate': '1.844e-05', 'epoch': '7.814'}
{'loss': '0.01381', 'grad_norm': '0.6531', 'learning_rate': '1.844e-05', 'epoch': '7.82'}
{'loss': '0.01787', 'grad_norm': '0.05736', 'learning_rate': '1.843e-05', 'epoch': '7.826'}
{'loss': '0.04906', 'grad_norm': '0.04935', 'learning_rate': '1.843e-05', 'epoch': '7.833'}
{'loss': '0.02025', 'grad_norm': '0.02336', 'learning_rate': '1.843e-05', 'epoch': '7.839'}
{'loss': '0.06834', 'grad_norm': '0.2422', 'learning_rate': '1.843e-05', 'epoch': '7.845'}
{'loss': '0.005003', 'grad_norm': '6.448', 'learning_rate': '1.843e-05', 'epoch': '7.851'}
{'loss': '0.01362', 'grad_norm': '0.9958', 'learning_rate': '1.843e-05', 'epoch': '7.857'}
{'loss': '0.03657', 'grad_norm': '0.008032', 'learning_rate': '1.843e-05', 'epoch': '7.863'}
{'loss': '0.03934', 'grad_norm': '3.175', 'learning_rate': '1.843e-05', 'epoch': '7.869'}
{'loss': '0.0528', 'grad_norm': '0.6832', 'learning_rate': '1.843e-05', 'epoch': '7.876'}
{'loss': '0.0252', 'grad_norm': '0.03434', 'learning_rate': '1.842e-05', 'epoch': '7.882'}
{'loss': '0.01937', 'grad_norm': '0.01059', 'learning_rate': '1.842e-05', 'epoch': '7.888'}
{'loss': '0.0893', 'grad_norm': '2.699', 'learning_rate': '1.842e-05', 'epoch': '7.894'}
{'loss': '0.02793', 'grad_norm': '1.949', 'learning_rate': '1.842e-05', 'epoch': '7.9'}
{'loss': '0.04597', 'grad_norm': '12.55', 'learning_rate': '1.842e-05', 'epoch': '7.906'}
{'loss': '0.03668', 'grad_norm': '1.009', 'learning_rate': '1.842e-05', 'epoch': '7.913'}
{'loss': '0.009738', 'grad_norm': '0.02261', 'learning_rate': '1.842e-05', 'epoch': '7.919'}
{'loss': '0.02754', 'grad_norm': '0.276', 'learning_rate': '1.842e-05', 'epoch': '7.925'}
{'loss': '0.01367', 'grad_norm': '0.8572', 'learning_rate': '1.841e-05', 'epoch': '7.931'}
{'loss': '0.005195', 'grad_norm': '0.0002617', 'learning_rate': '1.841e-05', 'epoch': '7.937'}
{'loss': '0.01048', 'grad_norm': '2.236', 'learning_rate': '1.841e-05', 'epoch': '7.943'}
{'loss': '0.0096', 'grad_norm': '0.008618', 'learning_rate': '1.841e-05', 'epoch': '7.95'}
{'loss': '0.003033', 'grad_norm': '0.001962', 'learning_rate': '1.841e-05', 'epoch': '7.956'}
{'loss': '0.002282', 'grad_norm': '0.001241', 'learning_rate': '1.841e-05', 'epoch': '7.962'}
{'loss': '0.01425', 'grad_norm': '2.555', 'learning_rate': '1.841e-05', 'epoch': '7.968'}
{'loss': '0.04341', 'grad_norm': '9.372', 'learning_rate': '1.841e-05', 'epoch': '7.974'}
{'loss': '0.02538', 'grad_norm': '0.02466', 'learning_rate': '1.84e-05', 'epoch': '7.98'}
{'loss': '0.004438', 'grad_norm': '0.1514', 'learning_rate': '1.84e-05', 'epoch': '7.986'}
{'loss': '0.03373', 'grad_norm': '1.906', 'learning_rate': '1.84e-05', 'epoch': '7.993'}
{'loss': '0.01893', 'grad_norm': '0.01238', 'learning_rate': '1.84e-05', 'epoch': '7.999'}
{'eval_loss': '0.8559', 'eval_accuracy': '0.912', 'eval_precision': '0.8913', 'eval_recall': '0.9611', 'eval_f1': '0.9249', 'eval_runtime': '12.17', 'eval_samples_per_second': '1120', 'eval_steps_per_second': '17.59', 'epoch': '8'}
{'loss': '0.02652', 'grad_norm': '0.3422', 'learning_rate': '1.84e-05', 'epoch': '8.005'}
{'loss': '0.03729', 'grad_norm': '13.46', 'learning_rate': '1.84e-05', 'epoch': '8.011'}
{'loss': '0.03036', 'grad_norm': '0.001726', 'learning_rate': '1.84e-05', 'epoch': '8.017'}
{'loss': '0.01566', 'grad_norm': '0.3405', 'learning_rate': '1.84e-05', 'epoch': '8.023'}
{'loss': '0.0234', 'grad_norm': '1.031', 'learning_rate': '1.839e-05', 'epoch': '8.03'}
{'loss': '0.01301', 'grad_norm': '1.932', 'learning_rate': '1.839e-05', 'epoch': '8.036'}
{'loss': '0.007092', 'grad_norm': '0.006199', 'learning_rate': '1.839e-05', 'epoch': '8.042'}
{'loss': '0.03008', 'grad_norm': '0.07147', 'learning_rate': '1.839e-05', 'epoch': '8.048'}
{'loss': '0.01743', 'grad_norm': '0.4009', 'learning_rate': '1.839e-05', 'epoch': '8.054'}
{'loss': '0.02326', 'grad_norm': '0.06314', 'learning_rate': '1.839e-05', 'epoch': '8.06'}
{'loss': '0.01811', 'grad_norm': '1.423', 'learning_rate': '1.839e-05', 'epoch': '8.067'}
{'loss': '0.03693', 'grad_norm': '0.006356', 'learning_rate': '1.839e-05', 'epoch': '8.073'}
{'loss': '0.01573', 'grad_norm': '1.126', 'learning_rate': '1.838e-05', 'epoch': '8.079'}
{'loss': '0.03157', 'grad_norm': '0.009626', 'learning_rate': '1.838e-05', 'epoch': '8.085'}
{'loss': '0.03345', 'grad_norm': '2.174', 'learning_rate': '1.838e-05', 'epoch': '8.091'}
{'loss': '0.01005', 'grad_norm': '1.473', 'learning_rate': '1.838e-05', 'epoch': '8.097'}
{'loss': '0.02455', 'grad_norm': '1.215', 'learning_rate': '1.838e-05', 'epoch': '8.103'}
{'loss': '0.01471', 'grad_norm': '0.003587', 'learning_rate': '1.838e-05', 'epoch': '8.11'}
{'loss': '0.01234', 'grad_norm': '0.4221', 'learning_rate': '1.838e-05', 'epoch': '8.116'}
{'loss': '0.007374', 'grad_norm': '0.6666', 'learning_rate': '1.838e-05', 'epoch': '8.122'}
{'loss': '0.02433', 'grad_norm': '4.065', 'learning_rate': '1.837e-05', 'epoch': '8.128'}
{'loss': '0.02689', 'grad_norm': '1.921', 'learning_rate': '1.837e-05', 'epoch': '8.134'}
{'loss': '0.005405', 'grad_norm': '0.09444', 'learning_rate': '1.837e-05', 'epoch': '8.14'}
{'loss': '0.01579', 'grad_norm': '10.5', 'learning_rate': '1.837e-05', 'epoch': '8.147'}
{'loss': '0.03487', 'grad_norm': '4.344', 'learning_rate': '1.837e-05', 'epoch': '8.153'}
{'loss': '0.01356', 'grad_norm': '0.001568', 'learning_rate': '1.837e-05', 'epoch': '8.159'}
{'loss': '0.02767', 'grad_norm': '0.02812', 'learning_rate': '1.837e-05', 'epoch': '8.165'}
{'loss': '0.02468', 'grad_norm': '0.2317', 'learning_rate': '1.837e-05', 'epoch': '8.171'}
{'loss': '0.005229', 'grad_norm': '0.3161', 'learning_rate': '1.836e-05', 'epoch': '8.177'}
{'loss': '0.009229', 'grad_norm': '2.622', 'learning_rate': '1.836e-05', 'epoch': '8.183'}
{'loss': '0.05346', 'grad_norm': '0.06408', 'learning_rate': '1.836e-05', 'epoch': '8.19'}
{'loss': '0.0155', 'grad_norm': '0.006994', 'learning_rate': '1.836e-05', 'epoch': '8.196'}
{'loss': '0.01539', 'grad_norm': '0.01958', 'learning_rate': '1.836e-05', 'epoch': '8.202'}
{'loss': '0.003477', 'grad_norm': '0.01479', 'learning_rate': '1.836e-05', 'epoch': '8.208'}
{'loss': '0.03194', 'grad_norm': '7.725', 'learning_rate': '1.836e-05', 'epoch': '8.214'}
{'loss': '0.003595', 'grad_norm': '0.06009', 'learning_rate': '1.836e-05', 'epoch': '8.22'}
{'loss': '0.02475', 'grad_norm': '0.1387', 'learning_rate': '1.835e-05', 'epoch': '8.227'}
{'loss': '0.01209', 'grad_norm': '1.928', 'learning_rate': '1.835e-05', 'epoch': '8.233'}
{'loss': '0.002457', 'grad_norm': '0.3796', 'learning_rate': '1.835e-05', 'epoch': '8.239'}
{'loss': '0.008118', 'grad_norm': '0.7997', 'learning_rate': '1.835e-05', 'epoch': '8.245'}
{'loss': '0.03746', 'grad_norm': '0.0006973', 'learning_rate': '1.835e-05', 'epoch': '8.251'}
{'loss': '0.002165', 'grad_norm': '0.2852', 'learning_rate': '1.835e-05', 'epoch': '8.257'}
{'loss': '0.007044', 'grad_norm': '0.007145', 'learning_rate': '1.835e-05', 'epoch': '8.264'}
{'loss': '0.008479', 'grad_norm': '0.002232', 'learning_rate': '1.835e-05', 'epoch': '8.27'}
{'loss': '0.01209', 'grad_norm': '0.06421', 'learning_rate': '1.834e-05', 'epoch': '8.276'}
{'loss': '0.005667', 'grad_norm': '4.868', 'learning_rate': '1.834e-05', 'epoch': '8.282'}
{'loss': '0.0105', 'grad_norm': '11.01', 'learning_rate': '1.834e-05', 'epoch': '8.288'}
{'loss': '0.04257', 'grad_norm': '0.001757', 'learning_rate': '1.834e-05', 'epoch': '8.294'}
{'loss': '0.03955', 'grad_norm': '0.02921', 'learning_rate': '1.834e-05', 'epoch': '8.3'}
{'loss': '0.03047', 'grad_norm': '2.634', 'learning_rate': '1.834e-05', 'epoch': '8.307'}
{'loss': '0.009882', 'grad_norm': '0.01144', 'learning_rate': '1.834e-05', 'epoch': '8.313'}
{'loss': '0.01496', 'grad_norm': '0.1925', 'learning_rate': '1.834e-05', 'epoch': '8.319'}
{'loss': '0.009353', 'grad_norm': '0.04097', 'learning_rate': '1.834e-05', 'epoch': '8.325'}
{'loss': '0.01595', 'grad_norm': '0.0007451', 'learning_rate': '1.833e-05', 'epoch': '8.331'}
{'loss': '0.02413', 'grad_norm': '1.441', 'learning_rate': '1.833e-05', 'epoch': '8.337'}
{'loss': '0.009178', 'grad_norm': '0.01395', 'learning_rate': '1.833e-05', 'epoch': '8.344'}
{'loss': '0.02561', 'grad_norm': '0.04616', 'learning_rate': '1.833e-05', 'epoch': '8.35'}
{'loss': '0.03049', 'grad_norm': '4.479', 'learning_rate': '1.833e-05', 'epoch': '8.356'}
{'loss': '0.03097', 'grad_norm': '11.96', 'learning_rate': '1.833e-05', 'epoch': '8.362'}
{'loss': '0.03519', 'grad_norm': '11.25', 'learning_rate': '1.833e-05', 'epoch': '8.368'}
{'loss': '0.003157', 'grad_norm': '0.004431', 'learning_rate': '1.833e-05', 'epoch': '8.374'}
{'loss': '0.03566', 'grad_norm': '7.767e-05', 'learning_rate': '1.832e-05', 'epoch': '8.381'}
{'loss': '0.0161', 'grad_norm': '0.003565', 'learning_rate': '1.832e-05', 'epoch': '8.387'}
{'loss': '0.02122', 'grad_norm': '15.59', 'learning_rate': '1.832e-05', 'epoch': '8.393'}
{'loss': '0.00729', 'grad_norm': '1.342', 'learning_rate': '1.832e-05', 'epoch': '8.399'}
{'loss': '0.01718', 'grad_norm': '0.02364', 'learning_rate': '1.832e-05', 'epoch': '8.405'}
{'loss': '0.003226', 'grad_norm': '0.01273', 'learning_rate': '1.832e-05', 'epoch': '8.411'}
{'loss': '0.04364', 'grad_norm': '0.004443', 'learning_rate': '1.832e-05', 'epoch': '8.417'}
{'loss': '0.0438', 'grad_norm': '0.002143', 'learning_rate': '1.832e-05', 'epoch': '8.424'}
{'loss': '0.04294', 'grad_norm': '2.206', 'learning_rate': '1.831e-05', 'epoch': '8.43'}
{'loss': '0.003511', 'grad_norm': '1.949', 'learning_rate': '1.831e-05', 'epoch': '8.436'}
{'loss': '0.02814', 'grad_norm': '1.898', 'learning_rate': '1.831e-05', 'epoch': '8.442'}
{'loss': '0.01755', 'grad_norm': '4.29', 'learning_rate': '1.831e-05', 'epoch': '8.448'}
{'loss': '0.04005', 'grad_norm': '0.00986', 'learning_rate': '1.831e-05', 'epoch': '8.454'}
{'loss': '0.0006107', 'grad_norm': '0.006517', 'learning_rate': '1.831e-05', 'epoch': '8.461'}
{'loss': '0.01334', 'grad_norm': '0.04094', 'learning_rate': '1.831e-05', 'epoch': '8.467'}
{'loss': '0.01454', 'grad_norm': '0.003331', 'learning_rate': '1.831e-05', 'epoch': '8.473'}
{'loss': '0.0362', 'grad_norm': '5.386', 'learning_rate': '1.83e-05', 'epoch': '8.479'}
{'loss': '0.0531', 'grad_norm': '1.707', 'learning_rate': '1.83e-05', 'epoch': '8.485'}
{'loss': '0.002371', 'grad_norm': '0.01066', 'learning_rate': '1.83e-05', 'epoch': '8.491'}
{'loss': '0.03049', 'grad_norm': '3.495', 'learning_rate': '1.83e-05', 'epoch': '8.498'}
{'loss': '0.06531', 'grad_norm': '0.6238', 'learning_rate': '1.83e-05', 'epoch': '8.504'}
{'loss': '0.03734', 'grad_norm': '10.63', 'learning_rate': '1.83e-05', 'epoch': '8.51'}
{'loss': '0.01227', 'grad_norm': '0.7621', 'learning_rate': '1.83e-05', 'epoch': '8.516'}
{'loss': '0.01639', 'grad_norm': '0.9294', 'learning_rate': '1.83e-05', 'epoch': '8.522'}
{'loss': '0.05161', 'grad_norm': '7.416', 'learning_rate': '1.829e-05', 'epoch': '8.528'}
{'loss': '0.02686', 'grad_norm': '0.005692', 'learning_rate': '1.829e-05', 'epoch': '8.534'}
{'loss': '0.01714', 'grad_norm': '0.04532', 'learning_rate': '1.829e-05', 'epoch': '8.541'}
{'loss': '0.04118', 'grad_norm': '0.2422', 'learning_rate': '1.829e-05', 'epoch': '8.547'}
{'loss': '0.01323', 'grad_norm': '0.01665', 'learning_rate': '1.829e-05', 'epoch': '8.553'}
{'loss': '0.01139', 'grad_norm': '17.02', 'learning_rate': '1.829e-05', 'epoch': '8.559'}
{'loss': '0.01684', 'grad_norm': '0.3648', 'learning_rate': '1.829e-05', 'epoch': '8.565'}
{'loss': '0.01548', 'grad_norm': '5.862', 'learning_rate': '1.829e-05', 'epoch': '8.571'}
{'loss': '0.01829', 'grad_norm': '0.3762', 'learning_rate': '1.828e-05', 'epoch': '8.578'}
{'loss': '0.02582', 'grad_norm': '0.5514', 'learning_rate': '1.828e-05', 'epoch': '8.584'}
{'loss': '0.0206', 'grad_norm': '0.5349', 'learning_rate': '1.828e-05', 'epoch': '8.59'}
{'loss': '0.009337', 'grad_norm': '0.002043', 'learning_rate': '1.828e-05', 'epoch': '8.596'}
{'loss': '0.008224', 'grad_norm': '0.03234', 'learning_rate': '1.828e-05', 'epoch': '8.602'}
{'loss': '0.037', 'grad_norm': '0.4294', 'learning_rate': '1.828e-05', 'epoch': '8.608'}
{'loss': '0.07441', 'grad_norm': '0.1196', 'learning_rate': '1.828e-05', 'epoch': '8.615'}
{'loss': '0.007985', 'grad_norm': '1.159', 'learning_rate': '1.828e-05', 'epoch': '8.621'}
{'loss': '0.01281', 'grad_norm': '0.01373', 'learning_rate': '1.827e-05', 'epoch': '8.627'}
{'loss': '0.01374', 'grad_norm': '3.962', 'learning_rate': '1.827e-05', 'epoch': '8.633'}
{'loss': '0.0006541', 'grad_norm': '0.08144', 'learning_rate': '1.827e-05', 'epoch': '8.639'}
{'loss': '0.01091', 'grad_norm': '0.02986', 'learning_rate': '1.827e-05', 'epoch': '8.645'}
{'loss': '0.07114', 'grad_norm': '0.005441', 'learning_rate': '1.827e-05', 'epoch': '8.651'}
{'loss': '0.02886', 'grad_norm': '0.02877', 'learning_rate': '1.827e-05', 'epoch': '8.658'}
{'loss': '0.008438', 'grad_norm': '0.189', 'learning_rate': '1.827e-05', 'epoch': '8.664'}
{'loss': '0.01567', 'grad_norm': '5.054', 'learning_rate': '1.827e-05', 'epoch': '8.67'}
{'loss': '0.005526', 'grad_norm': '0.02766', 'learning_rate': '1.826e-05', 'epoch': '8.676'}
{'loss': '0.03903', 'grad_norm': '0.003666', 'learning_rate': '1.826e-05', 'epoch': '8.682'}
{'loss': '0.002451', 'grad_norm': '3.853', 'learning_rate': '1.826e-05', 'epoch': '8.688'}
{'loss': '0.03634', 'grad_norm': '0.3351', 'learning_rate': '1.826e-05', 'epoch': '8.695'}
{'loss': '0.05849', 'grad_norm': '2.361', 'learning_rate': '1.826e-05', 'epoch': '8.701'}
{'loss': '0.01511', 'grad_norm': '0.3869', 'learning_rate': '1.826e-05', 'epoch': '8.707'}
{'loss': '0.01361', 'grad_norm': '7.206', 'learning_rate': '1.826e-05', 'epoch': '8.713'}
{'loss': '0.0177', 'grad_norm': '8.047', 'learning_rate': '1.826e-05', 'epoch': '8.719'}
{'loss': '0.01628', 'grad_norm': '0.248', 'learning_rate': '1.826e-05', 'epoch': '8.725'}
{'loss': '0.02413', 'grad_norm': '3.147', 'learning_rate': '1.825e-05', 'epoch': '8.732'}
{'loss': '0.01271', 'grad_norm': '2.818', 'learning_rate': '1.825e-05', 'epoch': '8.738'}
{'loss': '0.03223', 'grad_norm': '1.591', 'learning_rate': '1.825e-05', 'epoch': '8.744'}
{'loss': '0.02', 'grad_norm': '0.2036', 'learning_rate': '1.825e-05', 'epoch': '8.75'}
{'loss': '0.01217', 'grad_norm': '0.006387', 'learning_rate': '1.825e-05', 'epoch': '8.756'}
{'loss': '0.01291', 'grad_norm': '0.002825', 'learning_rate': '1.825e-05', 'epoch': '8.762'}
{'loss': '0.05108', 'grad_norm': '0.02497', 'learning_rate': '1.825e-05', 'epoch': '8.768'}
{'loss': '0.03462', 'grad_norm': '0.2881', 'learning_rate': '1.825e-05', 'epoch': '8.775'}
{'loss': '0.006157', 'grad_norm': '0.02371', 'learning_rate': '1.824e-05', 'epoch': '8.781'}
{'loss': '0.02027', 'grad_norm': '0.4582', 'learning_rate': '1.824e-05', 'epoch': '8.787'}
{'loss': '0.02441', 'grad_norm': '0.8417', 'learning_rate': '1.824e-05', 'epoch': '8.793'}
{'loss': '0.06866', 'grad_norm': '1.656', 'learning_rate': '1.824e-05', 'epoch': '8.799'}
{'loss': '0.01436', 'grad_norm': '0.02405', 'learning_rate': '1.824e-05', 'epoch': '8.805'}
{'loss': '0.006422', 'grad_norm': '0.2582', 'learning_rate': '1.824e-05', 'epoch': '8.812'}
{'loss': '0.03506', 'grad_norm': '0.3433', 'learning_rate': '1.824e-05', 'epoch': '8.818'}
{'loss': '0.01439', 'grad_norm': '0.03239', 'learning_rate': '1.824e-05', 'epoch': '8.824'}
{'loss': '0.01663', 'grad_norm': '0.1432', 'learning_rate': '1.823e-05', 'epoch': '8.83'}
{'loss': '0.01008', 'grad_norm': '0.04281', 'learning_rate': '1.823e-05', 'epoch': '8.836'}
{'loss': '0.01655', 'grad_norm': '7.853', 'learning_rate': '1.823e-05', 'epoch': '8.842'}
{'loss': '0.02848', 'grad_norm': '4.556', 'learning_rate': '1.823e-05', 'epoch': '8.849'}
{'loss': '0.02742', 'grad_norm': '0.08404', 'learning_rate': '1.823e-05', 'epoch': '8.855'}
{'loss': '0.04686', 'grad_norm': '5.171', 'learning_rate': '1.823e-05', 'epoch': '8.861'}
{'loss': '0.01961', 'grad_norm': '0.00625', 'learning_rate': '1.823e-05', 'epoch': '8.867'}
{'loss': '0.02154', 'grad_norm': '0.3736', 'learning_rate': '1.823e-05', 'epoch': '8.873'}
{'loss': '0.01618', 'grad_norm': '0.09388', 'learning_rate': '1.822e-05', 'epoch': '8.879'}
{'loss': '0.04633', 'grad_norm': '0.004712', 'learning_rate': '1.822e-05', 'epoch': '8.885'}
{'loss': '0.01288', 'grad_norm': '0.009464', 'learning_rate': '1.822e-05', 'epoch': '8.892'}
{'loss': '0.004891', 'grad_norm': '0.03509', 'learning_rate': '1.822e-05', 'epoch': '8.898'}
{'loss': '0.02977', 'grad_norm': '0.1111', 'learning_rate': '1.822e-05', 'epoch': '8.904'}
{'loss': '0.002554', 'grad_norm': '0.002391', 'learning_rate': '1.822e-05', 'epoch': '8.91'}
{'loss': '0.06391', 'grad_norm': '0.005612', 'learning_rate': '1.822e-05', 'epoch': '8.916'}
{'loss': '0.002972', 'grad_norm': '0.003664', 'learning_rate': '1.822e-05', 'epoch': '8.922'}
{'loss': '0.01142', 'grad_norm': '0.8034', 'learning_rate': '1.821e-05', 'epoch': '8.929'}
{'loss': '0.006413', 'grad_norm': '0.7237', 'learning_rate': '1.821e-05', 'epoch': '8.935'}
{'loss': '0.02111', 'grad_norm': '3.752', 'learning_rate': '1.821e-05', 'epoch': '8.941'}
{'loss': '0.01523', 'grad_norm': '0.002861', 'learning_rate': '1.821e-05', 'epoch': '8.947'}
{'loss': '0.04606', 'grad_norm': '0.049', 'learning_rate': '1.821e-05', 'epoch': '8.953'}
{'loss': '0.006134', 'grad_norm': '0.01381', 'learning_rate': '1.821e-05', 'epoch': '8.959'}
{'loss': '0.008373', 'grad_norm': '0.7784', 'learning_rate': '1.821e-05', 'epoch': '8.966'}
{'loss': '0.03108', 'grad_norm': '0.004789', 'learning_rate': '1.821e-05', 'epoch': '8.972'}
{'loss': '0.002588', 'grad_norm': '0.006492', 'learning_rate': '1.82e-05', 'epoch': '8.978'}
{'loss': '0.002788', 'grad_norm': '0.01166', 'learning_rate': '1.82e-05', 'epoch': '8.984'}
{'loss': '0.01188', 'grad_norm': '0.001239', 'learning_rate': '1.82e-05', 'epoch': '8.99'}
{'loss': '0.01334', 'grad_norm': '15.53', 'learning_rate': '1.82e-05', 'epoch': '8.996'}
{'eval_loss': '0.8255', 'eval_accuracy': '0.9121', 'eval_precision': '0.8922', 'eval_recall': '0.9601', 'eval_f1': '0.9249', 'eval_runtime': '12.16', 'eval_samples_per_second': '1121', 'eval_steps_per_second': '17.59', 'epoch': '9'}
{'loss': '0.01392', 'grad_norm': '0.00215', 'learning_rate': '1.82e-05', 'epoch': '9.002'}
{'loss': '0.05835', 'grad_norm': '0.1206', 'learning_rate': '1.82e-05', 'epoch': '9.009'}
{'loss': '0.02554', 'grad_norm': '15.55', 'learning_rate': '1.82e-05', 'epoch': '9.015'}
{'loss': '0.002649', 'grad_norm': '0.1363', 'learning_rate': '1.82e-05', 'epoch': '9.021'}
{'loss': '0.01529', 'grad_norm': '0.2688', 'learning_rate': '1.819e-05', 'epoch': '9.027'}
{'loss': '0.02934', 'grad_norm': '7.366', 'learning_rate': '1.819e-05', 'epoch': '9.033'}
{'loss': '0.02971', 'grad_norm': '1.213', 'learning_rate': '1.819e-05', 'epoch': '9.039'}
{'loss': '0.008883', 'grad_norm': '1.324', 'learning_rate': '1.819e-05', 'epoch': '9.046'}
{'loss': '0.04497', 'grad_norm': '0.002539', 'learning_rate': '1.819e-05', 'epoch': '9.052'}
{'loss': '0.04623', 'grad_norm': '3.605', 'learning_rate': '1.819e-05', 'epoch': '9.058'}
{'loss': '0.03011', 'grad_norm': '0.002786', 'learning_rate': '1.819e-05', 'epoch': '9.064'}
{'loss': '0.00594', 'grad_norm': '0.003704', 'learning_rate': '1.819e-05', 'epoch': '9.07'}
{'loss': '0.01724', 'grad_norm': '1.016', 'learning_rate': '1.818e-05', 'epoch': '9.076'}
{'loss': '0.04059', 'grad_norm': '1.153', 'learning_rate': '1.818e-05', 'epoch': '9.083'}
{'loss': '0.02845', 'grad_norm': '0.8182', 'learning_rate': '1.818e-05', 'epoch': '9.089'}
{'loss': '0.01444', 'grad_norm': '2.783', 'learning_rate': '1.818e-05', 'epoch': '9.095'}
{'loss': '0.04346', 'grad_norm': '11.56', 'learning_rate': '1.818e-05', 'epoch': '9.101'}
{'loss': '0.03358', 'grad_norm': '0.1768', 'learning_rate': '1.818e-05', 'epoch': '9.107'}
{'loss': '0.004753', 'grad_norm': '0.02969', 'learning_rate': '1.818e-05', 'epoch': '9.113'}
{'loss': '0.009129', 'grad_norm': '1.278', 'learning_rate': '1.818e-05', 'epoch': '9.119'}
{'loss': '0.00248', 'grad_norm': '0.1121', 'learning_rate': '1.818e-05', 'epoch': '9.126'}
{'loss': '0.0155', 'grad_norm': '0.006698', 'learning_rate': '1.817e-05', 'epoch': '9.132'}
{'loss': '0.01079', 'grad_norm': '0.01159', 'learning_rate': '1.817e-05', 'epoch': '9.138'}
{'loss': '0.02804', 'grad_norm': '0.1934', 'learning_rate': '1.817e-05', 'epoch': '9.144'}
{'loss': '0.03346', 'grad_norm': '0.002156', 'learning_rate': '1.817e-05', 'epoch': '9.15'}
{'loss': '0.01868', 'grad_norm': '0.01072', 'learning_rate': '1.817e-05', 'epoch': '9.156'}
{'loss': '0.02715', 'grad_norm': '0.03318', 'learning_rate': '1.817e-05', 'epoch': '9.163'}
{'loss': '0.01287', 'grad_norm': '0.006666', 'learning_rate': '1.817e-05', 'epoch': '9.169'}
{'loss': '0.0258', 'grad_norm': '0.001616', 'learning_rate': '1.817e-05', 'epoch': '9.175'}
{'loss': '0.01734', 'grad_norm': '0.1574', 'learning_rate': '1.816e-05', 'epoch': '9.181'}
{'loss': '0.01349', 'grad_norm': '1.569', 'learning_rate': '1.816e-05', 'epoch': '9.187'}
{'loss': '0.0005866', 'grad_norm': '0.001857', 'learning_rate': '1.816e-05', 'epoch': '9.193'}
{'loss': '0.02786', 'grad_norm': '0.01617', 'learning_rate': '1.816e-05', 'epoch': '9.2'}
{'loss': '0.01686', 'grad_norm': '3.44', 'learning_rate': '1.816e-05', 'epoch': '9.206'}
{'loss': '0.007494', 'grad_norm': '0.07275', 'learning_rate': '1.816e-05', 'epoch': '9.212'}
{'loss': '0.004028', 'grad_norm': '0.006336', 'learning_rate': '1.816e-05', 'epoch': '9.218'}
{'loss': '0.0003985', 'grad_norm': '0.05456', 'learning_rate': '1.816e-05', 'epoch': '9.224'}
{'loss': '0.02122', 'grad_norm': '3.249', 'learning_rate': '1.815e-05', 'epoch': '9.23'}
{'loss': '0.01561', 'grad_norm': '2.14', 'learning_rate': '1.815e-05', 'epoch': '9.236'}
{'loss': '0.02389', 'grad_norm': '0.07575', 'learning_rate': '1.815e-05', 'epoch': '9.243'}
{'loss': '0.006784', 'grad_norm': '0.004141', 'learning_rate': '1.815e-05', 'epoch': '9.249'}
{'loss': '0.02618', 'grad_norm': '0.003846', 'learning_rate': '1.815e-05', 'epoch': '9.255'}
{'loss': '0.02442', 'grad_norm': '0.0004749', 'learning_rate': '1.815e-05', 'epoch': '9.261'}
{'loss': '0.01912', 'grad_norm': '0.03703', 'learning_rate': '1.815e-05', 'epoch': '9.267'}
{'loss': '0.0137', 'grad_norm': '0.1224', 'learning_rate': '1.815e-05', 'epoch': '9.273'}
{'loss': '0.002641', 'grad_norm': '0.1887', 'learning_rate': '1.814e-05', 'epoch': '9.28'}
{'loss': '0.03783', 'grad_norm': '2.989', 'learning_rate': '1.814e-05', 'epoch': '9.286'}
{'loss': '0.01925', 'grad_norm': '0.02053', 'learning_rate': '1.814e-05', 'epoch': '9.292'}
{'loss': '0.02032', 'grad_norm': '0.02495', 'learning_rate': '1.814e-05', 'epoch': '9.298'}
{'loss': '0.001642', 'grad_norm': '1.027', 'learning_rate': '1.814e-05', 'epoch': '9.304'}
{'loss': '0.02367', 'grad_norm': '0.4262', 'learning_rate': '1.814e-05', 'epoch': '9.31'}
{'loss': '0.008824', 'grad_norm': '0.0003803', 'learning_rate': '1.814e-05', 'epoch': '9.317'}
{'loss': '0.01839', 'grad_norm': '0.09125', 'learning_rate': '1.814e-05', 'epoch': '9.323'}
{'loss': '0.002688', 'grad_norm': '0.01204', 'learning_rate': '1.813e-05', 'epoch': '9.329'}
{'loss': '0.003335', 'grad_norm': '0.0006801', 'learning_rate': '1.813e-05', 'epoch': '9.335'}
{'loss': '0.01382', 'grad_norm': '2.431', 'learning_rate': '1.813e-05', 'epoch': '9.341'}
{'loss': '0.0284', 'grad_norm': '0.03391', 'learning_rate': '1.813e-05', 'epoch': '9.347'}
{'loss': '0.01211', 'grad_norm': '0.003085', 'learning_rate': '1.813e-05', 'epoch': '9.353'}
{'loss': '0.008923', 'grad_norm': '0.2629', 'learning_rate': '1.813e-05', 'epoch': '9.36'}
{'loss': '0.008561', 'grad_norm': '0.4171', 'learning_rate': '1.813e-05', 'epoch': '9.366'}
{'loss': '0.01223', 'grad_norm': '1.189', 'learning_rate': '1.813e-05', 'epoch': '9.372'}
{'loss': '0.02722', 'grad_norm': '12.73', 'learning_rate': '1.812e-05', 'epoch': '9.378'}
{'loss': '0.02015', 'grad_norm': '0.000787', 'learning_rate': '1.812e-05', 'epoch': '9.384'}
{'loss': '0.0127', 'grad_norm': '4.739', 'learning_rate': '1.812e-05', 'epoch': '9.39'}
{'loss': '0.0007896', 'grad_norm': '0.002236', 'learning_rate': '1.812e-05', 'epoch': '9.397'}
{'loss': '0.02033', 'grad_norm': '0.7907', 'learning_rate': '1.812e-05', 'epoch': '9.403'}
{'loss': '0.01235', 'grad_norm': '0.4557', 'learning_rate': '1.812e-05', 'epoch': '9.409'}
{'loss': '0.02842', 'grad_norm': '4.16', 'learning_rate': '1.812e-05', 'epoch': '9.415'}
{'loss': '0.01264', 'grad_norm': '0.009299', 'learning_rate': '1.812e-05', 'epoch': '9.421'}
{'loss': '0.02311', 'grad_norm': '0.4245', 'learning_rate': '1.811e-05', 'epoch': '9.427'}
{'loss': '0.01285', 'grad_norm': '3.163', 'learning_rate': '1.811e-05', 'epoch': '9.433'}
{'loss': '0.007704', 'grad_norm': '0.0003587', 'learning_rate': '1.811e-05', 'epoch': '9.44'}
{'loss': '0.02626', 'grad_norm': '0.02544', 'learning_rate': '1.811e-05', 'epoch': '9.446'}
{'loss': '0.05143', 'grad_norm': '0.01683', 'learning_rate': '1.811e-05', 'epoch': '9.452'}
{'loss': '0.00851', 'grad_norm': '0.02949', 'learning_rate': '1.811e-05', 'epoch': '9.458'}
{'loss': '0.01057', 'grad_norm': '0.004257', 'learning_rate': '1.811e-05', 'epoch': '9.464'}
{'loss': '0.03875', 'grad_norm': '0.05234', 'learning_rate': '1.811e-05', 'epoch': '9.47'}
{'loss': '0.02371', 'grad_norm': '0.005552', 'learning_rate': '1.81e-05', 'epoch': '9.477'}
{'loss': '0.003788', 'grad_norm': '0.6841', 'learning_rate': '1.81e-05', 'epoch': '9.483'}
{'loss': '0.01263', 'grad_norm': '10.44', 'learning_rate': '1.81e-05', 'epoch': '9.489'}
{'loss': '0.02782', 'grad_norm': '0.3998', 'learning_rate': '1.81e-05', 'epoch': '9.495'}
{'loss': '0.05069', 'grad_norm': '0.001204', 'learning_rate': '1.81e-05', 'epoch': '9.501'}
{'loss': '0.01172', 'grad_norm': '17.96', 'learning_rate': '1.81e-05', 'epoch': '9.507'}
{'loss': '0.02796', 'grad_norm': '12.29', 'learning_rate': '1.81e-05', 'epoch': '9.514'}
{'loss': '0.02297', 'grad_norm': '0.002827', 'learning_rate': '1.81e-05', 'epoch': '9.52'}
{'loss': '0.002674', 'grad_norm': '0.00951', 'learning_rate': '1.809e-05', 'epoch': '9.526'}
{'loss': '0.007431', 'grad_norm': '1.668', 'learning_rate': '1.809e-05', 'epoch': '9.532'}
{'loss': '0.008245', 'grad_norm': '0.00853', 'learning_rate': '1.809e-05', 'epoch': '9.538'}
{'loss': '0.01446', 'grad_norm': '0.003255', 'learning_rate': '1.809e-05', 'epoch': '9.544'}
{'loss': '0.0117', 'grad_norm': '0.07347', 'learning_rate': '1.809e-05', 'epoch': '9.55'}
{'loss': '0.01392', 'grad_norm': '2.273', 'learning_rate': '1.809e-05', 'epoch': '9.557'}
{'loss': '0.01655', 'grad_norm': '0.01776', 'learning_rate': '1.809e-05', 'epoch': '9.563'}
{'loss': '0.02364', 'grad_norm': '0.00385', 'learning_rate': '1.809e-05', 'epoch': '9.569'}
{'loss': '0.006602', 'grad_norm': '0.00466', 'learning_rate': '1.809e-05', 'epoch': '9.575'}
{'loss': '0.008936', 'grad_norm': '0.02257', 'learning_rate': '1.808e-05', 'epoch': '9.581'}
{'loss': '0.04189', 'grad_norm': '0.03158', 'learning_rate': '1.808e-05', 'epoch': '9.587'}
{'loss': '0.005024', 'grad_norm': '3.176', 'learning_rate': '1.808e-05', 'epoch': '9.594'}
{'loss': '0.03147', 'grad_norm': '15.93', 'learning_rate': '1.808e-05', 'epoch': '9.6'}
{'loss': '0.01689', 'grad_norm': '0.08063', 'learning_rate': '1.808e-05', 'epoch': '9.606'}
{'loss': '0.007319', 'grad_norm': '0.5881', 'learning_rate': '1.808e-05', 'epoch': '9.612'}
{'loss': '0.00908', 'grad_norm': '0.0003213', 'learning_rate': '1.808e-05', 'epoch': '9.618'}
{'loss': '0.01426', 'grad_norm': '1.69', 'learning_rate': '1.808e-05', 'epoch': '9.624'}
{'loss': '0.02453', 'grad_norm': '0.01292', 'learning_rate': '1.807e-05', 'epoch': '9.631'}
{'loss': '0.01619', 'grad_norm': '1.013', 'learning_rate': '1.807e-05', 'epoch': '9.637'}
{'loss': '0.04666', 'grad_norm': '0.6572', 'learning_rate': '1.807e-05', 'epoch': '9.643'}
{'loss': '0.03331', 'grad_norm': '0.001534', 'learning_rate': '1.807e-05', 'epoch': '9.649'}
{'loss': '0.01002', 'grad_norm': '0.04531', 'learning_rate': '1.807e-05', 'epoch': '9.655'}
{'loss': '0.02429', 'grad_norm': '0.009521', 'learning_rate': '1.807e-05', 'epoch': '9.661'}
{'loss': '0.0125', 'grad_norm': '1.197', 'learning_rate': '1.807e-05', 'epoch': '9.667'}
{'loss': '0.01857', 'grad_norm': '0.7665', 'learning_rate': '1.807e-05', 'epoch': '9.674'}
{'loss': '0.02546', 'grad_norm': '3.577', 'learning_rate': '1.806e-05', 'epoch': '9.68'}
{'loss': '0.00306', 'grad_norm': '0.008873', 'learning_rate': '1.806e-05', 'epoch': '9.686'}
{'loss': '0.02861', 'grad_norm': '0.04712', 'learning_rate': '1.806e-05', 'epoch': '9.692'}
{'loss': '0.006996', 'grad_norm': '0.7907', 'learning_rate': '1.806e-05', 'epoch': '9.698'}
{'loss': '0.01421', 'grad_norm': '0.1013', 'learning_rate': '1.806e-05', 'epoch': '9.704'}
{'loss': '0.03755', 'grad_norm': '0.9471', 'learning_rate': '1.806e-05', 'epoch': '9.711'}
{'loss': '0.02816', 'grad_norm': '2.515', 'learning_rate': '1.806e-05', 'epoch': '9.717'}
{'loss': '0.02085', 'grad_norm': '0.00926', 'learning_rate': '1.806e-05', 'epoch': '9.723'}
{'loss': '0.03197', 'grad_norm': '0.0641', 'learning_rate': '1.805e-05', 'epoch': '9.729'}
{'loss': '0.06394', 'grad_norm': '0.01036', 'learning_rate': '1.805e-05', 'epoch': '9.735'}
{'loss': '0.0472', 'grad_norm': '0.02121', 'learning_rate': '1.805e-05', 'epoch': '9.741'}
{'loss': '0.03854', 'grad_norm': '0.002202', 'learning_rate': '1.805e-05', 'epoch': '9.748'}
{'loss': '0.01298', 'grad_norm': '0.0003771', 'learning_rate': '1.805e-05', 'epoch': '9.754'}
{'loss': '0.02807', 'grad_norm': '0.02993', 'learning_rate': '1.805e-05', 'epoch': '9.76'}
{'loss': '0.02968', 'grad_norm': '0.01027', 'learning_rate': '1.805e-05', 'epoch': '9.766'}
{'loss': '0.01013', 'grad_norm': '0.06166', 'learning_rate': '1.805e-05', 'epoch': '9.772'}
{'loss': '0.008122', 'grad_norm': '0.1898', 'learning_rate': '1.804e-05', 'epoch': '9.778'}
{'loss': '0.005143', 'grad_norm': '0.5864', 'learning_rate': '1.804e-05', 'epoch': '9.784'}
{'loss': '0.004774', 'grad_norm': '10.1', 'learning_rate': '1.804e-05', 'epoch': '9.791'}
{'loss': '0.01511', 'grad_norm': '0.02873', 'learning_rate': '1.804e-05', 'epoch': '9.797'}
{'loss': '0.02496', 'grad_norm': '16.05', 'learning_rate': '1.804e-05', 'epoch': '9.803'}
{'loss': '0.007772', 'grad_norm': '0.6924', 'learning_rate': '1.804e-05', 'epoch': '9.809'}
{'loss': '0.01425', 'grad_norm': '16.91', 'learning_rate': '1.804e-05', 'epoch': '9.815'}
{'loss': '0.0009421', 'grad_norm': '0.003189', 'learning_rate': '1.804e-05', 'epoch': '9.821'}
{'loss': '0.007257', 'grad_norm': '0.1792', 'learning_rate': '1.803e-05', 'epoch': '9.828'}
{'loss': '0.00198', 'grad_norm': '0.02834', 'learning_rate': '1.803e-05', 'epoch': '9.834'}
{'loss': '0.01341', 'grad_norm': '0.4379', 'learning_rate': '1.803e-05', 'epoch': '9.84'}
{'loss': '0.01134', 'grad_norm': '0.004719', 'learning_rate': '1.803e-05', 'epoch': '9.846'}
{'loss': '0.02764', 'grad_norm': '0.0155', 'learning_rate': '1.803e-05', 'epoch': '9.852'}
{'loss': '0.01109', 'grad_norm': '0.001349', 'learning_rate': '1.803e-05', 'epoch': '9.858'}
{'loss': '0.005706', 'grad_norm': '2.088', 'learning_rate': '1.803e-05', 'epoch': '9.865'}
{'loss': '0.03565', 'grad_norm': '12.67', 'learning_rate': '1.803e-05', 'epoch': '9.871'}
{'loss': '0.0003733', 'grad_norm': '0.02066', 'learning_rate': '1.802e-05', 'epoch': '9.877'}
{'loss': '0.006476', 'grad_norm': '2.452', 'learning_rate': '1.802e-05', 'epoch': '9.883'}
{'loss': '0.006106', 'grad_norm': '0.6231', 'learning_rate': '1.802e-05', 'epoch': '9.889'}
{'loss': '0.01417', 'grad_norm': '0.06491', 'learning_rate': '1.802e-05', 'epoch': '9.895'}
{'loss': '0.02745', 'grad_norm': '1.099', 'learning_rate': '1.802e-05', 'epoch': '9.901'}
{'loss': '0.03115', 'grad_norm': '0.009526', 'learning_rate': '1.802e-05', 'epoch': '9.908'}
{'loss': '0.03684', 'grad_norm': '7.724', 'learning_rate': '1.802e-05', 'epoch': '9.914'}
{'loss': '0.001382', 'grad_norm': '0.002811', 'learning_rate': '1.802e-05', 'epoch': '9.92'}
{'loss': '0.003271', 'grad_norm': '0.02432', 'learning_rate': '1.801e-05', 'epoch': '9.926'}
{'loss': '0.01338', 'grad_norm': '0.02215', 'learning_rate': '1.801e-05', 'epoch': '9.932'}
{'loss': '0.009996', 'grad_norm': '0.0005707', 'learning_rate': '1.801e-05', 'epoch': '9.938'}
{'loss': '0.006186', 'grad_norm': '0.2414', 'learning_rate': '1.801e-05', 'epoch': '9.945'}
{'loss': '0.004713', 'grad_norm': '0.0006848', 'learning_rate': '1.801e-05', 'epoch': '9.951'}
{'loss': '0.01886', 'grad_norm': '0.7575', 'learning_rate': '1.801e-05', 'epoch': '9.957'}
{'loss': '0.0254', 'grad_norm': '4.241', 'learning_rate': '1.801e-05', 'epoch': '9.963'}
{'loss': '0.02054', 'grad_norm': '0.08012', 'learning_rate': '1.801e-05', 'epoch': '9.969'}
{'loss': '0.009932', 'grad_norm': '0.5979', 'learning_rate': '1.801e-05', 'epoch': '9.975'}
{'loss': '0.01834', 'grad_norm': '1.369', 'learning_rate': '1.8e-05', 'epoch': '9.982'}
{'loss': '0.03534', 'grad_norm': '0.02473', 'learning_rate': '1.8e-05', 'epoch': '9.988'}
{'loss': '0.003824', 'grad_norm': '0.04934', 'learning_rate': '1.8e-05', 'epoch': '9.994'}
{'loss': '0.005036', 'grad_norm': '0.09989', 'learning_rate': '1.8e-05', 'epoch': '10'}
{'eval_loss': '1.039', 'eval_accuracy': '0.8994', 'eval_precision': '0.8744', 'eval_recall': '0.9594', 'eval_f1': '0.9149', 'eval_runtime': '12.18', 'eval_samples_per_second': '1119', 'eval_steps_per_second': '17.57', 'epoch': '10'}
{'loss': '0.02175', 'grad_norm': '13.34', 'learning_rate': '1.8e-05', 'epoch': '10.01'}
{'loss': '0.01179', 'grad_norm': '0.001111', 'learning_rate': '1.8e-05', 'epoch': '10.01'}
{'loss': '0.02524', 'grad_norm': '0.01169', 'learning_rate': '1.8e-05', 'epoch': '10.02'}
{'loss': '0.01183', 'grad_norm': '8.319', 'learning_rate': '1.8e-05', 'epoch': '10.02'}
{'loss': '0.01304', 'grad_norm': '0.0009927', 'learning_rate': '1.799e-05', 'epoch': '10.03'}
{'loss': '0.03475', 'grad_norm': '0.6399', 'learning_rate': '1.799e-05', 'epoch': '10.04'}
{'loss': '0.01655', 'grad_norm': '0.007844', 'learning_rate': '1.799e-05', 'epoch': '10.04'}
{'loss': '0.008933', 'grad_norm': '0.4503', 'learning_rate': '1.799e-05', 'epoch': '10.05'}
{'loss': '0.009285', 'grad_norm': '0.1022', 'learning_rate': '1.799e-05', 'epoch': '10.06'}
{'loss': '0.0115', 'grad_norm': '0.3772', 'learning_rate': '1.799e-05', 'epoch': '10.06'}
{'loss': '0.003537', 'grad_norm': '0.5778', 'learning_rate': '1.799e-05', 'epoch': '10.07'}
{'loss': '0.01644', 'grad_norm': '0.7876', 'learning_rate': '1.799e-05', 'epoch': '10.07'}
{'loss': '0.0262', 'grad_norm': '0.004053', 'learning_rate': '1.798e-05', 'epoch': '10.08'}
{'loss': '0.03043', 'grad_norm': '6.741', 'learning_rate': '1.798e-05', 'epoch': '10.09'}
{'loss': '0.03242', 'grad_norm': '0.4694', 'learning_rate': '1.798e-05', 'epoch': '10.09'}
{'loss': '0.01613', 'grad_norm': '0.00838', 'learning_rate': '1.798e-05', 'epoch': '10.1'}
{'loss': '0.007398', 'grad_norm': '0.007572', 'learning_rate': '1.798e-05', 'epoch': '10.1'}
{'loss': '0.01274', 'grad_norm': '0.005801', 'learning_rate': '1.798e-05', 'epoch': '10.11'}
{'loss': '0.01406', 'grad_norm': '18.62', 'learning_rate': '1.798e-05', 'epoch': '10.12'}
{'loss': '0.0283', 'grad_norm': '0.06092', 'learning_rate': '1.798e-05', 'epoch': '10.12'}
{'loss': '0.02866', 'grad_norm': '0.009626', 'learning_rate': '1.797e-05', 'epoch': '10.13'}
{'loss': '0.01558', 'grad_norm': '0.002459', 'learning_rate': '1.797e-05', 'epoch': '10.14'}
{'loss': '0.01895', 'grad_norm': '10.83', 'learning_rate': '1.797e-05', 'epoch': '10.14'}
{'loss': '0.008062', 'grad_norm': '0.001281', 'learning_rate': '1.797e-05', 'epoch': '10.15'}
{'loss': '0.0112', 'grad_norm': '0.1651', 'learning_rate': '1.797e-05', 'epoch': '10.15'}
{'loss': '0.009955', 'grad_norm': '0.6698', 'learning_rate': '1.797e-05', 'epoch': '10.16'}
{'loss': '0.004136', 'grad_norm': '0.01252', 'learning_rate': '1.797e-05', 'epoch': '10.17'}
{'loss': '0.01403', 'grad_norm': '19.14', 'learning_rate': '1.797e-05', 'epoch': '10.17'}
{'loss': '0.02979', 'grad_norm': '2.703', 'learning_rate': '1.796e-05', 'epoch': '10.18'}
{'loss': '0.003017', 'grad_norm': '0.0841', 'learning_rate': '1.796e-05', 'epoch': '10.18'}
{'loss': '0.01027', 'grad_norm': '0.06462', 'learning_rate': '1.796e-05', 'epoch': '10.19'}
{'loss': '0.008527', 'grad_norm': '0.0213', 'learning_rate': '1.796e-05', 'epoch': '10.2'}
{'loss': '0.01633', 'grad_norm': '0.01243', 'learning_rate': '1.796e-05', 'epoch': '10.2'}
{'loss': '0.01603', 'grad_norm': '0.6027', 'learning_rate': '1.796e-05', 'epoch': '10.21'}
{'loss': '0.009321', 'grad_norm': '0.3098', 'learning_rate': '1.796e-05', 'epoch': '10.22'}
{'loss': '0.0003133', 'grad_norm': '0.1944', 'learning_rate': '1.796e-05', 'epoch': '10.22'}
{'loss': '0.0008924', 'grad_norm': '0.1339', 'learning_rate': '1.795e-05', 'epoch': '10.23'}
{'loss': '0.005865', 'grad_norm': '0.04314', 'learning_rate': '1.795e-05', 'epoch': '10.23'}
{'loss': '0.003752', 'grad_norm': '0.1426', 'learning_rate': '1.795e-05', 'epoch': '10.24'}
{'loss': '0.0343', 'grad_norm': '0.2503', 'learning_rate': '1.795e-05', 'epoch': '10.25'}
{'loss': '0.01644', 'grad_norm': '0.5492', 'learning_rate': '1.795e-05', 'epoch': '10.25'}
{'loss': '0.0021', 'grad_norm': '0.04869', 'learning_rate': '1.795e-05', 'epoch': '10.26'}
{'loss': '0.02017', 'grad_norm': '0.01021', 'learning_rate': '1.795e-05', 'epoch': '10.26'}
{'loss': '0.006757', 'grad_norm': '9.237', 'learning_rate': '1.795e-05', 'epoch': '10.27'}
{'loss': '0.01603', 'grad_norm': '0.004243', 'learning_rate': '1.794e-05', 'epoch': '10.28'}
{'loss': '0.02449', 'grad_norm': '9.737', 'learning_rate': '1.794e-05', 'epoch': '10.28'}
{'loss': '0.00443', 'grad_norm': '0.02682', 'learning_rate': '1.794e-05', 'epoch': '10.29'}
{'loss': '0.01402', 'grad_norm': '0.003266', 'learning_rate': '1.794e-05', 'epoch': '10.3'}
{'loss': '0.008446', 'grad_norm': '0.5723', 'learning_rate': '1.794e-05', 'epoch': '10.3'}
{'loss': '0.003584', 'grad_norm': '0.00191', 'learning_rate': '1.794e-05', 'epoch': '10.31'}
{'loss': '0.002466', 'grad_norm': '3.247', 'learning_rate': '1.794e-05', 'epoch': '10.31'}
{'loss': '0.005404', 'grad_norm': '0.0002935', 'learning_rate': '1.794e-05', 'epoch': '10.32'}
{'loss': '0.02866', 'grad_norm': '7.463e-05', 'learning_rate': '1.793e-05', 'epoch': '10.33'}
{'loss': '0.03371', 'grad_norm': '0.3973', 'learning_rate': '1.793e-05', 'epoch': '10.33'}
{'loss': '0.004166', 'grad_norm': '0.001342', 'learning_rate': '1.793e-05', 'epoch': '10.34'}
{'loss': '0.004642', 'grad_norm': '0.001537', 'learning_rate': '1.793e-05', 'epoch': '10.34'}
{'loss': '0.01128', 'grad_norm': '0.02388', 'learning_rate': '1.793e-05', 'epoch': '10.35'}
{'loss': '0.01682', 'grad_norm': '1.85', 'learning_rate': '1.793e-05', 'epoch': '10.36'}
{'loss': '0.02076', 'grad_norm': '0.00207', 'learning_rate': '1.793e-05', 'epoch': '10.36'}
{'loss': '0.01742', 'grad_norm': '0.003028', 'learning_rate': '1.793e-05', 'epoch': '10.37'}
{'loss': '0.0357', 'grad_norm': '0.0001821', 'learning_rate': '1.793e-05', 'epoch': '10.38'}
{'loss': '0.006241', 'grad_norm': '0.3379', 'learning_rate': '1.792e-05', 'epoch': '10.38'}
{'loss': '0.01232', 'grad_norm': '0.01189', 'learning_rate': '1.792e-05', 'epoch': '10.39'}
{'loss': '0.004917', 'grad_norm': '0.01015', 'learning_rate': '1.792e-05', 'epoch': '10.39'}
{'loss': '0.02039', 'grad_norm': '0.002635', 'learning_rate': '1.792e-05', 'epoch': '10.4'}
{'loss': '0.01837', 'grad_norm': '0.001346', 'learning_rate': '1.792e-05', 'epoch': '10.41'}
{'loss': '0.04941', 'grad_norm': '2.72', 'learning_rate': '1.792e-05', 'epoch': '10.41'}
{'loss': '0.002963', 'grad_norm': '0.005511', 'learning_rate': '1.792e-05', 'epoch': '10.42'}
{'loss': '0.01622', 'grad_norm': '1.302', 'learning_rate': '1.792e-05', 'epoch': '10.42'}
{'loss': '0.01719', 'grad_norm': '0.03288', 'learning_rate': '1.791e-05', 'epoch': '10.43'}
{'loss': '0.02413', 'grad_norm': '12.91', 'learning_rate': '1.791e-05', 'epoch': '10.44'}
{'loss': '0.006594', 'grad_norm': '1.277', 'learning_rate': '1.791e-05', 'epoch': '10.44'}
{'loss': '0.004822', 'grad_norm': '0.7917', 'learning_rate': '1.791e-05', 'epoch': '10.45'}
{'loss': '0.03131', 'grad_norm': '4.113', 'learning_rate': '1.791e-05', 'epoch': '10.46'}
{'loss': '0.01493', 'grad_norm': '0.01812', 'learning_rate': '1.791e-05', 'epoch': '10.46'}
{'loss': '0.01223', 'grad_norm': '0.001392', 'learning_rate': '1.791e-05', 'epoch': '10.47'}
{'loss': '0.004137', 'grad_norm': '0.06781', 'learning_rate': '1.791e-05', 'epoch': '10.47'}
{'loss': '0.0274', 'grad_norm': '7.371', 'learning_rate': '1.79e-05', 'epoch': '10.48'}
{'loss': '0.002058', 'grad_norm': '4.416', 'learning_rate': '1.79e-05', 'epoch': '10.49'}
{'loss': '0.04347', 'grad_norm': '18.13', 'learning_rate': '1.79e-05', 'epoch': '10.49'}
{'loss': '0.004583', 'grad_norm': '7.771', 'learning_rate': '1.79e-05', 'epoch': '10.5'}
{'loss': '0.007169', 'grad_norm': '0.6098', 'learning_rate': '1.79e-05', 'epoch': '10.5'}
{'loss': '0.02119', 'grad_norm': '0.001229', 'learning_rate': '1.79e-05', 'epoch': '10.51'}
{'loss': '0.02099', 'grad_norm': '0.00682', 'learning_rate': '1.79e-05', 'epoch': '10.52'}
{'loss': '0.04321', 'grad_norm': '0.006932', 'learning_rate': '1.79e-05', 'epoch': '10.52'}
{'loss': '0.02639', 'grad_norm': '0.9902', 'learning_rate': '1.789e-05', 'epoch': '10.53'}
{'loss': '0.02916', 'grad_norm': '1.024', 'learning_rate': '1.789e-05', 'epoch': '10.54'}
{'loss': '0.01374', 'grad_norm': '0.0007951', 'learning_rate': '1.789e-05', 'epoch': '10.54'}
{'loss': '0.001156', 'grad_norm': '0.5406', 'learning_rate': '1.789e-05', 'epoch': '10.55'}
{'loss': '0.01981', 'grad_norm': '7.544', 'learning_rate': '1.789e-05', 'epoch': '10.55'}
{'loss': '0.02558', 'grad_norm': '0.375', 'learning_rate': '1.789e-05', 'epoch': '10.56'}
{'loss': '0.004845', 'grad_norm': '0.4814', 'learning_rate': '1.789e-05', 'epoch': '10.57'}
{'loss': '0.025', 'grad_norm': '1.642', 'learning_rate': '1.789e-05', 'epoch': '10.57'}
{'loss': '0.009947', 'grad_norm': '0.002605', 'learning_rate': '1.788e-05', 'epoch': '10.58'}
{'loss': '0.005844', 'grad_norm': '0.001433', 'learning_rate': '1.788e-05', 'epoch': '10.58'}
{'loss': '0.02742', 'grad_norm': '0.6785', 'learning_rate': '1.788e-05', 'epoch': '10.59'}
{'loss': '0.01065', 'grad_norm': '0.0004747', 'learning_rate': '1.788e-05', 'epoch': '10.6'}
{'loss': '0.0129', 'grad_norm': '0.002881', 'learning_rate': '1.788e-05', 'epoch': '10.6'}
{'loss': '0.01106', 'grad_norm': '1.008', 'learning_rate': '1.788e-05', 'epoch': '10.61'}
{'loss': '0.02525', 'grad_norm': '6.87', 'learning_rate': '1.788e-05', 'epoch': '10.62'}
{'loss': '0.007525', 'grad_norm': '0.9355', 'learning_rate': '1.788e-05', 'epoch': '10.62'}
{'loss': '0.02639', 'grad_norm': '0.1436', 'learning_rate': '1.787e-05', 'epoch': '10.63'}
{'loss': '0.01321', 'grad_norm': '3.047', 'learning_rate': '1.787e-05', 'epoch': '10.63'}
{'loss': '0.01526', 'grad_norm': '0.2902', 'learning_rate': '1.787e-05', 'epoch': '10.64'}
{'loss': '0.02134', 'grad_norm': '0.5125', 'learning_rate': '1.787e-05', 'epoch': '10.65'}
{'loss': '0.001289', 'grad_norm': '0.7001', 'learning_rate': '1.787e-05', 'epoch': '10.65'}
{'loss': '0.002637', 'grad_norm': '2.591', 'learning_rate': '1.787e-05', 'epoch': '10.66'}
{'loss': '0.002361', 'grad_norm': '0.01449', 'learning_rate': '1.787e-05', 'epoch': '10.67'}
{'loss': '0.005371', 'grad_norm': '0.02425', 'learning_rate': '1.787e-05', 'epoch': '10.67'}
{'loss': '0.01355', 'grad_norm': '0.4698', 'learning_rate': '1.786e-05', 'epoch': '10.68'}
{'loss': '0.02085', 'grad_norm': '0.02165', 'learning_rate': '1.786e-05', 'epoch': '10.68'}
{'loss': '0.03697', 'grad_norm': '1.103', 'learning_rate': '1.786e-05', 'epoch': '10.69'}
{'loss': '0.007109', 'grad_norm': '0.01124', 'learning_rate': '1.786e-05', 'epoch': '10.7'}
{'loss': '0.06756', 'grad_norm': '10.05', 'learning_rate': '1.786e-05', 'epoch': '10.7'}
{'loss': '0.0078', 'grad_norm': '0.3668', 'learning_rate': '1.786e-05', 'epoch': '10.71'}
{'loss': '0.01018', 'grad_norm': '0.01382', 'learning_rate': '1.786e-05', 'epoch': '10.71'}
{'loss': '0.06308', 'grad_norm': '0.003893', 'learning_rate': '1.786e-05', 'epoch': '10.72'}
{'loss': '0.002071', 'grad_norm': '0.0004753', 'learning_rate': '1.785e-05', 'epoch': '10.73'}
{'loss': '0.03214', 'grad_norm': '0.001639', 'learning_rate': '1.785e-05', 'epoch': '10.73'}
{'loss': '0.000511', 'grad_norm': '0.3396', 'learning_rate': '1.785e-05', 'epoch': '10.74'}
{'loss': '0.01791', 'grad_norm': '0.01246', 'learning_rate': '1.785e-05', 'epoch': '10.75'}
{'loss': '0.007699', 'grad_norm': '0.1961', 'learning_rate': '1.785e-05', 'epoch': '10.75'}
{'loss': '0.009196', 'grad_norm': '0.3036', 'learning_rate': '1.785e-05', 'epoch': '10.76'}
{'loss': '0.004122', 'grad_norm': '0.2466', 'learning_rate': '1.785e-05', 'epoch': '10.76'}
{'loss': '0.01067', 'grad_norm': '0.009414', 'learning_rate': '1.785e-05', 'epoch': '10.77'}
{'loss': '0.008695', 'grad_norm': '6.737', 'learning_rate': '1.784e-05', 'epoch': '10.78'}
{'loss': '0.009902', 'grad_norm': '1.421', 'learning_rate': '1.784e-05', 'epoch': '10.78'}
{'loss': '0.06061', 'grad_norm': '3.319', 'learning_rate': '1.784e-05', 'epoch': '10.79'}
{'loss': '0.002471', 'grad_norm': '0.4004', 'learning_rate': '1.784e-05', 'epoch': '10.79'}
{'loss': '0.02315', 'grad_norm': '0.2201', 'learning_rate': '1.784e-05', 'epoch': '10.8'}
{'loss': '0.01385', 'grad_norm': '0.001095', 'learning_rate': '1.784e-05', 'epoch': '10.81'}
{'loss': '0.02349', 'grad_norm': '0.604', 'learning_rate': '1.784e-05', 'epoch': '10.81'}
{'loss': '0.007557', 'grad_norm': '0.04943', 'learning_rate': '1.784e-05', 'epoch': '10.82'}
{'loss': '0.0008202', 'grad_norm': '0.04305', 'learning_rate': '1.784e-05', 'epoch': '10.83'}
{'loss': '0.01895', 'grad_norm': '0.05028', 'learning_rate': '1.783e-05', 'epoch': '10.83'}
{'loss': '0.004312', 'grad_norm': '0.08906', 'learning_rate': '1.783e-05', 'epoch': '10.84'}
{'loss': '0.02807', 'grad_norm': '0.02132', 'learning_rate': '1.783e-05', 'epoch': '10.84'}
{'loss': '0.0009166', 'grad_norm': '0.0008396', 'learning_rate': '1.783e-05', 'epoch': '10.85'}
{'loss': '0.004481', 'grad_norm': '0.007005', 'learning_rate': '1.783e-05', 'epoch': '10.86'}
{'loss': '0.006875', 'grad_norm': '0.01651', 'learning_rate': '1.783e-05', 'epoch': '10.86'}
{'loss': '0.003358', 'grad_norm': '0.4164', 'learning_rate': '1.783e-05', 'epoch': '10.87'}
{'loss': '0.001939', 'grad_norm': '0.1317', 'learning_rate': '1.783e-05', 'epoch': '10.87'}
{'loss': '0.01093', 'grad_norm': '0.005532', 'learning_rate': '1.782e-05', 'epoch': '10.88'}
{'loss': '0.008426', 'grad_norm': '2.14', 'learning_rate': '1.782e-05', 'epoch': '10.89'}
{'loss': '0.0104', 'grad_norm': '0.5321', 'learning_rate': '1.782e-05', 'epoch': '10.89'}
{'loss': '0.01024', 'grad_norm': '0.1076', 'learning_rate': '1.782e-05', 'epoch': '10.9'}
{'loss': '0.06561', 'grad_norm': '0.009991', 'learning_rate': '1.782e-05', 'epoch': '10.91'}
{'loss': '0.01677', 'grad_norm': '0.5208', 'learning_rate': '1.782e-05', 'epoch': '10.91'}
{'loss': '0.008323', 'grad_norm': '1.273', 'learning_rate': '1.782e-05', 'epoch': '10.92'}
{'loss': '0.01988', 'grad_norm': '0.02604', 'learning_rate': '1.782e-05', 'epoch': '10.92'}
{'loss': '0.03391', 'grad_norm': '14.09', 'learning_rate': '1.781e-05', 'epoch': '10.93'}
{'loss': '0.005538', 'grad_norm': '12.69', 'learning_rate': '1.781e-05', 'epoch': '10.94'}
{'loss': '0.02663', 'grad_norm': '0.0003091', 'learning_rate': '1.781e-05', 'epoch': '10.94'}
{'loss': '0.01061', 'grad_norm': '0.9415', 'learning_rate': '1.781e-05', 'epoch': '10.95'}
{'loss': '0.01053', 'grad_norm': '0.00232', 'learning_rate': '1.781e-05', 'epoch': '10.95'}
{'loss': '0.01886', 'grad_norm': '12.3', 'learning_rate': '1.781e-05', 'epoch': '10.96'}
{'loss': '0.01369', 'grad_norm': '17.6', 'learning_rate': '1.781e-05', 'epoch': '10.97'}
{'loss': '0.0121', 'grad_norm': '9.927', 'learning_rate': '1.781e-05', 'epoch': '10.97'}
{'loss': '0.01576', 'grad_norm': '1.214', 'learning_rate': '1.78e-05', 'epoch': '10.98'}
{'loss': '0.01542', 'grad_norm': '0.0001505', 'learning_rate': '1.78e-05', 'epoch': '10.99'}
{'loss': '0.008383', 'grad_norm': '0.212', 'learning_rate': '1.78e-05', 'epoch': '10.99'}
{'loss': '0.008282', 'grad_norm': '0.006086', 'learning_rate': '1.78e-05', 'epoch': '11'}
{'eval_loss': '0.9781', 'eval_accuracy': '0.9047', 'eval_precision': '0.8907', 'eval_recall': '0.9473', 'eval_f1': '0.9181', 'eval_runtime': '12.17', 'eval_samples_per_second': '1121', 'eval_steps_per_second': '17.59', 'epoch': '11'}
{'train_runtime': '2519', 'train_samples_per_second': '2062', 'train_steps_per_second': '64.46', 'train_loss': '0.09847', 'epoch': '11'}
Fold F1: 0.895709485655208
Точность определения арабских заимств.: {'accuracy': 0.8080459770114943, 'precision': 0.3472803347280335, 'recall': 0.8829787234042553, 'f1': 0.4984984984984985}
Точность определения китайских заимств.: {'accuracy': 0.7992471769134254, 'precision': 0.09826589595375723, 'recall': 0.8095238095238095, 'f1': 0.17525773195876287}
Точность определения английских заимств.: {'accuracy': 0.8552529182879377, 'precision': 0.7543307086614173, 'recall': 0.9410609037328095, 'f1': 0.8374125874125874}
Точность определения французских заимств.: {'accuracy': 0.8764845605700713, 'precision': 0.8458498023715415, 'recall': 0.9427312775330396, 'f1': 0.8916666666666667}
Точность определения немецких заимств.: {'accuracy': 0.8425572519083969, 'precision': 0.6276849642004774, 'recall': 0.9669117647058824, 'f1': 0.7612156295224313}
Точность определения итальянских заимтсв.: {'accuracy': 0.8226652675760755, 'precision': 0.5125, 'recall': 0.9265536723163842, 'f1': 0.6599597585513078}
Точность определения японских заимств.: {'accuracy': 0.8112359550561797, 'precision': 0.3953488372093023, 'recall': 0.8947368421052632, 'f1': 0.5483870967741935}
Точность определения польских заимств.: {'accuracy': 0.7956730769230769, 'precision': 0.21212121212121213, 'recall': 0.75, 'f1': 0.33070866141732286}
{'eval_loss': 0.2834409475326538, 'eval_accuracy': 0.881610797330008, 'eval_precision': 0.8901875160544567, 'eval_recall': 0.9013003901170351, 'eval_f1': 0.895709485655208, 'eval_runtime': 12.1064, 'eval_samples_per_second': 1126.097, 'eval_steps_per_second': 17.677, 'epoch': 11.0}

===== Fold 5 =====
{'loss': '0.7048', 'grad_norm': '48.26', 'learning_rate': '2e-05', 'epoch': '0.00605'}
{'loss': '0.6745', 'grad_norm': '39.15', 'learning_rate': '2e-05', 'epoch': '0.0121'}
{'loss': '0.6776', 'grad_norm': '16.68', 'learning_rate': '2e-05', 'epoch': '0.01815'}
{'loss': '0.7054', 'grad_norm': '20.24', 'learning_rate': '2e-05', 'epoch': '0.0242'}
{'loss': '0.6803', 'grad_norm': '19.57', 'learning_rate': '1.999e-05', 'epoch': '0.03025'}
{'loss': '0.6854', 'grad_norm': '62.46', 'learning_rate': '1.999e-05', 'epoch': '0.0363'}
{'loss': '0.6851', 'grad_norm': '39.83', 'learning_rate': '1.999e-05', 'epoch': '0.04235'}
{'loss': '0.6769', 'grad_norm': '47.28', 'learning_rate': '1.999e-05', 'epoch': '0.0484'}
{'loss': '0.7027', 'grad_norm': '31.49', 'learning_rate': '1.999e-05', 'epoch': '0.05445'}
{'loss': '0.6778', 'grad_norm': '75.14', 'learning_rate': '1.999e-05', 'epoch': '0.0605'}
{'loss': '0.6903', 'grad_norm': '31.75', 'learning_rate': '1.999e-05', 'epoch': '0.06655'}
{'loss': '0.6749', 'grad_norm': '12.5', 'learning_rate': '1.999e-05', 'epoch': '0.0726'}
{'loss': '0.6865', 'grad_norm': '15.21', 'learning_rate': '1.998e-05', 'epoch': '0.07864'}
{'loss': '0.6726', 'grad_norm': '19.51', 'learning_rate': '1.998e-05', 'epoch': '0.08469'}
{'loss': '0.6776', 'grad_norm': '127.5', 'learning_rate': '1.998e-05', 'epoch': '0.09074'}
{'loss': '0.6662', 'grad_norm': '371.4', 'learning_rate': '1.998e-05', 'epoch': '0.09679'}
{'loss': '0.6844', 'grad_norm': '31.47', 'learning_rate': '1.998e-05', 'epoch': '0.1028'}
{'loss': '0.6801', 'grad_norm': '29.47', 'learning_rate': '1.998e-05', 'epoch': '0.1089'}
{'loss': '0.6856', 'grad_norm': '21.95', 'learning_rate': '1.998e-05', 'epoch': '0.1149'}
{'loss': '0.6543', 'grad_norm': '29.33', 'learning_rate': '1.998e-05', 'epoch': '0.121'}
{'loss': '0.6705', 'grad_norm': '41.09', 'learning_rate': '1.997e-05', 'epoch': '0.127'}
{'loss': '0.6723', 'grad_norm': '25.15', 'learning_rate': '1.997e-05', 'epoch': '0.1331'}
{'loss': '0.6683', 'grad_norm': '14.22', 'learning_rate': '1.997e-05', 'epoch': '0.1391'}
{'loss': '0.6691', 'grad_norm': '28.75', 'learning_rate': '1.997e-05', 'epoch': '0.1452'}
{'loss': '0.6624', 'grad_norm': '103', 'learning_rate': '1.997e-05', 'epoch': '0.1512'}
{'loss': '0.6676', 'grad_norm': '67.95', 'learning_rate': '1.997e-05', 'epoch': '0.1573'}
{'loss': '0.672', 'grad_norm': '36.71', 'learning_rate': '1.997e-05', 'epoch': '0.1633'}
{'loss': '0.6437', 'grad_norm': '34.82', 'learning_rate': '1.997e-05', 'epoch': '0.1694'}
{'loss': '0.6649', 'grad_norm': '66.44', 'learning_rate': '1.997e-05', 'epoch': '0.1754'}
{'loss': '0.6562', 'grad_norm': '52.6', 'learning_rate': '1.996e-05', 'epoch': '0.1815'}
{'loss': '0.6533', 'grad_norm': '130.8', 'learning_rate': '1.996e-05', 'epoch': '0.1875'}
{'loss': '0.6523', 'grad_norm': '24.79', 'learning_rate': '1.996e-05', 'epoch': '0.1936'}
{'loss': '0.6446', 'grad_norm': '27.17', 'learning_rate': '1.996e-05', 'epoch': '0.1996'}
{'loss': '0.6416', 'grad_norm': '176.3', 'learning_rate': '1.996e-05', 'epoch': '0.2057'}
{'loss': '0.6337', 'grad_norm': '85.77', 'learning_rate': '1.996e-05', 'epoch': '0.2117'}
{'loss': '0.6398', 'grad_norm': '113.9', 'learning_rate': '1.996e-05', 'epoch': '0.2178'}
{'loss': '0.6315', 'grad_norm': '64.8', 'learning_rate': '1.996e-05', 'epoch': '0.2238'}
{'loss': '0.6449', 'grad_norm': '64.61', 'learning_rate': '1.995e-05', 'epoch': '0.2299'}
{'loss': '0.6112', 'grad_norm': '163.2', 'learning_rate': '1.995e-05', 'epoch': '0.2359'}
{'loss': '0.6425', 'grad_norm': '116.3', 'learning_rate': '1.995e-05', 'epoch': '0.242'}
{'loss': '0.6358', 'grad_norm': '50.33', 'learning_rate': '1.995e-05', 'epoch': '0.248'}
{'loss': '0.6173', 'grad_norm': '101.5', 'learning_rate': '1.995e-05', 'epoch': '0.2541'}
{'loss': '0.614', 'grad_norm': '93.29', 'learning_rate': '1.995e-05', 'epoch': '0.2601'}
{'loss': '0.599', 'grad_norm': '58.66', 'learning_rate': '1.995e-05', 'epoch': '0.2662'}
{'loss': '0.6036', 'grad_norm': '120.6', 'learning_rate': '1.995e-05', 'epoch': '0.2722'}
{'loss': '0.637', 'grad_norm': '137.5', 'learning_rate': '1.994e-05', 'epoch': '0.2783'}
{'loss': '0.6284', 'grad_norm': '79.97', 'learning_rate': '1.994e-05', 'epoch': '0.2843'}
{'loss': '0.6033', 'grad_norm': '94.64', 'learning_rate': '1.994e-05', 'epoch': '0.2904'}
{'loss': '0.5877', 'grad_norm': '234', 'learning_rate': '1.994e-05', 'epoch': '0.2964'}
{'loss': '0.6218', 'grad_norm': '98.09', 'learning_rate': '1.994e-05', 'epoch': '0.3025'}
{'loss': '0.6023', 'grad_norm': '58.06', 'learning_rate': '1.994e-05', 'epoch': '0.3085'}
{'loss': '0.5866', 'grad_norm': '70.7', 'learning_rate': '1.994e-05', 'epoch': '0.3146'}
{'loss': '0.5948', 'grad_norm': '106.8', 'learning_rate': '1.994e-05', 'epoch': '0.3206'}
{'loss': '0.5721', 'grad_norm': '234.9', 'learning_rate': '1.993e-05', 'epoch': '0.3267'}
{'loss': '0.5754', 'grad_norm': '84.27', 'learning_rate': '1.993e-05', 'epoch': '0.3327'}
{'loss': '0.5772', 'grad_norm': '70.52', 'learning_rate': '1.993e-05', 'epoch': '0.3388'}
{'loss': '0.5714', 'grad_norm': '59.85', 'learning_rate': '1.993e-05', 'epoch': '0.3448'}
{'loss': '0.5968', 'grad_norm': '85.76', 'learning_rate': '1.993e-05', 'epoch': '0.3509'}
{'loss': '0.5603', 'grad_norm': '75.04', 'learning_rate': '1.993e-05', 'epoch': '0.3569'}
{'loss': '0.5852', 'grad_norm': '142.5', 'learning_rate': '1.993e-05', 'epoch': '0.363'}
{'loss': '0.6021', 'grad_norm': '130', 'learning_rate': '1.993e-05', 'epoch': '0.369'}
{'loss': '0.5526', 'grad_norm': '175.4', 'learning_rate': '1.993e-05', 'epoch': '0.3751'}
{'loss': '0.5785', 'grad_norm': '99.61', 'learning_rate': '1.992e-05', 'epoch': '0.3811'}
{'loss': '0.5486', 'grad_norm': '99.73', 'learning_rate': '1.992e-05', 'epoch': '0.3872'}
{'loss': '0.5303', 'grad_norm': '358.9', 'learning_rate': '1.992e-05', 'epoch': '0.3932'}
{'loss': '0.5188', 'grad_norm': '388.5', 'learning_rate': '1.992e-05', 'epoch': '0.3993'}
{'loss': '0.5362', 'grad_norm': '398.4', 'learning_rate': '1.992e-05', 'epoch': '0.4053'}
{'loss': '0.5636', 'grad_norm': '81', 'learning_rate': '1.992e-05', 'epoch': '0.4114'}
{'loss': '0.575', 'grad_norm': '310.5', 'learning_rate': '1.992e-05', 'epoch': '0.4174'}
{'loss': '0.5376', 'grad_norm': '217', 'learning_rate': '1.992e-05', 'epoch': '0.4235'}
{'loss': '0.5262', 'grad_norm': '278.7', 'learning_rate': '1.991e-05', 'epoch': '0.4295'}
{'loss': '0.5232', 'grad_norm': '63.61', 'learning_rate': '1.991e-05', 'epoch': '0.4356'}
{'loss': '0.5408', 'grad_norm': '73.78', 'learning_rate': '1.991e-05', 'epoch': '0.4416'}
{'loss': '0.535', 'grad_norm': '80.02', 'learning_rate': '1.991e-05', 'epoch': '0.4477'}
{'loss': '0.501', 'grad_norm': '56.02', 'learning_rate': '1.991e-05', 'epoch': '0.4537'}
{'loss': '0.5403', 'grad_norm': '193.7', 'learning_rate': '1.991e-05', 'epoch': '0.4598'}
{'loss': '0.566', 'grad_norm': '71.61', 'learning_rate': '1.991e-05', 'epoch': '0.4658'}
{'loss': '0.5153', 'grad_norm': '85.34', 'learning_rate': '1.991e-05', 'epoch': '0.4719'}
{'loss': '0.5446', 'grad_norm': '125.2', 'learning_rate': '1.99e-05', 'epoch': '0.4779'}
{'loss': '0.5177', 'grad_norm': '64.56', 'learning_rate': '1.99e-05', 'epoch': '0.484'}
{'loss': '0.4983', 'grad_norm': '99.91', 'learning_rate': '1.99e-05', 'epoch': '0.49'}
{'loss': '0.53', 'grad_norm': '71.78', 'learning_rate': '1.99e-05', 'epoch': '0.4961'}
{'loss': '0.4964', 'grad_norm': '184.6', 'learning_rate': '1.99e-05', 'epoch': '0.5021'}
{'loss': '0.4787', 'grad_norm': '62.07', 'learning_rate': '1.99e-05', 'epoch': '0.5082'}
{'loss': '0.4816', 'grad_norm': '93.88', 'learning_rate': '1.99e-05', 'epoch': '0.5142'}
{'loss': '0.5596', 'grad_norm': '239.1', 'learning_rate': '1.99e-05', 'epoch': '0.5203'}
{'loss': '0.5421', 'grad_norm': '70.28', 'learning_rate': '1.989e-05', 'epoch': '0.5263'}
{'loss': '0.498', 'grad_norm': '102.5', 'learning_rate': '1.989e-05', 'epoch': '0.5324'}
{'loss': '0.4782', 'grad_norm': '89.2', 'learning_rate': '1.989e-05', 'epoch': '0.5384'}
{'loss': '0.5105', 'grad_norm': '109.2', 'learning_rate': '1.989e-05', 'epoch': '0.5445'}
{'loss': '0.5302', 'grad_norm': '89.84', 'learning_rate': '1.989e-05', 'epoch': '0.5505'}
{'loss': '0.4708', 'grad_norm': '51.51', 'learning_rate': '1.989e-05', 'epoch': '0.5566'}
{'loss': '0.4701', 'grad_norm': '34.1', 'learning_rate': '1.989e-05', 'epoch': '0.5626'}
{'loss': '0.4972', 'grad_norm': '142.8', 'learning_rate': '1.989e-05', 'epoch': '0.5687'}
{'loss': '0.4639', 'grad_norm': '55.92', 'learning_rate': '1.989e-05', 'epoch': '0.5747'}
{'loss': '0.4973', 'grad_norm': '370.8', 'learning_rate': '1.988e-05', 'epoch': '0.5808'}
{'loss': '0.5107', 'grad_norm': '568.3', 'learning_rate': '1.988e-05', 'epoch': '0.5868'}
{'loss': '0.5143', 'grad_norm': '182.7', 'learning_rate': '1.988e-05', 'epoch': '0.5929'}
{'loss': '0.4445', 'grad_norm': '55.85', 'learning_rate': '1.988e-05', 'epoch': '0.5989'}
{'loss': '0.471', 'grad_norm': '62.84', 'learning_rate': '1.988e-05', 'epoch': '0.605'}
{'loss': '0.4806', 'grad_norm': '96.64', 'learning_rate': '1.988e-05', 'epoch': '0.611'}
{'loss': '0.4692', 'grad_norm': '55.04', 'learning_rate': '1.988e-05', 'epoch': '0.6171'}
{'loss': '0.4401', 'grad_norm': '61.03', 'learning_rate': '1.988e-05', 'epoch': '0.6231'}
{'loss': '0.4665', 'grad_norm': '182', 'learning_rate': '1.987e-05', 'epoch': '0.6292'}
{'loss': '0.4399', 'grad_norm': '66.51', 'learning_rate': '1.987e-05', 'epoch': '0.6352'}
{'loss': '0.4808', 'grad_norm': '159', 'learning_rate': '1.987e-05', 'epoch': '0.6413'}
{'loss': '0.4816', 'grad_norm': '78.91', 'learning_rate': '1.987e-05', 'epoch': '0.6473'}
{'loss': '0.4367', 'grad_norm': '47.87', 'learning_rate': '1.987e-05', 'epoch': '0.6534'}
{'loss': '0.5112', 'grad_norm': '235.7', 'learning_rate': '1.987e-05', 'epoch': '0.6594'}
{'loss': '0.4424', 'grad_norm': '62.61', 'learning_rate': '1.987e-05', 'epoch': '0.6655'}
{'loss': '0.461', 'grad_norm': '60.4', 'learning_rate': '1.987e-05', 'epoch': '0.6715'}
{'loss': '0.3927', 'grad_norm': '130.7', 'learning_rate': '1.986e-05', 'epoch': '0.6776'}
{'loss': '0.4329', 'grad_norm': '187.4', 'learning_rate': '1.986e-05', 'epoch': '0.6836'}
{'loss': '0.4968', 'grad_norm': '96.27', 'learning_rate': '1.986e-05', 'epoch': '0.6897'}
{'loss': '0.4548', 'grad_norm': '182.6', 'learning_rate': '1.986e-05', 'epoch': '0.6957'}
{'loss': '0.4562', 'grad_norm': '104.5', 'learning_rate': '1.986e-05', 'epoch': '0.7018'}
{'loss': '0.4222', 'grad_norm': '43.89', 'learning_rate': '1.986e-05', 'epoch': '0.7078'}
{'loss': '0.4157', 'grad_norm': '161.1', 'learning_rate': '1.986e-05', 'epoch': '0.7139'}
{'loss': '0.487', 'grad_norm': '112.6', 'learning_rate': '1.986e-05', 'epoch': '0.7199'}
{'loss': '0.3675', 'grad_norm': '74.31', 'learning_rate': '1.985e-05', 'epoch': '0.726'}
{'loss': '0.3881', 'grad_norm': '30.09', 'learning_rate': '1.985e-05', 'epoch': '0.732'}
{'loss': '0.3704', 'grad_norm': '288.1', 'learning_rate': '1.985e-05', 'epoch': '0.7381'}
{'loss': '0.4018', 'grad_norm': '42.18', 'learning_rate': '1.985e-05', 'epoch': '0.7441'}
{'loss': '0.3609', 'grad_norm': '65.41', 'learning_rate': '1.985e-05', 'epoch': '0.7502'}
{'loss': '0.3764', 'grad_norm': '149', 'learning_rate': '1.985e-05', 'epoch': '0.7562'}
{'loss': '0.3908', 'grad_norm': '94.23', 'learning_rate': '1.985e-05', 'epoch': '0.7623'}
{'loss': '0.3765', 'grad_norm': '100.8', 'learning_rate': '1.985e-05', 'epoch': '0.7683'}
{'loss': '0.3908', 'grad_norm': '146', 'learning_rate': '1.985e-05', 'epoch': '0.7743'}
{'loss': '0.4102', 'grad_norm': '59.48', 'learning_rate': '1.984e-05', 'epoch': '0.7804'}
{'loss': '0.4013', 'grad_norm': '63.53', 'learning_rate': '1.984e-05', 'epoch': '0.7864'}
{'loss': '0.4379', 'grad_norm': '91.21', 'learning_rate': '1.984e-05', 'epoch': '0.7925'}
{'loss': '0.372', 'grad_norm': '553.9', 'learning_rate': '1.984e-05', 'epoch': '0.7985'}
{'loss': '0.3832', 'grad_norm': '861.5', 'learning_rate': '1.984e-05', 'epoch': '0.8046'}
{'loss': '0.3353', 'grad_norm': '512.1', 'learning_rate': '1.984e-05', 'epoch': '0.8106'}
{'loss': '0.3911', 'grad_norm': '92.16', 'learning_rate': '1.984e-05', 'epoch': '0.8167'}
{'loss': '0.3381', 'grad_norm': '35.72', 'learning_rate': '1.984e-05', 'epoch': '0.8227'}
{'loss': '0.335', 'grad_norm': '47.27', 'learning_rate': '1.983e-05', 'epoch': '0.8288'}
{'loss': '0.374', 'grad_norm': '98.18', 'learning_rate': '1.983e-05', 'epoch': '0.8348'}
{'loss': '0.3768', 'grad_norm': '36.18', 'learning_rate': '1.983e-05', 'epoch': '0.8409'}
{'loss': '0.3783', 'grad_norm': '60.62', 'learning_rate': '1.983e-05', 'epoch': '0.8469'}
{'loss': '0.3325', 'grad_norm': '33.52', 'learning_rate': '1.983e-05', 'epoch': '0.853'}
{'loss': '0.3583', 'grad_norm': '351.7', 'learning_rate': '1.983e-05', 'epoch': '0.859'}
{'loss': '0.4155', 'grad_norm': '76.77', 'learning_rate': '1.983e-05', 'epoch': '0.8651'}
{'loss': '0.3906', 'grad_norm': '45.85', 'learning_rate': '1.983e-05', 'epoch': '0.8711'}
{'loss': '0.3577', 'grad_norm': '57.02', 'learning_rate': '1.982e-05', 'epoch': '0.8772'}
{'loss': '0.375', 'grad_norm': '27.45', 'learning_rate': '1.982e-05', 'epoch': '0.8832'}
{'loss': '0.361', 'grad_norm': '24.52', 'learning_rate': '1.982e-05', 'epoch': '0.8893'}
{'loss': '0.3525', 'grad_norm': '23.09', 'learning_rate': '1.982e-05', 'epoch': '0.8953'}
{'loss': '0.3626', 'grad_norm': '55.08', 'learning_rate': '1.982e-05', 'epoch': '0.9014'}
{'loss': '0.3558', 'grad_norm': '93.24', 'learning_rate': '1.982e-05', 'epoch': '0.9074'}
{'loss': '0.3538', 'grad_norm': '101.2', 'learning_rate': '1.982e-05', 'epoch': '0.9135'}
{'loss': '0.3276', 'grad_norm': '24.13', 'learning_rate': '1.982e-05', 'epoch': '0.9195'}
{'loss': '0.3655', 'grad_norm': '121.4', 'learning_rate': '1.982e-05', 'epoch': '0.9256'}
{'loss': '0.3675', 'grad_norm': '26.26', 'learning_rate': '1.981e-05', 'epoch': '0.9316'}
{'loss': '0.3036', 'grad_norm': '28.95', 'learning_rate': '1.981e-05', 'epoch': '0.9377'}
{'loss': '0.3528', 'grad_norm': '48.91', 'learning_rate': '1.981e-05', 'epoch': '0.9437'}
{'loss': '0.2823', 'grad_norm': '28.87', 'learning_rate': '1.981e-05', 'epoch': '0.9498'}
{'loss': '0.3801', 'grad_norm': '120.9', 'learning_rate': '1.981e-05', 'epoch': '0.9558'}
{'loss': '0.2699', 'grad_norm': '16.07', 'learning_rate': '1.981e-05', 'epoch': '0.9619'}
{'loss': '0.3487', 'grad_norm': '31.06', 'learning_rate': '1.981e-05', 'epoch': '0.9679'}
{'loss': '0.3381', 'grad_norm': '65.74', 'learning_rate': '1.981e-05', 'epoch': '0.974'}
{'loss': '0.2887', 'grad_norm': '86.87', 'learning_rate': '1.98e-05', 'epoch': '0.98'}
{'loss': '0.3044', 'grad_norm': '75.39', 'learning_rate': '1.98e-05', 'epoch': '0.9861'}
{'loss': '0.3064', 'grad_norm': '131.5', 'learning_rate': '1.98e-05', 'epoch': '0.9921'}
{'loss': '0.338', 'grad_norm': '57.63', 'learning_rate': '1.98e-05', 'epoch': '0.9982'}
{'eval_loss': '0.3942', 'eval_accuracy': '0.8584', 'eval_precision': '0.9151', 'eval_recall': '0.8306', 'eval_f1': '0.8708', 'eval_runtime': '11.79', 'eval_samples_per_second': '1079', 'eval_steps_per_second': '16.89', 'epoch': '1'}
{'loss': '0.2539', 'grad_norm': '39.29', 'learning_rate': '1.98e-05', 'epoch': '1.004'}
{'loss': '0.237', 'grad_norm': '64.79', 'learning_rate': '1.98e-05', 'epoch': '1.01'}
{'loss': '0.3014', 'grad_norm': '167.4', 'learning_rate': '1.98e-05', 'epoch': '1.016'}
{'loss': '0.3582', 'grad_norm': '70.19', 'learning_rate': '1.98e-05', 'epoch': '1.022'}
{'loss': '0.2877', 'grad_norm': '46.58', 'learning_rate': '1.979e-05', 'epoch': '1.028'}
{'loss': '0.3172', 'grad_norm': '139', 'learning_rate': '1.979e-05', 'epoch': '1.034'}
{'loss': '0.256', 'grad_norm': '82.01', 'learning_rate': '1.979e-05', 'epoch': '1.041'}
{'loss': '0.3598', 'grad_norm': '37.28', 'learning_rate': '1.979e-05', 'epoch': '1.047'}
{'loss': '0.3533', 'grad_norm': '51.28', 'learning_rate': '1.979e-05', 'epoch': '1.053'}
{'loss': '0.2573', 'grad_norm': '43.43', 'learning_rate': '1.979e-05', 'epoch': '1.059'}
{'loss': '0.2765', 'grad_norm': '67.64', 'learning_rate': '1.979e-05', 'epoch': '1.065'}
{'loss': '0.2924', 'grad_norm': '222.3', 'learning_rate': '1.979e-05', 'epoch': '1.071'}
{'loss': '0.3146', 'grad_norm': '144', 'learning_rate': '1.978e-05', 'epoch': '1.077'}
{'loss': '0.2962', 'grad_norm': '123.1', 'learning_rate': '1.978e-05', 'epoch': '1.083'}
{'loss': '0.3486', 'grad_norm': '60.5', 'learning_rate': '1.978e-05', 'epoch': '1.089'}
{'loss': '0.3747', 'grad_norm': '44.62', 'learning_rate': '1.978e-05', 'epoch': '1.095'}
{'loss': '0.2873', 'grad_norm': '558.4', 'learning_rate': '1.978e-05', 'epoch': '1.101'}
{'loss': '0.3379', 'grad_norm': '53.49', 'learning_rate': '1.978e-05', 'epoch': '1.107'}
{'loss': '0.3265', 'grad_norm': '56.38', 'learning_rate': '1.978e-05', 'epoch': '1.113'}
{'loss': '0.2379', 'grad_norm': '55.26', 'learning_rate': '1.978e-05', 'epoch': '1.119'}
{'loss': '0.2442', 'grad_norm': '148.9', 'learning_rate': '1.978e-05', 'epoch': '1.125'}
{'loss': '0.2709', 'grad_norm': '106.3', 'learning_rate': '1.977e-05', 'epoch': '1.131'}
{'loss': '0.319', 'grad_norm': '461.3', 'learning_rate': '1.977e-05', 'epoch': '1.137'}
{'loss': '0.2559', 'grad_norm': '55.16', 'learning_rate': '1.977e-05', 'epoch': '1.143'}
{'loss': '0.3147', 'grad_norm': '101.1', 'learning_rate': '1.977e-05', 'epoch': '1.149'}
{'loss': '0.2534', 'grad_norm': '295', 'learning_rate': '1.977e-05', 'epoch': '1.155'}
{'loss': '0.2795', 'grad_norm': '41.98', 'learning_rate': '1.977e-05', 'epoch': '1.162'}
{'loss': '0.2344', 'grad_norm': '45.91', 'learning_rate': '1.977e-05', 'epoch': '1.168'}
{'loss': '0.3418', 'grad_norm': '73.16', 'learning_rate': '1.977e-05', 'epoch': '1.174'}
{'loss': '0.2865', 'grad_norm': '72.96', 'learning_rate': '1.976e-05', 'epoch': '1.18'}
{'loss': '0.2243', 'grad_norm': '30.7', 'learning_rate': '1.976e-05', 'epoch': '1.186'}
{'loss': '0.2515', 'grad_norm': '80.08', 'learning_rate': '1.976e-05', 'epoch': '1.192'}
{'loss': '0.2223', 'grad_norm': '520.1', 'learning_rate': '1.976e-05', 'epoch': '1.198'}
{'loss': '0.2433', 'grad_norm': '24.58', 'learning_rate': '1.976e-05', 'epoch': '1.204'}
{'loss': '0.2697', 'grad_norm': '14.67', 'learning_rate': '1.976e-05', 'epoch': '1.21'}
{'loss': '0.3073', 'grad_norm': '55.64', 'learning_rate': '1.976e-05', 'epoch': '1.216'}
{'loss': '0.2961', 'grad_norm': '56.33', 'learning_rate': '1.976e-05', 'epoch': '1.222'}
{'loss': '0.2549', 'grad_norm': '12.32', 'learning_rate': '1.975e-05', 'epoch': '1.228'}
{'loss': '0.2202', 'grad_norm': '17.18', 'learning_rate': '1.975e-05', 'epoch': '1.234'}
{'loss': '0.2456', 'grad_norm': '57.59', 'learning_rate': '1.975e-05', 'epoch': '1.24'}
{'loss': '0.2851', 'grad_norm': '76.53', 'learning_rate': '1.975e-05', 'epoch': '1.246'}
{'loss': '0.2435', 'grad_norm': '25.42', 'learning_rate': '1.975e-05', 'epoch': '1.252'}
{'loss': '0.1795', 'grad_norm': '32.99', 'learning_rate': '1.975e-05', 'epoch': '1.258'}
{'loss': '0.2314', 'grad_norm': '43.73', 'learning_rate': '1.975e-05', 'epoch': '1.264'}
{'loss': '0.2414', 'grad_norm': '28.48', 'learning_rate': '1.975e-05', 'epoch': '1.27'}
{'loss': '0.2476', 'grad_norm': '47.52', 'learning_rate': '1.974e-05', 'epoch': '1.276'}
{'loss': '0.2807', 'grad_norm': '29.77', 'learning_rate': '1.974e-05', 'epoch': '1.283'}
{'loss': '0.2162', 'grad_norm': '77.7', 'learning_rate': '1.974e-05', 'epoch': '1.289'}
{'loss': '0.2497', 'grad_norm': '44.15', 'learning_rate': '1.974e-05', 'epoch': '1.295'}
{'loss': '0.2742', 'grad_norm': '56.42', 'learning_rate': '1.974e-05', 'epoch': '1.301'}
{'loss': '0.2656', 'grad_norm': '20.62', 'learning_rate': '1.974e-05', 'epoch': '1.307'}
{'loss': '0.2342', 'grad_norm': '25.11', 'learning_rate': '1.974e-05', 'epoch': '1.313'}
{'loss': '0.2593', 'grad_norm': '20.22', 'learning_rate': '1.974e-05', 'epoch': '1.319'}
{'loss': '0.281', 'grad_norm': '19.24', 'learning_rate': '1.974e-05', 'epoch': '1.325'}
{'loss': '0.2109', 'grad_norm': '152.9', 'learning_rate': '1.973e-05', 'epoch': '1.331'}
{'loss': '0.2244', 'grad_norm': '19.9', 'learning_rate': '1.973e-05', 'epoch': '1.337'}
{'loss': '0.2499', 'grad_norm': '37.44', 'learning_rate': '1.973e-05', 'epoch': '1.343'}
{'loss': '0.2224', 'grad_norm': '26.88', 'learning_rate': '1.973e-05', 'epoch': '1.349'}
{'loss': '0.2714', 'grad_norm': '122.3', 'learning_rate': '1.973e-05', 'epoch': '1.355'}
{'loss': '0.2556', 'grad_norm': '28.71', 'learning_rate': '1.973e-05', 'epoch': '1.361'}
{'loss': '0.2702', 'grad_norm': '45.95', 'learning_rate': '1.973e-05', 'epoch': '1.367'}
{'loss': '0.2351', 'grad_norm': '16.74', 'learning_rate': '1.973e-05', 'epoch': '1.373'}
{'loss': '0.2648', 'grad_norm': '14.18', 'learning_rate': '1.972e-05', 'epoch': '1.379'}
{'loss': '0.2495', 'grad_norm': '32.71', 'learning_rate': '1.972e-05', 'epoch': '1.385'}
{'loss': '0.1986', 'grad_norm': '15.46', 'learning_rate': '1.972e-05', 'epoch': '1.391'}
{'loss': '0.1989', 'grad_norm': '35.78', 'learning_rate': '1.972e-05', 'epoch': '1.397'}
{'loss': '0.2346', 'grad_norm': '10.18', 'learning_rate': '1.972e-05', 'epoch': '1.404'}
{'loss': '0.2191', 'grad_norm': '23.84', 'learning_rate': '1.972e-05', 'epoch': '1.41'}
{'loss': '0.2015', 'grad_norm': '23.07', 'learning_rate': '1.972e-05', 'epoch': '1.416'}
{'loss': '0.2152', 'grad_norm': '13.73', 'learning_rate': '1.972e-05', 'epoch': '1.422'}
{'loss': '0.2876', 'grad_norm': '64.72', 'learning_rate': '1.971e-05', 'epoch': '1.428'}
{'loss': '0.2454', 'grad_norm': '32.9', 'learning_rate': '1.971e-05', 'epoch': '1.434'}
{'loss': '0.2307', 'grad_norm': '34.3', 'learning_rate': '1.971e-05', 'epoch': '1.44'}
{'loss': '0.261', 'grad_norm': '32.03', 'learning_rate': '1.971e-05', 'epoch': '1.446'}
{'loss': '0.1536', 'grad_norm': '49.04', 'learning_rate': '1.971e-05', 'epoch': '1.452'}
{'loss': '0.1842', 'grad_norm': '102.5', 'learning_rate': '1.971e-05', 'epoch': '1.458'}
{'loss': '0.2454', 'grad_norm': '72.78', 'learning_rate': '1.971e-05', 'epoch': '1.464'}
{'loss': '0.1908', 'grad_norm': '131', 'learning_rate': '1.971e-05', 'epoch': '1.47'}
{'loss': '0.2136', 'grad_norm': '27.08', 'learning_rate': '1.97e-05', 'epoch': '1.476'}
{'loss': '0.2073', 'grad_norm': '26.9', 'learning_rate': '1.97e-05', 'epoch': '1.482'}
{'loss': '0.1968', 'grad_norm': '8.126', 'learning_rate': '1.97e-05', 'epoch': '1.488'}
{'loss': '0.2485', 'grad_norm': '348.3', 'learning_rate': '1.97e-05', 'epoch': '1.494'}
{'loss': '0.1957', 'grad_norm': '45.42', 'learning_rate': '1.97e-05', 'epoch': '1.5'}
{'loss': '0.2224', 'grad_norm': '61.36', 'learning_rate': '1.97e-05', 'epoch': '1.506'}
{'loss': '0.1573', 'grad_norm': '98.99', 'learning_rate': '1.97e-05', 'epoch': '1.512'}
{'loss': '0.1938', 'grad_norm': '15.13', 'learning_rate': '1.97e-05', 'epoch': '1.518'}
{'loss': '0.2212', 'grad_norm': '41.97', 'learning_rate': '1.97e-05', 'epoch': '1.525'}
{'loss': '0.1804', 'grad_norm': '29.86', 'learning_rate': '1.969e-05', 'epoch': '1.531'}
{'loss': '0.1719', 'grad_norm': '24.7', 'learning_rate': '1.969e-05', 'epoch': '1.537'}
{'loss': '0.2001', 'grad_norm': '29.74', 'learning_rate': '1.969e-05', 'epoch': '1.543'}
{'loss': '0.2038', 'grad_norm': '17.35', 'learning_rate': '1.969e-05', 'epoch': '1.549'}
{'loss': '0.1408', 'grad_norm': '9.673', 'learning_rate': '1.969e-05', 'epoch': '1.555'}
{'loss': '0.1793', 'grad_norm': '21.37', 'learning_rate': '1.969e-05', 'epoch': '1.561'}
{'loss': '0.1538', 'grad_norm': '21.53', 'learning_rate': '1.969e-05', 'epoch': '1.567'}
{'loss': '0.1787', 'grad_norm': '25.52', 'learning_rate': '1.969e-05', 'epoch': '1.573'}
{'loss': '0.1587', 'grad_norm': '12.89', 'learning_rate': '1.968e-05', 'epoch': '1.579'}
{'loss': '0.2273', 'grad_norm': '30.05', 'learning_rate': '1.968e-05', 'epoch': '1.585'}
{'loss': '0.22', 'grad_norm': '10.45', 'learning_rate': '1.968e-05', 'epoch': '1.591'}
{'loss': '0.1711', 'grad_norm': '41.74', 'learning_rate': '1.968e-05', 'epoch': '1.597'}
{'loss': '0.1373', 'grad_norm': '51.24', 'learning_rate': '1.968e-05', 'epoch': '1.603'}
{'loss': '0.1944', 'grad_norm': '152.5', 'learning_rate': '1.968e-05', 'epoch': '1.609'}
{'loss': '0.2424', 'grad_norm': '16.88', 'learning_rate': '1.968e-05', 'epoch': '1.615'}
{'loss': '0.1665', 'grad_norm': '23.87', 'learning_rate': '1.968e-05', 'epoch': '1.621'}
{'loss': '0.1513', 'grad_norm': '37.06', 'learning_rate': '1.967e-05', 'epoch': '1.627'}
{'loss': '0.181', 'grad_norm': '25.81', 'learning_rate': '1.967e-05', 'epoch': '1.633'}
{'loss': '0.2221', 'grad_norm': '20.77', 'learning_rate': '1.967e-05', 'epoch': '1.639'}
{'loss': '0.2105', 'grad_norm': '36.45', 'learning_rate': '1.967e-05', 'epoch': '1.645'}
{'loss': '0.109', 'grad_norm': '23.19', 'learning_rate': '1.967e-05', 'epoch': '1.652'}
{'loss': '0.1847', 'grad_norm': '29.32', 'learning_rate': '1.967e-05', 'epoch': '1.658'}
{'loss': '0.1486', 'grad_norm': '57.44', 'learning_rate': '1.967e-05', 'epoch': '1.664'}
{'loss': '0.145', 'grad_norm': '17.16', 'learning_rate': '1.967e-05', 'epoch': '1.67'}
{'loss': '0.2216', 'grad_norm': '21.95', 'learning_rate': '1.966e-05', 'epoch': '1.676'}
{'loss': '0.2296', 'grad_norm': '19.39', 'learning_rate': '1.966e-05', 'epoch': '1.682'}
{'loss': '0.1764', 'grad_norm': '65.32', 'learning_rate': '1.966e-05', 'epoch': '1.688'}
{'loss': '0.1979', 'grad_norm': '15.45', 'learning_rate': '1.966e-05', 'epoch': '1.694'}
{'loss': '0.1332', 'grad_norm': '40.77', 'learning_rate': '1.966e-05', 'epoch': '1.7'}
{'loss': '0.2087', 'grad_norm': '33.01', 'learning_rate': '1.966e-05', 'epoch': '1.706'}
{'loss': '0.1207', 'grad_norm': '45.96', 'learning_rate': '1.966e-05', 'epoch': '1.712'}
{'loss': '0.1847', 'grad_norm': '70.18', 'learning_rate': '1.966e-05', 'epoch': '1.718'}
{'loss': '0.1724', 'grad_norm': '13.16', 'learning_rate': '1.966e-05', 'epoch': '1.724'}
{'loss': '0.1775', 'grad_norm': '26.33', 'learning_rate': '1.965e-05', 'epoch': '1.73'}
{'loss': '0.1485', 'grad_norm': '14.11', 'learning_rate': '1.965e-05', 'epoch': '1.736'}
{'loss': '0.1419', 'grad_norm': '86.42', 'learning_rate': '1.965e-05', 'epoch': '1.742'}
{'loss': '0.203', 'grad_norm': '7.989', 'learning_rate': '1.965e-05', 'epoch': '1.748'}
{'loss': '0.1264', 'grad_norm': '20.63', 'learning_rate': '1.965e-05', 'epoch': '1.754'}
{'loss': '0.215', 'grad_norm': '20.2', 'learning_rate': '1.965e-05', 'epoch': '1.76'}
{'loss': '0.1541', 'grad_norm': '8.171', 'learning_rate': '1.965e-05', 'epoch': '1.766'}
{'loss': '0.1337', 'grad_norm': '11.38', 'learning_rate': '1.965e-05', 'epoch': '1.773'}
{'loss': '0.145', 'grad_norm': '3.34', 'learning_rate': '1.964e-05', 'epoch': '1.779'}
{'loss': '0.1264', 'grad_norm': '13.93', 'learning_rate': '1.964e-05', 'epoch': '1.785'}
{'loss': '0.2183', 'grad_norm': '142.4', 'learning_rate': '1.964e-05', 'epoch': '1.791'}
{'loss': '0.197', 'grad_norm': '20.01', 'learning_rate': '1.964e-05', 'epoch': '1.797'}
{'loss': '0.1792', 'grad_norm': '17.05', 'learning_rate': '1.964e-05', 'epoch': '1.803'}
{'loss': '0.1469', 'grad_norm': '9.544', 'learning_rate': '1.964e-05', 'epoch': '1.809'}
{'loss': '0.1972', 'grad_norm': '18.52', 'learning_rate': '1.964e-05', 'epoch': '1.815'}
{'loss': '0.1592', 'grad_norm': '47.63', 'learning_rate': '1.964e-05', 'epoch': '1.821'}
{'loss': '0.1507', 'grad_norm': '5.072', 'learning_rate': '1.963e-05', 'epoch': '1.827'}
{'loss': '0.2085', 'grad_norm': '15.07', 'learning_rate': '1.963e-05', 'epoch': '1.833'}
{'loss': '0.1207', 'grad_norm': '9.678', 'learning_rate': '1.963e-05', 'epoch': '1.839'}
{'loss': '0.1828', 'grad_norm': '391.1', 'learning_rate': '1.963e-05', 'epoch': '1.845'}
{'loss': '0.1412', 'grad_norm': '3.203', 'learning_rate': '1.963e-05', 'epoch': '1.851'}
{'loss': '0.1123', 'grad_norm': '63.94', 'learning_rate': '1.963e-05', 'epoch': '1.857'}
{'loss': '0.1169', 'grad_norm': '22.48', 'learning_rate': '1.963e-05', 'epoch': '1.863'}
{'loss': '0.18', 'grad_norm': '55.03', 'learning_rate': '1.963e-05', 'epoch': '1.869'}
{'loss': '0.1387', 'grad_norm': '24.38', 'learning_rate': '1.963e-05', 'epoch': '1.875'}
{'loss': '0.1412', 'grad_norm': '23.85', 'learning_rate': '1.962e-05', 'epoch': '1.881'}
{'loss': '0.1582', 'grad_norm': '10.66', 'learning_rate': '1.962e-05', 'epoch': '1.887'}
{'loss': '0.1563', 'grad_norm': '44.2', 'learning_rate': '1.962e-05', 'epoch': '1.894'}
{'loss': '0.1196', 'grad_norm': '13.54', 'learning_rate': '1.962e-05', 'epoch': '1.9'}
{'loss': '0.1999', 'grad_norm': '72.34', 'learning_rate': '1.962e-05', 'epoch': '1.906'}
{'loss': '0.2007', 'grad_norm': '61.2', 'learning_rate': '1.962e-05', 'epoch': '1.912'}
{'loss': '0.1375', 'grad_norm': '17.46', 'learning_rate': '1.962e-05', 'epoch': '1.918'}
{'loss': '0.1039', 'grad_norm': '10.52', 'learning_rate': '1.962e-05', 'epoch': '1.924'}
{'loss': '0.09488', 'grad_norm': '18.68', 'learning_rate': '1.961e-05', 'epoch': '1.93'}
{'loss': '0.1877', 'grad_norm': '29.08', 'learning_rate': '1.961e-05', 'epoch': '1.936'}
{'loss': '0.1359', 'grad_norm': '12.43', 'learning_rate': '1.961e-05', 'epoch': '1.942'}
{'loss': '0.1436', 'grad_norm': '14.29', 'learning_rate': '1.961e-05', 'epoch': '1.948'}
{'loss': '0.1646', 'grad_norm': '2.399', 'learning_rate': '1.961e-05', 'epoch': '1.954'}
{'loss': '0.2041', 'grad_norm': '11.4', 'learning_rate': '1.961e-05', 'epoch': '1.96'}
{'loss': '0.1135', 'grad_norm': '7.618', 'learning_rate': '1.961e-05', 'epoch': '1.966'}
{'loss': '0.1635', 'grad_norm': '88.9', 'learning_rate': '1.961e-05', 'epoch': '1.972'}
{'loss': '0.1744', 'grad_norm': '46.25', 'learning_rate': '1.96e-05', 'epoch': '1.978'}
{'loss': '0.1488', 'grad_norm': '76.67', 'learning_rate': '1.96e-05', 'epoch': '1.984'}
{'loss': '0.1096', 'grad_norm': '38.59', 'learning_rate': '1.96e-05', 'epoch': '1.99'}
{'loss': '0.2127', 'grad_norm': '58.1', 'learning_rate': '1.96e-05', 'epoch': '1.996'}
{'eval_loss': '0.3216', 'eval_accuracy': '0.8914', 'eval_precision': '0.9106', 'eval_recall': '0.8994', 'eval_f1': '0.9049', 'eval_runtime': '11.31', 'eval_samples_per_second': '1124', 'eval_steps_per_second': '17.6', 'epoch': '2'}
{'loss': '0.119', 'grad_norm': '37.95', 'learning_rate': '1.96e-05', 'epoch': '2.002'}
{'loss': '0.1918', 'grad_norm': '26.81', 'learning_rate': '1.96e-05', 'epoch': '2.008'}
{'loss': '0.07366', 'grad_norm': '8.736', 'learning_rate': '1.96e-05', 'epoch': '2.015'}
{'loss': '0.135', 'grad_norm': '23.18', 'learning_rate': '1.96e-05', 'epoch': '2.021'}
{'loss': '0.1088', 'grad_norm': '14.21', 'learning_rate': '1.959e-05', 'epoch': '2.027'}
{'loss': '0.1049', 'grad_norm': '11.09', 'learning_rate': '1.959e-05', 'epoch': '2.033'}
{'loss': '0.09433', 'grad_norm': '24.83', 'learning_rate': '1.959e-05', 'epoch': '2.039'}
{'loss': '0.1401', 'grad_norm': '46.28', 'learning_rate': '1.959e-05', 'epoch': '2.045'}
{'loss': '0.1669', 'grad_norm': '36.65', 'learning_rate': '1.959e-05', 'epoch': '2.051'}
{'loss': '0.1555', 'grad_norm': '40.44', 'learning_rate': '1.959e-05', 'epoch': '2.057'}
{'loss': '0.1437', 'grad_norm': '10.46', 'learning_rate': '1.959e-05', 'epoch': '2.063'}
{'loss': '0.1817', 'grad_norm': '146.2', 'learning_rate': '1.959e-05', 'epoch': '2.069'}
{'loss': '0.1397', 'grad_norm': '9.466', 'learning_rate': '1.959e-05', 'epoch': '2.075'}
{'loss': '0.1129', 'grad_norm': '36.49', 'learning_rate': '1.958e-05', 'epoch': '2.081'}
{'loss': '0.1323', 'grad_norm': '48.37', 'learning_rate': '1.958e-05', 'epoch': '2.087'}
{'loss': '0.1242', 'grad_norm': '20.13', 'learning_rate': '1.958e-05', 'epoch': '2.093'}
{'loss': '0.1317', 'grad_norm': '13.04', 'learning_rate': '1.958e-05', 'epoch': '2.099'}
{'loss': '0.08349', 'grad_norm': '40.3', 'learning_rate': '1.958e-05', 'epoch': '2.105'}
{'loss': '0.118', 'grad_norm': '33.59', 'learning_rate': '1.958e-05', 'epoch': '2.111'}
{'loss': '0.1125', 'grad_norm': '33.05', 'learning_rate': '1.958e-05', 'epoch': '2.117'}
{'loss': '0.1695', 'grad_norm': '34.42', 'learning_rate': '1.958e-05', 'epoch': '2.123'}
{'loss': '0.09502', 'grad_norm': '6.905', 'learning_rate': '1.957e-05', 'epoch': '2.129'}
{'loss': '0.1644', 'grad_norm': '137.8', 'learning_rate': '1.957e-05', 'epoch': '2.136'}
{'loss': '0.1777', 'grad_norm': '40.99', 'learning_rate': '1.957e-05', 'epoch': '2.142'}
{'loss': '0.1251', 'grad_norm': '22.1', 'learning_rate': '1.957e-05', 'epoch': '2.148'}
{'loss': '0.1161', 'grad_norm': '57.85', 'learning_rate': '1.957e-05', 'epoch': '2.154'}
{'loss': '0.1028', 'grad_norm': '1.839', 'learning_rate': '1.957e-05', 'epoch': '2.16'}
{'loss': '0.1261', 'grad_norm': '7.146', 'learning_rate': '1.957e-05', 'epoch': '2.166'}
{'loss': '0.125', 'grad_norm': '277.6', 'learning_rate': '1.957e-05', 'epoch': '2.172'}
{'loss': '0.1445', 'grad_norm': '36.75', 'learning_rate': '1.956e-05', 'epoch': '2.178'}
{'loss': '0.1381', 'grad_norm': '39.28', 'learning_rate': '1.956e-05', 'epoch': '2.184'}
{'loss': '0.09398', 'grad_norm': '87.06', 'learning_rate': '1.956e-05', 'epoch': '2.19'}
{'loss': '0.1527', 'grad_norm': '57.08', 'learning_rate': '1.956e-05', 'epoch': '2.196'}
{'loss': '0.1223', 'grad_norm': '69.45', 'learning_rate': '1.956e-05', 'epoch': '2.202'}
{'loss': '0.167', 'grad_norm': '14.28', 'learning_rate': '1.956e-05', 'epoch': '2.208'}
{'loss': '0.1529', 'grad_norm': '22.67', 'learning_rate': '1.956e-05', 'epoch': '2.214'}
{'loss': '0.1414', 'grad_norm': '25.07', 'learning_rate': '1.956e-05', 'epoch': '2.22'}
{'loss': '0.1792', 'grad_norm': '8.851', 'learning_rate': '1.955e-05', 'epoch': '2.226'}
{'loss': '0.1015', 'grad_norm': '5.625', 'learning_rate': '1.955e-05', 'epoch': '2.232'}
{'loss': '0.1561', 'grad_norm': '63.75', 'learning_rate': '1.955e-05', 'epoch': '2.238'}
{'loss': '0.1676', 'grad_norm': '189.3', 'learning_rate': '1.955e-05', 'epoch': '2.244'}
{'loss': '0.06598', 'grad_norm': '1.954', 'learning_rate': '1.955e-05', 'epoch': '2.25'}
{'loss': '0.1521', 'grad_norm': '7.148', 'learning_rate': '1.955e-05', 'epoch': '2.257'}
{'loss': '0.1131', 'grad_norm': '1.991', 'learning_rate': '1.955e-05', 'epoch': '2.263'}
{'loss': '0.153', 'grad_norm': '65.14', 'learning_rate': '1.955e-05', 'epoch': '2.269'}
{'loss': '0.07249', 'grad_norm': '6.22', 'learning_rate': '1.955e-05', 'epoch': '2.275'}
{'loss': '0.1026', 'grad_norm': '69.08', 'learning_rate': '1.954e-05', 'epoch': '2.281'}
{'loss': '0.1237', 'grad_norm': '32.53', 'learning_rate': '1.954e-05', 'epoch': '2.287'}
{'loss': '0.1102', 'grad_norm': '8.096', 'learning_rate': '1.954e-05', 'epoch': '2.293'}
{'loss': '0.1347', 'grad_norm': '59.22', 'learning_rate': '1.954e-05', 'epoch': '2.299'}
{'loss': '0.1161', 'grad_norm': '2.556', 'learning_rate': '1.954e-05', 'epoch': '2.305'}
{'loss': '0.128', 'grad_norm': '24.95', 'learning_rate': '1.954e-05', 'epoch': '2.311'}
{'loss': '0.1193', 'grad_norm': '12.14', 'learning_rate': '1.954e-05', 'epoch': '2.317'}
{'loss': '0.08555', 'grad_norm': '12', 'learning_rate': '1.954e-05', 'epoch': '2.323'}
{'loss': '0.1508', 'grad_norm': '13.16', 'learning_rate': '1.953e-05', 'epoch': '2.329'}
{'loss': '0.08957', 'grad_norm': '90.67', 'learning_rate': '1.953e-05', 'epoch': '2.335'}
{'loss': '0.1043', 'grad_norm': '140.6', 'learning_rate': '1.953e-05', 'epoch': '2.341'}
{'loss': '0.155', 'grad_norm': '16.56', 'learning_rate': '1.953e-05', 'epoch': '2.347'}
{'loss': '0.1097', 'grad_norm': '37.13', 'learning_rate': '1.953e-05', 'epoch': '2.353'}
{'loss': '0.108', 'grad_norm': '1.383', 'learning_rate': '1.953e-05', 'epoch': '2.359'}
{'loss': '0.1122', 'grad_norm': '8.287', 'learning_rate': '1.953e-05', 'epoch': '2.365'}
{'loss': '0.09791', 'grad_norm': '30.44', 'learning_rate': '1.953e-05', 'epoch': '2.371'}
{'loss': '0.1077', 'grad_norm': '23.46', 'learning_rate': '1.952e-05', 'epoch': '2.377'}
{'loss': '0.1251', 'grad_norm': '9.295', 'learning_rate': '1.952e-05', 'epoch': '2.384'}
{'loss': '0.1111', 'grad_norm': '11.75', 'learning_rate': '1.952e-05', 'epoch': '2.39'}
{'loss': '0.05935', 'grad_norm': '15.88', 'learning_rate': '1.952e-05', 'epoch': '2.396'}
{'loss': '0.09986', 'grad_norm': '31.71', 'learning_rate': '1.952e-05', 'epoch': '2.402'}
{'loss': '0.1197', 'grad_norm': '24.44', 'learning_rate': '1.952e-05', 'epoch': '2.408'}
{'loss': '0.1007', 'grad_norm': '12.27', 'learning_rate': '1.952e-05', 'epoch': '2.414'}
{'loss': '0.06987', 'grad_norm': '11.23', 'learning_rate': '1.952e-05', 'epoch': '2.42'}
{'loss': '0.104', 'grad_norm': '16.45', 'learning_rate': '1.951e-05', 'epoch': '2.426'}
{'loss': '0.1508', 'grad_norm': '13.63', 'learning_rate': '1.951e-05', 'epoch': '2.432'}
{'loss': '0.1509', 'grad_norm': '4.242', 'learning_rate': '1.951e-05', 'epoch': '2.438'}
{'loss': '0.1258', 'grad_norm': '12.01', 'learning_rate': '1.951e-05', 'epoch': '2.444'}
{'loss': '0.08274', 'grad_norm': '36.69', 'learning_rate': '1.951e-05', 'epoch': '2.45'}
{'loss': '0.1178', 'grad_norm': '22.96', 'learning_rate': '1.951e-05', 'epoch': '2.456'}
{'loss': '0.09601', 'grad_norm': '5.799', 'learning_rate': '1.951e-05', 'epoch': '2.462'}
{'loss': '0.1271', 'grad_norm': '9.814', 'learning_rate': '1.951e-05', 'epoch': '2.468'}
{'loss': '0.06118', 'grad_norm': '41.35', 'learning_rate': '1.951e-05', 'epoch': '2.474'}
{'loss': '0.1014', 'grad_norm': '6.023', 'learning_rate': '1.95e-05', 'epoch': '2.48'}
{'loss': '0.1389', 'grad_norm': '23.05', 'learning_rate': '1.95e-05', 'epoch': '2.486'}
{'loss': '0.1148', 'grad_norm': '5.799', 'learning_rate': '1.95e-05', 'epoch': '2.492'}
{'loss': '0.123', 'grad_norm': '6.642', 'learning_rate': '1.95e-05', 'epoch': '2.498'}
{'loss': '0.1928', 'grad_norm': '8.182', 'learning_rate': '1.95e-05', 'epoch': '2.505'}
{'loss': '0.08355', 'grad_norm': '17.41', 'learning_rate': '1.95e-05', 'epoch': '2.511'}
{'loss': '0.1287', 'grad_norm': '23.33', 'learning_rate': '1.95e-05', 'epoch': '2.517'}
{'loss': '0.1013', 'grad_norm': '8.206', 'learning_rate': '1.95e-05', 'epoch': '2.523'}
{'loss': '0.09884', 'grad_norm': '10.32', 'learning_rate': '1.949e-05', 'epoch': '2.529'}
{'loss': '0.08521', 'grad_norm': '20.98', 'learning_rate': '1.949e-05', 'epoch': '2.535'}
{'loss': '0.1395', 'grad_norm': '55.1', 'learning_rate': '1.949e-05', 'epoch': '2.541'}
{'loss': '0.09848', 'grad_norm': '429.9', 'learning_rate': '1.949e-05', 'epoch': '2.547'}
{'loss': '0.1204', 'grad_norm': '30.93', 'learning_rate': '1.949e-05', 'epoch': '2.553'}
{'loss': '0.08551', 'grad_norm': '8.858', 'learning_rate': '1.949e-05', 'epoch': '2.559'}
{'loss': '0.1117', 'grad_norm': '15.39', 'learning_rate': '1.949e-05', 'epoch': '2.565'}
{'loss': '0.1068', 'grad_norm': '10.77', 'learning_rate': '1.949e-05', 'epoch': '2.571'}
{'loss': '0.09349', 'grad_norm': '15.97', 'learning_rate': '1.948e-05', 'epoch': '2.577'}
{'loss': '0.1489', 'grad_norm': '4.638', 'learning_rate': '1.948e-05', 'epoch': '2.583'}
{'loss': '0.08241', 'grad_norm': '10.65', 'learning_rate': '1.948e-05', 'epoch': '2.589'}
{'loss': '0.08197', 'grad_norm': '7.808', 'learning_rate': '1.948e-05', 'epoch': '2.595'}
{'loss': '0.08689', 'grad_norm': '5.689', 'learning_rate': '1.948e-05', 'epoch': '2.601'}
{'loss': '0.1013', 'grad_norm': '6.597', 'learning_rate': '1.948e-05', 'epoch': '2.607'}
{'loss': '0.1392', 'grad_norm': '19.42', 'learning_rate': '1.948e-05', 'epoch': '2.613'}
{'loss': '0.1125', 'grad_norm': '9.607', 'learning_rate': '1.948e-05', 'epoch': '2.619'}
{'loss': '0.118', 'grad_norm': '32.04', 'learning_rate': '1.948e-05', 'epoch': '2.626'}
{'loss': '0.04624', 'grad_norm': '0.9778', 'learning_rate': '1.947e-05', 'epoch': '2.632'}
{'loss': '0.1314', 'grad_norm': '6.876', 'learning_rate': '1.947e-05', 'epoch': '2.638'}
{'loss': '0.1227', 'grad_norm': '7.952', 'learning_rate': '1.947e-05', 'epoch': '2.644'}
{'loss': '0.08928', 'grad_norm': '15.21', 'learning_rate': '1.947e-05', 'epoch': '2.65'}
{'loss': '0.1223', 'grad_norm': '17.53', 'learning_rate': '1.947e-05', 'epoch': '2.656'}
{'loss': '0.1202', 'grad_norm': '11.05', 'learning_rate': '1.947e-05', 'epoch': '2.662'}
{'loss': '0.06444', 'grad_norm': '10.96', 'learning_rate': '1.947e-05', 'epoch': '2.668'}
{'loss': '0.09702', 'grad_norm': '8.77', 'learning_rate': '1.947e-05', 'epoch': '2.674'}
{'loss': '0.07444', 'grad_norm': '10.6', 'learning_rate': '1.946e-05', 'epoch': '2.68'}
{'loss': '0.1403', 'grad_norm': '12.53', 'learning_rate': '1.946e-05', 'epoch': '2.686'}
{'loss': '0.1019', 'grad_norm': '14.05', 'learning_rate': '1.946e-05', 'epoch': '2.692'}
{'loss': '0.05617', 'grad_norm': '24.3', 'learning_rate': '1.946e-05', 'epoch': '2.698'}
{'loss': '0.06066', 'grad_norm': '1.574', 'learning_rate': '1.946e-05', 'epoch': '2.704'}
{'loss': '0.1499', 'grad_norm': '11.46', 'learning_rate': '1.946e-05', 'epoch': '2.71'}
{'loss': '0.1182', 'grad_norm': '3.351', 'learning_rate': '1.946e-05', 'epoch': '2.716'}
{'loss': '0.07559', 'grad_norm': '212.4', 'learning_rate': '1.946e-05', 'epoch': '2.722'}
{'loss': '0.1116', 'grad_norm': '18.55', 'learning_rate': '1.945e-05', 'epoch': '2.728'}
{'loss': '0.07097', 'grad_norm': '11.03', 'learning_rate': '1.945e-05', 'epoch': '2.734'}
{'loss': '0.07157', 'grad_norm': '6.801', 'learning_rate': '1.945e-05', 'epoch': '2.74'}
{'loss': '0.09938', 'grad_norm': '3.462', 'learning_rate': '1.945e-05', 'epoch': '2.747'}
{'loss': '0.06933', 'grad_norm': '12.34', 'learning_rate': '1.945e-05', 'epoch': '2.753'}
{'loss': '0.08383', 'grad_norm': '18.29', 'learning_rate': '1.945e-05', 'epoch': '2.759'}
{'loss': '0.1303', 'grad_norm': '66.02', 'learning_rate': '1.945e-05', 'epoch': '2.765'}
{'loss': '0.1259', 'grad_norm': '2.569', 'learning_rate': '1.945e-05', 'epoch': '2.771'}
{'loss': '0.1028', 'grad_norm': '3.091', 'learning_rate': '1.944e-05', 'epoch': '2.777'}
{'loss': '0.08299', 'grad_norm': '3.211', 'learning_rate': '1.944e-05', 'epoch': '2.783'}
{'loss': '0.06507', 'grad_norm': '1.582', 'learning_rate': '1.944e-05', 'epoch': '2.789'}
{'loss': '0.09288', 'grad_norm': '17.87', 'learning_rate': '1.944e-05', 'epoch': '2.795'}
{'loss': '0.1081', 'grad_norm': '2.321', 'learning_rate': '1.944e-05', 'epoch': '2.801'}
{'loss': '0.06393', 'grad_norm': '62.72', 'learning_rate': '1.944e-05', 'epoch': '2.807'}
{'loss': '0.07886', 'grad_norm': '15.18', 'learning_rate': '1.944e-05', 'epoch': '2.813'}
{'loss': '0.09186', 'grad_norm': '5.472', 'learning_rate': '1.944e-05', 'epoch': '2.819'}
{'loss': '0.1162', 'grad_norm': '18.39', 'learning_rate': '1.944e-05', 'epoch': '2.825'}
{'loss': '0.09079', 'grad_norm': '1.271', 'learning_rate': '1.943e-05', 'epoch': '2.831'}
{'loss': '0.07846', 'grad_norm': '65.56', 'learning_rate': '1.943e-05', 'epoch': '2.837'}
{'loss': '0.09108', 'grad_norm': '73.68', 'learning_rate': '1.943e-05', 'epoch': '2.843'}
{'loss': '0.08196', 'grad_norm': '60.4', 'learning_rate': '1.943e-05', 'epoch': '2.849'}
{'loss': '0.1154', 'grad_norm': '39.96', 'learning_rate': '1.943e-05', 'epoch': '2.855'}
{'loss': '0.1357', 'grad_norm': '6.272', 'learning_rate': '1.943e-05', 'epoch': '2.861'}
{'loss': '0.131', 'grad_norm': '36.68', 'learning_rate': '1.943e-05', 'epoch': '2.868'}
{'loss': '0.07948', 'grad_norm': '7.218', 'learning_rate': '1.943e-05', 'epoch': '2.874'}
{'loss': '0.06677', 'grad_norm': '16.14', 'learning_rate': '1.942e-05', 'epoch': '2.88'}
{'loss': '0.1429', 'grad_norm': '1.513', 'learning_rate': '1.942e-05', 'epoch': '2.886'}
{'loss': '0.08579', 'grad_norm': '5.614', 'learning_rate': '1.942e-05', 'epoch': '2.892'}
{'loss': '0.06105', 'grad_norm': '7.157', 'learning_rate': '1.942e-05', 'epoch': '2.898'}
{'loss': '0.09376', 'grad_norm': '46.23', 'learning_rate': '1.942e-05', 'epoch': '2.904'}
{'loss': '0.07232', 'grad_norm': '40.49', 'learning_rate': '1.942e-05', 'epoch': '2.91'}
{'loss': '0.04186', 'grad_norm': '22.25', 'learning_rate': '1.942e-05', 'epoch': '2.916'}
{'loss': '0.07843', 'grad_norm': '6.394', 'learning_rate': '1.942e-05', 'epoch': '2.922'}
{'loss': '0.0558', 'grad_norm': '15.15', 'learning_rate': '1.941e-05', 'epoch': '2.928'}
{'loss': '0.08114', 'grad_norm': '1.818', 'learning_rate': '1.941e-05', 'epoch': '2.934'}
{'loss': '0.0585', 'grad_norm': '6.302', 'learning_rate': '1.941e-05', 'epoch': '2.94'}
{'loss': '0.06604', 'grad_norm': '3.881', 'learning_rate': '1.941e-05', 'epoch': '2.946'}
{'loss': '0.1346', 'grad_norm': '4.005', 'learning_rate': '1.941e-05', 'epoch': '2.952'}
{'loss': '0.07797', 'grad_norm': '7.392', 'learning_rate': '1.941e-05', 'epoch': '2.958'}
{'loss': '0.08545', 'grad_norm': '15.09', 'learning_rate': '1.941e-05', 'epoch': '2.964'}
{'loss': '0.101', 'grad_norm': '23.22', 'learning_rate': '1.941e-05', 'epoch': '2.97'}
{'loss': '0.1027', 'grad_norm': '41.88', 'learning_rate': '1.94e-05', 'epoch': '2.976'}
{'loss': '0.03812', 'grad_norm': '26.96', 'learning_rate': '1.94e-05', 'epoch': '2.982'}
{'loss': '0.09861', 'grad_norm': '13.75', 'learning_rate': '1.94e-05', 'epoch': '2.989'}
{'loss': '0.123', 'grad_norm': '44.27', 'learning_rate': '1.94e-05', 'epoch': '2.995'}
{'eval_loss': '0.4465', 'eval_accuracy': '0.8984', 'eval_precision': '0.9227', 'eval_recall': '0.8985', 'eval_f1': '0.9104', 'eval_runtime': '11.31', 'eval_samples_per_second': '1124', 'eval_steps_per_second': '17.59', 'epoch': '3'}
{'loss': '0.09343', 'grad_norm': '9.763', 'learning_rate': '1.94e-05', 'epoch': '3.001'}
{'loss': '0.113', 'grad_norm': '63.6', 'learning_rate': '1.94e-05', 'epoch': '3.007'}
{'loss': '0.06209', 'grad_norm': '8.445', 'learning_rate': '1.94e-05', 'epoch': '3.013'}
{'loss': '0.08906', 'grad_norm': '6.576', 'learning_rate': '1.94e-05', 'epoch': '3.019'}
{'loss': '0.1084', 'grad_norm': '42.54', 'learning_rate': '1.94e-05', 'epoch': '3.025'}
{'loss': '0.09714', 'grad_norm': '3.442', 'learning_rate': '1.939e-05', 'epoch': '3.031'}
{'loss': '0.05249', 'grad_norm': '3.825', 'learning_rate': '1.939e-05', 'epoch': '3.037'}
{'loss': '0.08691', 'grad_norm': '15.32', 'learning_rate': '1.939e-05', 'epoch': '3.043'}
{'loss': '0.06622', 'grad_norm': '31.25', 'learning_rate': '1.939e-05', 'epoch': '3.049'}
{'loss': '0.1313', 'grad_norm': '19.66', 'learning_rate': '1.939e-05', 'epoch': '3.055'}
{'loss': '0.08342', 'grad_norm': '11.23', 'learning_rate': '1.939e-05', 'epoch': '3.061'}
{'loss': '0.07283', 'grad_norm': '8.925', 'learning_rate': '1.939e-05', 'epoch': '3.067'}
{'loss': '0.05239', 'grad_norm': '11.53', 'learning_rate': '1.939e-05', 'epoch': '3.073'}
{'loss': '0.0836', 'grad_norm': '29.88', 'learning_rate': '1.938e-05', 'epoch': '3.079'}
{'loss': '0.09431', 'grad_norm': '31.9', 'learning_rate': '1.938e-05', 'epoch': '3.085'}
{'loss': '0.1086', 'grad_norm': '49.67', 'learning_rate': '1.938e-05', 'epoch': '3.091'}
{'loss': '0.08503', 'grad_norm': '11.21', 'learning_rate': '1.938e-05', 'epoch': '3.097'}
{'loss': '0.08783', 'grad_norm': '6.403', 'learning_rate': '1.938e-05', 'epoch': '3.103'}
{'loss': '0.101', 'grad_norm': '16.52', 'learning_rate': '1.938e-05', 'epoch': '3.109'}
{'loss': '0.05857', 'grad_norm': '14.81', 'learning_rate': '1.938e-05', 'epoch': '3.116'}
{'loss': '0.1136', 'grad_norm': '2.899', 'learning_rate': '1.938e-05', 'epoch': '3.122'}
{'loss': '0.07917', 'grad_norm': '4.988', 'learning_rate': '1.937e-05', 'epoch': '3.128'}
{'loss': '0.1417', 'grad_norm': '25.77', 'learning_rate': '1.937e-05', 'epoch': '3.134'}
{'loss': '0.07419', 'grad_norm': '2.01', 'learning_rate': '1.937e-05', 'epoch': '3.14'}
{'loss': '0.09523', 'grad_norm': '21.3', 'learning_rate': '1.937e-05', 'epoch': '3.146'}
{'loss': '0.07434', 'grad_norm': '18.6', 'learning_rate': '1.937e-05', 'epoch': '3.152'}
{'loss': '0.07035', 'grad_norm': '15.95', 'learning_rate': '1.937e-05', 'epoch': '3.158'}
{'loss': '0.0726', 'grad_norm': '0.3623', 'learning_rate': '1.937e-05', 'epoch': '3.164'}
{'loss': '0.1353', 'grad_norm': '9.633', 'learning_rate': '1.937e-05', 'epoch': '3.17'}
{'loss': '0.06078', 'grad_norm': '13.46', 'learning_rate': '1.936e-05', 'epoch': '3.176'}
{'loss': '0.07234', 'grad_norm': '10.03', 'learning_rate': '1.936e-05', 'epoch': '3.182'}
{'loss': '0.08297', 'grad_norm': '18.73', 'learning_rate': '1.936e-05', 'epoch': '3.188'}
{'loss': '0.0781', 'grad_norm': '23.79', 'learning_rate': '1.936e-05', 'epoch': '3.194'}
{'loss': '0.1001', 'grad_norm': '15.13', 'learning_rate': '1.936e-05', 'epoch': '3.2'}
{'loss': '0.1025', 'grad_norm': '0.6047', 'learning_rate': '1.936e-05', 'epoch': '3.206'}
{'loss': '0.09612', 'grad_norm': '20.77', 'learning_rate': '1.936e-05', 'epoch': '3.212'}
{'loss': '0.09308', 'grad_norm': '0.5229', 'learning_rate': '1.936e-05', 'epoch': '3.218'}
{'loss': '0.07464', 'grad_norm': '4.94', 'learning_rate': '1.936e-05', 'epoch': '3.224'}
{'loss': '0.09426', 'grad_norm': '11.64', 'learning_rate': '1.935e-05', 'epoch': '3.23'}
{'loss': '0.08798', 'grad_norm': '3.411', 'learning_rate': '1.935e-05', 'epoch': '3.237'}
{'loss': '0.1036', 'grad_norm': '1.643', 'learning_rate': '1.935e-05', 'epoch': '3.243'}
{'loss': '0.09269', 'grad_norm': '17.46', 'learning_rate': '1.935e-05', 'epoch': '3.249'}
{'loss': '0.04585', 'grad_norm': '9.951', 'learning_rate': '1.935e-05', 'epoch': '3.255'}
{'loss': '0.09795', 'grad_norm': '41.21', 'learning_rate': '1.935e-05', 'epoch': '3.261'}
{'loss': '0.07015', 'grad_norm': '15.12', 'learning_rate': '1.935e-05', 'epoch': '3.267'}
{'loss': '0.05759', 'grad_norm': '37.02', 'learning_rate': '1.935e-05', 'epoch': '3.273'}
{'loss': '0.08158', 'grad_norm': '122', 'learning_rate': '1.934e-05', 'epoch': '3.279'}
{'loss': '0.03392', 'grad_norm': '3.198', 'learning_rate': '1.934e-05', 'epoch': '3.285'}
{'loss': '0.07696', 'grad_norm': '5.626', 'learning_rate': '1.934e-05', 'epoch': '3.291'}
{'loss': '0.04042', 'grad_norm': '1.394', 'learning_rate': '1.934e-05', 'epoch': '3.297'}
{'loss': '0.07825', 'grad_norm': '6.194', 'learning_rate': '1.934e-05', 'epoch': '3.303'}
{'loss': '0.09095', 'grad_norm': '7.804', 'learning_rate': '1.934e-05', 'epoch': '3.309'}
{'loss': '0.07253', 'grad_norm': '23.18', 'learning_rate': '1.934e-05', 'epoch': '3.315'}
{'loss': '0.09462', 'grad_norm': '6.69', 'learning_rate': '1.934e-05', 'epoch': '3.321'}
{'loss': '0.1209', 'grad_norm': '53.05', 'learning_rate': '1.933e-05', 'epoch': '3.327'}
{'loss': '0.07072', 'grad_norm': '30.96', 'learning_rate': '1.933e-05', 'epoch': '3.333'}
{'loss': '0.1213', 'grad_norm': '16.26', 'learning_rate': '1.933e-05', 'epoch': '3.339'}
{'loss': '0.05998', 'grad_norm': '1.208', 'learning_rate': '1.933e-05', 'epoch': '3.345'}
{'loss': '0.1162', 'grad_norm': '0.8078', 'learning_rate': '1.933e-05', 'epoch': '3.351'}
{'loss': '0.08802', 'grad_norm': '22.29', 'learning_rate': '1.933e-05', 'epoch': '3.358'}
{'loss': '0.05427', 'grad_norm': '12.13', 'learning_rate': '1.933e-05', 'epoch': '3.364'}
{'loss': '0.06767', 'grad_norm': '49.84', 'learning_rate': '1.933e-05', 'epoch': '3.37'}
{'loss': '0.0906', 'grad_norm': '52.96', 'learning_rate': '1.932e-05', 'epoch': '3.376'}
{'loss': '0.05298', 'grad_norm': '5.166', 'learning_rate': '1.932e-05', 'epoch': '3.382'}
{'loss': '0.1238', 'grad_norm': '30.02', 'learning_rate': '1.932e-05', 'epoch': '3.388'}
{'loss': '0.1399', 'grad_norm': '19.89', 'learning_rate': '1.932e-05', 'epoch': '3.394'}
{'loss': '0.09476', 'grad_norm': '76.33', 'learning_rate': '1.932e-05', 'epoch': '3.4'}
{'loss': '0.05485', 'grad_norm': '51.45', 'learning_rate': '1.932e-05', 'epoch': '3.406'}
{'loss': '0.06811', 'grad_norm': '1.332', 'learning_rate': '1.932e-05', 'epoch': '3.412'}
{'loss': '0.1065', 'grad_norm': '39.94', 'learning_rate': '1.932e-05', 'epoch': '3.418'}
{'loss': '0.09723', 'grad_norm': '20.86', 'learning_rate': '1.932e-05', 'epoch': '3.424'}
{'loss': '0.1026', 'grad_norm': '31.3', 'learning_rate': '1.931e-05', 'epoch': '3.43'}
{'loss': '0.03019', 'grad_norm': '33.24', 'learning_rate': '1.931e-05', 'epoch': '3.436'}
{'loss': '0.09685', 'grad_norm': '0.9728', 'learning_rate': '1.931e-05', 'epoch': '3.442'}
{'loss': '0.07511', 'grad_norm': '25.27', 'learning_rate': '1.931e-05', 'epoch': '3.448'}
{'loss': '0.06527', 'grad_norm': '25.43', 'learning_rate': '1.931e-05', 'epoch': '3.454'}
{'loss': '0.1094', 'grad_norm': '38.6', 'learning_rate': '1.931e-05', 'epoch': '3.46'}
{'loss': '0.1119', 'grad_norm': '29.16', 'learning_rate': '1.931e-05', 'epoch': '3.466'}
{'loss': '0.05727', 'grad_norm': '28.02', 'learning_rate': '1.931e-05', 'epoch': '3.472'}
{'loss': '0.07506', 'grad_norm': '7.497', 'learning_rate': '1.93e-05', 'epoch': '3.479'}
{'loss': '0.1117', 'grad_norm': '13.56', 'learning_rate': '1.93e-05', 'epoch': '3.485'}
{'loss': '0.02298', 'grad_norm': '0.4039', 'learning_rate': '1.93e-05', 'epoch': '3.491'}
{'loss': '0.1175', 'grad_norm': '12.62', 'learning_rate': '1.93e-05', 'epoch': '3.497'}
{'loss': '0.04171', 'grad_norm': '29.61', 'learning_rate': '1.93e-05', 'epoch': '3.503'}
{'loss': '0.09263', 'grad_norm': '3.561', 'learning_rate': '1.93e-05', 'epoch': '3.509'}
{'loss': '0.0496', 'grad_norm': '4.259', 'learning_rate': '1.93e-05', 'epoch': '3.515'}
{'loss': '0.07448', 'grad_norm': '18.37', 'learning_rate': '1.93e-05', 'epoch': '3.521'}
{'loss': '0.07014', 'grad_norm': '6.512', 'learning_rate': '1.929e-05', 'epoch': '3.527'}
{'loss': '0.1158', 'grad_norm': '2.218', 'learning_rate': '1.929e-05', 'epoch': '3.533'}
{'loss': '0.1136', 'grad_norm': '51.38', 'learning_rate': '1.929e-05', 'epoch': '3.539'}
{'loss': '0.06545', 'grad_norm': '54.85', 'learning_rate': '1.929e-05', 'epoch': '3.545'}
{'loss': '0.0754', 'grad_norm': '4.215', 'learning_rate': '1.929e-05', 'epoch': '3.551'}
{'loss': '0.1203', 'grad_norm': '61.57', 'learning_rate': '1.929e-05', 'epoch': '3.557'}
{'loss': '0.0825', 'grad_norm': '1.828', 'learning_rate': '1.929e-05', 'epoch': '3.563'}
{'loss': '0.1102', 'grad_norm': '6.067', 'learning_rate': '1.929e-05', 'epoch': '3.569'}
{'loss': '0.07607', 'grad_norm': '0.1842', 'learning_rate': '1.929e-05', 'epoch': '3.575'}
{'loss': '0.03455', 'grad_norm': '0.225', 'learning_rate': '1.928e-05', 'epoch': '3.581'}
{'loss': '0.0989', 'grad_norm': '23.59', 'learning_rate': '1.928e-05', 'epoch': '3.587'}
{'loss': '0.04748', 'grad_norm': '16.57', 'learning_rate': '1.928e-05', 'epoch': '3.593'}
{'loss': '0.03113', 'grad_norm': '2.283', 'learning_rate': '1.928e-05', 'epoch': '3.6'}
{'loss': '0.0568', 'grad_norm': '2.117', 'learning_rate': '1.928e-05', 'epoch': '3.606'}
{'loss': '0.06868', 'grad_norm': '0.564', 'learning_rate': '1.928e-05', 'epoch': '3.612'}
{'loss': '0.08662', 'grad_norm': '3.918', 'learning_rate': '1.928e-05', 'epoch': '3.618'}
{'loss': '0.1013', 'grad_norm': '10.1', 'learning_rate': '1.928e-05', 'epoch': '3.624'}
{'loss': '0.03022', 'grad_norm': '15.16', 'learning_rate': '1.927e-05', 'epoch': '3.63'}
{'loss': '0.07071', 'grad_norm': '189', 'learning_rate': '1.927e-05', 'epoch': '3.636'}
{'loss': '0.03579', 'grad_norm': '22.57', 'learning_rate': '1.927e-05', 'epoch': '3.642'}
{'loss': '0.1188', 'grad_norm': '1.237', 'learning_rate': '1.927e-05', 'epoch': '3.648'}
{'loss': '0.08204', 'grad_norm': '43.84', 'learning_rate': '1.927e-05', 'epoch': '3.654'}
{'loss': '0.06161', 'grad_norm': '44.53', 'learning_rate': '1.927e-05', 'epoch': '3.66'}
{'loss': '0.05781', 'grad_norm': '6.478', 'learning_rate': '1.927e-05', 'epoch': '3.666'}
{'loss': '0.08812', 'grad_norm': '73.32', 'learning_rate': '1.927e-05', 'epoch': '3.672'}
{'loss': '0.03997', 'grad_norm': '9.128', 'learning_rate': '1.926e-05', 'epoch': '3.678'}
{'loss': '0.04909', 'grad_norm': '21.69', 'learning_rate': '1.926e-05', 'epoch': '3.684'}
{'loss': '0.1238', 'grad_norm': '25.06', 'learning_rate': '1.926e-05', 'epoch': '3.69'}
{'loss': '0.04795', 'grad_norm': '18.32', 'learning_rate': '1.926e-05', 'epoch': '3.696'}
{'loss': '0.06694', 'grad_norm': '39.36', 'learning_rate': '1.926e-05', 'epoch': '3.702'}
{'loss': '0.06879', 'grad_norm': '2.829', 'learning_rate': '1.926e-05', 'epoch': '3.708'}
{'loss': '0.02611', 'grad_norm': '1.973', 'learning_rate': '1.926e-05', 'epoch': '3.714'}
{'loss': '0.07815', 'grad_norm': '0.1926', 'learning_rate': '1.926e-05', 'epoch': '3.721'}
{'loss': '0.06135', 'grad_norm': '5.295', 'learning_rate': '1.925e-05', 'epoch': '3.727'}
{'loss': '0.0748', 'grad_norm': '9.592', 'learning_rate': '1.925e-05', 'epoch': '3.733'}
{'loss': '0.06948', 'grad_norm': '37.71', 'learning_rate': '1.925e-05', 'epoch': '3.739'}
{'loss': '0.08854', 'grad_norm': '11.9', 'learning_rate': '1.925e-05', 'epoch': '3.745'}
{'loss': '0.08517', 'grad_norm': '0.8986', 'learning_rate': '1.925e-05', 'epoch': '3.751'}
{'loss': '0.06652', 'grad_norm': '5.037', 'learning_rate': '1.925e-05', 'epoch': '3.757'}
{'loss': '0.08305', 'grad_norm': '0.9404', 'learning_rate': '1.925e-05', 'epoch': '3.763'}
{'loss': '0.05689', 'grad_norm': '23.21', 'learning_rate': '1.925e-05', 'epoch': '3.769'}
{'loss': '0.05684', 'grad_norm': '29.6', 'learning_rate': '1.925e-05', 'epoch': '3.775'}
{'loss': '0.04338', 'grad_norm': '25', 'learning_rate': '1.924e-05', 'epoch': '3.781'}
{'loss': '0.08442', 'grad_norm': '38.27', 'learning_rate': '1.924e-05', 'epoch': '3.787'}
{'loss': '0.07874', 'grad_norm': '4.756', 'learning_rate': '1.924e-05', 'epoch': '3.793'}
{'loss': '0.0539', 'grad_norm': '12.01', 'learning_rate': '1.924e-05', 'epoch': '3.799'}
{'loss': '0.04966', 'grad_norm': '4.141', 'learning_rate': '1.924e-05', 'epoch': '3.805'}
{'loss': '0.06523', 'grad_norm': '9.33', 'learning_rate': '1.924e-05', 'epoch': '3.811'}
{'loss': '0.07481', 'grad_norm': '17.49', 'learning_rate': '1.924e-05', 'epoch': '3.817'}
{'loss': '0.1033', 'grad_norm': '27.82', 'learning_rate': '1.924e-05', 'epoch': '3.823'}
{'loss': '0.07998', 'grad_norm': '2.805', 'learning_rate': '1.923e-05', 'epoch': '3.829'}
{'loss': '0.07286', 'grad_norm': '10.94', 'learning_rate': '1.923e-05', 'epoch': '3.835'}
{'loss': '0.08695', 'grad_norm': '76.99', 'learning_rate': '1.923e-05', 'epoch': '3.842'}
{'loss': '0.1104', 'grad_norm': '47.02', 'learning_rate': '1.923e-05', 'epoch': '3.848'}
{'loss': '0.06591', 'grad_norm': '39.63', 'learning_rate': '1.923e-05', 'epoch': '3.854'}
{'loss': '0.06686', 'grad_norm': '12.78', 'learning_rate': '1.923e-05', 'epoch': '3.86'}
{'loss': '0.08254', 'grad_norm': '12.08', 'learning_rate': '1.923e-05', 'epoch': '3.866'}
{'loss': '0.06269', 'grad_norm': '1.642', 'learning_rate': '1.923e-05', 'epoch': '3.872'}
{'loss': '0.0515', 'grad_norm': '20.56', 'learning_rate': '1.922e-05', 'epoch': '3.878'}
{'loss': '0.06481', 'grad_norm': '11.79', 'learning_rate': '1.922e-05', 'epoch': '3.884'}
{'loss': '0.05013', 'grad_norm': '5.157', 'learning_rate': '1.922e-05', 'epoch': '3.89'}
{'loss': '0.06563', 'grad_norm': '0.3352', 'learning_rate': '1.922e-05', 'epoch': '3.896'}
{'loss': '0.1051', 'grad_norm': '1.161', 'learning_rate': '1.922e-05', 'epoch': '3.902'}
{'loss': '0.07218', 'grad_norm': '18.77', 'learning_rate': '1.922e-05', 'epoch': '3.908'}
{'loss': '0.03912', 'grad_norm': '4.996', 'learning_rate': '1.922e-05', 'epoch': '3.914'}
{'loss': '0.04604', 'grad_norm': '14.98', 'learning_rate': '1.922e-05', 'epoch': '3.92'}
{'loss': '0.07313', 'grad_norm': '2.299', 'learning_rate': '1.921e-05', 'epoch': '3.926'}
{'loss': '0.05807', 'grad_norm': '10.4', 'learning_rate': '1.921e-05', 'epoch': '3.932'}
{'loss': '0.02245', 'grad_norm': '0.6318', 'learning_rate': '1.921e-05', 'epoch': '3.938'}
{'loss': '0.07219', 'grad_norm': '16.26', 'learning_rate': '1.921e-05', 'epoch': '3.944'}
{'loss': '0.03245', 'grad_norm': '0.08942', 'learning_rate': '1.921e-05', 'epoch': '3.95'}
{'loss': '0.03535', 'grad_norm': '3.637', 'learning_rate': '1.921e-05', 'epoch': '3.956'}
{'loss': '0.01736', 'grad_norm': '3.504', 'learning_rate': '1.921e-05', 'epoch': '3.962'}
{'loss': '0.1026', 'grad_norm': '19.35', 'learning_rate': '1.921e-05', 'epoch': '3.969'}
{'loss': '0.08659', 'grad_norm': '1.734', 'learning_rate': '1.921e-05', 'epoch': '3.975'}
{'loss': '0.06206', 'grad_norm': '4.248', 'learning_rate': '1.92e-05', 'epoch': '3.981'}
{'loss': '0.07311', 'grad_norm': '2.102', 'learning_rate': '1.92e-05', 'epoch': '3.987'}
{'loss': '0.008219', 'grad_norm': '1.052', 'learning_rate': '1.92e-05', 'epoch': '3.993'}
{'loss': '0.03814', 'grad_norm': '93.3', 'learning_rate': '1.92e-05', 'epoch': '3.999'}
{'eval_loss': '0.6064', 'eval_accuracy': '0.8935', 'eval_precision': '0.8997', 'eval_recall': '0.9167', 'eval_f1': '0.9082', 'eval_runtime': '11.3', 'eval_samples_per_second': '1125', 'eval_steps_per_second': '17.61', 'epoch': '4'}
{'loss': '0.06586', 'grad_norm': '0.5108', 'learning_rate': '1.92e-05', 'epoch': '4.005'}
{'loss': '0.07847', 'grad_norm': '7.546', 'learning_rate': '1.92e-05', 'epoch': '4.011'}
{'loss': '0.07627', 'grad_norm': '11.08', 'learning_rate': '1.92e-05', 'epoch': '4.017'}
{'loss': '0.07213', 'grad_norm': '26.61', 'learning_rate': '1.92e-05', 'epoch': '4.023'}
{'loss': '0.04029', 'grad_norm': '7.568', 'learning_rate': '1.919e-05', 'epoch': '4.029'}
{'loss': '0.1393', 'grad_norm': '47.35', 'learning_rate': '1.919e-05', 'epoch': '4.035'}
{'loss': '0.06581', 'grad_norm': '20.39', 'learning_rate': '1.919e-05', 'epoch': '4.041'}
{'loss': '0.04349', 'grad_norm': '19.08', 'learning_rate': '1.919e-05', 'epoch': '4.047'}
{'loss': '0.07543', 'grad_norm': '9.944', 'learning_rate': '1.919e-05', 'epoch': '4.053'}
{'loss': '0.0599', 'grad_norm': '9.882', 'learning_rate': '1.919e-05', 'epoch': '4.059'}
{'loss': '0.09176', 'grad_norm': '0.8558', 'learning_rate': '1.919e-05', 'epoch': '4.065'}
{'loss': '0.05636', 'grad_norm': '11.22', 'learning_rate': '1.919e-05', 'epoch': '4.071'}
{'loss': '0.03154', 'grad_norm': '3.954', 'learning_rate': '1.918e-05', 'epoch': '4.077'}
{'loss': '0.04057', 'grad_norm': '10.78', 'learning_rate': '1.918e-05', 'epoch': '4.083'}
{'loss': '0.06402', 'grad_norm': '19.8', 'learning_rate': '1.918e-05', 'epoch': '4.09'}
{'loss': '0.06057', 'grad_norm': '12.98', 'learning_rate': '1.918e-05', 'epoch': '4.096'}
{'loss': '0.07185', 'grad_norm': '17.98', 'learning_rate': '1.918e-05', 'epoch': '4.102'}
{'loss': '0.05446', 'grad_norm': '9.247', 'learning_rate': '1.918e-05', 'epoch': '4.108'}
{'loss': '0.03617', 'grad_norm': '19.95', 'learning_rate': '1.918e-05', 'epoch': '4.114'}
{'loss': '0.09414', 'grad_norm': '0.2015', 'learning_rate': '1.918e-05', 'epoch': '4.12'}
{'loss': '0.05472', 'grad_norm': '4.686', 'learning_rate': '1.917e-05', 'epoch': '4.126'}
{'loss': '0.02314', 'grad_norm': '57.97', 'learning_rate': '1.917e-05', 'epoch': '4.132'}
{'loss': '0.0966', 'grad_norm': '27', 'learning_rate': '1.917e-05', 'epoch': '4.138'}
{'loss': '0.04233', 'grad_norm': '11.66', 'learning_rate': '1.917e-05', 'epoch': '4.144'}
{'loss': '0.05084', 'grad_norm': '9.386', 'learning_rate': '1.917e-05', 'epoch': '4.15'}
{'loss': '0.05587', 'grad_norm': '10.4', 'learning_rate': '1.917e-05', 'epoch': '4.156'}
{'loss': '0.05073', 'grad_norm': '679.7', 'learning_rate': '1.917e-05', 'epoch': '4.162'}
{'loss': '0.03976', 'grad_norm': '0.241', 'learning_rate': '1.917e-05', 'epoch': '4.168'}
{'loss': '0.03901', 'grad_norm': '73.79', 'learning_rate': '1.917e-05', 'epoch': '4.174'}
{'loss': '0.08273', 'grad_norm': '100.4', 'learning_rate': '1.916e-05', 'epoch': '4.18'}
{'loss': '0.06869', 'grad_norm': '14.45', 'learning_rate': '1.916e-05', 'epoch': '4.186'}
{'loss': '0.06862', 'grad_norm': '0.3001', 'learning_rate': '1.916e-05', 'epoch': '4.192'}
{'loss': '0.08733', 'grad_norm': '13.69', 'learning_rate': '1.916e-05', 'epoch': '4.198'}
{'loss': '0.1148', 'grad_norm': '6.631', 'learning_rate': '1.916e-05', 'epoch': '4.204'}
{'loss': '0.1288', 'grad_norm': '10.39', 'learning_rate': '1.916e-05', 'epoch': '4.211'}
{'loss': '0.06292', 'grad_norm': '33.89', 'learning_rate': '1.916e-05', 'epoch': '4.217'}
{'loss': '0.1032', 'grad_norm': '1.642', 'learning_rate': '1.916e-05', 'epoch': '4.223'}
{'loss': '0.02534', 'grad_norm': '31.25', 'learning_rate': '1.915e-05', 'epoch': '4.229'}
{'loss': '0.03885', 'grad_norm': '0.07142', 'learning_rate': '1.915e-05', 'epoch': '4.235'}
{'loss': '0.02504', 'grad_norm': '2.64', 'learning_rate': '1.915e-05', 'epoch': '4.241'}
{'loss': '0.04308', 'grad_norm': '0.5705', 'learning_rate': '1.915e-05', 'epoch': '4.247'}
{'loss': '0.04689', 'grad_norm': '38.54', 'learning_rate': '1.915e-05', 'epoch': '4.253'}
{'loss': '0.016', 'grad_norm': '0.4252', 'learning_rate': '1.915e-05', 'epoch': '4.259'}
{'loss': '0.02862', 'grad_norm': '2.895', 'learning_rate': '1.915e-05', 'epoch': '4.265'}
{'loss': '0.04826', 'grad_norm': '0.7761', 'learning_rate': '1.915e-05', 'epoch': '4.271'}
{'loss': '0.07629', 'grad_norm': '6.619', 'learning_rate': '1.914e-05', 'epoch': '4.277'}
{'loss': '0.04893', 'grad_norm': '13.83', 'learning_rate': '1.914e-05', 'epoch': '4.283'}
{'loss': '0.03408', 'grad_norm': '0.3214', 'learning_rate': '1.914e-05', 'epoch': '4.289'}
{'loss': '0.03452', 'grad_norm': '28.99', 'learning_rate': '1.914e-05', 'epoch': '4.295'}
{'loss': '0.06546', 'grad_norm': '8.204', 'learning_rate': '1.914e-05', 'epoch': '4.301'}
{'loss': '0.1022', 'grad_norm': '12.23', 'learning_rate': '1.914e-05', 'epoch': '4.307'}
{'loss': '0.04204', 'grad_norm': '10.19', 'learning_rate': '1.914e-05', 'epoch': '4.313'}
{'loss': '0.04067', 'grad_norm': '10.36', 'learning_rate': '1.914e-05', 'epoch': '4.319'}
{'loss': '0.04721', 'grad_norm': '1.168', 'learning_rate': '1.914e-05', 'epoch': '4.325'}
{'loss': '0.02316', 'grad_norm': '1.02', 'learning_rate': '1.913e-05', 'epoch': '4.332'}
{'loss': '0.05459', 'grad_norm': '5.492', 'learning_rate': '1.913e-05', 'epoch': '4.338'}
{'loss': '0.01432', 'grad_norm': '10.84', 'learning_rate': '1.913e-05', 'epoch': '4.344'}
{'loss': '0.02988', 'grad_norm': '22.58', 'learning_rate': '1.913e-05', 'epoch': '4.35'}
{'loss': '0.06324', 'grad_norm': '9.653', 'learning_rate': '1.913e-05', 'epoch': '4.356'}
{'loss': '0.0551', 'grad_norm': '0.6482', 'learning_rate': '1.913e-05', 'epoch': '4.362'}
{'loss': '0.02403', 'grad_norm': '0.5099', 'learning_rate': '1.913e-05', 'epoch': '4.368'}
{'loss': '0.05799', 'grad_norm': '20.73', 'learning_rate': '1.913e-05', 'epoch': '4.374'}
{'loss': '0.07532', 'grad_norm': '71.38', 'learning_rate': '1.912e-05', 'epoch': '4.38'}
{'loss': '0.06998', 'grad_norm': '8.302', 'learning_rate': '1.912e-05', 'epoch': '4.386'}
{'loss': '0.04086', 'grad_norm': '28.73', 'learning_rate': '1.912e-05', 'epoch': '4.392'}
{'loss': '0.05397', 'grad_norm': '0.1136', 'learning_rate': '1.912e-05', 'epoch': '4.398'}
{'loss': '0.039', 'grad_norm': '0.3134', 'learning_rate': '1.912e-05', 'epoch': '4.404'}
{'loss': '0.03795', 'grad_norm': '0.04426', 'learning_rate': '1.912e-05', 'epoch': '4.41'}
{'loss': '0.1103', 'grad_norm': '10.79', 'learning_rate': '1.912e-05', 'epoch': '4.416'}
{'loss': '0.06437', 'grad_norm': '37.1', 'learning_rate': '1.912e-05', 'epoch': '4.422'}
{'loss': '0.05626', 'grad_norm': '11.06', 'learning_rate': '1.911e-05', 'epoch': '4.428'}
{'loss': '0.1113', 'grad_norm': '7.398', 'learning_rate': '1.911e-05', 'epoch': '4.434'}
{'loss': '0.1115', 'grad_norm': '1.902', 'learning_rate': '1.911e-05', 'epoch': '4.44'}
{'loss': '0.02679', 'grad_norm': '25.63', 'learning_rate': '1.911e-05', 'epoch': '4.446'}
{'loss': '0.0737', 'grad_norm': '10.62', 'learning_rate': '1.911e-05', 'epoch': '4.453'}
{'loss': '0.04396', 'grad_norm': '8.553', 'learning_rate': '1.911e-05', 'epoch': '4.459'}
{'loss': '0.04863', 'grad_norm': '67.22', 'learning_rate': '1.911e-05', 'epoch': '4.465'}
{'loss': '0.09827', 'grad_norm': '28.96', 'learning_rate': '1.911e-05', 'epoch': '4.471'}
{'loss': '0.1037', 'grad_norm': '70.28', 'learning_rate': '1.91e-05', 'epoch': '4.477'}
{'loss': '0.06211', 'grad_norm': '7.013', 'learning_rate': '1.91e-05', 'epoch': '4.483'}
{'loss': '0.0475', 'grad_norm': '14.37', 'learning_rate': '1.91e-05', 'epoch': '4.489'}
{'loss': '0.07762', 'grad_norm': '0.3447', 'learning_rate': '1.91e-05', 'epoch': '4.495'}
{'loss': '0.03046', 'grad_norm': '2.211', 'learning_rate': '1.91e-05', 'epoch': '4.501'}
{'loss': '0.02732', 'grad_norm': '1.554', 'learning_rate': '1.91e-05', 'epoch': '4.507'}
{'loss': '0.08564', 'grad_norm': '15.46', 'learning_rate': '1.91e-05', 'epoch': '4.513'}
{'loss': '0.09307', 'grad_norm': '23.03', 'learning_rate': '1.91e-05', 'epoch': '4.519'}
{'loss': '0.06166', 'grad_norm': '0.1563', 'learning_rate': '1.91e-05', 'epoch': '4.525'}
{'loss': '0.04638', 'grad_norm': '5.576', 'learning_rate': '1.909e-05', 'epoch': '4.531'}
{'loss': '0.03768', 'grad_norm': '15.07', 'learning_rate': '1.909e-05', 'epoch': '4.537'}
{'loss': '0.0608', 'grad_norm': '0.6768', 'learning_rate': '1.909e-05', 'epoch': '4.543'}
{'loss': '0.02996', 'grad_norm': '8.538', 'learning_rate': '1.909e-05', 'epoch': '4.549'}
{'loss': '0.05466', 'grad_norm': '1.928', 'learning_rate': '1.909e-05', 'epoch': '4.555'}
{'loss': '0.04764', 'grad_norm': '6.379', 'learning_rate': '1.909e-05', 'epoch': '4.561'}
{'loss': '0.06631', 'grad_norm': '0.1478', 'learning_rate': '1.909e-05', 'epoch': '4.567'}
{'loss': '0.08581', 'grad_norm': '64.54', 'learning_rate': '1.909e-05', 'epoch': '4.574'}
{'loss': '0.0324', 'grad_norm': '10.89', 'learning_rate': '1.908e-05', 'epoch': '4.58'}
{'loss': '0.02866', 'grad_norm': '10.96', 'learning_rate': '1.908e-05', 'epoch': '4.586'}
{'loss': '0.02574', 'grad_norm': '0.3447', 'learning_rate': '1.908e-05', 'epoch': '4.592'}
{'loss': '0.07162', 'grad_norm': '16.63', 'learning_rate': '1.908e-05', 'epoch': '4.598'}
{'loss': '0.05326', 'grad_norm': '24.43', 'learning_rate': '1.908e-05', 'epoch': '4.604'}
{'loss': '0.02682', 'grad_norm': '0.1268', 'learning_rate': '1.908e-05', 'epoch': '4.61'}
{'loss': '0.0985', 'grad_norm': '18.48', 'learning_rate': '1.908e-05', 'epoch': '4.616'}
{'loss': '0.06205', 'grad_norm': '1.149', 'learning_rate': '1.908e-05', 'epoch': '4.622'}
{'loss': '0.02571', 'grad_norm': '5.993', 'learning_rate': '1.907e-05', 'epoch': '4.628'}
{'loss': '0.02925', 'grad_norm': '0.07663', 'learning_rate': '1.907e-05', 'epoch': '4.634'}
{'loss': '0.07653', 'grad_norm': '59.1', 'learning_rate': '1.907e-05', 'epoch': '4.64'}
{'loss': '0.05873', 'grad_norm': '32.05', 'learning_rate': '1.907e-05', 'epoch': '4.646'}
{'loss': '0.03523', 'grad_norm': '5.82', 'learning_rate': '1.907e-05', 'epoch': '4.652'}
{'loss': '0.03307', 'grad_norm': '20.13', 'learning_rate': '1.907e-05', 'epoch': '4.658'}
{'loss': '0.05298', 'grad_norm': '16.48', 'learning_rate': '1.907e-05', 'epoch': '4.664'}
{'loss': '0.03209', 'grad_norm': '2.793', 'learning_rate': '1.907e-05', 'epoch': '4.67'}
{'loss': '0.08171', 'grad_norm': '7.271', 'learning_rate': '1.906e-05', 'epoch': '4.676'}
{'loss': '0.07064', 'grad_norm': '0.4829', 'learning_rate': '1.906e-05', 'epoch': '4.682'}
{'loss': '0.05513', 'grad_norm': '0.5701', 'learning_rate': '1.906e-05', 'epoch': '4.688'}
{'loss': '0.05335', 'grad_norm': '2.901', 'learning_rate': '1.906e-05', 'epoch': '4.694'}
{'loss': '0.03665', 'grad_norm': '0.9769', 'learning_rate': '1.906e-05', 'epoch': '4.701'}
{'loss': '0.03145', 'grad_norm': '16.78', 'learning_rate': '1.906e-05', 'epoch': '4.707'}
{'loss': '0.08725', 'grad_norm': '12.41', 'learning_rate': '1.906e-05', 'epoch': '4.713'}
{'loss': '0.02634', 'grad_norm': '13.47', 'learning_rate': '1.906e-05', 'epoch': '4.719'}
{'loss': '0.0374', 'grad_norm': '2.463', 'learning_rate': '1.906e-05', 'epoch': '4.725'}
{'loss': '0.03887', 'grad_norm': '5.227', 'learning_rate': '1.905e-05', 'epoch': '4.731'}
{'loss': '0.04595', 'grad_norm': '2.956', 'learning_rate': '1.905e-05', 'epoch': '4.737'}
{'loss': '0.04871', 'grad_norm': '1.376', 'learning_rate': '1.905e-05', 'epoch': '4.743'}
{'loss': '0.07559', 'grad_norm': '1.548', 'learning_rate': '1.905e-05', 'epoch': '4.749'}
{'loss': '0.01899', 'grad_norm': '1.189', 'learning_rate': '1.905e-05', 'epoch': '4.755'}
{'loss': '0.1152', 'grad_norm': '0.1712', 'learning_rate': '1.905e-05', 'epoch': '4.761'}
{'loss': '0.07734', 'grad_norm': '20.72', 'learning_rate': '1.905e-05', 'epoch': '4.767'}
{'loss': '0.03647', 'grad_norm': '0.7163', 'learning_rate': '1.905e-05', 'epoch': '4.773'}
{'loss': '0.05896', 'grad_norm': '45.5', 'learning_rate': '1.904e-05', 'epoch': '4.779'}
{'loss': '0.03813', 'grad_norm': '5.591', 'learning_rate': '1.904e-05', 'epoch': '4.785'}
{'loss': '0.08092', 'grad_norm': '3.569', 'learning_rate': '1.904e-05', 'epoch': '4.791'}
{'loss': '0.06521', 'grad_norm': '0.3023', 'learning_rate': '1.904e-05', 'epoch': '4.797'}
{'loss': '0.013', 'grad_norm': '0.07169', 'learning_rate': '1.904e-05', 'epoch': '4.803'}
{'loss': '0.01921', 'grad_norm': '0.7671', 'learning_rate': '1.904e-05', 'epoch': '4.809'}
{'loss': '0.0498', 'grad_norm': '6.263', 'learning_rate': '1.904e-05', 'epoch': '4.815'}
{'loss': '0.05587', 'grad_norm': '7.844', 'learning_rate': '1.904e-05', 'epoch': '4.822'}
{'loss': '0.009743', 'grad_norm': '0.02855', 'learning_rate': '1.903e-05', 'epoch': '4.828'}
{'loss': '0.00594', 'grad_norm': '2.324', 'learning_rate': '1.903e-05', 'epoch': '4.834'}
{'loss': '0.09995', 'grad_norm': '15.57', 'learning_rate': '1.903e-05', 'epoch': '4.84'}
{'loss': '0.01329', 'grad_norm': '0.1066', 'learning_rate': '1.903e-05', 'epoch': '4.846'}
{'loss': '0.04646', 'grad_norm': '0.04008', 'learning_rate': '1.903e-05', 'epoch': '4.852'}
{'loss': '0.09018', 'grad_norm': '54.69', 'learning_rate': '1.903e-05', 'epoch': '4.858'}
{'loss': '0.05216', 'grad_norm': '0.8209', 'learning_rate': '1.903e-05', 'epoch': '4.864'}
{'loss': '0.04682', 'grad_norm': '0.5726', 'learning_rate': '1.903e-05', 'epoch': '4.87'}
{'loss': '0.04039', 'grad_norm': '6.829', 'learning_rate': '1.902e-05', 'epoch': '4.876'}
{'loss': '0.01176', 'grad_norm': '0.5135', 'learning_rate': '1.902e-05', 'epoch': '4.882'}
{'loss': '0.07881', 'grad_norm': '5.935', 'learning_rate': '1.902e-05', 'epoch': '4.888'}
{'loss': '0.05651', 'grad_norm': '12.66', 'learning_rate': '1.902e-05', 'epoch': '4.894'}
{'loss': '0.01833', 'grad_norm': '1.431', 'learning_rate': '1.902e-05', 'epoch': '4.9'}
{'loss': '0.07682', 'grad_norm': '13.65', 'learning_rate': '1.902e-05', 'epoch': '4.906'}
{'loss': '0.01744', 'grad_norm': '0.04051', 'learning_rate': '1.902e-05', 'epoch': '4.912'}
{'loss': '0.05572', 'grad_norm': '35.1', 'learning_rate': '1.902e-05', 'epoch': '4.918'}
{'loss': '0.04408', 'grad_norm': '3.082', 'learning_rate': '1.902e-05', 'epoch': '4.924'}
{'loss': '0.1319', 'grad_norm': '14.91', 'learning_rate': '1.901e-05', 'epoch': '4.93'}
{'loss': '0.09784', 'grad_norm': '17.91', 'learning_rate': '1.901e-05', 'epoch': '4.936'}
{'loss': '0.02832', 'grad_norm': '1.056', 'learning_rate': '1.901e-05', 'epoch': '4.943'}
{'loss': '0.035', 'grad_norm': '20.44', 'learning_rate': '1.901e-05', 'epoch': '4.949'}
{'loss': '0.008122', 'grad_norm': '0.1106', 'learning_rate': '1.901e-05', 'epoch': '4.955'}
{'loss': '0.04074', 'grad_norm': '17.08', 'learning_rate': '1.901e-05', 'epoch': '4.961'}
{'loss': '0.04744', 'grad_norm': '12.29', 'learning_rate': '1.901e-05', 'epoch': '4.967'}
{'loss': '0.05823', 'grad_norm': '1.133', 'learning_rate': '1.901e-05', 'epoch': '4.973'}
{'loss': '0.02276', 'grad_norm': '0.3972', 'learning_rate': '1.9e-05', 'epoch': '4.979'}
{'loss': '0.09469', 'grad_norm': '0.5371', 'learning_rate': '1.9e-05', 'epoch': '4.985'}
{'loss': '0.04435', 'grad_norm': '6.563', 'learning_rate': '1.9e-05', 'epoch': '4.991'}
{'loss': '0.101', 'grad_norm': '1.82', 'learning_rate': '1.9e-05', 'epoch': '4.997'}
{'eval_loss': '0.7184', 'eval_accuracy': '0.8988', 'eval_precision': '0.9123', 'eval_recall': '0.9115', 'eval_f1': '0.9119', 'eval_runtime': '11.32', 'eval_samples_per_second': '1123', 'eval_steps_per_second': '17.58', 'epoch': '5'}
{'loss': '0.0278', 'grad_norm': '0.4244', 'learning_rate': '1.9e-05', 'epoch': '5.003'}
{'loss': '0.00654', 'grad_norm': '1.339', 'learning_rate': '1.9e-05', 'epoch': '5.009'}
{'loss': '0.04752', 'grad_norm': '13.71', 'learning_rate': '1.9e-05', 'epoch': '5.015'}
{'loss': '0.04206', 'grad_norm': '16.65', 'learning_rate': '1.9e-05', 'epoch': '5.021'}
{'loss': '0.05136', 'grad_norm': '8.841', 'learning_rate': '1.899e-05', 'epoch': '5.027'}
{'loss': '0.08617', 'grad_norm': '11.72', 'learning_rate': '1.899e-05', 'epoch': '5.033'}
{'loss': '0.04952', 'grad_norm': '9.598', 'learning_rate': '1.899e-05', 'epoch': '5.039'}
{'loss': '0.04177', 'grad_norm': '15.03', 'learning_rate': '1.899e-05', 'epoch': '5.045'}
{'loss': '0.07592', 'grad_norm': '0.7168', 'learning_rate': '1.899e-05', 'epoch': '5.051'}
{'loss': '0.04063', 'grad_norm': '16.96', 'learning_rate': '1.899e-05', 'epoch': '5.057'}
{'loss': '0.03156', 'grad_norm': '6.801', 'learning_rate': '1.899e-05', 'epoch': '5.064'}
{'loss': '0.015', 'grad_norm': '1.387', 'learning_rate': '1.899e-05', 'epoch': '5.07'}
{'loss': '0.05336', 'grad_norm': '0.3415', 'learning_rate': '1.898e-05', 'epoch': '5.076'}
{'loss': '0.03964', 'grad_norm': '29.89', 'learning_rate': '1.898e-05', 'epoch': '5.082'}
{'loss': '0.06112', 'grad_norm': '42.34', 'learning_rate': '1.898e-05', 'epoch': '5.088'}
{'loss': '0.06163', 'grad_norm': '1.166', 'learning_rate': '1.898e-05', 'epoch': '5.094'}
{'loss': '0.02922', 'grad_norm': '10.75', 'learning_rate': '1.898e-05', 'epoch': '5.1'}
{'loss': '0.05611', 'grad_norm': '10.65', 'learning_rate': '1.898e-05', 'epoch': '5.106'}
{'loss': '0.02012', 'grad_norm': '0.02419', 'learning_rate': '1.898e-05', 'epoch': '5.112'}
{'loss': '0.09365', 'grad_norm': '1.451', 'learning_rate': '1.898e-05', 'epoch': '5.118'}
{'loss': '0.0428', 'grad_norm': '11.53', 'learning_rate': '1.898e-05', 'epoch': '5.124'}
{'loss': '0.0354', 'grad_norm': '0.1532', 'learning_rate': '1.897e-05', 'epoch': '5.13'}
{'loss': '0.05394', 'grad_norm': '3.347', 'learning_rate': '1.897e-05', 'epoch': '5.136'}
{'loss': '0.01334', 'grad_norm': '0.05373', 'learning_rate': '1.897e-05', 'epoch': '5.142'}
{'loss': '0.04393', 'grad_norm': '13', 'learning_rate': '1.897e-05', 'epoch': '5.148'}
{'loss': '0.1027', 'grad_norm': '0.2183', 'learning_rate': '1.897e-05', 'epoch': '5.154'}
{'loss': '0.02906', 'grad_norm': '0.9019', 'learning_rate': '1.897e-05', 'epoch': '5.16'}
{'loss': '0.07214', 'grad_norm': '8.401', 'learning_rate': '1.897e-05', 'epoch': '5.166'}
{'loss': '0.0451', 'grad_norm': '0.02233', 'learning_rate': '1.897e-05', 'epoch': '5.172'}
{'loss': '0.04568', 'grad_norm': '12.93', 'learning_rate': '1.896e-05', 'epoch': '5.178'}
{'loss': '0.01712', 'grad_norm': '0.1211', 'learning_rate': '1.896e-05', 'epoch': '5.185'}
{'loss': '0.06365', 'grad_norm': '128.8', 'learning_rate': '1.896e-05', 'epoch': '5.191'}
{'loss': '0.03707', 'grad_norm': '10.63', 'learning_rate': '1.896e-05', 'epoch': '5.197'}
{'loss': '0.05945', 'grad_norm': '0.6064', 'learning_rate': '1.896e-05', 'epoch': '5.203'}
{'loss': '0.05137', 'grad_norm': '0.5619', 'learning_rate': '1.896e-05', 'epoch': '5.209'}
{'loss': '0.01627', 'grad_norm': '2.081', 'learning_rate': '1.896e-05', 'epoch': '5.215'}
{'loss': '0.05994', 'grad_norm': '12.4', 'learning_rate': '1.896e-05', 'epoch': '5.221'}
{'loss': '0.02621', 'grad_norm': '4.127', 'learning_rate': '1.895e-05', 'epoch': '5.227'}
{'loss': '0.06926', 'grad_norm': '0.557', 'learning_rate': '1.895e-05', 'epoch': '5.233'}
{'loss': '0.01969', 'grad_norm': '5.467', 'learning_rate': '1.895e-05', 'epoch': '5.239'}
{'loss': '0.03276', 'grad_norm': '7.049', 'learning_rate': '1.895e-05', 'epoch': '5.245'}
{'loss': '0.05484', 'grad_norm': '0.2094', 'learning_rate': '1.895e-05', 'epoch': '5.251'}
{'loss': '0.08508', 'grad_norm': '36.27', 'learning_rate': '1.895e-05', 'epoch': '5.257'}
{'loss': '0.04688', 'grad_norm': '0.1652', 'learning_rate': '1.895e-05', 'epoch': '5.263'}
{'loss': '0.05127', 'grad_norm': '0.01444', 'learning_rate': '1.895e-05', 'epoch': '5.269'}
{'loss': '0.0155', 'grad_norm': '20.28', 'learning_rate': '1.895e-05', 'epoch': '5.275'}
{'loss': '0.04662', 'grad_norm': '0.6607', 'learning_rate': '1.894e-05', 'epoch': '5.281'}
{'loss': '0.009353', 'grad_norm': '0.01597', 'learning_rate': '1.894e-05', 'epoch': '5.287'}
{'loss': '0.07811', 'grad_norm': '5.448', 'learning_rate': '1.894e-05', 'epoch': '5.293'}
{'loss': '0.01566', 'grad_norm': '328.9', 'learning_rate': '1.894e-05', 'epoch': '5.299'}
{'loss': '0.03485', 'grad_norm': '12.43', 'learning_rate': '1.894e-05', 'epoch': '5.306'}
{'loss': '0.01429', 'grad_norm': '0.5025', 'learning_rate': '1.894e-05', 'epoch': '5.312'}
{'loss': '0.01386', 'grad_norm': '1.057', 'learning_rate': '1.894e-05', 'epoch': '5.318'}
{'loss': '0.08347', 'grad_norm': '0.5753', 'learning_rate': '1.894e-05', 'epoch': '5.324'}
{'loss': '0.06691', 'grad_norm': '15.29', 'learning_rate': '1.893e-05', 'epoch': '5.33'}
{'loss': '0.05834', 'grad_norm': '29.83', 'learning_rate': '1.893e-05', 'epoch': '5.336'}
{'loss': '0.02657', 'grad_norm': '0.04306', 'learning_rate': '1.893e-05', 'epoch': '5.342'}
{'loss': '0.04397', 'grad_norm': '0.02593', 'learning_rate': '1.893e-05', 'epoch': '5.348'}
{'loss': '0.03581', 'grad_norm': '15.22', 'learning_rate': '1.893e-05', 'epoch': '5.354'}
{'loss': '0.116', 'grad_norm': '0.2704', 'learning_rate': '1.893e-05', 'epoch': '5.36'}
{'loss': '0.04579', 'grad_norm': '1.79', 'learning_rate': '1.893e-05', 'epoch': '5.366'}
{'loss': '0.03483', 'grad_norm': '4.897', 'learning_rate': '1.893e-05', 'epoch': '5.372'}
{'loss': '0.01674', 'grad_norm': '6.441', 'learning_rate': '1.892e-05', 'epoch': '5.378'}
{'loss': '0.01046', 'grad_norm': '0.6617', 'learning_rate': '1.892e-05', 'epoch': '5.384'}
{'loss': '0.01199', 'grad_norm': '10.05', 'learning_rate': '1.892e-05', 'epoch': '5.39'}
{'loss': '0.01491', 'grad_norm': '5.07', 'learning_rate': '1.892e-05', 'epoch': '5.396'}
{'loss': '0.03142', 'grad_norm': '4.578', 'learning_rate': '1.892e-05', 'epoch': '5.402'}
{'loss': '0.04502', 'grad_norm': '2.644', 'learning_rate': '1.892e-05', 'epoch': '5.408'}
{'loss': '0.02949', 'grad_norm': '0.1971', 'learning_rate': '1.892e-05', 'epoch': '5.414'}
{'loss': '0.03151', 'grad_norm': '0.4619', 'learning_rate': '1.892e-05', 'epoch': '5.42'}
{'loss': '0.08368', 'grad_norm': '0.01272', 'learning_rate': '1.891e-05', 'epoch': '5.426'}
{'loss': '0.01672', 'grad_norm': '3.548', 'learning_rate': '1.891e-05', 'epoch': '5.433'}
{'loss': '0.004101', 'grad_norm': '0.7062', 'learning_rate': '1.891e-05', 'epoch': '5.439'}
{'loss': '0.02333', 'grad_norm': '1.066', 'learning_rate': '1.891e-05', 'epoch': '5.445'}
{'loss': '0.0377', 'grad_norm': '0.005757', 'learning_rate': '1.891e-05', 'epoch': '5.451'}
{'loss': '0.05646', 'grad_norm': '1.047', 'learning_rate': '1.891e-05', 'epoch': '5.457'}
{'loss': '0.03186', 'grad_norm': '9.871', 'learning_rate': '1.891e-05', 'epoch': '5.463'}
{'loss': '0.02667', 'grad_norm': '0.8091', 'learning_rate': '1.891e-05', 'epoch': '5.469'}
{'loss': '0.06954', 'grad_norm': '0.1186', 'learning_rate': '1.891e-05', 'epoch': '5.475'}
{'loss': '0.08995', 'grad_norm': '8.324', 'learning_rate': '1.89e-05', 'epoch': '5.481'}
{'loss': '0.02746', 'grad_norm': '3.827', 'learning_rate': '1.89e-05', 'epoch': '5.487'}
{'loss': '0.01331', 'grad_norm': '1.082', 'learning_rate': '1.89e-05', 'epoch': '5.493'}
{'loss': '0.02823', 'grad_norm': '13.06', 'learning_rate': '1.89e-05', 'epoch': '5.499'}
{'loss': '0.03743', 'grad_norm': '11.6', 'learning_rate': '1.89e-05', 'epoch': '5.505'}
{'loss': '0.04494', 'grad_norm': '0.526', 'learning_rate': '1.89e-05', 'epoch': '5.511'}
{'loss': '0.006897', 'grad_norm': '0.07193', 'learning_rate': '1.89e-05', 'epoch': '5.517'}
{'loss': '0.009206', 'grad_norm': '0.1834', 'learning_rate': '1.89e-05', 'epoch': '5.523'}
{'loss': '0.01343', 'grad_norm': '2.953', 'learning_rate': '1.889e-05', 'epoch': '5.529'}
{'loss': '0.0346', 'grad_norm': '0.3546', 'learning_rate': '1.889e-05', 'epoch': '5.535'}
{'loss': '0.07792', 'grad_norm': '121.8', 'learning_rate': '1.889e-05', 'epoch': '5.541'}
{'loss': '0.04592', 'grad_norm': '13.18', 'learning_rate': '1.889e-05', 'epoch': '5.547'}
{'loss': '0.08768', 'grad_norm': '0.02511', 'learning_rate': '1.889e-05', 'epoch': '5.554'}
{'loss': '0.02018', 'grad_norm': '1.431', 'learning_rate': '1.889e-05', 'epoch': '5.56'}
{'loss': '0.03629', 'grad_norm': '6.785', 'learning_rate': '1.889e-05', 'epoch': '5.566'}
{'loss': '0.09079', 'grad_norm': '17.28', 'learning_rate': '1.889e-05', 'epoch': '5.572'}
{'loss': '0.04444', 'grad_norm': '25.75', 'learning_rate': '1.888e-05', 'epoch': '5.578'}
{'loss': '0.06324', 'grad_norm': '0.2149', 'learning_rate': '1.888e-05', 'epoch': '5.584'}
{'loss': '0.0258', 'grad_norm': '0.08399', 'learning_rate': '1.888e-05', 'epoch': '5.59'}
{'loss': '0.04253', 'grad_norm': '0.5731', 'learning_rate': '1.888e-05', 'epoch': '5.596'}
{'loss': '0.05059', 'grad_norm': '0.05774', 'learning_rate': '1.888e-05', 'epoch': '5.602'}
{'loss': '0.02709', 'grad_norm': '0.048', 'learning_rate': '1.888e-05', 'epoch': '5.608'}
{'loss': '0.03283', 'grad_norm': '0.166', 'learning_rate': '1.888e-05', 'epoch': '5.614'}
{'loss': '0.03729', 'grad_norm': '0.6474', 'learning_rate': '1.888e-05', 'epoch': '5.62'}
{'loss': '0.01874', 'grad_norm': '0.8196', 'learning_rate': '1.887e-05', 'epoch': '5.626'}
{'loss': '0.06028', 'grad_norm': '0.1048', 'learning_rate': '1.887e-05', 'epoch': '5.632'}
{'loss': '0.04038', 'grad_norm': '1.234', 'learning_rate': '1.887e-05', 'epoch': '5.638'}
{'loss': '0.0122', 'grad_norm': '0.02997', 'learning_rate': '1.887e-05', 'epoch': '5.644'}
{'loss': '0.04126', 'grad_norm': '10.88', 'learning_rate': '1.887e-05', 'epoch': '5.65'}
{'loss': '0.03208', 'grad_norm': '8.707', 'learning_rate': '1.887e-05', 'epoch': '5.656'}
{'loss': '0.03013', 'grad_norm': '24.27', 'learning_rate': '1.887e-05', 'epoch': '5.662'}
{'loss': '0.02371', 'grad_norm': '11.47', 'learning_rate': '1.887e-05', 'epoch': '5.668'}
{'loss': '0.03767', 'grad_norm': '38.94', 'learning_rate': '1.887e-05', 'epoch': '5.675'}
{'loss': '0.03363', 'grad_norm': '1.783', 'learning_rate': '1.886e-05', 'epoch': '5.681'}
{'loss': '0.04387', 'grad_norm': '0.2485', 'learning_rate': '1.886e-05', 'epoch': '5.687'}
{'loss': '0.03201', 'grad_norm': '0.01581', 'learning_rate': '1.886e-05', 'epoch': '5.693'}
{'loss': '0.1058', 'grad_norm': '11.21', 'learning_rate': '1.886e-05', 'epoch': '5.699'}
{'loss': '0.02638', 'grad_norm': '0.11', 'learning_rate': '1.886e-05', 'epoch': '5.705'}
{'loss': '0.111', 'grad_norm': '12.74', 'learning_rate': '1.886e-05', 'epoch': '5.711'}
{'loss': '0.02974', 'grad_norm': '2.924', 'learning_rate': '1.886e-05', 'epoch': '5.717'}
{'loss': '0.0214', 'grad_norm': '6.431', 'learning_rate': '1.886e-05', 'epoch': '5.723'}
{'loss': '0.01496', 'grad_norm': '0.0527', 'learning_rate': '1.885e-05', 'epoch': '5.729'}
{'loss': '0.01007', 'grad_norm': '13.06', 'learning_rate': '1.885e-05', 'epoch': '5.735'}
{'loss': '0.01048', 'grad_norm': '0.02807', 'learning_rate': '1.885e-05', 'epoch': '5.741'}
{'loss': '0.02137', 'grad_norm': '0.03151', 'learning_rate': '1.885e-05', 'epoch': '5.747'}
{'loss': '0.02387', 'grad_norm': '1.912', 'learning_rate': '1.885e-05', 'epoch': '5.753'}
{'loss': '0.04923', 'grad_norm': '0.4394', 'learning_rate': '1.885e-05', 'epoch': '5.759'}
{'loss': '0.05501', 'grad_norm': '0.3579', 'learning_rate': '1.885e-05', 'epoch': '5.765'}
{'loss': '0.08982', 'grad_norm': '33.32', 'learning_rate': '1.885e-05', 'epoch': '5.771'}
{'loss': '0.02065', 'grad_norm': '0.02341', 'learning_rate': '1.884e-05', 'epoch': '5.777'}
{'loss': '0.01149', 'grad_norm': '0.1153', 'learning_rate': '1.884e-05', 'epoch': '5.783'}
{'loss': '0.03352', 'grad_norm': '0.1949', 'learning_rate': '1.884e-05', 'epoch': '5.789'}
{'loss': '0.009892', 'grad_norm': '0.009207', 'learning_rate': '1.884e-05', 'epoch': '5.796'}
{'loss': '0.01471', 'grad_norm': '1.277', 'learning_rate': '1.884e-05', 'epoch': '5.802'}
{'loss': '0.002528', 'grad_norm': '0.1373', 'learning_rate': '1.884e-05', 'epoch': '5.808'}
{'loss': '0.03641', 'grad_norm': '2.19', 'learning_rate': '1.884e-05', 'epoch': '5.814'}
{'loss': '0.04959', 'grad_norm': '16.39', 'learning_rate': '1.884e-05', 'epoch': '5.82'}
{'loss': '0.04691', 'grad_norm': '14.42', 'learning_rate': '1.883e-05', 'epoch': '5.826'}
{'loss': '0.05475', 'grad_norm': '17.33', 'learning_rate': '1.883e-05', 'epoch': '5.832'}
{'loss': '0.03387', 'grad_norm': '0.2481', 'learning_rate': '1.883e-05', 'epoch': '5.838'}
{'loss': '0.04239', 'grad_norm': '0.8814', 'learning_rate': '1.883e-05', 'epoch': '5.844'}
{'loss': '0.01476', 'grad_norm': '3.799', 'learning_rate': '1.883e-05', 'epoch': '5.85'}
{'loss': '0.01167', 'grad_norm': '0.02397', 'learning_rate': '1.883e-05', 'epoch': '5.856'}
{'loss': '0.01326', 'grad_norm': '1.965', 'learning_rate': '1.883e-05', 'epoch': '5.862'}
{'loss': '0.06812', 'grad_norm': '0.1216', 'learning_rate': '1.883e-05', 'epoch': '5.868'}
{'loss': '0.01154', 'grad_norm': '0.4692', 'learning_rate': '1.883e-05', 'epoch': '5.874'}
{'loss': '0.02105', 'grad_norm': '0.04351', 'learning_rate': '1.882e-05', 'epoch': '5.88'}
{'loss': '0.04159', 'grad_norm': '6.881', 'learning_rate': '1.882e-05', 'epoch': '5.886'}
{'loss': '0.01298', 'grad_norm': '0.009911', 'learning_rate': '1.882e-05', 'epoch': '5.892'}
{'loss': '0.07058', 'grad_norm': '0.05245', 'learning_rate': '1.882e-05', 'epoch': '5.898'}
{'loss': '0.03383', 'grad_norm': '6.755', 'learning_rate': '1.882e-05', 'epoch': '5.904'}
{'loss': '0.08249', 'grad_norm': '0.5348', 'learning_rate': '1.882e-05', 'epoch': '5.91'}
{'loss': '0.03284', 'grad_norm': '0.005477', 'learning_rate': '1.882e-05', 'epoch': '5.917'}
{'loss': '0.05864', 'grad_norm': '6.446', 'learning_rate': '1.882e-05', 'epoch': '5.923'}
{'loss': '0.01609', 'grad_norm': '0.06363', 'learning_rate': '1.881e-05', 'epoch': '5.929'}
{'loss': '0.02951', 'grad_norm': '0.08583', 'learning_rate': '1.881e-05', 'epoch': '5.935'}
{'loss': '0.03904', 'grad_norm': '12.51', 'learning_rate': '1.881e-05', 'epoch': '5.941'}
{'loss': '0.05548', 'grad_norm': '0.6101', 'learning_rate': '1.881e-05', 'epoch': '5.947'}
{'loss': '0.06006', 'grad_norm': '3.608', 'learning_rate': '1.881e-05', 'epoch': '5.953'}
{'loss': '0.0751', 'grad_norm': '6.739', 'learning_rate': '1.881e-05', 'epoch': '5.959'}
{'loss': '0.01189', 'grad_norm': '0.5636', 'learning_rate': '1.881e-05', 'epoch': '5.965'}
{'loss': '0.04454', 'grad_norm': '7.399', 'learning_rate': '1.881e-05', 'epoch': '5.971'}
{'loss': '0.03732', 'grad_norm': '0.1708', 'learning_rate': '1.88e-05', 'epoch': '5.977'}
{'loss': '0.04931', 'grad_norm': '0.7063', 'learning_rate': '1.88e-05', 'epoch': '5.983'}
{'loss': '0.04465', 'grad_norm': '4.094', 'learning_rate': '1.88e-05', 'epoch': '5.989'}
{'loss': '0.127', 'grad_norm': '10.78', 'learning_rate': '1.88e-05', 'epoch': '5.995'}
{'eval_loss': '0.7078', 'eval_accuracy': '0.8942', 'eval_precision': '0.9069', 'eval_recall': '0.9092', 'eval_f1': '0.908', 'eval_runtime': '11.32', 'eval_samples_per_second': '1122', 'eval_steps_per_second': '17.57', 'epoch': '6'}
{'loss': '0.02742', 'grad_norm': '0.2089', 'learning_rate': '1.88e-05', 'epoch': '6.001'}
{'loss': '0.01411', 'grad_norm': '0.8065', 'learning_rate': '1.88e-05', 'epoch': '6.007'}
{'loss': '0.0373', 'grad_norm': '3.546', 'learning_rate': '1.88e-05', 'epoch': '6.013'}
{'loss': '0.03251', 'grad_norm': '0.2478', 'learning_rate': '1.88e-05', 'epoch': '6.019'}
{'loss': '0.03468', 'grad_norm': '15.07', 'learning_rate': '1.88e-05', 'epoch': '6.025'}
{'loss': '0.05996', 'grad_norm': '11.32', 'learning_rate': '1.879e-05', 'epoch': '6.031'}
{'loss': '0.008066', 'grad_norm': '1.972', 'learning_rate': '1.879e-05', 'epoch': '6.038'}
{'loss': '0.0243', 'grad_norm': '0.5009', 'learning_rate': '1.879e-05', 'epoch': '6.044'}
{'loss': '0.0389', 'grad_norm': '0.2344', 'learning_rate': '1.879e-05', 'epoch': '6.05'}
{'loss': '0.02299', 'grad_norm': '0.1091', 'learning_rate': '1.879e-05', 'epoch': '6.056'}
{'loss': '0.02929', 'grad_norm': '21.23', 'learning_rate': '1.879e-05', 'epoch': '6.062'}
{'loss': '0.1048', 'grad_norm': '0.04306', 'learning_rate': '1.879e-05', 'epoch': '6.068'}
{'loss': '0.05643', 'grad_norm': '0.199', 'learning_rate': '1.879e-05', 'epoch': '6.074'}
{'loss': '0.0596', 'grad_norm': '5.525', 'learning_rate': '1.878e-05', 'epoch': '6.08'}
{'loss': '0.006903', 'grad_norm': '4.725', 'learning_rate': '1.878e-05', 'epoch': '6.086'}
{'loss': '0.04297', 'grad_norm': '13.2', 'learning_rate': '1.878e-05', 'epoch': '6.092'}
{'loss': '0.02275', 'grad_norm': '6.889', 'learning_rate': '1.878e-05', 'epoch': '6.098'}
{'loss': '0.01585', 'grad_norm': '0.8361', 'learning_rate': '1.878e-05', 'epoch': '6.104'}
{'loss': '0.009904', 'grad_norm': '0.02337', 'learning_rate': '1.878e-05', 'epoch': '6.11'}
{'loss': '0.01326', 'grad_norm': '0.007024', 'learning_rate': '1.878e-05', 'epoch': '6.116'}
{'loss': '0.02428', 'grad_norm': '21.07', 'learning_rate': '1.878e-05', 'epoch': '6.122'}
{'loss': '0.04232', 'grad_norm': '30.12', 'learning_rate': '1.877e-05', 'epoch': '6.128'}
{'loss': '0.02424', 'grad_norm': '0.06682', 'learning_rate': '1.877e-05', 'epoch': '6.134'}
{'loss': '0.06293', 'grad_norm': '0.3847', 'learning_rate': '1.877e-05', 'epoch': '6.14'}
{'loss': '0.009859', 'grad_norm': '4.438', 'learning_rate': '1.877e-05', 'epoch': '6.146'}
{'loss': '0.01882', 'grad_norm': '2.972', 'learning_rate': '1.877e-05', 'epoch': '6.152'}
{'loss': '0.02408', 'grad_norm': '32.77', 'learning_rate': '1.877e-05', 'epoch': '6.158'}
{'loss': '0.04083', 'grad_norm': '1.572', 'learning_rate': '1.877e-05', 'epoch': '6.165'}
{'loss': '0.01628', 'grad_norm': '0.1901', 'learning_rate': '1.877e-05', 'epoch': '6.171'}
{'loss': '0.02589', 'grad_norm': '9.815', 'learning_rate': '1.876e-05', 'epoch': '6.177'}
{'loss': '0.01707', 'grad_norm': '0.1855', 'learning_rate': '1.876e-05', 'epoch': '6.183'}
{'loss': '0.07716', 'grad_norm': '3.869', 'learning_rate': '1.876e-05', 'epoch': '6.189'}
{'loss': '0.03653', 'grad_norm': '15.24', 'learning_rate': '1.876e-05', 'epoch': '6.195'}
{'loss': '0.02199', 'grad_norm': '9.101', 'learning_rate': '1.876e-05', 'epoch': '6.201'}
{'loss': '0.02115', 'grad_norm': '0.05111', 'learning_rate': '1.876e-05', 'epoch': '6.207'}
{'loss': '0.03558', 'grad_norm': '5.833', 'learning_rate': '1.876e-05', 'epoch': '6.213'}
{'loss': '0.03578', 'grad_norm': '8.161', 'learning_rate': '1.876e-05', 'epoch': '6.219'}
{'loss': '0.07705', 'grad_norm': '2.796', 'learning_rate': '1.876e-05', 'epoch': '6.225'}
{'loss': '0.02234', 'grad_norm': '3.837', 'learning_rate': '1.875e-05', 'epoch': '6.231'}
{'loss': '0.01984', 'grad_norm': '23.86', 'learning_rate': '1.875e-05', 'epoch': '6.237'}
{'loss': '0.04166', 'grad_norm': '0.5293', 'learning_rate': '1.875e-05', 'epoch': '6.243'}
{'loss': '0.03237', 'grad_norm': '3.226', 'learning_rate': '1.875e-05', 'epoch': '6.249'}
{'loss': '0.01713', 'grad_norm': '0.2826', 'learning_rate': '1.875e-05', 'epoch': '6.255'}
{'loss': '0.01865', 'grad_norm': '3.178', 'learning_rate': '1.875e-05', 'epoch': '6.261'}
{'loss': '0.006178', 'grad_norm': '0.4869', 'learning_rate': '1.875e-05', 'epoch': '6.267'}
{'loss': '0.02803', 'grad_norm': '0.05376', 'learning_rate': '1.875e-05', 'epoch': '6.273'}
{'loss': '0.02339', 'grad_norm': '0.2271', 'learning_rate': '1.874e-05', 'epoch': '6.279'}
{'loss': '0.03028', 'grad_norm': '0.04877', 'learning_rate': '1.874e-05', 'epoch': '6.286'}
{'loss': '0.01978', 'grad_norm': '0.007068', 'learning_rate': '1.874e-05', 'epoch': '6.292'}
{'loss': '0.04085', 'grad_norm': '0.03651', 'learning_rate': '1.874e-05', 'epoch': '6.298'}
{'loss': '0.03454', 'grad_norm': '0.6158', 'learning_rate': '1.874e-05', 'epoch': '6.304'}
{'loss': '0.01027', 'grad_norm': '0.1246', 'learning_rate': '1.874e-05', 'epoch': '6.31'}
{'loss': '0.0519', 'grad_norm': '0.0617', 'learning_rate': '1.874e-05', 'epoch': '6.316'}
{'loss': '0.0119', 'grad_norm': '1.12', 'learning_rate': '1.874e-05', 'epoch': '6.322'}
{'loss': '0.01513', 'grad_norm': '0.02125', 'learning_rate': '1.873e-05', 'epoch': '6.328'}
{'loss': '0.06403', 'grad_norm': '6.467', 'learning_rate': '1.873e-05', 'epoch': '6.334'}
{'loss': '0.03626', 'grad_norm': '0.2953', 'learning_rate': '1.873e-05', 'epoch': '6.34'}
{'loss': '0.02148', 'grad_norm': '0.1537', 'learning_rate': '1.873e-05', 'epoch': '6.346'}
{'loss': '0.0055', 'grad_norm': '0.1061', 'learning_rate': '1.873e-05', 'epoch': '6.352'}
{'loss': '0.004797', 'grad_norm': '0.1304', 'learning_rate': '1.873e-05', 'epoch': '6.358'}
{'loss': '0.09225', 'grad_norm': '2.947', 'learning_rate': '1.873e-05', 'epoch': '6.364'}
{'loss': '0.04493', 'grad_norm': '13.74', 'learning_rate': '1.873e-05', 'epoch': '6.37'}
{'loss': '0.01441', 'grad_norm': '0.01579', 'learning_rate': '1.872e-05', 'epoch': '6.376'}
{'loss': '0.008125', 'grad_norm': '0.07099', 'learning_rate': '1.872e-05', 'epoch': '6.382'}
{'loss': '0.02394', 'grad_norm': '8.614', 'learning_rate': '1.872e-05', 'epoch': '6.388'}
{'loss': '0.04645', 'grad_norm': '2.199', 'learning_rate': '1.872e-05', 'epoch': '6.394'}
{'loss': '0.04114', 'grad_norm': '30.81', 'learning_rate': '1.872e-05', 'epoch': '6.4'}
{'loss': '0.02544', 'grad_norm': '0.06371', 'learning_rate': '1.872e-05', 'epoch': '6.407'}
{'loss': '0.05999', 'grad_norm': '11.9', 'learning_rate': '1.872e-05', 'epoch': '6.413'}
{'loss': '0.01315', 'grad_norm': '0.0381', 'learning_rate': '1.872e-05', 'epoch': '6.419'}
{'loss': '0.03008', 'grad_norm': '0.006777', 'learning_rate': '1.872e-05', 'epoch': '6.425'}
{'loss': '0.04375', 'grad_norm': '1.064', 'learning_rate': '1.871e-05', 'epoch': '6.431'}
{'loss': '0.004687', 'grad_norm': '2.901', 'learning_rate': '1.871e-05', 'epoch': '6.437'}
{'loss': '0.009705', 'grad_norm': '1.494', 'learning_rate': '1.871e-05', 'epoch': '6.443'}
{'loss': '0.01385', 'grad_norm': '1.172', 'learning_rate': '1.871e-05', 'epoch': '6.449'}
{'loss': '0.01396', 'grad_norm': '5.117', 'learning_rate': '1.871e-05', 'epoch': '6.455'}
{'loss': '0.008828', 'grad_norm': '0.08183', 'learning_rate': '1.871e-05', 'epoch': '6.461'}
{'loss': '0.02397', 'grad_norm': '17.87', 'learning_rate': '1.871e-05', 'epoch': '6.467'}
{'loss': '0.03142', 'grad_norm': '8.023', 'learning_rate': '1.871e-05', 'epoch': '6.473'}
{'loss': '0.01715', 'grad_norm': '0.005548', 'learning_rate': '1.87e-05', 'epoch': '6.479'}
{'loss': '0.02512', 'grad_norm': '0.007749', 'learning_rate': '1.87e-05', 'epoch': '6.485'}
{'loss': '0.007831', 'grad_norm': '0.03028', 'learning_rate': '1.87e-05', 'epoch': '6.491'}
{'loss': '0.00373', 'grad_norm': '0.08688', 'learning_rate': '1.87e-05', 'epoch': '6.497'}
{'loss': '0.003093', 'grad_norm': '8.315', 'learning_rate': '1.87e-05', 'epoch': '6.503'}
{'loss': '0.02782', 'grad_norm': '1.189', 'learning_rate': '1.87e-05', 'epoch': '6.509'}
{'loss': '0.04062', 'grad_norm': '6.378', 'learning_rate': '1.87e-05', 'epoch': '6.515'}
{'loss': '0.01876', 'grad_norm': '0.2721', 'learning_rate': '1.87e-05', 'epoch': '6.521'}
{'loss': '0.06112', 'grad_norm': '0.01175', 'learning_rate': '1.869e-05', 'epoch': '6.528'}
{'loss': '0.02954', 'grad_norm': '0.02452', 'learning_rate': '1.869e-05', 'epoch': '6.534'}
{'loss': '0.05386', 'grad_norm': '23.45', 'learning_rate': '1.869e-05', 'epoch': '6.54'}
{'loss': '0.05655', 'grad_norm': '1.882', 'learning_rate': '1.869e-05', 'epoch': '6.546'}
{'loss': '0.04996', 'grad_norm': '0.4042', 'learning_rate': '1.869e-05', 'epoch': '6.552'}
{'loss': '0.02789', 'grad_norm': '0.0242', 'learning_rate': '1.869e-05', 'epoch': '6.558'}
{'loss': '0.02234', 'grad_norm': '1.206', 'learning_rate': '1.869e-05', 'epoch': '6.564'}
{'loss': '0.01546', 'grad_norm': '0.1236', 'learning_rate': '1.869e-05', 'epoch': '6.57'}
{'loss': '0.06618', 'grad_norm': '0.05041', 'learning_rate': '1.868e-05', 'epoch': '6.576'}
{'loss': '0.01897', 'grad_norm': '0.174', 'learning_rate': '1.868e-05', 'epoch': '6.582'}
{'loss': '0.05443', 'grad_norm': '0.4018', 'learning_rate': '1.868e-05', 'epoch': '6.588'}
{'loss': '0.01124', 'grad_norm': '0.1207', 'learning_rate': '1.868e-05', 'epoch': '6.594'}
{'loss': '0.03264', 'grad_norm': '6.531', 'learning_rate': '1.868e-05', 'epoch': '6.6'}
{'loss': '0.0668', 'grad_norm': '2.418', 'learning_rate': '1.868e-05', 'epoch': '6.606'}
{'loss': '0.04107', 'grad_norm': '0.2493', 'learning_rate': '1.868e-05', 'epoch': '6.612'}
{'loss': '0.03683', 'grad_norm': '0.01101', 'learning_rate': '1.868e-05', 'epoch': '6.618'}
{'loss': '0.0181', 'grad_norm': '1.194', 'learning_rate': '1.868e-05', 'epoch': '6.624'}
{'loss': '0.07422', 'grad_norm': '0.03471', 'learning_rate': '1.867e-05', 'epoch': '6.63'}
{'loss': '0.04307', 'grad_norm': '0.01427', 'learning_rate': '1.867e-05', 'epoch': '6.636'}
{'loss': '0.01908', 'grad_norm': '9.335', 'learning_rate': '1.867e-05', 'epoch': '6.642'}
{'loss': '0.01726', 'grad_norm': '0.04289', 'learning_rate': '1.867e-05', 'epoch': '6.649'}
{'loss': '0.02499', 'grad_norm': '0.06237', 'learning_rate': '1.867e-05', 'epoch': '6.655'}
{'loss': '0.008769', 'grad_norm': '14.82', 'learning_rate': '1.867e-05', 'epoch': '6.661'}
{'loss': '0.0752', 'grad_norm': '0.001985', 'learning_rate': '1.867e-05', 'epoch': '6.667'}
{'loss': '0.02121', 'grad_norm': '0.04373', 'learning_rate': '1.867e-05', 'epoch': '6.673'}
{'loss': '0.01642', 'grad_norm': '0.09988', 'learning_rate': '1.866e-05', 'epoch': '6.679'}
{'loss': '0.01376', 'grad_norm': '0.2178', 'learning_rate': '1.866e-05', 'epoch': '6.685'}
{'loss': '0.02249', 'grad_norm': '0.7045', 'learning_rate': '1.866e-05', 'epoch': '6.691'}
{'loss': '0.002632', 'grad_norm': '2.223', 'learning_rate': '1.866e-05', 'epoch': '6.697'}
{'loss': '0.07519', 'grad_norm': '0.7113', 'learning_rate': '1.866e-05', 'epoch': '6.703'}
{'loss': '0.01217', 'grad_norm': '0.1326', 'learning_rate': '1.866e-05', 'epoch': '6.709'}
{'loss': '0.02785', 'grad_norm': '2.429', 'learning_rate': '1.866e-05', 'epoch': '6.715'}
{'loss': '0.03079', 'grad_norm': '10.93', 'learning_rate': '1.866e-05', 'epoch': '6.721'}
{'loss': '0.01366', 'grad_norm': '0.0583', 'learning_rate': '1.865e-05', 'epoch': '6.727'}
{'loss': '0.003811', 'grad_norm': '0.02021', 'learning_rate': '1.865e-05', 'epoch': '6.733'}
{'loss': '0.01456', 'grad_norm': '0.002057', 'learning_rate': '1.865e-05', 'epoch': '6.739'}
{'loss': '0.02929', 'grad_norm': '4.544', 'learning_rate': '1.865e-05', 'epoch': '6.745'}
{'loss': '0.04181', 'grad_norm': '7.938', 'learning_rate': '1.865e-05', 'epoch': '6.751'}
{'loss': '0.02466', 'grad_norm': '6.531', 'learning_rate': '1.865e-05', 'epoch': '6.757'}
{'loss': '0.07044', 'grad_norm': '33.19', 'learning_rate': '1.865e-05', 'epoch': '6.763'}
{'loss': '0.03102', 'grad_norm': '0.08017', 'learning_rate': '1.865e-05', 'epoch': '6.77'}
{'loss': '0.0178', 'grad_norm': '11.21', 'learning_rate': '1.865e-05', 'epoch': '6.776'}
{'loss': '0.01015', 'grad_norm': '0.02541', 'learning_rate': '1.864e-05', 'epoch': '6.782'}
{'loss': '0.0525', 'grad_norm': '1.696', 'learning_rate': '1.864e-05', 'epoch': '6.788'}
{'loss': '0.01983', 'grad_norm': '0.5582', 'learning_rate': '1.864e-05', 'epoch': '6.794'}
{'loss': '0.01814', 'grad_norm': '2.906', 'learning_rate': '1.864e-05', 'epoch': '6.8'}
{'loss': '0.07568', 'grad_norm': '21.31', 'learning_rate': '1.864e-05', 'epoch': '6.806'}
{'loss': '0.02237', 'grad_norm': '0.03452', 'learning_rate': '1.864e-05', 'epoch': '6.812'}
{'loss': '0.02841', 'grad_norm': '0.03048', 'learning_rate': '1.864e-05', 'epoch': '6.818'}
{'loss': '0.01215', 'grad_norm': '1.601', 'learning_rate': '1.864e-05', 'epoch': '6.824'}
{'loss': '0.03908', 'grad_norm': '0.1498', 'learning_rate': '1.863e-05', 'epoch': '6.83'}
{'loss': '0.04522', 'grad_norm': '6.822', 'learning_rate': '1.863e-05', 'epoch': '6.836'}
{'loss': '0.0389', 'grad_norm': '3.029', 'learning_rate': '1.863e-05', 'epoch': '6.842'}
{'loss': '0.02028', 'grad_norm': '0.09085', 'learning_rate': '1.863e-05', 'epoch': '6.848'}
{'loss': '0.04197', 'grad_norm': '1.522', 'learning_rate': '1.863e-05', 'epoch': '6.854'}
{'loss': '0.01098', 'grad_norm': '11.04', 'learning_rate': '1.863e-05', 'epoch': '6.86'}
{'loss': '0.0527', 'grad_norm': '0.04904', 'learning_rate': '1.863e-05', 'epoch': '6.866'}
{'loss': '0.01971', 'grad_norm': '10.98', 'learning_rate': '1.863e-05', 'epoch': '6.872'}
{'loss': '0.03512', 'grad_norm': '1.2', 'learning_rate': '1.862e-05', 'epoch': '6.878'}
{'loss': '0.05141', 'grad_norm': '0.02353', 'learning_rate': '1.862e-05', 'epoch': '6.884'}
{'loss': '0.01736', 'grad_norm': '0.1054', 'learning_rate': '1.862e-05', 'epoch': '6.891'}
{'loss': '0.0569', 'grad_norm': '11.88', 'learning_rate': '1.862e-05', 'epoch': '6.897'}
{'loss': '0.01478', 'grad_norm': '0.6754', 'learning_rate': '1.862e-05', 'epoch': '6.903'}
{'loss': '0.04348', 'grad_norm': '3.139', 'learning_rate': '1.862e-05', 'epoch': '6.909'}
{'loss': '0.04421', 'grad_norm': '2.124', 'learning_rate': '1.862e-05', 'epoch': '6.915'}
{'loss': '0.02642', 'grad_norm': '0.05968', 'learning_rate': '1.862e-05', 'epoch': '6.921'}
{'loss': '0.07561', 'grad_norm': '4.999', 'learning_rate': '1.861e-05', 'epoch': '6.927'}
{'loss': '0.03137', 'grad_norm': '9.731', 'learning_rate': '1.861e-05', 'epoch': '6.933'}
{'loss': '0.007176', 'grad_norm': '0.3045', 'learning_rate': '1.861e-05', 'epoch': '6.939'}
{'loss': '0.01746', 'grad_norm': '0.01518', 'learning_rate': '1.861e-05', 'epoch': '6.945'}
{'loss': '0.04811', 'grad_norm': '0.6532', 'learning_rate': '1.861e-05', 'epoch': '6.951'}
{'loss': '0.03402', 'grad_norm': '0.4869', 'learning_rate': '1.861e-05', 'epoch': '6.957'}
{'loss': '0.02153', 'grad_norm': '5.873', 'learning_rate': '1.861e-05', 'epoch': '6.963'}
{'loss': '0.07139', 'grad_norm': '8.019', 'learning_rate': '1.861e-05', 'epoch': '6.969'}
{'loss': '0.04368', 'grad_norm': '4.367', 'learning_rate': '1.861e-05', 'epoch': '6.975'}
{'loss': '0.02187', 'grad_norm': '4.985', 'learning_rate': '1.86e-05', 'epoch': '6.981'}
{'loss': '0.02339', 'grad_norm': '0.09844', 'learning_rate': '1.86e-05', 'epoch': '6.987'}
{'loss': '0.04436', 'grad_norm': '5.962', 'learning_rate': '1.86e-05', 'epoch': '6.993'}
{'loss': '0.01883', 'grad_norm': '1.568', 'learning_rate': '1.86e-05', 'epoch': '6.999'}
{'eval_loss': '0.7908', 'eval_accuracy': '0.8934', 'eval_precision': '0.9052', 'eval_recall': '0.9098', 'eval_f1': '0.9075', 'eval_runtime': '11.32', 'eval_samples_per_second': '1123', 'eval_steps_per_second': '17.57', 'epoch': '7'}
{'loss': '0.02895', 'grad_norm': '0.0216', 'learning_rate': '1.86e-05', 'epoch': '7.005'}
{'loss': '0.05076', 'grad_norm': '1.752', 'learning_rate': '1.86e-05', 'epoch': '7.011'}
{'loss': '0.01543', 'grad_norm': '1.577', 'learning_rate': '1.86e-05', 'epoch': '7.018'}
{'loss': '0.04254', 'grad_norm': '0.8301', 'learning_rate': '1.86e-05', 'epoch': '7.024'}
{'loss': '0.008597', 'grad_norm': '0.01383', 'learning_rate': '1.859e-05', 'epoch': '7.03'}
{'loss': '0.01795', 'grad_norm': '0.02675', 'learning_rate': '1.859e-05', 'epoch': '7.036'}
{'loss': '0.01864', 'grad_norm': '9.972', 'learning_rate': '1.859e-05', 'epoch': '7.042'}
{'loss': '0.009586', 'grad_norm': '8.114', 'learning_rate': '1.859e-05', 'epoch': '7.048'}
{'loss': '0.01369', 'grad_norm': '0.00357', 'learning_rate': '1.859e-05', 'epoch': '7.054'}
{'loss': '0.02397', 'grad_norm': '5.891', 'learning_rate': '1.859e-05', 'epoch': '7.06'}
{'loss': '0.07893', 'grad_norm': '6.228', 'learning_rate': '1.859e-05', 'epoch': '7.066'}
{'loss': '0.01481', 'grad_norm': '5.189', 'learning_rate': '1.859e-05', 'epoch': '7.072'}
{'loss': '0.008549', 'grad_norm': '7.094', 'learning_rate': '1.858e-05', 'epoch': '7.078'}
{'loss': '0.008082', 'grad_norm': '0.01084', 'learning_rate': '1.858e-05', 'epoch': '7.084'}
{'loss': '0.02441', 'grad_norm': '0.02875', 'learning_rate': '1.858e-05', 'epoch': '7.09'}
{'loss': '0.0281', 'grad_norm': '0.8717', 'learning_rate': '1.858e-05', 'epoch': '7.096'}
{'loss': '0.01574', 'grad_norm': '0.2263', 'learning_rate': '1.858e-05', 'epoch': '7.102'}
{'loss': '0.019', 'grad_norm': '0.002939', 'learning_rate': '1.858e-05', 'epoch': '7.108'}
{'loss': '0.00528', 'grad_norm': '0.02046', 'learning_rate': '1.858e-05', 'epoch': '7.114'}
{'loss': '0.003443', 'grad_norm': '3.469', 'learning_rate': '1.858e-05', 'epoch': '7.12'}
{'loss': '0.03595', 'grad_norm': '0.2771', 'learning_rate': '1.857e-05', 'epoch': '7.126'}
{'loss': '0.04467', 'grad_norm': '4.052', 'learning_rate': '1.857e-05', 'epoch': '7.132'}
{'loss': '0.06008', 'grad_norm': '10.87', 'learning_rate': '1.857e-05', 'epoch': '7.139'}
{'loss': '0.01728', 'grad_norm': '8.883', 'learning_rate': '1.857e-05', 'epoch': '7.145'}
{'loss': '0.02882', 'grad_norm': '11.37', 'learning_rate': '1.857e-05', 'epoch': '7.151'}
{'loss': '0.02285', 'grad_norm': '5.937', 'learning_rate': '1.857e-05', 'epoch': '7.157'}
{'loss': '0.04412', 'grad_norm': '7.981', 'learning_rate': '1.857e-05', 'epoch': '7.163'}
{'loss': '0.02759', 'grad_norm': '12.85', 'learning_rate': '1.857e-05', 'epoch': '7.169'}
{'loss': '0.02415', 'grad_norm': '11.39', 'learning_rate': '1.857e-05', 'epoch': '7.175'}
{'loss': '0.009594', 'grad_norm': '7.629', 'learning_rate': '1.856e-05', 'epoch': '7.181'}
{'loss': '0.005382', 'grad_norm': '3.914', 'learning_rate': '1.856e-05', 'epoch': '7.187'}
{'loss': '0.01413', 'grad_norm': '0.26', 'learning_rate': '1.856e-05', 'epoch': '7.193'}
{'loss': '0.04536', 'grad_norm': '0.04478', 'learning_rate': '1.856e-05', 'epoch': '7.199'}
{'loss': '0.01107', 'grad_norm': '0.008541', 'learning_rate': '1.856e-05', 'epoch': '7.205'}
{'loss': '0.001587', 'grad_norm': '0.002656', 'learning_rate': '1.856e-05', 'epoch': '7.211'}
{'loss': '0.05377', 'grad_norm': '0.00107', 'learning_rate': '1.856e-05', 'epoch': '7.217'}
{'loss': '0.06892', 'grad_norm': '0.2128', 'learning_rate': '1.856e-05', 'epoch': '7.223'}
{'loss': '0.017', 'grad_norm': '0.01069', 'learning_rate': '1.855e-05', 'epoch': '7.229'}
{'loss': '0.05714', 'grad_norm': '0.01218', 'learning_rate': '1.855e-05', 'epoch': '7.235'}
{'loss': '0.0231', 'grad_norm': '3.013', 'learning_rate': '1.855e-05', 'epoch': '7.241'}
{'loss': '0.004826', 'grad_norm': '0.3617', 'learning_rate': '1.855e-05', 'epoch': '7.247'}
{'loss': '0.05156', 'grad_norm': '7.946', 'learning_rate': '1.855e-05', 'epoch': '7.253'}
{'loss': '0.003999', 'grad_norm': '2.206', 'learning_rate': '1.855e-05', 'epoch': '7.26'}
{'loss': '0.01519', 'grad_norm': '13.12', 'learning_rate': '1.855e-05', 'epoch': '7.266'}
{'loss': '0.02632', 'grad_norm': '0.0006496', 'learning_rate': '1.855e-05', 'epoch': '7.272'}
{'loss': '0.05073', 'grad_norm': '0.005308', 'learning_rate': '1.854e-05', 'epoch': '7.278'}
{'loss': '0.06548', 'grad_norm': '0.8007', 'learning_rate': '1.854e-05', 'epoch': '7.284'}
{'loss': '0.05807', 'grad_norm': '0.1271', 'learning_rate': '1.854e-05', 'epoch': '7.29'}
{'loss': '0.06535', 'grad_norm': '2.873', 'learning_rate': '1.854e-05', 'epoch': '7.296'}
{'loss': '0.1016', 'grad_norm': '0.01272', 'learning_rate': '1.854e-05', 'epoch': '7.302'}
{'loss': '0.04731', 'grad_norm': '0.5512', 'learning_rate': '1.854e-05', 'epoch': '7.308'}
{'loss': '0.04727', 'grad_norm': '6.217', 'learning_rate': '1.854e-05', 'epoch': '7.314'}
{'loss': '0.009081', 'grad_norm': '0.136', 'learning_rate': '1.854e-05', 'epoch': '7.32'}
{'loss': '0.0801', 'grad_norm': '0.04756', 'learning_rate': '1.853e-05', 'epoch': '7.326'}
{'loss': '0.00903', 'grad_norm': '5.75', 'learning_rate': '1.853e-05', 'epoch': '7.332'}
{'loss': '0.009309', 'grad_norm': '0.01292', 'learning_rate': '1.853e-05', 'epoch': '7.338'}
{'loss': '0.03042', 'grad_norm': '2.598', 'learning_rate': '1.853e-05', 'epoch': '7.344'}
{'loss': '0.004154', 'grad_norm': '0.02174', 'learning_rate': '1.853e-05', 'epoch': '7.35'}
{'loss': '0.003179', 'grad_norm': '0.5468', 'learning_rate': '1.853e-05', 'epoch': '7.356'}
{'loss': '0.0009454', 'grad_norm': '0.02316', 'learning_rate': '1.853e-05', 'epoch': '7.362'}
{'loss': '0.01198', 'grad_norm': '0.02892', 'learning_rate': '1.853e-05', 'epoch': '7.368'}
{'loss': '0.07818', 'grad_norm': '0.1044', 'learning_rate': '1.853e-05', 'epoch': '7.374'}
{'loss': '0.02739', 'grad_norm': '0.01264', 'learning_rate': '1.852e-05', 'epoch': '7.381'}
{'loss': '0.003545', 'grad_norm': '0.009283', 'learning_rate': '1.852e-05', 'epoch': '7.387'}
{'loss': '0.03242', 'grad_norm': '0.01182', 'learning_rate': '1.852e-05', 'epoch': '7.393'}
{'loss': '0.01106', 'grad_norm': '0.03472', 'learning_rate': '1.852e-05', 'epoch': '7.399'}
{'loss': '0.00481', 'grad_norm': '0.5488', 'learning_rate': '1.852e-05', 'epoch': '7.405'}
{'loss': '0.0242', 'grad_norm': '4.316', 'learning_rate': '1.852e-05', 'epoch': '7.411'}
{'loss': '0.04694', 'grad_norm': '5.716', 'learning_rate': '1.852e-05', 'epoch': '7.417'}
{'loss': '0.003839', 'grad_norm': '0.2847', 'learning_rate': '1.852e-05', 'epoch': '7.423'}
{'loss': '0.01564', 'grad_norm': '0.0732', 'learning_rate': '1.851e-05', 'epoch': '7.429'}
{'loss': '0.02125', 'grad_norm': '0.1051', 'learning_rate': '1.851e-05', 'epoch': '7.435'}
{'loss': '0.01258', 'grad_norm': '0.01719', 'learning_rate': '1.851e-05', 'epoch': '7.441'}
{'loss': '0.007056', 'grad_norm': '0.07367', 'learning_rate': '1.851e-05', 'epoch': '7.447'}
{'loss': '0.003435', 'grad_norm': '0.008838', 'learning_rate': '1.851e-05', 'epoch': '7.453'}
{'loss': '0.04618', 'grad_norm': '0.01936', 'learning_rate': '1.851e-05', 'epoch': '7.459'}
{'loss': '0.06455', 'grad_norm': '0.1007', 'learning_rate': '1.851e-05', 'epoch': '7.465'}
{'loss': '0.02584', 'grad_norm': '4.304', 'learning_rate': '1.851e-05', 'epoch': '7.471'}
{'loss': '0.007818', 'grad_norm': '4.104', 'learning_rate': '1.85e-05', 'epoch': '7.477'}
{'loss': '0.04195', 'grad_norm': '5.268', 'learning_rate': '1.85e-05', 'epoch': '7.483'}
{'loss': '0.05355', 'grad_norm': '1.535', 'learning_rate': '1.85e-05', 'epoch': '7.489'}
{'loss': '0.02207', 'grad_norm': '0.001743', 'learning_rate': '1.85e-05', 'epoch': '7.495'}
{'loss': '0.0741', 'grad_norm': '0.8096', 'learning_rate': '1.85e-05', 'epoch': '7.502'}
{'loss': '0.004815', 'grad_norm': '0.3878', 'learning_rate': '1.85e-05', 'epoch': '7.508'}
{'loss': '0.01615', 'grad_norm': '0.004966', 'learning_rate': '1.85e-05', 'epoch': '7.514'}
{'loss': '0.006674', 'grad_norm': '0.009931', 'learning_rate': '1.85e-05', 'epoch': '7.52'}
{'loss': '0.03732', 'grad_norm': '0.5822', 'learning_rate': '1.849e-05', 'epoch': '7.526'}
{'loss': '0.05731', 'grad_norm': '0.7219', 'learning_rate': '1.849e-05', 'epoch': '7.532'}
{'loss': '0.04092', 'grad_norm': '8.745', 'learning_rate': '1.849e-05', 'epoch': '7.538'}
{'loss': '0.02365', 'grad_norm': '3.564', 'learning_rate': '1.849e-05', 'epoch': '7.544'}
{'loss': '0.03496', 'grad_norm': '0.8209', 'learning_rate': '1.849e-05', 'epoch': '7.55'}
{'loss': '0.02184', 'grad_norm': '0.02014', 'learning_rate': '1.849e-05', 'epoch': '7.556'}
{'loss': '0.01867', 'grad_norm': '0.193', 'learning_rate': '1.849e-05', 'epoch': '7.562'}
{'loss': '0.004169', 'grad_norm': '0.2267', 'learning_rate': '1.849e-05', 'epoch': '7.568'}
{'loss': '0.02275', 'grad_norm': '7.051', 'learning_rate': '1.849e-05', 'epoch': '7.574'}
{'loss': '0.02667', 'grad_norm': '0.01241', 'learning_rate': '1.848e-05', 'epoch': '7.58'}
{'loss': '0.009593', 'grad_norm': '2.779', 'learning_rate': '1.848e-05', 'epoch': '7.586'}
{'loss': '0.01802', 'grad_norm': '0.1296', 'learning_rate': '1.848e-05', 'epoch': '7.592'}
{'loss': '0.01779', 'grad_norm': '3.998', 'learning_rate': '1.848e-05', 'epoch': '7.598'}
{'loss': '0.06099', 'grad_norm': '0.03372', 'learning_rate': '1.848e-05', 'epoch': '7.604'}
{'loss': '0.04203', 'grad_norm': '7.396', 'learning_rate': '1.848e-05', 'epoch': '7.61'}
{'loss': '0.03135', 'grad_norm': '13.22', 'learning_rate': '1.848e-05', 'epoch': '7.616'}
{'loss': '0.005948', 'grad_norm': '7.713', 'learning_rate': '1.848e-05', 'epoch': '7.623'}
{'loss': '0.07791', 'grad_norm': '1.664', 'learning_rate': '1.847e-05', 'epoch': '7.629'}
{'loss': '0.02314', 'grad_norm': '12.69', 'learning_rate': '1.847e-05', 'epoch': '7.635'}
{'loss': '0.008563', 'grad_norm': '0.6877', 'learning_rate': '1.847e-05', 'epoch': '7.641'}
{'loss': '0.02437', 'grad_norm': '1.396', 'learning_rate': '1.847e-05', 'epoch': '7.647'}
{'loss': '0.02844', 'grad_norm': '1.231', 'learning_rate': '1.847e-05', 'epoch': '7.653'}
{'loss': '0.007032', 'grad_norm': '0.00588', 'learning_rate': '1.847e-05', 'epoch': '7.659'}
{'loss': '0.045', 'grad_norm': '0.8018', 'learning_rate': '1.847e-05', 'epoch': '7.665'}
{'loss': '0.02431', 'grad_norm': '20.98', 'learning_rate': '1.847e-05', 'epoch': '7.671'}
{'loss': '0.006161', 'grad_norm': '0.07047', 'learning_rate': '1.846e-05', 'epoch': '7.677'}
{'loss': '0.002605', 'grad_norm': '0.2951', 'learning_rate': '1.846e-05', 'epoch': '7.683'}
{'loss': '0.0377', 'grad_norm': '0.04269', 'learning_rate': '1.846e-05', 'epoch': '7.689'}
{'loss': '0.002842', 'grad_norm': '1.331', 'learning_rate': '1.846e-05', 'epoch': '7.695'}
{'loss': '0.08909', 'grad_norm': '5.259', 'learning_rate': '1.846e-05', 'epoch': '7.701'}
{'loss': '0.0351', 'grad_norm': '0.7711', 'learning_rate': '1.846e-05', 'epoch': '7.707'}
{'loss': '0.05226', 'grad_norm': '11.64', 'learning_rate': '1.846e-05', 'epoch': '7.713'}
{'loss': '0.02002', 'grad_norm': '0.01787', 'learning_rate': '1.846e-05', 'epoch': '7.719'}
{'loss': '0.004207', 'grad_norm': '1.026', 'learning_rate': '1.846e-05', 'epoch': '7.725'}
{'loss': '0.03226', 'grad_norm': '0.05503', 'learning_rate': '1.845e-05', 'epoch': '7.731'}
{'loss': '0.06342', 'grad_norm': '0.06456', 'learning_rate': '1.845e-05', 'epoch': '7.737'}
{'loss': '0.02053', 'grad_norm': '0.0258', 'learning_rate': '1.845e-05', 'epoch': '7.743'}
{'loss': '0.03828', 'grad_norm': '0.003033', 'learning_rate': '1.845e-05', 'epoch': '7.75'}
{'loss': '0.03964', 'grad_norm': '9.216', 'learning_rate': '1.845e-05', 'epoch': '7.756'}
{'loss': '0.01419', 'grad_norm': '11.18', 'learning_rate': '1.845e-05', 'epoch': '7.762'}
{'loss': '0.01576', 'grad_norm': '0.02235', 'learning_rate': '1.845e-05', 'epoch': '7.768'}
{'loss': '0.02382', 'grad_norm': '10.62', 'learning_rate': '1.845e-05', 'epoch': '7.774'}
{'loss': '0.01982', 'grad_norm': '0.1072', 'learning_rate': '1.844e-05', 'epoch': '7.78'}
{'loss': '0.004397', 'grad_norm': '0.005755', 'learning_rate': '1.844e-05', 'epoch': '7.786'}
{'loss': '0.008305', 'grad_norm': '0.1459', 'learning_rate': '1.844e-05', 'epoch': '7.792'}
{'loss': '0.02792', 'grad_norm': '0.03628', 'learning_rate': '1.844e-05', 'epoch': '7.798'}
{'loss': '0.0132', 'grad_norm': '0.002949', 'learning_rate': '1.844e-05', 'epoch': '7.804'}
{'loss': '0.04597', 'grad_norm': '0.06315', 'learning_rate': '1.844e-05', 'epoch': '7.81'}
{'loss': '0.0299', 'grad_norm': '0.01112', 'learning_rate': '1.844e-05', 'epoch': '7.816'}
{'loss': '0.0394', 'grad_norm': '0.2838', 'learning_rate': '1.844e-05', 'epoch': '7.822'}
{'loss': '0.02735', 'grad_norm': '4.867', 'learning_rate': '1.843e-05', 'epoch': '7.828'}
{'loss': '0.01944', 'grad_norm': '5.68', 'learning_rate': '1.843e-05', 'epoch': '7.834'}
{'loss': '0.002306', 'grad_norm': '0.9207', 'learning_rate': '1.843e-05', 'epoch': '7.84'}
{'loss': '0.05886', 'grad_norm': '21.52', 'learning_rate': '1.843e-05', 'epoch': '7.846'}
{'loss': '0.02476', 'grad_norm': '0.05461', 'learning_rate': '1.843e-05', 'epoch': '7.852'}
{'loss': '0.008159', 'grad_norm': '3.546', 'learning_rate': '1.843e-05', 'epoch': '7.858'}
{'loss': '0.0004994', 'grad_norm': '0.01522', 'learning_rate': '1.843e-05', 'epoch': '7.864'}
{'loss': '0.03464', 'grad_norm': '0.02592', 'learning_rate': '1.843e-05', 'epoch': '7.871'}
{'loss': '0.03632', 'grad_norm': '0.005019', 'learning_rate': '1.842e-05', 'epoch': '7.877'}
{'loss': '0.02682', 'grad_norm': '0.007387', 'learning_rate': '1.842e-05', 'epoch': '7.883'}
{'loss': '0.02124', 'grad_norm': '0.1067', 'learning_rate': '1.842e-05', 'epoch': '7.889'}
{'loss': '0.01334', 'grad_norm': '0.002212', 'learning_rate': '1.842e-05', 'epoch': '7.895'}
{'loss': '0.02169', 'grad_norm': '0.04674', 'learning_rate': '1.842e-05', 'epoch': '7.901'}
{'loss': '0.01058', 'grad_norm': '5.96', 'learning_rate': '1.842e-05', 'epoch': '7.907'}
{'loss': '0.01214', 'grad_norm': '0.1115', 'learning_rate': '1.842e-05', 'epoch': '7.913'}
{'loss': '0.00794', 'grad_norm': '0.5931', 'learning_rate': '1.842e-05', 'epoch': '7.919'}
{'loss': '0.02421', 'grad_norm': '0.05743', 'learning_rate': '1.842e-05', 'epoch': '7.925'}
{'loss': '0.004042', 'grad_norm': '0.09751', 'learning_rate': '1.841e-05', 'epoch': '7.931'}
{'loss': '0.01469', 'grad_norm': '0.006535', 'learning_rate': '1.841e-05', 'epoch': '7.937'}
{'loss': '0.01018', 'grad_norm': '0.06941', 'learning_rate': '1.841e-05', 'epoch': '7.943'}
{'loss': '0.04706', 'grad_norm': '9.952', 'learning_rate': '1.841e-05', 'epoch': '7.949'}
{'loss': '0.0446', 'grad_norm': '0.01796', 'learning_rate': '1.841e-05', 'epoch': '7.955'}
{'loss': '0.04686', 'grad_norm': '4.262', 'learning_rate': '1.841e-05', 'epoch': '7.961'}
{'loss': '0.0193', 'grad_norm': '11.87', 'learning_rate': '1.841e-05', 'epoch': '7.967'}
{'loss': '0.07754', 'grad_norm': '7.131', 'learning_rate': '1.841e-05', 'epoch': '7.973'}
{'loss': '0.02558', 'grad_norm': '0.07345', 'learning_rate': '1.84e-05', 'epoch': '7.979'}
{'loss': '0.02684', 'grad_norm': '3.279', 'learning_rate': '1.84e-05', 'epoch': '7.985'}
{'loss': '0.02068', 'grad_norm': '11.84', 'learning_rate': '1.84e-05', 'epoch': '7.992'}
{'loss': '0.0243', 'grad_norm': '0.03626', 'learning_rate': '1.84e-05', 'epoch': '7.998'}
{'eval_loss': '0.7821', 'eval_accuracy': '0.8999', 'eval_precision': '0.9231', 'eval_recall': '0.9007', 'eval_f1': '0.9118', 'eval_runtime': '11.31', 'eval_samples_per_second': '1124', 'eval_steps_per_second': '17.6', 'epoch': '8'}
{'loss': '0.0634', 'grad_norm': '0.1651', 'learning_rate': '1.84e-05', 'epoch': '8.004'}
{'loss': '0.004751', 'grad_norm': '0.01517', 'learning_rate': '1.84e-05', 'epoch': '8.01'}
{'loss': '0.03749', 'grad_norm': '0.3408', 'learning_rate': '1.84e-05', 'epoch': '8.016'}
{'loss': '0.03369', 'grad_norm': '12.54', 'learning_rate': '1.84e-05', 'epoch': '8.022'}
{'loss': '0.001541', 'grad_norm': '0.2789', 'learning_rate': '1.839e-05', 'epoch': '8.028'}
{'loss': '0.0242', 'grad_norm': '1.941', 'learning_rate': '1.839e-05', 'epoch': '8.034'}
{'loss': '0.02173', 'grad_norm': '9.706', 'learning_rate': '1.839e-05', 'epoch': '8.04'}
{'loss': '0.0389', 'grad_norm': '0.9499', 'learning_rate': '1.839e-05', 'epoch': '8.046'}
{'loss': '0.03195', 'grad_norm': '21.27', 'learning_rate': '1.839e-05', 'epoch': '8.052'}
{'loss': '0.005411', 'grad_norm': '0.13', 'learning_rate': '1.839e-05', 'epoch': '8.058'}
{'loss': '0.003362', 'grad_norm': '0.08027', 'learning_rate': '1.839e-05', 'epoch': '8.064'}
{'loss': '0.04125', 'grad_norm': '0.02127', 'learning_rate': '1.839e-05', 'epoch': '8.07'}
{'loss': '0.03473', 'grad_norm': '0.05864', 'learning_rate': '1.838e-05', 'epoch': '8.076'}
{'loss': '0.0183', 'grad_norm': '3.572', 'learning_rate': '1.838e-05', 'epoch': '8.082'}
{'loss': '0.006051', 'grad_norm': '3.594', 'learning_rate': '1.838e-05', 'epoch': '8.088'}
{'loss': '0.005558', 'grad_norm': '0.03151', 'learning_rate': '1.838e-05', 'epoch': '8.094'}
{'loss': '0.01934', 'grad_norm': '0.03105', 'learning_rate': '1.838e-05', 'epoch': '8.1'}
{'loss': '0.02168', 'grad_norm': '0.004979', 'learning_rate': '1.838e-05', 'epoch': '8.106'}
{'loss': '0.03302', 'grad_norm': '0.01155', 'learning_rate': '1.838e-05', 'epoch': '8.113'}
{'loss': '0.0005414', 'grad_norm': '0.02255', 'learning_rate': '1.838e-05', 'epoch': '8.119'}
{'loss': '0.03072', 'grad_norm': '0.02413', 'learning_rate': '1.838e-05', 'epoch': '8.125'}
{'loss': '0.03331', 'grad_norm': '0.4304', 'learning_rate': '1.837e-05', 'epoch': '8.131'}
{'loss': '0.01396', 'grad_norm': '0.04277', 'learning_rate': '1.837e-05', 'epoch': '8.137'}
{'loss': '0.05671', 'grad_norm': '0.009715', 'learning_rate': '1.837e-05', 'epoch': '8.143'}
{'loss': '0.004901', 'grad_norm': '1.539', 'learning_rate': '1.837e-05', 'epoch': '8.149'}
{'loss': '0.02418', 'grad_norm': '1.228', 'learning_rate': '1.837e-05', 'epoch': '8.155'}
{'loss': '0.01721', 'grad_norm': '6.238', 'learning_rate': '1.837e-05', 'epoch': '8.161'}
{'loss': '0.04642', 'grad_norm': '0.03545', 'learning_rate': '1.837e-05', 'epoch': '8.167'}
{'loss': '0.008178', 'grad_norm': '1.78', 'learning_rate': '1.837e-05', 'epoch': '8.173'}
{'loss': '0.05142', 'grad_norm': '0.694', 'learning_rate': '1.836e-05', 'epoch': '8.179'}
{'loss': '0.005364', 'grad_norm': '0.01966', 'learning_rate': '1.836e-05', 'epoch': '8.185'}
{'loss': '0.03225', 'grad_norm': '10.25', 'learning_rate': '1.836e-05', 'epoch': '8.191'}
{'loss': '0.003177', 'grad_norm': '0.01395', 'learning_rate': '1.836e-05', 'epoch': '8.197'}
{'loss': '0.03176', 'grad_norm': '0.2381', 'learning_rate': '1.836e-05', 'epoch': '8.203'}
{'loss': '0.01417', 'grad_norm': '0.06399', 'learning_rate': '1.836e-05', 'epoch': '8.209'}
{'loss': '0.02859', 'grad_norm': '1.507', 'learning_rate': '1.836e-05', 'epoch': '8.215'}
{'loss': '0.008007', 'grad_norm': '0.2227', 'learning_rate': '1.836e-05', 'epoch': '8.221'}
{'loss': '0.02122', 'grad_norm': '0.03805', 'learning_rate': '1.835e-05', 'epoch': '8.227'}
{'loss': '0.01677', 'grad_norm': '0.08457', 'learning_rate': '1.835e-05', 'epoch': '8.234'}
{'loss': '0.03782', 'grad_norm': '4.068', 'learning_rate': '1.835e-05', 'epoch': '8.24'}
{'loss': '0.02905', 'grad_norm': '0.005978', 'learning_rate': '1.835e-05', 'epoch': '8.246'}
{'loss': '0.01314', 'grad_norm': '0.017', 'learning_rate': '1.835e-05', 'epoch': '8.252'}
{'loss': '0.02647', 'grad_norm': '17.97', 'learning_rate': '1.835e-05', 'epoch': '8.258'}
{'loss': '0.001442', 'grad_norm': '0.1683', 'learning_rate': '1.835e-05', 'epoch': '8.264'}
{'loss': '0.02824', 'grad_norm': '0.116', 'learning_rate': '1.835e-05', 'epoch': '8.27'}
{'loss': '0.004485', 'grad_norm': '0.0216', 'learning_rate': '1.834e-05', 'epoch': '8.276'}
{'loss': '0.04815', 'grad_norm': '5.07', 'learning_rate': '1.834e-05', 'epoch': '8.282'}
{'loss': '0.0698', 'grad_norm': '9.623', 'learning_rate': '1.834e-05', 'epoch': '8.288'}
{'loss': '0.02477', 'grad_norm': '0.6113', 'learning_rate': '1.834e-05', 'epoch': '8.294'}
{'loss': '0.02312', 'grad_norm': '0.01009', 'learning_rate': '1.834e-05', 'epoch': '8.3'}
{'loss': '0.01581', 'grad_norm': '0.000949', 'learning_rate': '1.834e-05', 'epoch': '8.306'}
{'loss': '0.003775', 'grad_norm': '0.202', 'learning_rate': '1.834e-05', 'epoch': '8.312'}
{'loss': '0.01514', 'grad_norm': '0.009636', 'learning_rate': '1.834e-05', 'epoch': '8.318'}
{'loss': '0.03606', 'grad_norm': '0.8016', 'learning_rate': '1.834e-05', 'epoch': '8.324'}
{'loss': '0.02109', 'grad_norm': '0.3176', 'learning_rate': '1.833e-05', 'epoch': '8.33'}
{'loss': '0.01266', 'grad_norm': '2.128', 'learning_rate': '1.833e-05', 'epoch': '8.336'}
{'loss': '0.0136', 'grad_norm': '1.232', 'learning_rate': '1.833e-05', 'epoch': '8.342'}
{'loss': '0.03777', 'grad_norm': '4.87', 'learning_rate': '1.833e-05', 'epoch': '8.348'}
{'loss': '0.0267', 'grad_norm': '0.8981', 'learning_rate': '1.833e-05', 'epoch': '8.355'}
{'loss': '0.01791', 'grad_norm': '0.003979', 'learning_rate': '1.833e-05', 'epoch': '8.361'}
{'loss': '0.01067', 'grad_norm': '0.002418', 'learning_rate': '1.833e-05', 'epoch': '8.367'}
{'loss': '0.0109', 'grad_norm': '0.01059', 'learning_rate': '1.833e-05', 'epoch': '8.373'}
{'loss': '0.02293', 'grad_norm': '0.1055', 'learning_rate': '1.832e-05', 'epoch': '8.379'}
{'loss': '0.003926', 'grad_norm': '2.302', 'learning_rate': '1.832e-05', 'epoch': '8.385'}
{'loss': '0.006566', 'grad_norm': '0.2278', 'learning_rate': '1.832e-05', 'epoch': '8.391'}
{'loss': '0.002348', 'grad_norm': '3.745', 'learning_rate': '1.832e-05', 'epoch': '8.397'}
{'loss': '0.04143', 'grad_norm': '0.7999', 'learning_rate': '1.832e-05', 'epoch': '8.403'}
{'loss': '0.04057', 'grad_norm': '11.44', 'learning_rate': '1.832e-05', 'epoch': '8.409'}
{'loss': '0.01581', 'grad_norm': '10.5', 'learning_rate': '1.832e-05', 'epoch': '8.415'}
{'loss': '0.02174', 'grad_norm': '0.0111', 'learning_rate': '1.832e-05', 'epoch': '8.421'}
{'loss': '0.0009343', 'grad_norm': '0.0559', 'learning_rate': '1.831e-05', 'epoch': '8.427'}
{'loss': '0.04496', 'grad_norm': '3.531', 'learning_rate': '1.831e-05', 'epoch': '8.433'}
{'loss': '0.002001', 'grad_norm': '0.4258', 'learning_rate': '1.831e-05', 'epoch': '8.439'}
{'loss': '0.01458', 'grad_norm': '1.135', 'learning_rate': '1.831e-05', 'epoch': '8.445'}
{'loss': '0.01336', 'grad_norm': '0.00244', 'learning_rate': '1.831e-05', 'epoch': '8.451'}
{'loss': '0.003842', 'grad_norm': '0.01205', 'learning_rate': '1.831e-05', 'epoch': '8.457'}
{'loss': '0.009057', 'grad_norm': '0.006061', 'learning_rate': '1.831e-05', 'epoch': '8.463'}
{'loss': '0.01806', 'grad_norm': '0.0005954', 'learning_rate': '1.831e-05', 'epoch': '8.469'}
{'loss': '0.02487', 'grad_norm': '0.02967', 'learning_rate': '1.831e-05', 'epoch': '8.475'}
{'loss': '0.01522', 'grad_norm': '0.003277', 'learning_rate': '1.83e-05', 'epoch': '8.482'}
{'loss': '0.004128', 'grad_norm': '3.419', 'learning_rate': '1.83e-05', 'epoch': '8.488'}
{'loss': '0.01796', 'grad_norm': '0.0007561', 'learning_rate': '1.83e-05', 'epoch': '8.494'}
{'loss': '0.01992', 'grad_norm': '0.03057', 'learning_rate': '1.83e-05', 'epoch': '8.5'}
{'loss': '0.01738', 'grad_norm': '44.87', 'learning_rate': '1.83e-05', 'epoch': '8.506'}
{'loss': '0.008775', 'grad_norm': '0.1561', 'learning_rate': '1.83e-05', 'epoch': '8.512'}
{'loss': '0.03178', 'grad_norm': '12.76', 'learning_rate': '1.83e-05', 'epoch': '8.518'}
{'loss': '0.04958', 'grad_norm': '0.03052', 'learning_rate': '1.83e-05', 'epoch': '8.524'}
{'loss': '0.01211', 'grad_norm': '6.089', 'learning_rate': '1.829e-05', 'epoch': '8.53'}
{'loss': '0.03089', 'grad_norm': '0.02', 'learning_rate': '1.829e-05', 'epoch': '8.536'}
{'loss': '0.007884', 'grad_norm': '0.3157', 'learning_rate': '1.829e-05', 'epoch': '8.542'}
{'loss': '0.02645', 'grad_norm': '8.763', 'learning_rate': '1.829e-05', 'epoch': '8.548'}
{'loss': '0.02053', 'grad_norm': '0.01949', 'learning_rate': '1.829e-05', 'epoch': '8.554'}
{'loss': '0.03614', 'grad_norm': '0.03108', 'learning_rate': '1.829e-05', 'epoch': '8.56'}
{'loss': '0.007258', 'grad_norm': '0.9563', 'learning_rate': '1.829e-05', 'epoch': '8.566'}
{'loss': '0.02677', 'grad_norm': '0.07609', 'learning_rate': '1.829e-05', 'epoch': '8.572'}
{'loss': '0.03097', 'grad_norm': '0.3704', 'learning_rate': '1.828e-05', 'epoch': '8.578'}
{'loss': '0.01985', 'grad_norm': '0.004472', 'learning_rate': '1.828e-05', 'epoch': '8.584'}
{'loss': '0.003706', 'grad_norm': '0.01383', 'learning_rate': '1.828e-05', 'epoch': '8.59'}
{'loss': '0.02882', 'grad_norm': '0.3775', 'learning_rate': '1.828e-05', 'epoch': '8.596'}
{'loss': '0.006879', 'grad_norm': '0.03908', 'learning_rate': '1.828e-05', 'epoch': '8.603'}
{'loss': '0.02022', 'grad_norm': '0.9385', 'learning_rate': '1.828e-05', 'epoch': '8.609'}
{'loss': '0.00097', 'grad_norm': '0.1659', 'learning_rate': '1.828e-05', 'epoch': '8.615'}
{'loss': '0.05779', 'grad_norm': '9.184', 'learning_rate': '1.828e-05', 'epoch': '8.621'}
{'loss': '0.03176', 'grad_norm': '0.003945', 'learning_rate': '1.827e-05', 'epoch': '8.627'}
{'loss': '0.036', 'grad_norm': '0.004454', 'learning_rate': '1.827e-05', 'epoch': '8.633'}
{'loss': '0.007205', 'grad_norm': '0.3229', 'learning_rate': '1.827e-05', 'epoch': '8.639'}
{'loss': '0.0141', 'grad_norm': '0.007202', 'learning_rate': '1.827e-05', 'epoch': '8.645'}
{'loss': '0.04775', 'grad_norm': '0.3893', 'learning_rate': '1.827e-05', 'epoch': '8.651'}
{'loss': '0.01568', 'grad_norm': '13.03', 'learning_rate': '1.827e-05', 'epoch': '8.657'}
{'loss': '0.02349', 'grad_norm': '2.45', 'learning_rate': '1.827e-05', 'epoch': '8.663'}
{'loss': '0.02935', 'grad_norm': '0.007009', 'learning_rate': '1.827e-05', 'epoch': '8.669'}
{'loss': '0.04937', 'grad_norm': '18.79', 'learning_rate': '1.827e-05', 'epoch': '8.675'}
{'loss': '0.01705', 'grad_norm': '8.36', 'learning_rate': '1.826e-05', 'epoch': '8.681'}
{'loss': '0.02298', 'grad_norm': '0.5351', 'learning_rate': '1.826e-05', 'epoch': '8.687'}
{'loss': '0.04401', 'grad_norm': '0.08714', 'learning_rate': '1.826e-05', 'epoch': '8.693'}
{'loss': '0.03788', 'grad_norm': '4.05', 'learning_rate': '1.826e-05', 'epoch': '8.699'}
{'loss': '0.03147', 'grad_norm': '0.003907', 'learning_rate': '1.826e-05', 'epoch': '8.705'}
{'loss': '0.04066', 'grad_norm': '0.02206', 'learning_rate': '1.826e-05', 'epoch': '8.711'}
{'loss': '0.005187', 'grad_norm': '0.5614', 'learning_rate': '1.826e-05', 'epoch': '8.717'}
{'loss': '0.008762', 'grad_norm': '0.4951', 'learning_rate': '1.826e-05', 'epoch': '8.724'}
{'loss': '0.006793', 'grad_norm': '1.082', 'learning_rate': '1.825e-05', 'epoch': '8.73'}
{'loss': '0.02299', 'grad_norm': '0.09327', 'learning_rate': '1.825e-05', 'epoch': '8.736'}
{'loss': '0.009578', 'grad_norm': '4.814', 'learning_rate': '1.825e-05', 'epoch': '8.742'}
{'loss': '0.04373', 'grad_norm': '11.37', 'learning_rate': '1.825e-05', 'epoch': '8.748'}
{'loss': '0.006569', 'grad_norm': '0.03397', 'learning_rate': '1.825e-05', 'epoch': '8.754'}
{'loss': '0.01599', 'grad_norm': '8.175', 'learning_rate': '1.825e-05', 'epoch': '8.76'}
{'loss': '0.01132', 'grad_norm': '2.621', 'learning_rate': '1.825e-05', 'epoch': '8.766'}
{'loss': '0.007189', 'grad_norm': '0.02121', 'learning_rate': '1.825e-05', 'epoch': '8.772'}
{'loss': '0.005208', 'grad_norm': '0.1097', 'learning_rate': '1.824e-05', 'epoch': '8.778'}
{'loss': '0.006881', 'grad_norm': '0.006679', 'learning_rate': '1.824e-05', 'epoch': '8.784'}
{'loss': '0.01368', 'grad_norm': '0.0007443', 'learning_rate': '1.824e-05', 'epoch': '8.79'}
{'loss': '0.03252', 'grad_norm': '16.89', 'learning_rate': '1.824e-05', 'epoch': '8.796'}
{'loss': '0.02365', 'grad_norm': '28.22', 'learning_rate': '1.824e-05', 'epoch': '8.802'}
{'loss': '0.01302', 'grad_norm': '0.003518', 'learning_rate': '1.824e-05', 'epoch': '8.808'}
{'loss': '0.06124', 'grad_norm': '15.39', 'learning_rate': '1.824e-05', 'epoch': '8.814'}
{'loss': '0.005543', 'grad_norm': '0.03678', 'learning_rate': '1.824e-05', 'epoch': '8.82'}
{'loss': '0.04662', 'grad_norm': '0.7806', 'learning_rate': '1.823e-05', 'epoch': '8.826'}
{'loss': '0.0267', 'grad_norm': '0.01219', 'learning_rate': '1.823e-05', 'epoch': '8.832'}
{'loss': '0.001106', 'grad_norm': '0.76', 'learning_rate': '1.823e-05', 'epoch': '8.838'}
{'loss': '0.003208', 'grad_norm': '0.02491', 'learning_rate': '1.823e-05', 'epoch': '8.845'}
{'loss': '0.02338', 'grad_norm': '0.04685', 'learning_rate': '1.823e-05', 'epoch': '8.851'}
{'loss': '0.01998', 'grad_norm': '0.01833', 'learning_rate': '1.823e-05', 'epoch': '8.857'}
{'loss': '0.02964', 'grad_norm': '0.6646', 'learning_rate': '1.823e-05', 'epoch': '8.863'}
{'loss': '0.05857', 'grad_norm': '0.09868', 'learning_rate': '1.823e-05', 'epoch': '8.869'}
{'loss': '0.01465', 'grad_norm': '0.01763', 'learning_rate': '1.823e-05', 'epoch': '8.875'}
{'loss': '0.02738', 'grad_norm': '14.48', 'learning_rate': '1.822e-05', 'epoch': '8.881'}
{'loss': '0.002373', 'grad_norm': '0.004425', 'learning_rate': '1.822e-05', 'epoch': '8.887'}
{'loss': '0.02917', 'grad_norm': '11.03', 'learning_rate': '1.822e-05', 'epoch': '8.893'}
{'loss': '0.0532', 'grad_norm': '6.355', 'learning_rate': '1.822e-05', 'epoch': '8.899'}
{'loss': '0.0487', 'grad_norm': '0.01237', 'learning_rate': '1.822e-05', 'epoch': '8.905'}
{'loss': '0.03512', 'grad_norm': '0.02796', 'learning_rate': '1.822e-05', 'epoch': '8.911'}
{'loss': '0.01407', 'grad_norm': '0.04693', 'learning_rate': '1.822e-05', 'epoch': '8.917'}
{'loss': '0.03148', 'grad_norm': '6.04', 'learning_rate': '1.822e-05', 'epoch': '8.923'}
{'loss': '0.04804', 'grad_norm': '9.283', 'learning_rate': '1.821e-05', 'epoch': '8.929'}
{'loss': '0.007965', 'grad_norm': '2.802', 'learning_rate': '1.821e-05', 'epoch': '8.935'}
{'loss': '0.03464', 'grad_norm': '0.07098', 'learning_rate': '1.821e-05', 'epoch': '8.941'}
{'loss': '0.02925', 'grad_norm': '0.004587', 'learning_rate': '1.821e-05', 'epoch': '8.947'}
{'loss': '0.0246', 'grad_norm': '0.4313', 'learning_rate': '1.821e-05', 'epoch': '8.953'}
{'loss': '0.02331', 'grad_norm': '1.048', 'learning_rate': '1.821e-05', 'epoch': '8.959'}
{'loss': '0.02388', 'grad_norm': '14.28', 'learning_rate': '1.821e-05', 'epoch': '8.966'}
{'loss': '0.01195', 'grad_norm': '5.494', 'learning_rate': '1.821e-05', 'epoch': '8.972'}
{'loss': '0.02133', 'grad_norm': '6.703', 'learning_rate': '1.82e-05', 'epoch': '8.978'}
{'loss': '0.06162', 'grad_norm': '0.00733', 'learning_rate': '1.82e-05', 'epoch': '8.984'}
{'loss': '0.0296', 'grad_norm': '17.24', 'learning_rate': '1.82e-05', 'epoch': '8.99'}
{'loss': '0.02298', 'grad_norm': '0.002557', 'learning_rate': '1.82e-05', 'epoch': '8.996'}
{'eval_loss': '0.9067', 'eval_accuracy': '0.8882', 'eval_precision': '0.8847', 'eval_recall': '0.9261', 'eval_f1': '0.9049', 'eval_runtime': '11.3', 'eval_samples_per_second': '1125', 'eval_steps_per_second': '17.61', 'epoch': '9'}
{'loss': '0.04251', 'grad_norm': '0.004328', 'learning_rate': '1.82e-05', 'epoch': '9.002'}
{'loss': '0.007517', 'grad_norm': '0.02051', 'learning_rate': '1.82e-05', 'epoch': '9.008'}
{'loss': '0.03881', 'grad_norm': '4.388', 'learning_rate': '1.82e-05', 'epoch': '9.014'}
{'loss': '0.04184', 'grad_norm': '0.008509', 'learning_rate': '1.82e-05', 'epoch': '9.02'}
{'loss': '0.03697', 'grad_norm': '0.00998', 'learning_rate': '1.819e-05', 'epoch': '9.026'}
{'loss': '0.02081', 'grad_norm': '0.00165', 'learning_rate': '1.819e-05', 'epoch': '9.032'}
{'loss': '0.0008693', 'grad_norm': '0.0052', 'learning_rate': '1.819e-05', 'epoch': '9.038'}
{'loss': '0.009492', 'grad_norm': '0.009976', 'learning_rate': '1.819e-05', 'epoch': '9.044'}
{'loss': '0.01274', 'grad_norm': '0.7153', 'learning_rate': '1.819e-05', 'epoch': '9.05'}
{'loss': '0.01478', 'grad_norm': '0.009935', 'learning_rate': '1.819e-05', 'epoch': '9.056'}
{'loss': '0.008149', 'grad_norm': '0.02015', 'learning_rate': '1.819e-05', 'epoch': '9.062'}
{'loss': '0.01105', 'grad_norm': '0.00865', 'learning_rate': '1.819e-05', 'epoch': '9.068'}
{'loss': '0.00144', 'grad_norm': '0.799', 'learning_rate': '1.819e-05', 'epoch': '9.074'}
{'loss': '0.03225', 'grad_norm': '0.02364', 'learning_rate': '1.818e-05', 'epoch': '9.08'}
{'loss': '0.03285', 'grad_norm': '0.3015', 'learning_rate': '1.818e-05', 'epoch': '9.087'}
{'loss': '0.02939', 'grad_norm': '0.03233', 'learning_rate': '1.818e-05', 'epoch': '9.093'}
{'loss': '0.01501', 'grad_norm': '3.332', 'learning_rate': '1.818e-05', 'epoch': '9.099'}
{'loss': '0.01601', 'grad_norm': '0.764', 'learning_rate': '1.818e-05', 'epoch': '9.105'}
{'loss': '0.05921', 'grad_norm': '3.696', 'learning_rate': '1.818e-05', 'epoch': '9.111'}
{'loss': '0.008592', 'grad_norm': '0.001299', 'learning_rate': '1.818e-05', 'epoch': '9.117'}
{'loss': '0.001226', 'grad_norm': '0.005331', 'learning_rate': '1.818e-05', 'epoch': '9.123'}
{'loss': '0.002165', 'grad_norm': '0.6732', 'learning_rate': '1.817e-05', 'epoch': '9.129'}
{'loss': '0.004453', 'grad_norm': '0.09297', 'learning_rate': '1.817e-05', 'epoch': '9.135'}
{'loss': '0.01235', 'grad_norm': '0.002462', 'learning_rate': '1.817e-05', 'epoch': '9.141'}
{'loss': '0.02463', 'grad_norm': '2.01', 'learning_rate': '1.817e-05', 'epoch': '9.147'}
{'loss': '0.001528', 'grad_norm': '0.00679', 'learning_rate': '1.817e-05', 'epoch': '9.153'}
{'loss': '0.003204', 'grad_norm': '0.2072', 'learning_rate': '1.817e-05', 'epoch': '9.159'}
{'loss': '0.01828', 'grad_norm': '0.01233', 'learning_rate': '1.817e-05', 'epoch': '9.165'}
{'loss': '0.006033', 'grad_norm': '0.6469', 'learning_rate': '1.817e-05', 'epoch': '9.171'}
{'loss': '0.04564', 'grad_norm': '0.3849', 'learning_rate': '1.816e-05', 'epoch': '9.177'}
{'loss': '0.01371', 'grad_norm': '0.02219', 'learning_rate': '1.816e-05', 'epoch': '9.183'}
{'loss': '0.01092', 'grad_norm': '0.01207', 'learning_rate': '1.816e-05', 'epoch': '9.189'}
{'loss': '0.01831', 'grad_norm': '0.272', 'learning_rate': '1.816e-05', 'epoch': '9.195'}
{'loss': '0.03353', 'grad_norm': '0.2496', 'learning_rate': '1.816e-05', 'epoch': '9.201'}
{'loss': '0.01302', 'grad_norm': '5.507', 'learning_rate': '1.816e-05', 'epoch': '9.208'}
{'loss': '0.03964', 'grad_norm': '18.59', 'learning_rate': '1.816e-05', 'epoch': '9.214'}
{'loss': '0.03622', 'grad_norm': '5.996', 'learning_rate': '1.816e-05', 'epoch': '9.22'}
{'loss': '0.02357', 'grad_norm': '0.0831', 'learning_rate': '1.815e-05', 'epoch': '9.226'}
{'loss': '0.001997', 'grad_norm': '0.009602', 'learning_rate': '1.815e-05', 'epoch': '9.232'}
{'loss': '0.05039', 'grad_norm': '0.00261', 'learning_rate': '1.815e-05', 'epoch': '9.238'}
{'loss': '0.01521', 'grad_norm': '25.19', 'learning_rate': '1.815e-05', 'epoch': '9.244'}
{'loss': '0.007395', 'grad_norm': '0.002592', 'learning_rate': '1.815e-05', 'epoch': '9.25'}
{'loss': '0.01258', 'grad_norm': '0.224', 'learning_rate': '1.815e-05', 'epoch': '9.256'}
{'loss': '0.01425', 'grad_norm': '0.001512', 'learning_rate': '1.815e-05', 'epoch': '9.262'}
{'loss': '0.02069', 'grad_norm': '2.9', 'learning_rate': '1.815e-05', 'epoch': '9.268'}
{'loss': '0.008615', 'grad_norm': '3.915', 'learning_rate': '1.815e-05', 'epoch': '9.274'}
{'loss': '0.04769', 'grad_norm': '8.89', 'learning_rate': '1.814e-05', 'epoch': '9.28'}
{'loss': '0.008819', 'grad_norm': '0.02848', 'learning_rate': '1.814e-05', 'epoch': '9.286'}
{'loss': '0.06418', 'grad_norm': '7.464', 'learning_rate': '1.814e-05', 'epoch': '9.292'}
{'loss': '0.01363', 'grad_norm': '0.009947', 'learning_rate': '1.814e-05', 'epoch': '9.298'}
{'loss': '0.02729', 'grad_norm': '13.18', 'learning_rate': '1.814e-05', 'epoch': '9.304'}
{'loss': '0.007523', 'grad_norm': '0.01116', 'learning_rate': '1.814e-05', 'epoch': '9.31'}
{'loss': '0.009618', 'grad_norm': '0.06031', 'learning_rate': '1.814e-05', 'epoch': '9.316'}
{'loss': '0.04127', 'grad_norm': '8.553', 'learning_rate': '1.814e-05', 'epoch': '9.322'}
{'loss': '0.0003399', 'grad_norm': '0.01194', 'learning_rate': '1.813e-05', 'epoch': '9.328'}
{'loss': '0.01817', 'grad_norm': '0.006428', 'learning_rate': '1.813e-05', 'epoch': '9.335'}
{'loss': '0.03044', 'grad_norm': '5.323', 'learning_rate': '1.813e-05', 'epoch': '9.341'}
{'loss': '0.04181', 'grad_norm': '0.002971', 'learning_rate': '1.813e-05', 'epoch': '9.347'}
{'loss': '0.01111', 'grad_norm': '0.02653', 'learning_rate': '1.813e-05', 'epoch': '9.353'}
{'loss': '0.0007668', 'grad_norm': '1.711', 'learning_rate': '1.813e-05', 'epoch': '9.359'}
{'loss': '0.01996', 'grad_norm': '4.945', 'learning_rate': '1.813e-05', 'epoch': '9.365'}
{'loss': '0.0373', 'grad_norm': '1.787', 'learning_rate': '1.813e-05', 'epoch': '9.371'}
{'loss': '0.01373', 'grad_norm': '0.01132', 'learning_rate': '1.812e-05', 'epoch': '9.377'}
{'loss': '0.02603', 'grad_norm': '0.3172', 'learning_rate': '1.812e-05', 'epoch': '9.383'}
{'loss': '0.02721', 'grad_norm': '19.58', 'learning_rate': '1.812e-05', 'epoch': '9.389'}
{'loss': '0.004427', 'grad_norm': '0.01478', 'learning_rate': '1.812e-05', 'epoch': '9.395'}
{'loss': '0.04588', 'grad_norm': '9.257', 'learning_rate': '1.812e-05', 'epoch': '9.401'}
{'loss': '0.02349', 'grad_norm': '0.0004149', 'learning_rate': '1.812e-05', 'epoch': '9.407'}
{'loss': '0.03628', 'grad_norm': '1.401', 'learning_rate': '1.812e-05', 'epoch': '9.413'}
{'loss': '0.00114', 'grad_norm': '0.03622', 'learning_rate': '1.812e-05', 'epoch': '9.419'}
{'loss': '0.02635', 'grad_norm': '0.5105', 'learning_rate': '1.812e-05', 'epoch': '9.425'}
{'loss': '0.03492', 'grad_norm': '0.005181', 'learning_rate': '1.811e-05', 'epoch': '9.431'}
{'loss': '0.01328', 'grad_norm': '0.3082', 'learning_rate': '1.811e-05', 'epoch': '9.437'}
{'loss': '0.003626', 'grad_norm': '7.825', 'learning_rate': '1.811e-05', 'epoch': '9.443'}
{'loss': '0.01443', 'grad_norm': '0.0003226', 'learning_rate': '1.811e-05', 'epoch': '9.449'}
{'loss': '0.01484', 'grad_norm': '0.7402', 'learning_rate': '1.811e-05', 'epoch': '9.456'}
{'loss': '0.04266', 'grad_norm': '3.265', 'learning_rate': '1.811e-05', 'epoch': '9.462'}
{'loss': '0.08363', 'grad_norm': '0.221', 'learning_rate': '1.811e-05', 'epoch': '9.468'}
{'loss': '0.003675', 'grad_norm': '0.1143', 'learning_rate': '1.811e-05', 'epoch': '9.474'}
{'loss': '0.04916', 'grad_norm': '1.65', 'learning_rate': '1.81e-05', 'epoch': '9.48'}
{'loss': '0.00501', 'grad_norm': '0.356', 'learning_rate': '1.81e-05', 'epoch': '9.486'}
{'loss': '0.0006853', 'grad_norm': '0.01449', 'learning_rate': '1.81e-05', 'epoch': '9.492'}
{'loss': '0.05529', 'grad_norm': '14.61', 'learning_rate': '1.81e-05', 'epoch': '9.498'}
{'loss': '0.02123', 'grad_norm': '12.2', 'learning_rate': '1.81e-05', 'epoch': '9.504'}
{'loss': '0.02686', 'grad_norm': '0.003951', 'learning_rate': '1.81e-05', 'epoch': '9.51'}
{'loss': '0.00144', 'grad_norm': '0.00252', 'learning_rate': '1.81e-05', 'epoch': '9.516'}
{'loss': '0.00374', 'grad_norm': '0.005408', 'learning_rate': '1.81e-05', 'epoch': '9.522'}
{'loss': '0.008891', 'grad_norm': '0.01654', 'learning_rate': '1.809e-05', 'epoch': '9.528'}
{'loss': '0.003585', 'grad_norm': '0.4473', 'learning_rate': '1.809e-05', 'epoch': '9.534'}
{'loss': '0.001073', 'grad_norm': '0.01175', 'learning_rate': '1.809e-05', 'epoch': '9.54'}
{'loss': '0.01906', 'grad_norm': '0.0417', 'learning_rate': '1.809e-05', 'epoch': '9.546'}
{'loss': '0.02016', 'grad_norm': '0.003517', 'learning_rate': '1.809e-05', 'epoch': '9.552'}
{'loss': '0.03109', 'grad_norm': '0.02757', 'learning_rate': '1.809e-05', 'epoch': '9.558'}
{'loss': '0.03522', 'grad_norm': '0.002918', 'learning_rate': '1.809e-05', 'epoch': '9.564'}
{'loss': '0.005219', 'grad_norm': '7.799', 'learning_rate': '1.809e-05', 'epoch': '9.57'}
{'loss': '0.02086', 'grad_norm': '0.6568', 'learning_rate': '1.808e-05', 'epoch': '9.577'}
{'loss': '0.0005465', 'grad_norm': '2.452', 'learning_rate': '1.808e-05', 'epoch': '9.583'}
{'loss': '0.05719', 'grad_norm': '0.06482', 'learning_rate': '1.808e-05', 'epoch': '9.589'}
{'loss': '0.001332', 'grad_norm': '0.007771', 'learning_rate': '1.808e-05', 'epoch': '9.595'}
{'loss': '0.01189', 'grad_norm': '0.009441', 'learning_rate': '1.808e-05', 'epoch': '9.601'}
{'loss': '0.03372', 'grad_norm': '0.09515', 'learning_rate': '1.808e-05', 'epoch': '9.607'}
{'loss': '0.007347', 'grad_norm': '0.8734', 'learning_rate': '1.808e-05', 'epoch': '9.613'}
{'loss': '0.008481', 'grad_norm': '0.005123', 'learning_rate': '1.808e-05', 'epoch': '9.619'}
{'loss': '0.01848', 'grad_norm': '0.0005863', 'learning_rate': '1.808e-05', 'epoch': '9.625'}
{'loss': '0.001187', 'grad_norm': '0.005762', 'learning_rate': '1.807e-05', 'epoch': '9.631'}
{'loss': '0.03166', 'grad_norm': '0.003203', 'learning_rate': '1.807e-05', 'epoch': '9.637'}
{'loss': '0.01159', 'grad_norm': '0.2627', 'learning_rate': '1.807e-05', 'epoch': '9.643'}
{'loss': '0.05805', 'grad_norm': '0.3044', 'learning_rate': '1.807e-05', 'epoch': '9.649'}
{'loss': '0.04943', 'grad_norm': '4.518', 'learning_rate': '1.807e-05', 'epoch': '9.655'}
{'loss': '0.001647', 'grad_norm': '0.05862', 'learning_rate': '1.807e-05', 'epoch': '9.661'}
{'loss': '0.001548', 'grad_norm': '0.02023', 'learning_rate': '1.807e-05', 'epoch': '9.667'}
{'loss': '0.00119', 'grad_norm': '0.02297', 'learning_rate': '1.807e-05', 'epoch': '9.673'}
{'loss': '0.02506', 'grad_norm': '0.01047', 'learning_rate': '1.806e-05', 'epoch': '9.679'}
{'loss': '0.02265', 'grad_norm': '0.01191', 'learning_rate': '1.806e-05', 'epoch': '9.685'}
{'loss': '0.002117', 'grad_norm': '0.003006', 'learning_rate': '1.806e-05', 'epoch': '9.691'}
{'loss': '0.005813', 'grad_norm': '0.00144', 'learning_rate': '1.806e-05', 'epoch': '9.698'}
{'loss': '0.0128', 'grad_norm': '0.2237', 'learning_rate': '1.806e-05', 'epoch': '9.704'}
{'loss': '0.01346', 'grad_norm': '0.002043', 'learning_rate': '1.806e-05', 'epoch': '9.71'}
{'loss': '0.02413', 'grad_norm': '0.8414', 'learning_rate': '1.806e-05', 'epoch': '9.716'}
{'loss': '0.04019', 'grad_norm': '0.0286', 'learning_rate': '1.806e-05', 'epoch': '9.722'}
{'loss': '0.05107', 'grad_norm': '0.01136', 'learning_rate': '1.805e-05', 'epoch': '9.728'}
{'loss': '0.005355', 'grad_norm': '0.5832', 'learning_rate': '1.805e-05', 'epoch': '9.734'}
{'loss': '0.001815', 'grad_norm': '0.1592', 'learning_rate': '1.805e-05', 'epoch': '9.74'}
{'loss': '0.000533', 'grad_norm': '0.0817', 'learning_rate': '1.805e-05', 'epoch': '9.746'}
{'loss': '0.01096', 'grad_norm': '0.03751', 'learning_rate': '1.805e-05', 'epoch': '9.752'}
{'loss': '0.008894', 'grad_norm': '0.002487', 'learning_rate': '1.805e-05', 'epoch': '9.758'}
{'loss': '0.02059', 'grad_norm': '1.463', 'learning_rate': '1.805e-05', 'epoch': '9.764'}
{'loss': '0.02692', 'grad_norm': '0.05529', 'learning_rate': '1.805e-05', 'epoch': '9.77'}
{'loss': '0.05482', 'grad_norm': '0.01115', 'learning_rate': '1.804e-05', 'epoch': '9.776'}
{'loss': '0.004428', 'grad_norm': '0.00626', 'learning_rate': '1.804e-05', 'epoch': '9.782'}
{'loss': '0.02653', 'grad_norm': '13.36', 'learning_rate': '1.804e-05', 'epoch': '9.788'}
{'loss': '0.01638', 'grad_norm': '0.008954', 'learning_rate': '1.804e-05', 'epoch': '9.794'}
{'loss': '0.01381', 'grad_norm': '5.539', 'learning_rate': '1.804e-05', 'epoch': '9.8'}
{'loss': '0.03169', 'grad_norm': '4.09', 'learning_rate': '1.804e-05', 'epoch': '9.806'}
{'loss': '0.06007', 'grad_norm': '56.75', 'learning_rate': '1.804e-05', 'epoch': '9.812'}
{'loss': '0.0216', 'grad_norm': '9.055', 'learning_rate': '1.804e-05', 'epoch': '9.819'}
{'loss': '0.005308', 'grad_norm': '5.842', 'learning_rate': '1.804e-05', 'epoch': '9.825'}
{'loss': '0.01747', 'grad_norm': '0.0007652', 'learning_rate': '1.803e-05', 'epoch': '9.831'}
{'loss': '0.008622', 'grad_norm': '0.05401', 'learning_rate': '1.803e-05', 'epoch': '9.837'}
{'loss': '0.0476', 'grad_norm': '0.01355', 'learning_rate': '1.803e-05', 'epoch': '9.843'}
{'loss': '0.002646', 'grad_norm': '4.405', 'learning_rate': '1.803e-05', 'epoch': '9.849'}
{'loss': '0.0003948', 'grad_norm': '0.01023', 'learning_rate': '1.803e-05', 'epoch': '9.855'}
{'loss': '0.03725', 'grad_norm': '0.7051', 'learning_rate': '1.803e-05', 'epoch': '9.861'}
{'loss': '0.009262', 'grad_norm': '0.01758', 'learning_rate': '1.803e-05', 'epoch': '9.867'}
{'loss': '0.001525', 'grad_norm': '3.471', 'learning_rate': '1.803e-05', 'epoch': '9.873'}
{'loss': '0.003667', 'grad_norm': '1.935', 'learning_rate': '1.802e-05', 'epoch': '9.879'}
{'loss': '0.01796', 'grad_norm': '0.04484', 'learning_rate': '1.802e-05', 'epoch': '9.885'}
{'loss': '0.008273', 'grad_norm': '0.05314', 'learning_rate': '1.802e-05', 'epoch': '9.891'}
{'loss': '0.007152', 'grad_norm': '0.000659', 'learning_rate': '1.802e-05', 'epoch': '9.897'}
{'loss': '0.02047', 'grad_norm': '0.238', 'learning_rate': '1.802e-05', 'epoch': '9.903'}
{'loss': '0.03883', 'grad_norm': '15.47', 'learning_rate': '1.802e-05', 'epoch': '9.909'}
{'loss': '0.01315', 'grad_norm': '0.1708', 'learning_rate': '1.802e-05', 'epoch': '9.915'}
{'loss': '0.04722', 'grad_norm': '0.5675', 'learning_rate': '1.802e-05', 'epoch': '9.921'}
{'loss': '0.03913', 'grad_norm': '1.101', 'learning_rate': '1.801e-05', 'epoch': '9.927'}
{'loss': '0.008044', 'grad_norm': '0.001248', 'learning_rate': '1.801e-05', 'epoch': '9.933'}
{'loss': '0.002043', 'grad_norm': '0.7176', 'learning_rate': '1.801e-05', 'epoch': '9.94'}
{'loss': '0.0007851', 'grad_norm': '0.1002', 'learning_rate': '1.801e-05', 'epoch': '9.946'}
{'loss': '0.001072', 'grad_norm': '0.08977', 'learning_rate': '1.801e-05', 'epoch': '9.952'}
{'loss': '0.01547', 'grad_norm': '3.43', 'learning_rate': '1.801e-05', 'epoch': '9.958'}
{'loss': '0.03473', 'grad_norm': '0.05067', 'learning_rate': '1.801e-05', 'epoch': '9.964'}
{'loss': '0.02162', 'grad_norm': '1.154', 'learning_rate': '1.801e-05', 'epoch': '9.97'}
{'loss': '0.002629', 'grad_norm': '0.02167', 'learning_rate': '1.8e-05', 'epoch': '9.976'}
{'loss': '0.001137', 'grad_norm': '0.08132', 'learning_rate': '1.8e-05', 'epoch': '9.982'}
{'loss': '0.003107', 'grad_norm': '0.05134', 'learning_rate': '1.8e-05', 'epoch': '9.988'}
{'loss': '0.02817', 'grad_norm': '6.072', 'learning_rate': '1.8e-05', 'epoch': '9.994'}
{'loss': '0.0265', 'grad_norm': '0.03122', 'learning_rate': '1.8e-05', 'epoch': '10'}
{'eval_loss': '0.86', 'eval_accuracy': '0.8986', 'eval_precision': '0.9092', 'eval_recall': '0.9148', 'eval_f1': '0.912', 'eval_runtime': '11.34', 'eval_samples_per_second': '1121', 'eval_steps_per_second': '17.56', 'epoch': '10'}
{'loss': '0.003188', 'grad_norm': '0.008511', 'learning_rate': '1.8e-05', 'epoch': '10.01'}
{'loss': '0.006491', 'grad_norm': '6.763', 'learning_rate': '1.8e-05', 'epoch': '10.01'}
{'loss': '0.01211', 'grad_norm': '0.01566', 'learning_rate': '1.8e-05', 'epoch': '10.02'}
{'loss': '0.001772', 'grad_norm': '0.304', 'learning_rate': '1.8e-05', 'epoch': '10.02'}
{'loss': '0.0117', 'grad_norm': '0.262', 'learning_rate': '1.799e-05', 'epoch': '10.03'}
{'loss': '0.0005417', 'grad_norm': '0.03378', 'learning_rate': '1.799e-05', 'epoch': '10.04'}
{'loss': '0.006512', 'grad_norm': '0.0007118', 'learning_rate': '1.799e-05', 'epoch': '10.04'}
{'loss': '0.008128', 'grad_norm': '1.167', 'learning_rate': '1.799e-05', 'epoch': '10.05'}
{'loss': '0.01675', 'grad_norm': '18.77', 'learning_rate': '1.799e-05', 'epoch': '10.05'}
{'loss': '0.006533', 'grad_norm': '0.02821', 'learning_rate': '1.799e-05', 'epoch': '10.06'}
{'loss': '0.01046', 'grad_norm': '0.006636', 'learning_rate': '1.799e-05', 'epoch': '10.07'}
{'loss': '0.01407', 'grad_norm': '0.00481', 'learning_rate': '1.799e-05', 'epoch': '10.07'}
{'loss': '0.007652', 'grad_norm': '8.31', 'learning_rate': '1.798e-05', 'epoch': '10.08'}
{'loss': '0.01883', 'grad_norm': '0.0905', 'learning_rate': '1.798e-05', 'epoch': '10.08'}
{'loss': '0.0145', 'grad_norm': '0.006123', 'learning_rate': '1.798e-05', 'epoch': '10.09'}
{'loss': '0.02167', 'grad_norm': '0.05319', 'learning_rate': '1.798e-05', 'epoch': '10.1'}
{'loss': '0.01085', 'grad_norm': '0.04826', 'learning_rate': '1.798e-05', 'epoch': '10.1'}
{'loss': '0.02592', 'grad_norm': '0.0007579', 'learning_rate': '1.798e-05', 'epoch': '10.11'}
{'loss': '0.004207', 'grad_norm': '9.358', 'learning_rate': '1.798e-05', 'epoch': '10.11'}
{'loss': '0.0004834', 'grad_norm': '0.501', 'learning_rate': '1.798e-05', 'epoch': '10.12'}
{'loss': '0.01488', 'grad_norm': '0.0005876', 'learning_rate': '1.797e-05', 'epoch': '10.13'}
{'loss': '0.003028', 'grad_norm': '0.02735', 'learning_rate': '1.797e-05', 'epoch': '10.13'}
{'loss': '0.03552', 'grad_norm': '0.011', 'learning_rate': '1.797e-05', 'epoch': '10.14'}
{'loss': '0.01328', 'grad_norm': '0.01422', 'learning_rate': '1.797e-05', 'epoch': '10.15'}
{'loss': '0.02851', 'grad_norm': '0.0002087', 'learning_rate': '1.797e-05', 'epoch': '10.15'}
{'loss': '0.01154', 'grad_norm': '0.001749', 'learning_rate': '1.797e-05', 'epoch': '10.16'}
{'loss': '0.01025', 'grad_norm': '0.0002884', 'learning_rate': '1.797e-05', 'epoch': '10.16'}
{'loss': '0.02013', 'grad_norm': '0.1056', 'learning_rate': '1.797e-05', 'epoch': '10.17'}
{'loss': '0.01334', 'grad_norm': '12.91', 'learning_rate': '1.797e-05', 'epoch': '10.18'}
{'loss': '0.07198', 'grad_norm': '0.004483', 'learning_rate': '1.796e-05', 'epoch': '10.18'}
{'loss': '0.02295', 'grad_norm': '0.01501', 'learning_rate': '1.796e-05', 'epoch': '10.19'}
{'loss': '0.002126', 'grad_norm': '0.00264', 'learning_rate': '1.796e-05', 'epoch': '10.19'}
{'loss': '0.03275', 'grad_norm': '0.4158', 'learning_rate': '1.796e-05', 'epoch': '10.2'}
{'loss': '0.05148', 'grad_norm': '9.646', 'learning_rate': '1.796e-05', 'epoch': '10.21'}
{'loss': '0.01648', 'grad_norm': '3.075', 'learning_rate': '1.796e-05', 'epoch': '10.21'}
{'loss': '0.02485', 'grad_norm': '0.005331', 'learning_rate': '1.796e-05', 'epoch': '10.22'}
{'loss': '0.002391', 'grad_norm': '1.018', 'learning_rate': '1.796e-05', 'epoch': '10.22'}
{'loss': '0.005389', 'grad_norm': '0.01535', 'learning_rate': '1.795e-05', 'epoch': '10.23'}
{'loss': '0.03571', 'grad_norm': '0.01979', 'learning_rate': '1.795e-05', 'epoch': '10.24'}
{'loss': '0.01094', 'grad_norm': '0.005935', 'learning_rate': '1.795e-05', 'epoch': '10.24'}
{'loss': '0.01242', 'grad_norm': '0.08412', 'learning_rate': '1.795e-05', 'epoch': '10.25'}
{'loss': '0.01329', 'grad_norm': '3.123', 'learning_rate': '1.795e-05', 'epoch': '10.25'}
{'loss': '0.01837', 'grad_norm': '0.6857', 'learning_rate': '1.795e-05', 'epoch': '10.26'}
{'loss': '0.0148', 'grad_norm': '1.548', 'learning_rate': '1.795e-05', 'epoch': '10.27'}
{'loss': '0.03705', 'grad_norm': '2.609', 'learning_rate': '1.795e-05', 'epoch': '10.27'}
{'loss': '0.0008713', 'grad_norm': '0.8985', 'learning_rate': '1.794e-05', 'epoch': '10.28'}
{'loss': '0.02629', 'grad_norm': '0.0003565', 'learning_rate': '1.794e-05', 'epoch': '10.28'}
{'loss': '0.03545', 'grad_norm': '0.001124', 'learning_rate': '1.794e-05', 'epoch': '10.29'}
{'loss': '0.00475', 'grad_norm': '0.9153', 'learning_rate': '1.794e-05', 'epoch': '10.3'}
{'loss': '0.02503', 'grad_norm': '0.01156', 'learning_rate': '1.794e-05', 'epoch': '10.3'}
{'loss': '0.05922', 'grad_norm': '0.01542', 'learning_rate': '1.794e-05', 'epoch': '10.31'}
{'loss': '0.04491', 'grad_norm': '1.334', 'learning_rate': '1.794e-05', 'epoch': '10.31'}
{'loss': '0.01377', 'grad_norm': '0.03386', 'learning_rate': '1.794e-05', 'epoch': '10.32'}
{'loss': '0.002352', 'grad_norm': '0.06935', 'learning_rate': '1.793e-05', 'epoch': '10.33'}
{'loss': '0.01502', 'grad_norm': '0.008684', 'learning_rate': '1.793e-05', 'epoch': '10.33'}
{'loss': '0.02184', 'grad_norm': '1.081', 'learning_rate': '1.793e-05', 'epoch': '10.34'}
{'loss': '0.04297', 'grad_norm': '8.764', 'learning_rate': '1.793e-05', 'epoch': '10.34'}
{'loss': '0.01526', 'grad_norm': '0.01433', 'learning_rate': '1.793e-05', 'epoch': '10.35'}
{'loss': '0.01647', 'grad_norm': '4.263', 'learning_rate': '1.793e-05', 'epoch': '10.36'}
{'loss': '0.0002246', 'grad_norm': '0.003972', 'learning_rate': '1.793e-05', 'epoch': '10.36'}
{'loss': '0.01478', 'grad_norm': '3.699', 'learning_rate': '1.793e-05', 'epoch': '10.37'}
{'loss': '0.00438', 'grad_norm': '0.001116', 'learning_rate': '1.793e-05', 'epoch': '10.38'}
{'loss': '0.01604', 'grad_norm': '0.003174', 'learning_rate': '1.792e-05', 'epoch': '10.38'}
{'loss': '0.01104', 'grad_norm': '3.282', 'learning_rate': '1.792e-05', 'epoch': '10.39'}
{'loss': '0.01137', 'grad_norm': '0.008583', 'learning_rate': '1.792e-05', 'epoch': '10.39'}
{'loss': '0.005898', 'grad_norm': '0.2617', 'learning_rate': '1.792e-05', 'epoch': '10.4'}
{'loss': '0.01506', 'grad_norm': '0.2743', 'learning_rate': '1.792e-05', 'epoch': '10.41'}
{'loss': '0.03406', 'grad_norm': '0.003374', 'learning_rate': '1.792e-05', 'epoch': '10.41'}
{'loss': '0.006388', 'grad_norm': '0.3196', 'learning_rate': '1.792e-05', 'epoch': '10.42'}
{'loss': '0.02418', 'grad_norm': '9.461', 'learning_rate': '1.792e-05', 'epoch': '10.42'}
{'loss': '0.02927', 'grad_norm': '21.07', 'learning_rate': '1.791e-05', 'epoch': '10.43'}
{'loss': '0.004273', 'grad_norm': '3.899', 'learning_rate': '1.791e-05', 'epoch': '10.44'}
{'loss': '0.01894', 'grad_norm': '0.2175', 'learning_rate': '1.791e-05', 'epoch': '10.44'}
{'loss': '0.01031', 'grad_norm': '0.002847', 'learning_rate': '1.791e-05', 'epoch': '10.45'}
{'loss': '0.006283', 'grad_norm': '0.0292', 'learning_rate': '1.791e-05', 'epoch': '10.45'}
{'loss': '0.007446', 'grad_norm': '0.01635', 'learning_rate': '1.791e-05', 'epoch': '10.46'}
{'loss': '0.03407', 'grad_norm': '0.143', 'learning_rate': '1.791e-05', 'epoch': '10.47'}
{'loss': '0.003186', 'grad_norm': '0.1373', 'learning_rate': '1.791e-05', 'epoch': '10.47'}
{'loss': '0.009226', 'grad_norm': '0.01133', 'learning_rate': '1.79e-05', 'epoch': '10.48'}
{'loss': '0.03452', 'grad_norm': '0.004225', 'learning_rate': '1.79e-05', 'epoch': '10.48'}
{'loss': '0.003049', 'grad_norm': '0.006671', 'learning_rate': '1.79e-05', 'epoch': '10.49'}
{'loss': '0.01386', 'grad_norm': '0.00842', 'learning_rate': '1.79e-05', 'epoch': '10.5'}
{'loss': '0.04441', 'grad_norm': '1.218', 'learning_rate': '1.79e-05', 'epoch': '10.5'}
{'loss': '0.0395', 'grad_norm': '0.2746', 'learning_rate': '1.79e-05', 'epoch': '10.51'}
{'loss': '0.002727', 'grad_norm': '0.00469', 'learning_rate': '1.79e-05', 'epoch': '10.51'}
{'loss': '0.01011', 'grad_norm': '0.003689', 'learning_rate': '1.79e-05', 'epoch': '10.52'}
{'loss': '0.01495', 'grad_norm': '0.316', 'learning_rate': '1.789e-05', 'epoch': '10.53'}
{'loss': '0.004336', 'grad_norm': '0.07704', 'learning_rate': '1.789e-05', 'epoch': '10.53'}
{'loss': '0.0008105', 'grad_norm': '0.6825', 'learning_rate': '1.789e-05', 'epoch': '10.54'}
{'loss': '0.005035', 'grad_norm': '3.247', 'learning_rate': '1.789e-05', 'epoch': '10.54'}
{'loss': '0.004253', 'grad_norm': '0.03739', 'learning_rate': '1.789e-05', 'epoch': '10.55'}
{'loss': '0.06022', 'grad_norm': '0.006469', 'learning_rate': '1.789e-05', 'epoch': '10.56'}
{'loss': '0.01135', 'grad_norm': '1.299', 'learning_rate': '1.789e-05', 'epoch': '10.56'}
{'loss': '0.01696', 'grad_norm': '1.228', 'learning_rate': '1.789e-05', 'epoch': '10.57'}
{'loss': '0.0267', 'grad_norm': '12.05', 'learning_rate': '1.789e-05', 'epoch': '10.57'}
{'loss': '0.01643', 'grad_norm': '0.8806', 'learning_rate': '1.788e-05', 'epoch': '10.58'}
{'loss': '0.01998', 'grad_norm': '3.582', 'learning_rate': '1.788e-05', 'epoch': '10.59'}
{'loss': '0.007202', 'grad_norm': '0.009198', 'learning_rate': '1.788e-05', 'epoch': '10.59'}
{'loss': '0.003272', 'grad_norm': '0.1189', 'learning_rate': '1.788e-05', 'epoch': '10.6'}
{'loss': '0.002809', 'grad_norm': '3.252', 'learning_rate': '1.788e-05', 'epoch': '10.6'}
{'loss': '0.006295', 'grad_norm': '0.02722', 'learning_rate': '1.788e-05', 'epoch': '10.61'}
{'loss': '0.0003575', 'grad_norm': '0.1273', 'learning_rate': '1.788e-05', 'epoch': '10.62'}
{'loss': '0.004938', 'grad_norm': '0.8256', 'learning_rate': '1.788e-05', 'epoch': '10.62'}
{'loss': '0.03715', 'grad_norm': '0.7401', 'learning_rate': '1.787e-05', 'epoch': '10.63'}
{'loss': '0.001628', 'grad_norm': '0.005082', 'learning_rate': '1.787e-05', 'epoch': '10.64'}
{'loss': '0.03321', 'grad_norm': '10.14', 'learning_rate': '1.787e-05', 'epoch': '10.64'}
{'loss': '0.003853', 'grad_norm': '0.2621', 'learning_rate': '1.787e-05', 'epoch': '10.65'}
{'loss': '0.03315', 'grad_norm': '4.07', 'learning_rate': '1.787e-05', 'epoch': '10.65'}
{'loss': '0.006755', 'grad_norm': '0.08072', 'learning_rate': '1.787e-05', 'epoch': '10.66'}
{'loss': '0.01212', 'grad_norm': '0.02594', 'learning_rate': '1.787e-05', 'epoch': '10.67'}
{'loss': '0.0123', 'grad_norm': '1.229', 'learning_rate': '1.787e-05', 'epoch': '10.67'}
{'loss': '0.007592', 'grad_norm': '0.1323', 'learning_rate': '1.786e-05', 'epoch': '10.68'}
{'loss': '0.02363', 'grad_norm': '0.1171', 'learning_rate': '1.786e-05', 'epoch': '10.68'}
{'loss': '0.0308', 'grad_norm': '0.01325', 'learning_rate': '1.786e-05', 'epoch': '10.69'}
{'loss': '0.0006687', 'grad_norm': '0.02239', 'learning_rate': '1.786e-05', 'epoch': '10.7'}
{'loss': '0.0164', 'grad_norm': '0.1915', 'learning_rate': '1.786e-05', 'epoch': '10.7'}
{'loss': '0.02073', 'grad_norm': '0.001387', 'learning_rate': '1.786e-05', 'epoch': '10.71'}
{'loss': '0.007285', 'grad_norm': '0.996', 'learning_rate': '1.786e-05', 'epoch': '10.71'}
{'loss': '0.0279', 'grad_norm': '0.001333', 'learning_rate': '1.786e-05', 'epoch': '10.72'}
{'loss': '0.01693', 'grad_norm': '0.4924', 'learning_rate': '1.785e-05', 'epoch': '10.73'}
{'loss': '0.02641', 'grad_norm': '0.0174', 'learning_rate': '1.785e-05', 'epoch': '10.73'}
{'loss': '0.004634', 'grad_norm': '0.7855', 'learning_rate': '1.785e-05', 'epoch': '10.74'}
{'loss': '0.003049', 'grad_norm': '0.001106', 'learning_rate': '1.785e-05', 'epoch': '10.74'}
{'loss': '0.01121', 'grad_norm': '0.03087', 'learning_rate': '1.785e-05', 'epoch': '10.75'}
{'loss': '0.01268', 'grad_norm': '7.909', 'learning_rate': '1.785e-05', 'epoch': '10.76'}
{'loss': '0.01794', 'grad_norm': '0.1748', 'learning_rate': '1.785e-05', 'epoch': '10.76'}
{'loss': '0.01521', 'grad_norm': '0.4457', 'learning_rate': '1.785e-05', 'epoch': '10.77'}
{'loss': '0.03304', 'grad_norm': '0.3206', 'learning_rate': '1.785e-05', 'epoch': '10.77'}
{'loss': '0.01342', 'grad_norm': '0.0008933', 'learning_rate': '1.784e-05', 'epoch': '10.78'}
{'loss': '0.002261', 'grad_norm': '2.852', 'learning_rate': '1.784e-05', 'epoch': '10.79'}
{'loss': '0.006369', 'grad_norm': '0.1277', 'learning_rate': '1.784e-05', 'epoch': '10.79'}
{'loss': '0.004408', 'grad_norm': '0.01307', 'learning_rate': '1.784e-05', 'epoch': '10.8'}
{'loss': '0.01223', 'grad_norm': '7.789', 'learning_rate': '1.784e-05', 'epoch': '10.8'}
{'loss': '0.04707', 'grad_norm': '0.001775', 'learning_rate': '1.784e-05', 'epoch': '10.81'}
{'loss': '0.006539', 'grad_norm': '1.055', 'learning_rate': '1.784e-05', 'epoch': '10.82'}
{'loss': '0.008656', 'grad_norm': '0.0003965', 'learning_rate': '1.784e-05', 'epoch': '10.82'}
{'loss': '0.02751', 'grad_norm': '0.003824', 'learning_rate': '1.783e-05', 'epoch': '10.83'}
{'loss': '0.0002045', 'grad_norm': '0.00154', 'learning_rate': '1.783e-05', 'epoch': '10.83'}
{'loss': '0.00337', 'grad_norm': '0.01661', 'learning_rate': '1.783e-05', 'epoch': '10.84'}
{'loss': '0.02584', 'grad_norm': '9.406', 'learning_rate': '1.783e-05', 'epoch': '10.85'}
{'loss': '0.001403', 'grad_norm': '0.0008257', 'learning_rate': '1.783e-05', 'epoch': '10.85'}
{'loss': '0.008724', 'grad_norm': '0.02074', 'learning_rate': '1.783e-05', 'epoch': '10.86'}
{'loss': '0.01003', 'grad_norm': '0.4846', 'learning_rate': '1.783e-05', 'epoch': '10.87'}
{'loss': '0.007456', 'grad_norm': '1.772', 'learning_rate': '1.783e-05', 'epoch': '10.87'}
{'loss': '0.001833', 'grad_norm': '0.01609', 'learning_rate': '1.782e-05', 'epoch': '10.88'}
{'loss': '0.02258', 'grad_norm': '0.04632', 'learning_rate': '1.782e-05', 'epoch': '10.88'}
{'loss': '0.02444', 'grad_norm': '0.04094', 'learning_rate': '1.782e-05', 'epoch': '10.89'}
{'loss': '0.02366', 'grad_norm': '5.783', 'learning_rate': '1.782e-05', 'epoch': '10.9'}
{'loss': '0.003072', 'grad_norm': '0.005364', 'learning_rate': '1.782e-05', 'epoch': '10.9'}
{'loss': '0.03505', 'grad_norm': '0.6448', 'learning_rate': '1.782e-05', 'epoch': '10.91'}
{'loss': '0.01818', 'grad_norm': '8.588', 'learning_rate': '1.782e-05', 'epoch': '10.91'}
{'loss': '0.005832', 'grad_norm': '8.312', 'learning_rate': '1.782e-05', 'epoch': '10.92'}
{'loss': '0.009913', 'grad_norm': '0.001718', 'learning_rate': '1.782e-05', 'epoch': '10.93'}
{'loss': '0.009309', 'grad_norm': '2.313', 'learning_rate': '1.781e-05', 'epoch': '10.93'}
{'loss': '0.002322', 'grad_norm': '0.005392', 'learning_rate': '1.781e-05', 'epoch': '10.94'}
{'loss': '0.01885', 'grad_norm': '0.008544', 'learning_rate': '1.781e-05', 'epoch': '10.94'}
{'loss': '0.002653', 'grad_norm': '0.5374', 'learning_rate': '1.781e-05', 'epoch': '10.95'}
{'loss': '0.008668', 'grad_norm': '0.007618', 'learning_rate': '1.781e-05', 'epoch': '10.96'}
{'loss': '0.04607', 'grad_norm': '2.874', 'learning_rate': '1.781e-05', 'epoch': '10.96'}
{'loss': '0.01071', 'grad_norm': '0.8721', 'learning_rate': '1.781e-05', 'epoch': '10.97'}
{'loss': '0.002216', 'grad_norm': '7.647', 'learning_rate': '1.781e-05', 'epoch': '10.97'}
{'loss': '0.02054', 'grad_norm': '0.008296', 'learning_rate': '1.78e-05', 'epoch': '10.98'}
{'loss': '0.005239', 'grad_norm': '0.003885', 'learning_rate': '1.78e-05', 'epoch': '10.99'}
{'loss': '0.01141', 'grad_norm': '1.606', 'learning_rate': '1.78e-05', 'epoch': '10.99'}
{'loss': '0.03493', 'grad_norm': '0.0005854', 'learning_rate': '1.78e-05', 'epoch': '11'}
{'eval_loss': '0.9679', 'eval_accuracy': '0.9037', 'eval_precision': '0.909', 'eval_recall': '0.925', 'eval_f1': '0.9169', 'eval_runtime': '11.32', 'eval_samples_per_second': '1123', 'eval_steps_per_second': '17.59', 'epoch': '11'}
{'loss': '0.03613', 'grad_norm': '9.274', 'learning_rate': '1.78e-05', 'epoch': '11'}
{'loss': '0.004771', 'grad_norm': '0.1787', 'learning_rate': '1.78e-05', 'epoch': '11.01'}
{'loss': '0.01479', 'grad_norm': '0.01574', 'learning_rate': '1.78e-05', 'epoch': '11.02'}
{'loss': '0.0008304', 'grad_norm': '0.01559', 'learning_rate': '1.78e-05', 'epoch': '11.02'}
{'loss': '0.01911', 'grad_norm': '0.0003829', 'learning_rate': '1.779e-05', 'epoch': '11.03'}
{'loss': '0.0006296', 'grad_norm': '0.0001772', 'learning_rate': '1.779e-05', 'epoch': '11.03'}
{'loss': '0.02619', 'grad_norm': '0.03686', 'learning_rate': '1.779e-05', 'epoch': '11.04'}
{'loss': '0.002225', 'grad_norm': '0.32', 'learning_rate': '1.779e-05', 'epoch': '11.05'}
{'loss': '0.003783', 'grad_norm': '0.006029', 'learning_rate': '1.779e-05', 'epoch': '11.05'}
{'loss': '0.01366', 'grad_norm': '0.6995', 'learning_rate': '1.779e-05', 'epoch': '11.06'}
{'loss': '0.005392', 'grad_norm': '0.2595', 'learning_rate': '1.779e-05', 'epoch': '11.06'}
{'loss': '0.02169', 'grad_norm': '0.001477', 'learning_rate': '1.779e-05', 'epoch': '11.07'}
{'loss': '0.001831', 'grad_norm': '0.9538', 'learning_rate': '1.778e-05', 'epoch': '11.08'}
{'loss': '0.01136', 'grad_norm': '0.0006773', 'learning_rate': '1.778e-05', 'epoch': '11.08'}
{'loss': '0.03014', 'grad_norm': '0.7831', 'learning_rate': '1.778e-05', 'epoch': '11.09'}
{'loss': '6.411e-05', 'grad_norm': '0.06029', 'learning_rate': '1.778e-05', 'epoch': '11.09'}
{'loss': '0.006024', 'grad_norm': '0.005739', 'learning_rate': '1.778e-05', 'epoch': '11.1'}
{'loss': '0.001662', 'grad_norm': '1.03', 'learning_rate': '1.778e-05', 'epoch': '11.11'}
{'loss': '0.009893', 'grad_norm': '5.475', 'learning_rate': '1.778e-05', 'epoch': '11.11'}
{'loss': '0.01072', 'grad_norm': '0.0488', 'learning_rate': '1.778e-05', 'epoch': '11.12'}
{'loss': '0.0292', 'grad_norm': '0.0008296', 'learning_rate': '1.778e-05', 'epoch': '11.13'}
{'loss': '0.0009612', 'grad_norm': '0.008515', 'learning_rate': '1.777e-05', 'epoch': '11.13'}
{'loss': '0.02228', 'grad_norm': '0.005172', 'learning_rate': '1.777e-05', 'epoch': '11.14'}
{'loss': '0.003017', 'grad_norm': '0.2069', 'learning_rate': '1.777e-05', 'epoch': '11.14'}
{'loss': '0.02871', 'grad_norm': '0.0422', 'learning_rate': '1.777e-05', 'epoch': '11.15'}
{'loss': '0.1011', 'grad_norm': '0.002256', 'learning_rate': '1.777e-05', 'epoch': '11.16'}
{'loss': '0.02257', 'grad_norm': '0.001172', 'learning_rate': '1.777e-05', 'epoch': '11.16'}
{'loss': '0.02386', 'grad_norm': '0.0002706', 'learning_rate': '1.777e-05', 'epoch': '11.17'}
{'loss': '0.02315', 'grad_norm': '0.00174', 'learning_rate': '1.777e-05', 'epoch': '11.17'}
{'loss': '0.02866', 'grad_norm': '0.0001245', 'learning_rate': '1.776e-05', 'epoch': '11.18'}
{'loss': '0.003678', 'grad_norm': '0.4629', 'learning_rate': '1.776e-05', 'epoch': '11.19'}
{'loss': '0.00266', 'grad_norm': '0.0003976', 'learning_rate': '1.776e-05', 'epoch': '11.19'}
{'loss': '0.05371', 'grad_norm': '0.0003127', 'learning_rate': '1.776e-05', 'epoch': '11.2'}
{'loss': '0.0006894', 'grad_norm': '0.09373', 'learning_rate': '1.776e-05', 'epoch': '11.2'}
{'loss': '0.05889', 'grad_norm': '6.942', 'learning_rate': '1.776e-05', 'epoch': '11.21'}
{'loss': '0.0279', 'grad_norm': '2.076', 'learning_rate': '1.776e-05', 'epoch': '11.22'}
{'loss': '0.003396', 'grad_norm': '6.702', 'learning_rate': '1.776e-05', 'epoch': '11.22'}
{'loss': '0.000768', 'grad_norm': '0.5481', 'learning_rate': '1.775e-05', 'epoch': '11.23'}
{'loss': '0.006891', 'grad_norm': '2.955', 'learning_rate': '1.775e-05', 'epoch': '11.23'}
{'loss': '0.04081', 'grad_norm': '13.94', 'learning_rate': '1.775e-05', 'epoch': '11.24'}
{'loss': '0.05178', 'grad_norm': '0.3975', 'learning_rate': '1.775e-05', 'epoch': '11.25'}
{'loss': '0.005379', 'grad_norm': '0.05007', 'learning_rate': '1.775e-05', 'epoch': '11.25'}
{'loss': '0.000217', 'grad_norm': '0.002476', 'learning_rate': '1.775e-05', 'epoch': '11.26'}
{'loss': '0.01553', 'grad_norm': '9.696', 'learning_rate': '1.775e-05', 'epoch': '11.26'}
{'loss': '0.03133', 'grad_norm': '0.006508', 'learning_rate': '1.775e-05', 'epoch': '11.27'}
{'loss': '0.01781', 'grad_norm': '0.001334', 'learning_rate': '1.774e-05', 'epoch': '11.28'}
{'loss': '0.002018', 'grad_norm': '0.03987', 'learning_rate': '1.774e-05', 'epoch': '11.28'}
{'loss': '0.03918', 'grad_norm': '0.03557', 'learning_rate': '1.774e-05', 'epoch': '11.29'}
{'loss': '0.003604', 'grad_norm': '0.003115', 'learning_rate': '1.774e-05', 'epoch': '11.29'}
{'loss': '0.0135', 'grad_norm': '0.01296', 'learning_rate': '1.774e-05', 'epoch': '11.3'}
{'loss': '0.004297', 'grad_norm': '0.6897', 'learning_rate': '1.774e-05', 'epoch': '11.31'}
{'loss': '0.001933', 'grad_norm': '0.146', 'learning_rate': '1.774e-05', 'epoch': '11.31'}
{'loss': '0.01426', 'grad_norm': '0.0168', 'learning_rate': '1.774e-05', 'epoch': '11.32'}
{'loss': '0.004238', 'grad_norm': '0.000399', 'learning_rate': '1.774e-05', 'epoch': '11.32'}
{'loss': '0.01828', 'grad_norm': '0.004177', 'learning_rate': '1.773e-05', 'epoch': '11.33'}
{'loss': '0.004699', 'grad_norm': '0.02495', 'learning_rate': '1.773e-05', 'epoch': '11.34'}
{'loss': '0.01146', 'grad_norm': '0.002435', 'learning_rate': '1.773e-05', 'epoch': '11.34'}
{'loss': '0.03275', 'grad_norm': '0.1676', 'learning_rate': '1.773e-05', 'epoch': '11.35'}
{'loss': '0.0002321', 'grad_norm': '0.007226', 'learning_rate': '1.773e-05', 'epoch': '11.36'}
{'loss': '0.05602', 'grad_norm': '23.92', 'learning_rate': '1.773e-05', 'epoch': '11.36'}
{'loss': '0.000909', 'grad_norm': '0.004615', 'learning_rate': '1.773e-05', 'epoch': '11.37'}
{'loss': '0.004426', 'grad_norm': '0.0221', 'learning_rate': '1.773e-05', 'epoch': '11.37'}
{'loss': '0.007859', 'grad_norm': '7.541', 'learning_rate': '1.772e-05', 'epoch': '11.38'}
{'loss': '0.03096', 'grad_norm': '0.0005728', 'learning_rate': '1.772e-05', 'epoch': '11.39'}
{'loss': '0.02391', 'grad_norm': '2.565', 'learning_rate': '1.772e-05', 'epoch': '11.39'}
{'loss': '0.0003973', 'grad_norm': '0.4808', 'learning_rate': '1.772e-05', 'epoch': '11.4'}
{'loss': '0.008297', 'grad_norm': '0.1867', 'learning_rate': '1.772e-05', 'epoch': '11.4'}
{'loss': '0.02064', 'grad_norm': '0.01218', 'learning_rate': '1.772e-05', 'epoch': '11.41'}
{'loss': '0.02938', 'grad_norm': '4.016', 'learning_rate': '1.772e-05', 'epoch': '11.42'}
{'loss': '0.005446', 'grad_norm': '0.0005566', 'learning_rate': '1.772e-05', 'epoch': '11.42'}
{'loss': '0.02199', 'grad_norm': '0.04557', 'learning_rate': '1.771e-05', 'epoch': '11.43'}
{'loss': '0.03394', 'grad_norm': '0.1904', 'learning_rate': '1.771e-05', 'epoch': '11.43'}
{'loss': '0.01153', 'grad_norm': '0.5738', 'learning_rate': '1.771e-05', 'epoch': '11.44'}
{'loss': '0.01802', 'grad_norm': '0.3172', 'learning_rate': '1.771e-05', 'epoch': '11.45'}
{'loss': '0.01573', 'grad_norm': '0.114', 'learning_rate': '1.771e-05', 'epoch': '11.45'}
{'loss': '0.003464', 'grad_norm': '0.001085', 'learning_rate': '1.771e-05', 'epoch': '11.46'}
{'loss': '0.01016', 'grad_norm': '0.2853', 'learning_rate': '1.771e-05', 'epoch': '11.46'}
{'loss': '0.002063', 'grad_norm': '3.786', 'learning_rate': '1.771e-05', 'epoch': '11.47'}
{'loss': '0.01203', 'grad_norm': '0.001864', 'learning_rate': '1.77e-05', 'epoch': '11.48'}
{'loss': '0.002973', 'grad_norm': '0.0051', 'learning_rate': '1.77e-05', 'epoch': '11.48'}
{'loss': '0.01115', 'grad_norm': '0.04947', 'learning_rate': '1.77e-05', 'epoch': '11.49'}
{'loss': '0.01108', 'grad_norm': '0.01864', 'learning_rate': '1.77e-05', 'epoch': '11.49'}
{'loss': '0.01189', 'grad_norm': '0.02165', 'learning_rate': '1.77e-05', 'epoch': '11.5'}
{'loss': '0.04828', 'grad_norm': '9.957', 'learning_rate': '1.77e-05', 'epoch': '11.51'}
{'loss': '0.04704', 'grad_norm': '0.002362', 'learning_rate': '1.77e-05', 'epoch': '11.51'}
{'loss': '0.03636', 'grad_norm': '0.07181', 'learning_rate': '1.77e-05', 'epoch': '11.52'}
{'loss': '0.009188', 'grad_norm': '0.575', 'learning_rate': '1.77e-05', 'epoch': '11.52'}
{'loss': '0.002716', 'grad_norm': '0.008738', 'learning_rate': '1.769e-05', 'epoch': '11.53'}
{'loss': '0.009865', 'grad_norm': '0.01845', 'learning_rate': '1.769e-05', 'epoch': '11.54'}
{'loss': '0.002805', 'grad_norm': '0.384', 'learning_rate': '1.769e-05', 'epoch': '11.54'}
{'loss': '0.001606', 'grad_norm': '1.263', 'learning_rate': '1.769e-05', 'epoch': '11.55'}
{'loss': '0.02824', 'grad_norm': '0.09831', 'learning_rate': '1.769e-05', 'epoch': '11.55'}
{'loss': '0.00568', 'grad_norm': '0.1607', 'learning_rate': '1.769e-05', 'epoch': '11.56'}
{'loss': '0.001842', 'grad_norm': '0.1851', 'learning_rate': '1.769e-05', 'epoch': '11.57'}
{'loss': '0.01865', 'grad_norm': '0.001126', 'learning_rate': '1.769e-05', 'epoch': '11.57'}
{'loss': '0.002385', 'grad_norm': '4.925', 'learning_rate': '1.768e-05', 'epoch': '11.58'}
{'loss': '0.00635', 'grad_norm': '0.00105', 'learning_rate': '1.768e-05', 'epoch': '11.58'}
{'loss': '0.007502', 'grad_norm': '5.197', 'learning_rate': '1.768e-05', 'epoch': '11.59'}
{'loss': '0.03461', 'grad_norm': '10.37', 'learning_rate': '1.768e-05', 'epoch': '11.6'}
{'loss': '0.001945', 'grad_norm': '0.07484', 'learning_rate': '1.768e-05', 'epoch': '11.6'}
{'loss': '0.01383', 'grad_norm': '0.04229', 'learning_rate': '1.768e-05', 'epoch': '11.61'}
{'loss': '0.004877', 'grad_norm': '0.005551', 'learning_rate': '1.768e-05', 'epoch': '11.62'}
{'loss': '0.01844', 'grad_norm': '0.03566', 'learning_rate': '1.768e-05', 'epoch': '11.62'}
{'loss': '0.03715', 'grad_norm': '25.34', 'learning_rate': '1.767e-05', 'epoch': '11.63'}
{'loss': '0.01774', 'grad_norm': '0.005393', 'learning_rate': '1.767e-05', 'epoch': '11.63'}
{'loss': '0.01137', 'grad_norm': '0.001586', 'learning_rate': '1.767e-05', 'epoch': '11.64'}
{'loss': '0.0005783', 'grad_norm': '0.0648', 'learning_rate': '1.767e-05', 'epoch': '11.65'}
{'loss': '0.02882', 'grad_norm': '0.06533', 'learning_rate': '1.767e-05', 'epoch': '11.65'}
{'loss': '0.05251', 'grad_norm': '0.9308', 'learning_rate': '1.767e-05', 'epoch': '11.66'}
{'loss': '0.0174', 'grad_norm': '1.219', 'learning_rate': '1.767e-05', 'epoch': '11.66'}
{'loss': '0.009087', 'grad_norm': '0.02503', 'learning_rate': '1.767e-05', 'epoch': '11.67'}
{'loss': '0.01917', 'grad_norm': '11.01', 'learning_rate': '1.766e-05', 'epoch': '11.68'}
{'loss': '0.009106', 'grad_norm': '0.9006', 'learning_rate': '1.766e-05', 'epoch': '11.68'}
{'loss': '0.000382', 'grad_norm': '0.01684', 'learning_rate': '1.766e-05', 'epoch': '11.69'}
{'loss': '0.005119', 'grad_norm': '0.2822', 'learning_rate': '1.766e-05', 'epoch': '11.69'}
{'loss': '0.001516', 'grad_norm': '0.001454', 'learning_rate': '1.766e-05', 'epoch': '11.7'}
{'loss': '0.0132', 'grad_norm': '0.01268', 'learning_rate': '1.766e-05', 'epoch': '11.71'}
{'loss': '0.0224', 'grad_norm': '0.0027', 'learning_rate': '1.766e-05', 'epoch': '11.71'}
{'loss': '0.0009155', 'grad_norm': '0.08207', 'learning_rate': '1.766e-05', 'epoch': '11.72'}
{'loss': '0.0003438', 'grad_norm': '0.0009253', 'learning_rate': '1.766e-05', 'epoch': '11.72'}
{'loss': '0.009977', 'grad_norm': '0.5114', 'learning_rate': '1.765e-05', 'epoch': '11.73'}
{'loss': '0.01784', 'grad_norm': '0.001909', 'learning_rate': '1.765e-05', 'epoch': '11.74'}
{'loss': '0.01924', 'grad_norm': '0.004805', 'learning_rate': '1.765e-05', 'epoch': '11.74'}
{'loss': '0.009378', 'grad_norm': '0.0007049', 'learning_rate': '1.765e-05', 'epoch': '11.75'}
{'loss': '0.006919', 'grad_norm': '2.111', 'learning_rate': '1.765e-05', 'epoch': '11.75'}
{'loss': '0.04113', 'grad_norm': '0.01771', 'learning_rate': '1.765e-05', 'epoch': '11.76'}
{'loss': '0.0002707', 'grad_norm': '0.001142', 'learning_rate': '1.765e-05', 'epoch': '11.77'}
{'loss': '0.03907', 'grad_norm': '0.1011', 'learning_rate': '1.765e-05', 'epoch': '11.77'}
{'loss': '0.002694', 'grad_norm': '0.04869', 'learning_rate': '1.764e-05', 'epoch': '11.78'}
{'loss': '0.006871', 'grad_norm': '0.001845', 'learning_rate': '1.764e-05', 'epoch': '11.78'}
{'loss': '0.04073', 'grad_norm': '0.01344', 'learning_rate': '1.764e-05', 'epoch': '11.79'}
{'loss': '0.00245', 'grad_norm': '0.01965', 'learning_rate': '1.764e-05', 'epoch': '11.8'}
{'loss': '0.002354', 'grad_norm': '0.09515', 'learning_rate': '1.764e-05', 'epoch': '11.8'}
{'loss': '0.01231', 'grad_norm': '0.01634', 'learning_rate': '1.764e-05', 'epoch': '11.81'}
{'loss': '0.000476', 'grad_norm': '0.0007997', 'learning_rate': '1.764e-05', 'epoch': '11.81'}
{'loss': '0.004142', 'grad_norm': '2.861', 'learning_rate': '1.764e-05', 'epoch': '11.82'}
{'loss': '0.007814', 'grad_norm': '0.002305', 'learning_rate': '1.763e-05', 'epoch': '11.83'}
{'loss': '0.06308', 'grad_norm': '0.02311', 'learning_rate': '1.763e-05', 'epoch': '11.83'}
{'loss': '0.001909', 'grad_norm': '0.3059', 'learning_rate': '1.763e-05', 'epoch': '11.84'}
{'loss': '0.003949', 'grad_norm': '0.002601', 'learning_rate': '1.763e-05', 'epoch': '11.85'}
{'loss': '0.01522', 'grad_norm': '0.0124', 'learning_rate': '1.763e-05', 'epoch': '11.85'}
{'loss': '0.01549', 'grad_norm': '1.178', 'learning_rate': '1.763e-05', 'epoch': '11.86'}
{'loss': '0.0004908', 'grad_norm': '0.006488', 'learning_rate': '1.763e-05', 'epoch': '11.86'}
{'loss': '0.02274', 'grad_norm': '0.08221', 'learning_rate': '1.763e-05', 'epoch': '11.87'}
{'loss': '0.007034', 'grad_norm': '0.008262', 'learning_rate': '1.763e-05', 'epoch': '11.88'}
{'loss': '0.008966', 'grad_norm': '0.0002622', 'learning_rate': '1.762e-05', 'epoch': '11.88'}
{'loss': '0.000615', 'grad_norm': '0.01247', 'learning_rate': '1.762e-05', 'epoch': '11.89'}
{'loss': '0.02156', 'grad_norm': '0.001331', 'learning_rate': '1.762e-05', 'epoch': '11.89'}
{'loss': '0.01313', 'grad_norm': '0.0002207', 'learning_rate': '1.762e-05', 'epoch': '11.9'}
{'loss': '0.01199', 'grad_norm': '0.07181', 'learning_rate': '1.762e-05', 'epoch': '11.91'}
{'loss': '0.009245', 'grad_norm': '0.6905', 'learning_rate': '1.762e-05', 'epoch': '11.91'}
{'loss': '0.02964', 'grad_norm': '0.7681', 'learning_rate': '1.762e-05', 'epoch': '11.92'}
{'loss': '0.0292', 'grad_norm': '0.001038', 'learning_rate': '1.762e-05', 'epoch': '11.92'}
{'loss': '0.008783', 'grad_norm': '10.98', 'learning_rate': '1.761e-05', 'epoch': '11.93'}
{'loss': '0.001383', 'grad_norm': '0.7642', 'learning_rate': '1.761e-05', 'epoch': '11.94'}
{'loss': '0.02075', 'grad_norm': '0.003552', 'learning_rate': '1.761e-05', 'epoch': '11.94'}
{'loss': '0.0371', 'grad_norm': '0.0007488', 'learning_rate': '1.761e-05', 'epoch': '11.95'}
{'loss': '0.0181', 'grad_norm': '17.78', 'learning_rate': '1.761e-05', 'epoch': '11.95'}
{'loss': '0.0002587', 'grad_norm': '0.106', 'learning_rate': '1.761e-05', 'epoch': '11.96'}
{'loss': '0.009333', 'grad_norm': '0.001047', 'learning_rate': '1.761e-05', 'epoch': '11.97'}
{'loss': '0.006575', 'grad_norm': '0.3034', 'learning_rate': '1.761e-05', 'epoch': '11.97'}
{'loss': '0.02579', 'grad_norm': '0.004837', 'learning_rate': '1.76e-05', 'epoch': '11.98'}
{'loss': '0.004015', 'grad_norm': '0.08337', 'learning_rate': '1.76e-05', 'epoch': '11.98'}
{'loss': '0.01958', 'grad_norm': '5.638', 'learning_rate': '1.76e-05', 'epoch': '11.99'}
{'loss': '0.001612', 'grad_norm': '0.0007956', 'learning_rate': '1.76e-05', 'epoch': '12'}
{'eval_loss': '0.9114', 'eval_accuracy': '0.9039', 'eval_precision': '0.9109', 'eval_recall': '0.923', 'eval_f1': '0.917', 'eval_runtime': '11.32', 'eval_samples_per_second': '1123', 'eval_steps_per_second': '17.59', 'epoch': '12'}
{'train_runtime': '2779', 'train_samples_per_second': '1903', 'train_steps_per_second': '59.49', 'train_loss': '0.09507', 'epoch': '12'}
Fold F1: 0.9049324882887848
Точность определения арабских заимств.: {'accuracy': 0.9206896551724137, 'precision': 0.5886524822695035, 'recall': 0.8829787234042553, 'f1': 0.7063829787234043}
Точность определения китайских заимств.: {'accuracy': 0.9247176913425345, 'precision': 0.24675324675324675, 'recall': 0.9047619047619048, 'f1': 0.3877551020408163}
Точность определения английских заимств.: {'accuracy': 0.935408560311284, 'precision': 0.8929889298892989, 'recall': 0.9508840864440079, 'f1': 0.9210275927687916}
Точность определения французских заимств.: {'accuracy': 0.9513064133016627, 'precision': 0.9384288747346072, 'recall': 0.973568281938326, 'f1': 0.9556756756756757}
Точность определения немецких заимств.: {'accuracy': 0.941793893129771, 'precision': 0.8226299694189603, 'recall': 0.9889705882352942, 'f1': 0.8981636060100167}
Точность определения итальянских заимтсв.: {'accuracy': 0.9296956977964324, 'precision': 0.7433628318584071, 'recall': 0.9491525423728814, 'f1': 0.8337468982630273}
Точность определения японских заимств.: {'accuracy': 0.9235955056179775, 'precision': 0.6419753086419753, 'recall': 0.9122807017543859, 'f1': 0.7536231884057971}
Точность определения польских заимств.: {'accuracy': 0.9194711538461539, 'precision': 0.44761904761904764, 'recall': 0.8392857142857143, 'f1': 0.5838509316770186}
{'eval_loss': 0.3216009736061096, 'eval_accuracy': 0.8914326174179844, 'eval_precision': 0.9105781228337724, 'eval_recall': 0.89935642886485, 'eval_f1': 0.9049324882887848, 'eval_runtime': 11.2338, 'eval_samples_per_second': 1131.499, 'eval_steps_per_second': 17.714, 'epoch': 12.0}

===== FINAL RESULT =====
Mean F1: 0.8898803949796228
Std F1: 0.016102790684720418
Total correct predictions per fold: [7551, 7364, 7078, 6966, 7802]
