GPU 0: NVIDIA A100-PCIE-40GB (UUID: GPU-8fe22491-0fcf-953f-984a-d3cef85341a0)
nvcc: NVIDIA (R) Cuda compiler driver
Copyright (c) 2005-2022 NVIDIA Corporation
Built on Wed_Jun__8_16:49:14_PDT_2022
Cuda compilation tools, release 11.7, V11.7.99
Build cuda_11.7.r11.7/compiler.31442593_0
Python 3.10.20

===== Fold 1 =====
{'loss': '0.6915', 'grad_norm': '18.46', 'learning_rate': '1.999e-05', 'epoch': '0.006083'}
{'loss': '0.6752', 'grad_norm': '28.63', 'learning_rate': '1.997e-05', 'epoch': '0.01217'}
{'loss': '0.7021', 'grad_norm': '9.436', 'learning_rate': '1.996e-05', 'epoch': '0.01825'}
{'loss': '0.6813', 'grad_norm': '25.41', 'learning_rate': '1.994e-05', 'epoch': '0.02433'}
{'loss': '0.6802', 'grad_norm': '21.68', 'learning_rate': '1.993e-05', 'epoch': '0.03041'}
{'loss': '0.6906', 'grad_norm': '21.62', 'learning_rate': '1.991e-05', 'epoch': '0.0365'}
{'loss': '0.6806', 'grad_norm': '21.99', 'learning_rate': '1.99e-05', 'epoch': '0.04258'}
{'loss': '0.6768', 'grad_norm': '49.07', 'learning_rate': '1.988e-05', 'epoch': '0.04866'}
{'loss': '0.6752', 'grad_norm': '34.52', 'learning_rate': '1.986e-05', 'epoch': '0.05474'}
{'loss': '0.6843', 'grad_norm': '40.81', 'learning_rate': '1.985e-05', 'epoch': '0.06083'}
{'loss': '0.6692', 'grad_norm': '12.88', 'learning_rate': '1.983e-05', 'epoch': '0.06691'}
{'loss': '0.6696', 'grad_norm': '54.38', 'learning_rate': '1.982e-05', 'epoch': '0.07299'}
{'loss': '0.6796', 'grad_norm': '20.32', 'learning_rate': '1.98e-05', 'epoch': '0.07908'}
{'loss': '0.6652', 'grad_norm': '103.7', 'learning_rate': '1.979e-05', 'epoch': '0.08516'}
{'loss': '0.6778', 'grad_norm': '11.49', 'learning_rate': '1.977e-05', 'epoch': '0.09124'}
{'loss': '0.6714', 'grad_norm': '33.11', 'learning_rate': '1.976e-05', 'epoch': '0.09732'}
{'loss': '0.6801', 'grad_norm': '70.05', 'learning_rate': '1.974e-05', 'epoch': '0.1034'}
{'loss': '0.6659', 'grad_norm': '33.15', 'learning_rate': '1.973e-05', 'epoch': '0.1095'}
{'loss': '0.679', 'grad_norm': '52.1', 'learning_rate': '1.971e-05', 'epoch': '0.1156'}
{'loss': '0.6816', 'grad_norm': '84.19', 'learning_rate': '1.97e-05', 'epoch': '0.1217'}
{'loss': '0.675', 'grad_norm': '37.43', 'learning_rate': '1.968e-05', 'epoch': '0.1277'}
{'loss': '0.6745', 'grad_norm': '32.66', 'learning_rate': '1.967e-05', 'epoch': '0.1338'}
{'loss': '0.6488', 'grad_norm': '32.97', 'learning_rate': '1.965e-05', 'epoch': '0.1399'}
{'loss': '0.6717', 'grad_norm': '19.81', 'learning_rate': '1.964e-05', 'epoch': '0.146'}
{'loss': '0.6533', 'grad_norm': '85.46', 'learning_rate': '1.962e-05', 'epoch': '0.1521'}
{'loss': '0.6643', 'grad_norm': '54.55', 'learning_rate': '1.961e-05', 'epoch': '0.1582'}
{'loss': '0.6479', 'grad_norm': '67.35', 'learning_rate': '1.959e-05', 'epoch': '0.1642'}
{'loss': '0.6545', 'grad_norm': '21.86', 'learning_rate': '1.958e-05', 'epoch': '0.1703'}
{'loss': '0.6535', 'grad_norm': '27.76', 'learning_rate': '1.956e-05', 'epoch': '0.1764'}
{'loss': '0.6376', 'grad_norm': '34.54', 'learning_rate': '1.955e-05', 'epoch': '0.1825'}
{'loss': '0.652', 'grad_norm': '19.93', 'learning_rate': '1.953e-05', 'epoch': '0.1886'}
{'loss': '0.6512', 'grad_norm': '25.15', 'learning_rate': '1.951e-05', 'epoch': '0.1946'}
{'loss': '0.6473', 'grad_norm': '111.9', 'learning_rate': '1.95e-05', 'epoch': '0.2007'}
{'loss': '0.638', 'grad_norm': '50.14', 'learning_rate': '1.948e-05', 'epoch': '0.2068'}
{'loss': '0.6639', 'grad_norm': '77.39', 'learning_rate': '1.947e-05', 'epoch': '0.2129'}
{'loss': '0.6469', 'grad_norm': '109.7', 'learning_rate': '1.945e-05', 'epoch': '0.219'}
{'loss': '0.6389', 'grad_norm': '193.7', 'learning_rate': '1.944e-05', 'epoch': '0.2251'}
{'loss': '0.6248', 'grad_norm': '38.1', 'learning_rate': '1.942e-05', 'epoch': '0.2311'}
{'loss': '0.6456', 'grad_norm': '35.95', 'learning_rate': '1.941e-05', 'epoch': '0.2372'}
{'loss': '0.6149', 'grad_norm': '77.39', 'learning_rate': '1.939e-05', 'epoch': '0.2433'}
{'loss': '0.6147', 'grad_norm': '55.02', 'learning_rate': '1.938e-05', 'epoch': '0.2494'}
{'loss': '0.6276', 'grad_norm': '60.71', 'learning_rate': '1.936e-05', 'epoch': '0.2555'}
{'loss': '0.6229', 'grad_norm': '68.42', 'learning_rate': '1.935e-05', 'epoch': '0.2616'}
{'loss': '0.6355', 'grad_norm': '35.59', 'learning_rate': '1.933e-05', 'epoch': '0.2676'}
{'loss': '0.619', 'grad_norm': '104', 'learning_rate': '1.932e-05', 'epoch': '0.2737'}
{'loss': '0.6186', 'grad_norm': '79.17', 'learning_rate': '1.93e-05', 'epoch': '0.2798'}
{'loss': '0.6273', 'grad_norm': '55.87', 'learning_rate': '1.929e-05', 'epoch': '0.2859'}
{'loss': '0.6144', 'grad_norm': '58.92', 'learning_rate': '1.927e-05', 'epoch': '0.292'}
{'loss': '0.5943', 'grad_norm': '137.9', 'learning_rate': '1.926e-05', 'epoch': '0.2981'}
{'loss': '0.5993', 'grad_norm': '57.08', 'learning_rate': '1.924e-05', 'epoch': '0.3041'}
{'loss': '0.5942', 'grad_norm': '72.29', 'learning_rate': '1.923e-05', 'epoch': '0.3102'}
{'loss': '0.5968', 'grad_norm': '126.6', 'learning_rate': '1.921e-05', 'epoch': '0.3163'}
{'loss': '0.6191', 'grad_norm': '63.19', 'learning_rate': '1.92e-05', 'epoch': '0.3224'}
{'loss': '0.5901', 'grad_norm': '52.03', 'learning_rate': '1.918e-05', 'epoch': '0.3285'}
{'loss': '0.589', 'grad_norm': '477.1', 'learning_rate': '1.917e-05', 'epoch': '0.3345'}
{'loss': '0.5929', 'grad_norm': '178.4', 'learning_rate': '1.915e-05', 'epoch': '0.3406'}
{'loss': '0.587', 'grad_norm': '67.28', 'learning_rate': '1.913e-05', 'epoch': '0.3467'}
{'loss': '0.5867', 'grad_norm': '44.99', 'learning_rate': '1.912e-05', 'epoch': '0.3528'}
{'loss': '0.5508', 'grad_norm': '87.77', 'learning_rate': '1.91e-05', 'epoch': '0.3589'}
{'loss': '0.5904', 'grad_norm': '59.58', 'learning_rate': '1.909e-05', 'epoch': '0.365'}
{'loss': '0.5312', 'grad_norm': '155', 'learning_rate': '1.907e-05', 'epoch': '0.371'}
{'loss': '0.5545', 'grad_norm': '433.9', 'learning_rate': '1.906e-05', 'epoch': '0.3771'}
{'loss': '0.5508', 'grad_norm': '148.6', 'learning_rate': '1.904e-05', 'epoch': '0.3832'}
{'loss': '0.5523', 'grad_norm': '45.42', 'learning_rate': '1.903e-05', 'epoch': '0.3893'}
{'loss': '0.5379', 'grad_norm': '101.7', 'learning_rate': '1.901e-05', 'epoch': '0.3954'}
{'loss': '0.5434', 'grad_norm': '57.29', 'learning_rate': '1.9e-05', 'epoch': '0.4015'}
{'loss': '0.5542', 'grad_norm': '425.2', 'learning_rate': '1.898e-05', 'epoch': '0.4075'}
{'loss': '0.5634', 'grad_norm': '60.11', 'learning_rate': '1.897e-05', 'epoch': '0.4136'}
{'loss': '0.5476', 'grad_norm': '247.1', 'learning_rate': '1.895e-05', 'epoch': '0.4197'}
{'loss': '0.5267', 'grad_norm': '70.38', 'learning_rate': '1.894e-05', 'epoch': '0.4258'}
{'loss': '0.5578', 'grad_norm': '107.6', 'learning_rate': '1.892e-05', 'epoch': '0.4319'}
{'loss': '0.5079', 'grad_norm': '110.8', 'learning_rate': '1.891e-05', 'epoch': '0.438'}
{'loss': '0.5453', 'grad_norm': '51.51', 'learning_rate': '1.889e-05', 'epoch': '0.444'}
{'loss': '0.5051', 'grad_norm': '55.31', 'learning_rate': '1.888e-05', 'epoch': '0.4501'}
{'loss': '0.5415', 'grad_norm': '62.6', 'learning_rate': '1.886e-05', 'epoch': '0.4562'}
{'loss': '0.5465', 'grad_norm': '358.4', 'learning_rate': '1.885e-05', 'epoch': '0.4623'}
{'loss': '0.5436', 'grad_norm': '117.6', 'learning_rate': '1.883e-05', 'epoch': '0.4684'}
{'loss': '0.5291', 'grad_norm': '106.4', 'learning_rate': '1.882e-05', 'epoch': '0.4745'}
{'loss': '0.4998', 'grad_norm': '167.4', 'learning_rate': '1.88e-05', 'epoch': '0.4805'}
{'loss': '0.5518', 'grad_norm': '481.7', 'learning_rate': '1.878e-05', 'epoch': '0.4866'}
{'loss': '0.5107', 'grad_norm': '105.4', 'learning_rate': '1.877e-05', 'epoch': '0.4927'}
{'loss': '0.5217', 'grad_norm': '75.38', 'learning_rate': '1.875e-05', 'epoch': '0.4988'}
{'loss': '0.4898', 'grad_norm': '104.3', 'learning_rate': '1.874e-05', 'epoch': '0.5049'}
{'loss': '0.5085', 'grad_norm': '200.7', 'learning_rate': '1.872e-05', 'epoch': '0.5109'}
{'loss': '0.5756', 'grad_norm': '87.77', 'learning_rate': '1.871e-05', 'epoch': '0.517'}
{'loss': '0.5039', 'grad_norm': '144.5', 'learning_rate': '1.869e-05', 'epoch': '0.5231'}
{'loss': '0.4861', 'grad_norm': '62.01', 'learning_rate': '1.868e-05', 'epoch': '0.5292'}
{'loss': '0.4746', 'grad_norm': '89.57', 'learning_rate': '1.866e-05', 'epoch': '0.5353'}
{'loss': '0.521', 'grad_norm': '108.6', 'learning_rate': '1.865e-05', 'epoch': '0.5414'}
{'loss': '0.4702', 'grad_norm': '63.98', 'learning_rate': '1.863e-05', 'epoch': '0.5474'}
{'loss': '0.4675', 'grad_norm': '101.2', 'learning_rate': '1.862e-05', 'epoch': '0.5535'}
{'loss': '0.468', 'grad_norm': '35.51', 'learning_rate': '1.86e-05', 'epoch': '0.5596'}
{'loss': '0.5089', 'grad_norm': '33.07', 'learning_rate': '1.859e-05', 'epoch': '0.5657'}
{'loss': '0.5136', 'grad_norm': '76.58', 'learning_rate': '1.857e-05', 'epoch': '0.5718'}
{'loss': '0.4771', 'grad_norm': '80.53', 'learning_rate': '1.856e-05', 'epoch': '0.5779'}
{'loss': '0.4934', 'grad_norm': '61.51', 'learning_rate': '1.854e-05', 'epoch': '0.5839'}
{'loss': '0.5072', 'grad_norm': '105.6', 'learning_rate': '1.853e-05', 'epoch': '0.59'}
{'loss': '0.4996', 'grad_norm': '73.48', 'learning_rate': '1.851e-05', 'epoch': '0.5961'}
{'loss': '0.4723', 'grad_norm': '96.81', 'learning_rate': '1.85e-05', 'epoch': '0.6022'}
{'loss': '0.4581', 'grad_norm': '149.3', 'learning_rate': '1.848e-05', 'epoch': '0.6083'}
{'loss': '0.4549', 'grad_norm': '49.82', 'learning_rate': '1.847e-05', 'epoch': '0.6144'}
{'loss': '0.5018', 'grad_norm': '72.62', 'learning_rate': '1.845e-05', 'epoch': '0.6204'}
{'loss': '0.4927', 'grad_norm': '69.96', 'learning_rate': '1.844e-05', 'epoch': '0.6265'}
{'loss': '0.5033', 'grad_norm': '96.69', 'learning_rate': '1.842e-05', 'epoch': '0.6326'}
{'loss': '0.4318', 'grad_norm': '92.53', 'learning_rate': '1.84e-05', 'epoch': '0.6387'}
{'loss': '0.4569', 'grad_norm': '105.7', 'learning_rate': '1.839e-05', 'epoch': '0.6448'}
{'loss': '0.4744', 'grad_norm': '235.2', 'learning_rate': '1.837e-05', 'epoch': '0.6509'}
{'loss': '0.5057', 'grad_norm': '27.45', 'learning_rate': '1.836e-05', 'epoch': '0.6569'}
{'loss': '0.4474', 'grad_norm': '450', 'learning_rate': '1.834e-05', 'epoch': '0.663'}
{'loss': '0.4374', 'grad_norm': '118', 'learning_rate': '1.833e-05', 'epoch': '0.6691'}
{'loss': '0.4027', 'grad_norm': '63', 'learning_rate': '1.831e-05', 'epoch': '0.6752'}
{'loss': '0.4255', 'grad_norm': '96.26', 'learning_rate': '1.83e-05', 'epoch': '0.6813'}
{'loss': '0.4292', 'grad_norm': '77.9', 'learning_rate': '1.828e-05', 'epoch': '0.6873'}
{'loss': '0.378', 'grad_norm': '99.09', 'learning_rate': '1.827e-05', 'epoch': '0.6934'}
{'loss': '0.4168', 'grad_norm': '122.3', 'learning_rate': '1.825e-05', 'epoch': '0.6995'}
{'loss': '0.4058', 'grad_norm': '76.7', 'learning_rate': '1.824e-05', 'epoch': '0.7056'}
{'loss': '0.4322', 'grad_norm': '227.6', 'learning_rate': '1.822e-05', 'epoch': '0.7117'}
{'loss': '0.4161', 'grad_norm': '51.74', 'learning_rate': '1.821e-05', 'epoch': '0.7178'}
{'loss': '0.4289', 'grad_norm': '48.42', 'learning_rate': '1.819e-05', 'epoch': '0.7238'}
{'loss': '0.4154', 'grad_norm': '224.1', 'learning_rate': '1.818e-05', 'epoch': '0.7299'}
{'loss': '0.397', 'grad_norm': '165.7', 'learning_rate': '1.816e-05', 'epoch': '0.736'}
{'loss': '0.407', 'grad_norm': '91.07', 'learning_rate': '1.815e-05', 'epoch': '0.7421'}
{'loss': '0.4594', 'grad_norm': '30.94', 'learning_rate': '1.813e-05', 'epoch': '0.7482'}
{'loss': '0.3567', 'grad_norm': '44.04', 'learning_rate': '1.812e-05', 'epoch': '0.7543'}
{'loss': '0.4175', 'grad_norm': '167.8', 'learning_rate': '1.81e-05', 'epoch': '0.7603'}
{'loss': '0.352', 'grad_norm': '51.01', 'learning_rate': '1.809e-05', 'epoch': '0.7664'}
{'loss': '0.3799', 'grad_norm': '232.9', 'learning_rate': '1.807e-05', 'epoch': '0.7725'}
{'loss': '0.4536', 'grad_norm': '48.81', 'learning_rate': '1.806e-05', 'epoch': '0.7786'}
{'loss': '0.3622', 'grad_norm': '44.32', 'learning_rate': '1.804e-05', 'epoch': '0.7847'}
{'loss': '0.4398', 'grad_norm': '278.6', 'learning_rate': '1.802e-05', 'epoch': '0.7908'}
{'loss': '0.417', 'grad_norm': '46.65', 'learning_rate': '1.801e-05', 'epoch': '0.7968'}
{'loss': '0.4441', 'grad_norm': '158.5', 'learning_rate': '1.799e-05', 'epoch': '0.8029'}
{'loss': '0.3474', 'grad_norm': '115.2', 'learning_rate': '1.798e-05', 'epoch': '0.809'}
{'loss': '0.3801', 'grad_norm': '74.36', 'learning_rate': '1.796e-05', 'epoch': '0.8151'}
{'loss': '0.3498', 'grad_norm': '198.8', 'learning_rate': '1.795e-05', 'epoch': '0.8212'}
{'loss': '0.4044', 'grad_norm': '45.05', 'learning_rate': '1.793e-05', 'epoch': '0.8273'}
{'loss': '0.3765', 'grad_norm': '100.7', 'learning_rate': '1.792e-05', 'epoch': '0.8333'}
{'loss': '0.437', 'grad_norm': '270.6', 'learning_rate': '1.79e-05', 'epoch': '0.8394'}
{'loss': '0.4175', 'grad_norm': '151.7', 'learning_rate': '1.789e-05', 'epoch': '0.8455'}
{'loss': '0.396', 'grad_norm': '89.91', 'learning_rate': '1.787e-05', 'epoch': '0.8516'}
{'loss': '0.399', 'grad_norm': '156.6', 'learning_rate': '1.786e-05', 'epoch': '0.8577'}
{'loss': '0.4585', 'grad_norm': '66.25', 'learning_rate': '1.784e-05', 'epoch': '0.8637'}
{'loss': '0.3471', 'grad_norm': '62.96', 'learning_rate': '1.783e-05', 'epoch': '0.8698'}
{'loss': '0.3387', 'grad_norm': '94.38', 'learning_rate': '1.781e-05', 'epoch': '0.8759'}
{'loss': '0.3098', 'grad_norm': '46.47', 'learning_rate': '1.78e-05', 'epoch': '0.882'}
{'loss': '0.4151', 'grad_norm': '653.6', 'learning_rate': '1.778e-05', 'epoch': '0.8881'}
{'loss': '0.396', 'grad_norm': '116.5', 'learning_rate': '1.777e-05', 'epoch': '0.8942'}
{'loss': '0.4008', 'grad_norm': '36.17', 'learning_rate': '1.775e-05', 'epoch': '0.9002'}
{'loss': '0.4034', 'grad_norm': '173', 'learning_rate': '1.774e-05', 'epoch': '0.9063'}
{'loss': '0.3283', 'grad_norm': '37.92', 'learning_rate': '1.772e-05', 'epoch': '0.9124'}
{'loss': '0.3277', 'grad_norm': '106.8', 'learning_rate': '1.771e-05', 'epoch': '0.9185'}
{'loss': '0.3993', 'grad_norm': '138.8', 'learning_rate': '1.769e-05', 'epoch': '0.9246'}
{'loss': '0.3661', 'grad_norm': '180.9', 'learning_rate': '1.767e-05', 'epoch': '0.9307'}
{'loss': '0.3595', 'grad_norm': '44.4', 'learning_rate': '1.766e-05', 'epoch': '0.9367'}
{'loss': '0.3537', 'grad_norm': '139.8', 'learning_rate': '1.764e-05', 'epoch': '0.9428'}
{'loss': '0.3622', 'grad_norm': '38.27', 'learning_rate': '1.763e-05', 'epoch': '0.9489'}
{'loss': '0.3039', 'grad_norm': '125.2', 'learning_rate': '1.761e-05', 'epoch': '0.955'}
{'loss': '0.3588', 'grad_norm': '209.5', 'learning_rate': '1.76e-05', 'epoch': '0.9611'}
{'loss': '0.4062', 'grad_norm': '87.69', 'learning_rate': '1.758e-05', 'epoch': '0.9672'}
{'loss': '0.3112', 'grad_norm': '82.5', 'learning_rate': '1.757e-05', 'epoch': '0.9732'}
{'loss': '0.3657', 'grad_norm': '59.07', 'learning_rate': '1.755e-05', 'epoch': '0.9793'}
{'loss': '0.3405', 'grad_norm': '35.15', 'learning_rate': '1.754e-05', 'epoch': '0.9854'}
{'loss': '0.3492', 'grad_norm': '47.38', 'learning_rate': '1.752e-05', 'epoch': '0.9915'}
{'loss': '0.3327', 'grad_norm': '23.19', 'learning_rate': '1.751e-05', 'epoch': '0.9976'}
{'eval_loss': '0.2936', 'eval_accuracy': '0.8817', 'eval_precision': '0.8992', 'eval_recall': '0.8747', 'eval_f1': '0.8868', 'eval_runtime': '12.12', 'eval_samples_per_second': '1072', 'eval_steps_per_second': '16.83', 'epoch': '1'}
{'loss': '0.333', 'grad_norm': '71.95', 'learning_rate': '1.749e-05', 'epoch': '1.004'}
{'loss': '0.3084', 'grad_norm': '75.79', 'learning_rate': '1.748e-05', 'epoch': '1.01'}
{'loss': '0.2922', 'grad_norm': '70.01', 'learning_rate': '1.746e-05', 'epoch': '1.016'}
{'loss': '0.3518', 'grad_norm': '21.54', 'learning_rate': '1.745e-05', 'epoch': '1.022'}
{'loss': '0.3076', 'grad_norm': '19.1', 'learning_rate': '1.743e-05', 'epoch': '1.028'}
{'loss': '0.2687', 'grad_norm': '34.82', 'learning_rate': '1.742e-05', 'epoch': '1.034'}
{'loss': '0.3125', 'grad_norm': '163.5', 'learning_rate': '1.74e-05', 'epoch': '1.04'}
{'loss': '0.2696', 'grad_norm': '45.88', 'learning_rate': '1.739e-05', 'epoch': '1.046'}
{'loss': '0.3274', 'grad_norm': '40.37', 'learning_rate': '1.737e-05', 'epoch': '1.052'}
{'loss': '0.3234', 'grad_norm': '43.39', 'learning_rate': '1.736e-05', 'epoch': '1.058'}
{'loss': '0.2851', 'grad_norm': '22.82', 'learning_rate': '1.734e-05', 'epoch': '1.064'}
{'loss': '0.272', 'grad_norm': '235.8', 'learning_rate': '1.733e-05', 'epoch': '1.071'}
{'loss': '0.3399', 'grad_norm': '83.49', 'learning_rate': '1.731e-05', 'epoch': '1.077'}
{'loss': '0.2329', 'grad_norm': '57.52', 'learning_rate': '1.729e-05', 'epoch': '1.083'}
{'loss': '0.342', 'grad_norm': '33.71', 'learning_rate': '1.728e-05', 'epoch': '1.089'}
{'loss': '0.2699', 'grad_norm': '217.2', 'learning_rate': '1.726e-05', 'epoch': '1.095'}
{'loss': '0.3867', 'grad_norm': '431.8', 'learning_rate': '1.725e-05', 'epoch': '1.101'}
{'loss': '0.2932', 'grad_norm': '37.33', 'learning_rate': '1.723e-05', 'epoch': '1.107'}
{'loss': '0.2782', 'grad_norm': '31.08', 'learning_rate': '1.722e-05', 'epoch': '1.113'}
{'loss': '0.2941', 'grad_norm': '73.51', 'learning_rate': '1.72e-05', 'epoch': '1.119'}
{'loss': '0.316', 'grad_norm': '42.53', 'learning_rate': '1.719e-05', 'epoch': '1.125'}
{'loss': '0.2536', 'grad_norm': '19.38', 'learning_rate': '1.717e-05', 'epoch': '1.131'}
{'loss': '0.2986', 'grad_norm': '31.17', 'learning_rate': '1.716e-05', 'epoch': '1.137'}
{'loss': '0.3272', 'grad_norm': '35.32', 'learning_rate': '1.714e-05', 'epoch': '1.144'}
{'loss': '0.2484', 'grad_norm': '24.43', 'learning_rate': '1.713e-05', 'epoch': '1.15'}
{'loss': '0.3485', 'grad_norm': '38.88', 'learning_rate': '1.711e-05', 'epoch': '1.156'}
{'loss': '0.3445', 'grad_norm': '37.47', 'learning_rate': '1.71e-05', 'epoch': '1.162'}
{'loss': '0.2796', 'grad_norm': '18.51', 'learning_rate': '1.708e-05', 'epoch': '1.168'}
{'loss': '0.2477', 'grad_norm': '21.96', 'learning_rate': '1.707e-05', 'epoch': '1.174'}
{'loss': '0.333', 'grad_norm': '38.27', 'learning_rate': '1.705e-05', 'epoch': '1.18'}
{'loss': '0.2504', 'grad_norm': '39.4', 'learning_rate': '1.704e-05', 'epoch': '1.186'}
{'loss': '0.225', 'grad_norm': '63.2', 'learning_rate': '1.702e-05', 'epoch': '1.192'}
{'loss': '0.2647', 'grad_norm': '58.88', 'learning_rate': '1.701e-05', 'epoch': '1.198'}
{'loss': '0.2985', 'grad_norm': '42.79', 'learning_rate': '1.699e-05', 'epoch': '1.204'}
{'loss': '0.2562', 'grad_norm': '42.09', 'learning_rate': '1.698e-05', 'epoch': '1.21'}
{'loss': '0.253', 'grad_norm': '102.1', 'learning_rate': '1.696e-05', 'epoch': '1.217'}
{'loss': '0.2592', 'grad_norm': '38.31', 'learning_rate': '1.694e-05', 'epoch': '1.223'}
{'loss': '0.2789', 'grad_norm': '100.6', 'learning_rate': '1.693e-05', 'epoch': '1.229'}
{'loss': '0.1583', 'grad_norm': '11.92', 'learning_rate': '1.691e-05', 'epoch': '1.235'}
{'loss': '0.2632', 'grad_norm': '52.88', 'learning_rate': '1.69e-05', 'epoch': '1.241'}
{'loss': '0.2019', 'grad_norm': '28.17', 'learning_rate': '1.688e-05', 'epoch': '1.247'}
{'loss': '0.2774', 'grad_norm': '24.26', 'learning_rate': '1.687e-05', 'epoch': '1.253'}
{'loss': '0.2723', 'grad_norm': '89.23', 'learning_rate': '1.685e-05', 'epoch': '1.259'}
{'loss': '0.266', 'grad_norm': '42.4', 'learning_rate': '1.684e-05', 'epoch': '1.265'}
{'loss': '0.2412', 'grad_norm': '17.72', 'learning_rate': '1.682e-05', 'epoch': '1.271'}
{'loss': '0.2598', 'grad_norm': '30.42', 'learning_rate': '1.681e-05', 'epoch': '1.277'}
{'loss': '0.2424', 'grad_norm': '20.15', 'learning_rate': '1.679e-05', 'epoch': '1.283'}
{'loss': '0.3056', 'grad_norm': '19.87', 'learning_rate': '1.678e-05', 'epoch': '1.29'}
{'loss': '0.239', 'grad_norm': '41.92', 'learning_rate': '1.676e-05', 'epoch': '1.296'}
{'loss': '0.2164', 'grad_norm': '30.44', 'learning_rate': '1.675e-05', 'epoch': '1.302'}
{'loss': '0.29', 'grad_norm': '60.88', 'learning_rate': '1.673e-05', 'epoch': '1.308'}
{'loss': '0.2429', 'grad_norm': '7.362', 'learning_rate': '1.672e-05', 'epoch': '1.314'}
{'loss': '0.259', 'grad_norm': '38.55', 'learning_rate': '1.67e-05', 'epoch': '1.32'}
{'loss': '0.2894', 'grad_norm': '42.47', 'learning_rate': '1.669e-05', 'epoch': '1.326'}
{'loss': '0.2508', 'grad_norm': '32.78', 'learning_rate': '1.667e-05', 'epoch': '1.332'}
{'loss': '0.2451', 'grad_norm': '139.3', 'learning_rate': '1.666e-05', 'epoch': '1.338'}
{'loss': '0.2988', 'grad_norm': '30.95', 'learning_rate': '1.664e-05', 'epoch': '1.344'}
{'loss': '0.2759', 'grad_norm': '20.21', 'learning_rate': '1.663e-05', 'epoch': '1.35'}
{'loss': '0.2722', 'grad_norm': '51.33', 'learning_rate': '1.661e-05', 'epoch': '1.356'}
{'loss': '0.2356', 'grad_norm': '21.67', 'learning_rate': '1.66e-05', 'epoch': '1.363'}
{'loss': '0.2289', 'grad_norm': '10.22', 'learning_rate': '1.658e-05', 'epoch': '1.369'}
{'loss': '0.224', 'grad_norm': '46.18', 'learning_rate': '1.656e-05', 'epoch': '1.375'}
{'loss': '0.2313', 'grad_norm': '26.26', 'learning_rate': '1.655e-05', 'epoch': '1.381'}
{'loss': '0.2359', 'grad_norm': '11.56', 'learning_rate': '1.653e-05', 'epoch': '1.387'}
{'loss': '0.2837', 'grad_norm': '12.42', 'learning_rate': '1.652e-05', 'epoch': '1.393'}
{'loss': '0.2339', 'grad_norm': '85.06', 'learning_rate': '1.65e-05', 'epoch': '1.399'}
{'loss': '0.2251', 'grad_norm': '87.37', 'learning_rate': '1.649e-05', 'epoch': '1.405'}
{'loss': '0.2223', 'grad_norm': '17.43', 'learning_rate': '1.647e-05', 'epoch': '1.411'}
{'loss': '0.2595', 'grad_norm': '20.74', 'learning_rate': '1.646e-05', 'epoch': '1.417'}
{'loss': '0.1975', 'grad_norm': '24.85', 'learning_rate': '1.644e-05', 'epoch': '1.423'}
{'loss': '0.2272', 'grad_norm': '41.14', 'learning_rate': '1.643e-05', 'epoch': '1.429'}
{'loss': '0.1734', 'grad_norm': '55.71', 'learning_rate': '1.641e-05', 'epoch': '1.436'}
{'loss': '0.1459', 'grad_norm': '108', 'learning_rate': '1.64e-05', 'epoch': '1.442'}
{'loss': '0.184', 'grad_norm': '31.62', 'learning_rate': '1.638e-05', 'epoch': '1.448'}
{'loss': '0.2563', 'grad_norm': '23.34', 'learning_rate': '1.637e-05', 'epoch': '1.454'}
{'loss': '0.2265', 'grad_norm': '11.29', 'learning_rate': '1.635e-05', 'epoch': '1.46'}
{'loss': '0.2401', 'grad_norm': '26.06', 'learning_rate': '1.634e-05', 'epoch': '1.466'}
{'loss': '0.1905', 'grad_norm': '26.3', 'learning_rate': '1.632e-05', 'epoch': '1.472'}
{'loss': '0.2312', 'grad_norm': '13.35', 'learning_rate': '1.631e-05', 'epoch': '1.478'}
{'loss': '0.1848', 'grad_norm': '44.77', 'learning_rate': '1.629e-05', 'epoch': '1.484'}
{'loss': '0.2459', 'grad_norm': '48.94', 'learning_rate': '1.628e-05', 'epoch': '1.49'}
{'loss': '0.2245', 'grad_norm': '58.98', 'learning_rate': '1.626e-05', 'epoch': '1.496'}
{'loss': '0.1881', 'grad_norm': '20.38', 'learning_rate': '1.625e-05', 'epoch': '1.502'}
{'loss': '0.1969', 'grad_norm': '5.164', 'learning_rate': '1.623e-05', 'epoch': '1.509'}
{'loss': '0.1835', 'grad_norm': '28.54', 'learning_rate': '1.622e-05', 'epoch': '1.515'}
{'loss': '0.1759', 'grad_norm': '14.16', 'learning_rate': '1.62e-05', 'epoch': '1.521'}
{'loss': '0.207', 'grad_norm': '19.01', 'learning_rate': '1.618e-05', 'epoch': '1.527'}
{'loss': '0.2151', 'grad_norm': '17.96', 'learning_rate': '1.617e-05', 'epoch': '1.533'}
{'loss': '0.1717', 'grad_norm': '19.88', 'learning_rate': '1.615e-05', 'epoch': '1.539'}
{'loss': '0.2467', 'grad_norm': '13.26', 'learning_rate': '1.614e-05', 'epoch': '1.545'}
{'loss': '0.2563', 'grad_norm': '15.99', 'learning_rate': '1.612e-05', 'epoch': '1.551'}
{'loss': '0.1853', 'grad_norm': '26.32', 'learning_rate': '1.611e-05', 'epoch': '1.557'}
{'loss': '0.194', 'grad_norm': '36.07', 'learning_rate': '1.609e-05', 'epoch': '1.563'}
{'loss': '0.2346', 'grad_norm': '42.31', 'learning_rate': '1.608e-05', 'epoch': '1.569'}
{'loss': '0.217', 'grad_norm': '4.288', 'learning_rate': '1.606e-05', 'epoch': '1.575'}
{'loss': '0.1672', 'grad_norm': '17.9', 'learning_rate': '1.605e-05', 'epoch': '1.582'}
{'loss': '0.1803', 'grad_norm': '22.56', 'learning_rate': '1.603e-05', 'epoch': '1.588'}
{'loss': '0.1865', 'grad_norm': '13.82', 'learning_rate': '1.602e-05', 'epoch': '1.594'}
{'loss': '0.1826', 'grad_norm': '13.9', 'learning_rate': '1.6e-05', 'epoch': '1.6'}
{'loss': '0.1699', 'grad_norm': '7.804', 'learning_rate': '1.599e-05', 'epoch': '1.606'}
{'loss': '0.1922', 'grad_norm': '10.45', 'learning_rate': '1.597e-05', 'epoch': '1.612'}
{'loss': '0.1336', 'grad_norm': '19.4', 'learning_rate': '1.596e-05', 'epoch': '1.618'}
{'loss': '0.1643', 'grad_norm': '7.821', 'learning_rate': '1.594e-05', 'epoch': '1.624'}
{'loss': '0.1559', 'grad_norm': '8.092', 'learning_rate': '1.593e-05', 'epoch': '1.63'}
{'loss': '0.1963', 'grad_norm': '55.77', 'learning_rate': '1.591e-05', 'epoch': '1.636'}
{'loss': '0.1953', 'grad_norm': '17.28', 'learning_rate': '1.59e-05', 'epoch': '1.642'}
{'loss': '0.2287', 'grad_norm': '27.54', 'learning_rate': '1.588e-05', 'epoch': '1.648'}
{'loss': '0.1842', 'grad_norm': '18.87', 'learning_rate': '1.587e-05', 'epoch': '1.655'}
{'loss': '0.1626', 'grad_norm': '22.85', 'learning_rate': '1.585e-05', 'epoch': '1.661'}
{'loss': '0.1641', 'grad_norm': '34.48', 'learning_rate': '1.583e-05', 'epoch': '1.667'}
{'loss': '0.1568', 'grad_norm': '13.12', 'learning_rate': '1.582e-05', 'epoch': '1.673'}
{'loss': '0.165', 'grad_norm': '3.161', 'learning_rate': '1.58e-05', 'epoch': '1.679'}
{'loss': '0.1841', 'grad_norm': '97.36', 'learning_rate': '1.579e-05', 'epoch': '1.685'}
{'loss': '0.1325', 'grad_norm': '18.72', 'learning_rate': '1.577e-05', 'epoch': '1.691'}
{'loss': '0.1643', 'grad_norm': '23.67', 'learning_rate': '1.576e-05', 'epoch': '1.697'}
{'loss': '0.1644', 'grad_norm': '19.33', 'learning_rate': '1.574e-05', 'epoch': '1.703'}
{'loss': '0.2041', 'grad_norm': '3.909', 'learning_rate': '1.573e-05', 'epoch': '1.709'}
{'loss': '0.186', 'grad_norm': '35.23', 'learning_rate': '1.571e-05', 'epoch': '1.715'}
{'loss': '0.218', 'grad_norm': '75.77', 'learning_rate': '1.57e-05', 'epoch': '1.721'}
{'loss': '0.1835', 'grad_norm': '18.66', 'learning_rate': '1.568e-05', 'epoch': '1.727'}
{'loss': '0.2129', 'grad_norm': '13.06', 'learning_rate': '1.567e-05', 'epoch': '1.734'}
{'loss': '0.191', 'grad_norm': '60.82', 'learning_rate': '1.565e-05', 'epoch': '1.74'}
{'loss': '0.2107', 'grad_norm': '6.866', 'learning_rate': '1.564e-05', 'epoch': '1.746'}
{'loss': '0.1931', 'grad_norm': '9.257', 'learning_rate': '1.562e-05', 'epoch': '1.752'}
{'loss': '0.1052', 'grad_norm': '8.132', 'learning_rate': '1.561e-05', 'epoch': '1.758'}
{'loss': '0.101', 'grad_norm': '5.77', 'learning_rate': '1.559e-05', 'epoch': '1.764'}
{'loss': '0.1771', 'grad_norm': '5.926', 'learning_rate': '1.558e-05', 'epoch': '1.77'}
{'loss': '0.1719', 'grad_norm': '11.76', 'learning_rate': '1.556e-05', 'epoch': '1.776'}
{'loss': '0.2137', 'grad_norm': '6.711', 'learning_rate': '1.555e-05', 'epoch': '1.782'}
{'loss': '0.143', 'grad_norm': '12.12', 'learning_rate': '1.553e-05', 'epoch': '1.788'}
{'loss': '0.1595', 'grad_norm': '8.435', 'learning_rate': '1.552e-05', 'epoch': '1.794'}
{'loss': '0.127', 'grad_norm': '22.77', 'learning_rate': '1.55e-05', 'epoch': '1.8'}
{'loss': '0.1591', 'grad_norm': '35.99', 'learning_rate': '1.549e-05', 'epoch': '1.807'}
{'loss': '0.1644', 'grad_norm': '13.8', 'learning_rate': '1.547e-05', 'epoch': '1.813'}
{'loss': '0.174', 'grad_norm': '13.63', 'learning_rate': '1.545e-05', 'epoch': '1.819'}
{'loss': '0.22', 'grad_norm': '12.85', 'learning_rate': '1.544e-05', 'epoch': '1.825'}
{'loss': '0.1674', 'grad_norm': '8.995', 'learning_rate': '1.542e-05', 'epoch': '1.831'}
{'loss': '0.1669', 'grad_norm': '7.813', 'learning_rate': '1.541e-05', 'epoch': '1.837'}
{'loss': '0.1698', 'grad_norm': '19.86', 'learning_rate': '1.539e-05', 'epoch': '1.843'}
{'loss': '0.1284', 'grad_norm': '18.19', 'learning_rate': '1.538e-05', 'epoch': '1.849'}
{'loss': '0.1246', 'grad_norm': '5.374', 'learning_rate': '1.536e-05', 'epoch': '1.855'}
{'loss': '0.1664', 'grad_norm': '12.56', 'learning_rate': '1.535e-05', 'epoch': '1.861'}
{'loss': '0.1698', 'grad_norm': '10.52', 'learning_rate': '1.533e-05', 'epoch': '1.867'}
{'loss': '0.08091', 'grad_norm': '12.2', 'learning_rate': '1.532e-05', 'epoch': '1.873'}
{'loss': '0.1806', 'grad_norm': '12.72', 'learning_rate': '1.53e-05', 'epoch': '1.88'}
{'loss': '0.131', 'grad_norm': '29.02', 'learning_rate': '1.529e-05', 'epoch': '1.886'}
{'loss': '0.1427', 'grad_norm': '8.339', 'learning_rate': '1.527e-05', 'epoch': '1.892'}
{'loss': '0.1052', 'grad_norm': '15.54', 'learning_rate': '1.526e-05', 'epoch': '1.898'}
{'loss': '0.1063', 'grad_norm': '10.83', 'learning_rate': '1.524e-05', 'epoch': '1.904'}
{'loss': '0.16', 'grad_norm': '9.77', 'learning_rate': '1.523e-05', 'epoch': '1.91'}
{'loss': '0.1257', 'grad_norm': '12.97', 'learning_rate': '1.521e-05', 'epoch': '1.916'}
{'loss': '0.1504', 'grad_norm': '14.24', 'learning_rate': '1.52e-05', 'epoch': '1.922'}
{'loss': '0.1366', 'grad_norm': '9.377', 'learning_rate': '1.518e-05', 'epoch': '1.928'}
{'loss': '0.2212', 'grad_norm': '18.13', 'learning_rate': '1.517e-05', 'epoch': '1.934'}
{'loss': '0.1606', 'grad_norm': '2.867', 'learning_rate': '1.515e-05', 'epoch': '1.94'}
{'loss': '0.1331', 'grad_norm': '7.822', 'learning_rate': '1.514e-05', 'epoch': '1.946'}
{'loss': '0.1598', 'grad_norm': '10.73', 'learning_rate': '1.512e-05', 'epoch': '1.953'}
{'loss': '0.1008', 'grad_norm': '2.626', 'learning_rate': '1.51e-05', 'epoch': '1.959'}
{'loss': '0.1485', 'grad_norm': '7.297', 'learning_rate': '1.509e-05', 'epoch': '1.965'}
{'loss': '0.1311', 'grad_norm': '6.535', 'learning_rate': '1.507e-05', 'epoch': '1.971'}
{'loss': '0.1427', 'grad_norm': '9.02', 'learning_rate': '1.506e-05', 'epoch': '1.977'}
{'loss': '0.2009', 'grad_norm': '10.49', 'learning_rate': '1.504e-05', 'epoch': '1.983'}
{'loss': '0.1222', 'grad_norm': '8.725', 'learning_rate': '1.503e-05', 'epoch': '1.989'}
{'loss': '0.1781', 'grad_norm': '34.63', 'learning_rate': '1.501e-05', 'epoch': '1.995'}
{'eval_loss': '0.3409', 'eval_accuracy': '0.9124', 'eval_precision': '0.9178', 'eval_recall': '0.9167', 'eval_f1': '0.9173', 'eval_runtime': '11.62', 'eval_samples_per_second': '1119', 'eval_steps_per_second': '17.56', 'epoch': '2'}
{'loss': '0.1252', 'grad_norm': '9.102', 'learning_rate': '1.5e-05', 'epoch': '2.001'}
{'loss': '0.1551', 'grad_norm': '24.8', 'learning_rate': '1.498e-05', 'epoch': '2.007'}
{'loss': '0.1702', 'grad_norm': '21.96', 'learning_rate': '1.497e-05', 'epoch': '2.013'}
{'loss': '0.1857', 'grad_norm': '19.38', 'learning_rate': '1.495e-05', 'epoch': '2.019'}
{'loss': '0.1345', 'grad_norm': '14.35', 'learning_rate': '1.494e-05', 'epoch': '2.026'}
{'loss': '0.1533', 'grad_norm': '9.452', 'learning_rate': '1.492e-05', 'epoch': '2.032'}
{'loss': '0.1082', 'grad_norm': '11.48', 'learning_rate': '1.491e-05', 'epoch': '2.038'}
{'loss': '0.1914', 'grad_norm': '10.93', 'learning_rate': '1.489e-05', 'epoch': '2.044'}
{'loss': '0.1599', 'grad_norm': '22.81', 'learning_rate': '1.488e-05', 'epoch': '2.05'}
{'loss': '0.1187', 'grad_norm': '37.24', 'learning_rate': '1.486e-05', 'epoch': '2.056'}
{'loss': '0.09619', 'grad_norm': '17.37', 'learning_rate': '1.485e-05', 'epoch': '2.062'}
{'loss': '0.09514', 'grad_norm': '6.099', 'learning_rate': '1.483e-05', 'epoch': '2.068'}
{'loss': '0.1069', 'grad_norm': '9.269', 'learning_rate': '1.482e-05', 'epoch': '2.074'}
{'loss': '0.1666', 'grad_norm': '4.789', 'learning_rate': '1.48e-05', 'epoch': '2.08'}
{'loss': '0.1396', 'grad_norm': '13.6', 'learning_rate': '1.479e-05', 'epoch': '2.086'}
{'loss': '0.1589', 'grad_norm': '5.011', 'learning_rate': '1.477e-05', 'epoch': '2.092'}
{'loss': '0.1086', 'grad_norm': '2.404', 'learning_rate': '1.476e-05', 'epoch': '2.099'}
{'loss': '0.1381', 'grad_norm': '18.06', 'learning_rate': '1.474e-05', 'epoch': '2.105'}
{'loss': '0.105', 'grad_norm': '127', 'learning_rate': '1.472e-05', 'epoch': '2.111'}
{'loss': '0.1078', 'grad_norm': '8.334', 'learning_rate': '1.471e-05', 'epoch': '2.117'}
{'loss': '0.08907', 'grad_norm': '10.2', 'learning_rate': '1.469e-05', 'epoch': '2.123'}
{'loss': '0.1744', 'grad_norm': '23.11', 'learning_rate': '1.468e-05', 'epoch': '2.129'}
{'loss': '0.1303', 'grad_norm': '9.297', 'learning_rate': '1.466e-05', 'epoch': '2.135'}
{'loss': '0.09767', 'grad_norm': '4.256', 'learning_rate': '1.465e-05', 'epoch': '2.141'}
{'loss': '0.1414', 'grad_norm': '7.58', 'learning_rate': '1.463e-05', 'epoch': '2.147'}
{'loss': '0.1674', 'grad_norm': '10.03', 'learning_rate': '1.462e-05', 'epoch': '2.153'}
{'loss': '0.132', 'grad_norm': '22.94', 'learning_rate': '1.46e-05', 'epoch': '2.159'}
{'loss': '0.1592', 'grad_norm': '16.48', 'learning_rate': '1.459e-05', 'epoch': '2.165'}
{'loss': '0.1284', 'grad_norm': '15.34', 'learning_rate': '1.457e-05', 'epoch': '2.172'}
{'loss': '0.1209', 'grad_norm': '15.95', 'learning_rate': '1.456e-05', 'epoch': '2.178'}
{'loss': '0.1279', 'grad_norm': '11.39', 'learning_rate': '1.454e-05', 'epoch': '2.184'}
{'loss': '0.1603', 'grad_norm': '27.19', 'learning_rate': '1.453e-05', 'epoch': '2.19'}
{'loss': '0.1057', 'grad_norm': '5.93', 'learning_rate': '1.451e-05', 'epoch': '2.196'}
{'loss': '0.1359', 'grad_norm': '6.723', 'learning_rate': '1.45e-05', 'epoch': '2.202'}
{'loss': '0.1377', 'grad_norm': '13.05', 'learning_rate': '1.448e-05', 'epoch': '2.208'}
{'loss': '0.127', 'grad_norm': '8.572', 'learning_rate': '1.447e-05', 'epoch': '2.214'}
{'loss': '0.1665', 'grad_norm': '2.877', 'learning_rate': '1.445e-05', 'epoch': '2.22'}
{'loss': '0.1566', 'grad_norm': '12.91', 'learning_rate': '1.444e-05', 'epoch': '2.226'}
{'loss': '0.09922', 'grad_norm': '15.51', 'learning_rate': '1.442e-05', 'epoch': '2.232'}
{'loss': '0.1293', 'grad_norm': '15.64', 'learning_rate': '1.441e-05', 'epoch': '2.238'}
{'loss': '0.136', 'grad_norm': '9.856', 'learning_rate': '1.439e-05', 'epoch': '2.245'}
{'loss': '0.1124', 'grad_norm': '15.1', 'learning_rate': '1.438e-05', 'epoch': '2.251'}
{'loss': '0.106', 'grad_norm': '25.5', 'learning_rate': '1.436e-05', 'epoch': '2.257'}
{'loss': '0.1562', 'grad_norm': '53.14', 'learning_rate': '1.434e-05', 'epoch': '2.263'}
{'loss': '0.1193', 'grad_norm': '7.669', 'learning_rate': '1.433e-05', 'epoch': '2.269'}
{'loss': '0.09373', 'grad_norm': '6.621', 'learning_rate': '1.431e-05', 'epoch': '2.275'}
{'loss': '0.1465', 'grad_norm': '14.19', 'learning_rate': '1.43e-05', 'epoch': '2.281'}
{'loss': '0.07796', 'grad_norm': '4.728', 'learning_rate': '1.428e-05', 'epoch': '2.287'}
{'loss': '0.1146', 'grad_norm': '151.5', 'learning_rate': '1.427e-05', 'epoch': '2.293'}
{'loss': '0.1247', 'grad_norm': '8.961', 'learning_rate': '1.425e-05', 'epoch': '2.299'}
{'loss': '0.1197', 'grad_norm': '14.95', 'learning_rate': '1.424e-05', 'epoch': '2.305'}
{'loss': '0.1386', 'grad_norm': '7.3', 'learning_rate': '1.422e-05', 'epoch': '2.311'}
{'loss': '0.1374', 'grad_norm': '2.709', 'learning_rate': '1.421e-05', 'epoch': '2.318'}
{'loss': '0.1111', 'grad_norm': '3.896', 'learning_rate': '1.419e-05', 'epoch': '2.324'}
{'loss': '0.1431', 'grad_norm': '5.346', 'learning_rate': '1.418e-05', 'epoch': '2.33'}
{'loss': '0.1471', 'grad_norm': '7.923', 'learning_rate': '1.416e-05', 'epoch': '2.336'}
{'loss': '0.1205', 'grad_norm': '150.1', 'learning_rate': '1.415e-05', 'epoch': '2.342'}
{'loss': '0.1262', 'grad_norm': '11.88', 'learning_rate': '1.413e-05', 'epoch': '2.348'}
{'loss': '0.1119', 'grad_norm': '7.313', 'learning_rate': '1.412e-05', 'epoch': '2.354'}
{'loss': '0.1384', 'grad_norm': '16.15', 'learning_rate': '1.41e-05', 'epoch': '2.36'}
{'loss': '0.096', 'grad_norm': '3.83', 'learning_rate': '1.409e-05', 'epoch': '2.366'}
{'loss': '0.1174', 'grad_norm': '14.92', 'learning_rate': '1.407e-05', 'epoch': '2.372'}
{'loss': '0.1381', 'grad_norm': '17.14', 'learning_rate': '1.406e-05', 'epoch': '2.378'}
{'loss': '0.1249', 'grad_norm': '17.26', 'learning_rate': '1.404e-05', 'epoch': '2.384'}
{'loss': '0.1728', 'grad_norm': '22.27', 'learning_rate': '1.403e-05', 'epoch': '2.391'}
{'loss': '0.1133', 'grad_norm': '16.09', 'learning_rate': '1.401e-05', 'epoch': '2.397'}
{'loss': '0.08837', 'grad_norm': '17.24', 'learning_rate': '1.399e-05', 'epoch': '2.403'}
{'loss': '0.06959', 'grad_norm': '5.347', 'learning_rate': '1.398e-05', 'epoch': '2.409'}
{'loss': '0.1028', 'grad_norm': '7.215', 'learning_rate': '1.396e-05', 'epoch': '2.415'}
{'loss': '0.1201', 'grad_norm': '3.667', 'learning_rate': '1.395e-05', 'epoch': '2.421'}
{'loss': '0.09359', 'grad_norm': '6.49', 'learning_rate': '1.393e-05', 'epoch': '2.427'}
{'loss': '0.1158', 'grad_norm': '17.16', 'learning_rate': '1.392e-05', 'epoch': '2.433'}
{'loss': '0.1699', 'grad_norm': '12.88', 'learning_rate': '1.39e-05', 'epoch': '2.439'}
{'loss': '0.08556', 'grad_norm': '32.06', 'learning_rate': '1.389e-05', 'epoch': '2.445'}
{'loss': '0.1063', 'grad_norm': '16.76', 'learning_rate': '1.387e-05', 'epoch': '2.451'}
{'loss': '0.08566', 'grad_norm': '18.5', 'learning_rate': '1.386e-05', 'epoch': '2.457'}
{'loss': '0.04569', 'grad_norm': '7.699', 'learning_rate': '1.384e-05', 'epoch': '2.464'}
{'loss': '0.1276', 'grad_norm': '8.229', 'learning_rate': '1.383e-05', 'epoch': '2.47'}
{'loss': '0.1112', 'grad_norm': '24.77', 'learning_rate': '1.381e-05', 'epoch': '2.476'}
{'loss': '0.09449', 'grad_norm': '7.339', 'learning_rate': '1.38e-05', 'epoch': '2.482'}
{'loss': '0.06251', 'grad_norm': '16.47', 'learning_rate': '1.378e-05', 'epoch': '2.488'}
{'loss': '0.08892', 'grad_norm': '9.395', 'learning_rate': '1.377e-05', 'epoch': '2.494'}
{'loss': '0.09671', 'grad_norm': '15.35', 'learning_rate': '1.375e-05', 'epoch': '2.5'}
{'loss': '0.06577', 'grad_norm': '1.544', 'learning_rate': '1.374e-05', 'epoch': '2.506'}
{'loss': '0.1504', 'grad_norm': '8.133', 'learning_rate': '1.372e-05', 'epoch': '2.512'}
{'loss': '0.1008', 'grad_norm': '5.791', 'learning_rate': '1.371e-05', 'epoch': '2.518'}
{'loss': '0.1236', 'grad_norm': '34.17', 'learning_rate': '1.369e-05', 'epoch': '2.524'}
{'loss': '0.1401', 'grad_norm': '0.7594', 'learning_rate': '1.368e-05', 'epoch': '2.53'}
{'loss': '0.1417', 'grad_norm': '10.18', 'learning_rate': '1.366e-05', 'epoch': '2.536'}
{'loss': '0.08194', 'grad_norm': '2.132', 'learning_rate': '1.365e-05', 'epoch': '2.543'}
{'loss': '0.07475', 'grad_norm': '2.312', 'learning_rate': '1.363e-05', 'epoch': '2.549'}
{'loss': '0.1085', 'grad_norm': '1.619', 'learning_rate': '1.361e-05', 'epoch': '2.555'}
{'loss': '0.1547', 'grad_norm': '12.15', 'learning_rate': '1.36e-05', 'epoch': '2.561'}
{'loss': '0.1356', 'grad_norm': '6.587', 'learning_rate': '1.358e-05', 'epoch': '2.567'}
{'loss': '0.09216', 'grad_norm': '7.272', 'learning_rate': '1.357e-05', 'epoch': '2.573'}
{'loss': '0.06158', 'grad_norm': '4.898', 'learning_rate': '1.355e-05', 'epoch': '2.579'}
{'loss': '0.1226', 'grad_norm': '46.76', 'learning_rate': '1.354e-05', 'epoch': '2.585'}
{'loss': '0.1039', 'grad_norm': '11.56', 'learning_rate': '1.352e-05', 'epoch': '2.591'}
{'loss': '0.0729', 'grad_norm': '4.106', 'learning_rate': '1.351e-05', 'epoch': '2.597'}
{'loss': '0.08737', 'grad_norm': '9.674', 'learning_rate': '1.349e-05', 'epoch': '2.603'}
{'loss': '0.0903', 'grad_norm': '6.802', 'learning_rate': '1.348e-05', 'epoch': '2.609'}
{'loss': '0.1194', 'grad_norm': '21.18', 'learning_rate': '1.346e-05', 'epoch': '2.616'}
{'loss': '0.1337', 'grad_norm': '11.23', 'learning_rate': '1.345e-05', 'epoch': '2.622'}
{'loss': '0.09631', 'grad_norm': '36.3', 'learning_rate': '1.343e-05', 'epoch': '2.628'}
{'loss': '0.1229', 'grad_norm': '5.34', 'learning_rate': '1.342e-05', 'epoch': '2.634'}
{'loss': '0.08392', 'grad_norm': '21.36', 'learning_rate': '1.34e-05', 'epoch': '2.64'}
{'loss': '0.1107', 'grad_norm': '5.302', 'learning_rate': '1.339e-05', 'epoch': '2.646'}
{'loss': '0.07232', 'grad_norm': '4.748', 'learning_rate': '1.337e-05', 'epoch': '2.652'}
{'loss': '0.1059', 'grad_norm': '10.26', 'learning_rate': '1.336e-05', 'epoch': '2.658'}
{'loss': '0.1102', 'grad_norm': '1.401', 'learning_rate': '1.334e-05', 'epoch': '2.664'}
{'loss': '0.1318', 'grad_norm': '11.4', 'learning_rate': '1.333e-05', 'epoch': '2.67'}
{'loss': '0.06592', 'grad_norm': '5.449', 'learning_rate': '1.331e-05', 'epoch': '2.676'}
{'loss': '0.08197', 'grad_norm': '2.284', 'learning_rate': '1.33e-05', 'epoch': '2.682'}
{'loss': '0.07491', 'grad_norm': '4.043', 'learning_rate': '1.328e-05', 'epoch': '2.689'}
{'loss': '0.08573', 'grad_norm': '40.84', 'learning_rate': '1.326e-05', 'epoch': '2.695'}
{'loss': '0.07435', 'grad_norm': '5.496', 'learning_rate': '1.325e-05', 'epoch': '2.701'}
{'loss': '0.05975', 'grad_norm': '11.22', 'learning_rate': '1.323e-05', 'epoch': '2.707'}
{'loss': '0.1144', 'grad_norm': '23.38', 'learning_rate': '1.322e-05', 'epoch': '2.713'}
{'loss': '0.07018', 'grad_norm': '6.398', 'learning_rate': '1.32e-05', 'epoch': '2.719'}
{'loss': '0.09088', 'grad_norm': '43.33', 'learning_rate': '1.319e-05', 'epoch': '2.725'}
{'loss': '0.1329', 'grad_norm': '3.269', 'learning_rate': '1.317e-05', 'epoch': '2.731'}
{'loss': '0.0827', 'grad_norm': '6.917', 'learning_rate': '1.316e-05', 'epoch': '2.737'}
{'loss': '0.1835', 'grad_norm': '24.37', 'learning_rate': '1.314e-05', 'epoch': '2.743'}
{'loss': '0.09589', 'grad_norm': '10.23', 'learning_rate': '1.313e-05', 'epoch': '2.749'}
{'loss': '0.1115', 'grad_norm': '13.89', 'learning_rate': '1.311e-05', 'epoch': '2.755'}
{'loss': '0.1051', 'grad_norm': '9.973', 'learning_rate': '1.31e-05', 'epoch': '2.762'}
{'loss': '0.1307', 'grad_norm': '14.9', 'learning_rate': '1.308e-05', 'epoch': '2.768'}
{'loss': '0.1148', 'grad_norm': '4.792', 'learning_rate': '1.307e-05', 'epoch': '2.774'}
{'loss': '0.1385', 'grad_norm': '53.18', 'learning_rate': '1.305e-05', 'epoch': '2.78'}
{'loss': '0.09765', 'grad_norm': '4.664', 'learning_rate': '1.304e-05', 'epoch': '2.786'}
{'loss': '0.1184', 'grad_norm': '10.3', 'learning_rate': '1.302e-05', 'epoch': '2.792'}
{'loss': '0.136', 'grad_norm': '8.796', 'learning_rate': '1.301e-05', 'epoch': '2.798'}
{'loss': '0.06506', 'grad_norm': '3.989', 'learning_rate': '1.299e-05', 'epoch': '2.804'}
{'loss': '0.07486', 'grad_norm': '9.682', 'learning_rate': '1.298e-05', 'epoch': '2.81'}
{'loss': '0.07301', 'grad_norm': '1.075', 'learning_rate': '1.296e-05', 'epoch': '2.816'}
{'loss': '0.07412', 'grad_norm': '9.781', 'learning_rate': '1.295e-05', 'epoch': '2.822'}
{'loss': '0.08468', 'grad_norm': '4.948', 'learning_rate': '1.293e-05', 'epoch': '2.828'}
{'loss': '0.1085', 'grad_norm': '8.371', 'learning_rate': '1.292e-05', 'epoch': '2.835'}
{'loss': '0.142', 'grad_norm': '11.65', 'learning_rate': '1.29e-05', 'epoch': '2.841'}
{'loss': '0.1594', 'grad_norm': '3.745', 'learning_rate': '1.288e-05', 'epoch': '2.847'}
{'loss': '0.06853', 'grad_norm': '0.7961', 'learning_rate': '1.287e-05', 'epoch': '2.853'}
{'loss': '0.06018', 'grad_norm': '9.641', 'learning_rate': '1.285e-05', 'epoch': '2.859'}
{'loss': '0.08275', 'grad_norm': '5.394', 'learning_rate': '1.284e-05', 'epoch': '2.865'}
{'loss': '0.09848', 'grad_norm': '15.43', 'learning_rate': '1.282e-05', 'epoch': '2.871'}
{'loss': '0.1002', 'grad_norm': '22.86', 'learning_rate': '1.281e-05', 'epoch': '2.877'}
{'loss': '0.09851', 'grad_norm': '23.75', 'learning_rate': '1.279e-05', 'epoch': '2.883'}
{'loss': '0.1031', 'grad_norm': '8.128', 'learning_rate': '1.278e-05', 'epoch': '2.889'}
{'loss': '0.05202', 'grad_norm': '6.653', 'learning_rate': '1.276e-05', 'epoch': '2.895'}
{'loss': '0.08704', 'grad_norm': '34.86', 'learning_rate': '1.275e-05', 'epoch': '2.901'}
{'loss': '0.1259', 'grad_norm': '14.67', 'learning_rate': '1.273e-05', 'epoch': '2.908'}
{'loss': '0.1161', 'grad_norm': '5.303', 'learning_rate': '1.272e-05', 'epoch': '2.914'}
{'loss': '0.06932', 'grad_norm': '17.85', 'learning_rate': '1.27e-05', 'epoch': '2.92'}
{'loss': '0.07714', 'grad_norm': '9.368', 'learning_rate': '1.269e-05', 'epoch': '2.926'}
{'loss': '0.1155', 'grad_norm': '13.21', 'learning_rate': '1.267e-05', 'epoch': '2.932'}
{'loss': '0.07225', 'grad_norm': '1.578', 'learning_rate': '1.266e-05', 'epoch': '2.938'}
{'loss': '0.1256', 'grad_norm': '4.644', 'learning_rate': '1.264e-05', 'epoch': '2.944'}
{'loss': '0.06713', 'grad_norm': '2.262', 'learning_rate': '1.263e-05', 'epoch': '2.95'}
{'loss': '0.1248', 'grad_norm': '25.46', 'learning_rate': '1.261e-05', 'epoch': '2.956'}
{'loss': '0.09791', 'grad_norm': '18.98', 'learning_rate': '1.26e-05', 'epoch': '2.962'}
{'loss': '0.08104', 'grad_norm': '11.44', 'learning_rate': '1.258e-05', 'epoch': '2.968'}
{'loss': '0.0924', 'grad_norm': '16.33', 'learning_rate': '1.257e-05', 'epoch': '2.974'}
{'loss': '0.06428', 'grad_norm': '3.116', 'learning_rate': '1.255e-05', 'epoch': '2.981'}
{'loss': '0.09894', 'grad_norm': '7.758', 'learning_rate': '1.253e-05', 'epoch': '2.987'}
{'loss': '0.06051', 'grad_norm': '6.438', 'learning_rate': '1.252e-05', 'epoch': '2.993'}
{'loss': '0.09695', 'grad_norm': '12.14', 'learning_rate': '1.25e-05', 'epoch': '2.999'}
{'eval_loss': '0.447', 'eval_accuracy': '0.9208', 'eval_precision': '0.9272', 'eval_recall': '0.923', 'eval_f1': '0.9251', 'eval_runtime': '11.72', 'eval_samples_per_second': '1109', 'eval_steps_per_second': '17.41', 'epoch': '3'}
{'loss': '0.0867', 'grad_norm': '9.471', 'learning_rate': '1.249e-05', 'epoch': '3.005'}
{'loss': '0.09727', 'grad_norm': '8.328', 'learning_rate': '1.247e-05', 'epoch': '3.011'}
{'loss': '0.1028', 'grad_norm': '8.462', 'learning_rate': '1.246e-05', 'epoch': '3.017'}
{'loss': '0.1009', 'grad_norm': '6.287', 'learning_rate': '1.244e-05', 'epoch': '3.023'}
{'loss': '0.1058', 'grad_norm': '74.54', 'learning_rate': '1.243e-05', 'epoch': '3.029'}
{'loss': '0.07803', 'grad_norm': '1.45', 'learning_rate': '1.241e-05', 'epoch': '3.035'}
{'loss': '0.0506', 'grad_norm': '19.2', 'learning_rate': '1.24e-05', 'epoch': '3.041'}
{'loss': '0.09909', 'grad_norm': '18.47', 'learning_rate': '1.238e-05', 'epoch': '3.047'}
{'loss': '0.1416', 'grad_norm': '10.31', 'learning_rate': '1.237e-05', 'epoch': '3.054'}
{'loss': '0.08707', 'grad_norm': '15.15', 'learning_rate': '1.235e-05', 'epoch': '3.06'}
{'loss': '0.05775', 'grad_norm': '4.662', 'learning_rate': '1.234e-05', 'epoch': '3.066'}
{'loss': '0.1082', 'grad_norm': '12.51', 'learning_rate': '1.232e-05', 'epoch': '3.072'}
{'loss': '0.1112', 'grad_norm': '4.469', 'learning_rate': '1.231e-05', 'epoch': '3.078'}
{'loss': '0.1022', 'grad_norm': '19.02', 'learning_rate': '1.229e-05', 'epoch': '3.084'}
{'loss': '0.08243', 'grad_norm': '0.4801', 'learning_rate': '1.228e-05', 'epoch': '3.09'}
{'loss': '0.06958', 'grad_norm': '3.475', 'learning_rate': '1.226e-05', 'epoch': '3.096'}
{'loss': '0.07806', 'grad_norm': '35.87', 'learning_rate': '1.225e-05', 'epoch': '3.102'}
{'loss': '0.1161', 'grad_norm': '2.809', 'learning_rate': '1.223e-05', 'epoch': '3.108'}
{'loss': '0.1142', 'grad_norm': '4.963', 'learning_rate': '1.222e-05', 'epoch': '3.114'}
{'loss': '0.0756', 'grad_norm': '14.86', 'learning_rate': '1.22e-05', 'epoch': '3.12'}
{'loss': '0.1202', 'grad_norm': '8.048', 'learning_rate': '1.219e-05', 'epoch': '3.127'}
{'loss': '0.1187', 'grad_norm': '17.61', 'learning_rate': '1.217e-05', 'epoch': '3.133'}
{'loss': '0.1274', 'grad_norm': '23.4', 'learning_rate': '1.215e-05', 'epoch': '3.139'}
{'loss': '0.06206', 'grad_norm': '9.813', 'learning_rate': '1.214e-05', 'epoch': '3.145'}
{'loss': '0.09747', 'grad_norm': '5.832', 'learning_rate': '1.212e-05', 'epoch': '3.151'}
{'loss': '0.07424', 'grad_norm': '3.018', 'learning_rate': '1.211e-05', 'epoch': '3.157'}
{'loss': '0.0997', 'grad_norm': '5.756', 'learning_rate': '1.209e-05', 'epoch': '3.163'}
{'loss': '0.1084', 'grad_norm': '13.91', 'learning_rate': '1.208e-05', 'epoch': '3.169'}
{'loss': '0.1458', 'grad_norm': '23.67', 'learning_rate': '1.206e-05', 'epoch': '3.175'}
{'loss': '0.116', 'grad_norm': '15.79', 'learning_rate': '1.205e-05', 'epoch': '3.181'}
{'loss': '0.07786', 'grad_norm': '2.796', 'learning_rate': '1.203e-05', 'epoch': '3.187'}
{'loss': '0.09494', 'grad_norm': '30.61', 'learning_rate': '1.202e-05', 'epoch': '3.193'}
{'loss': '0.05577', 'grad_norm': '5.724', 'learning_rate': '1.2e-05', 'epoch': '3.2'}
{'loss': '0.08786', 'grad_norm': '5.541', 'learning_rate': '1.199e-05', 'epoch': '3.206'}
{'loss': '0.06192', 'grad_norm': '8.388', 'learning_rate': '1.197e-05', 'epoch': '3.212'}
{'loss': '0.0738', 'grad_norm': '3.186', 'learning_rate': '1.196e-05', 'epoch': '3.218'}
{'loss': '0.05521', 'grad_norm': '9.5', 'learning_rate': '1.194e-05', 'epoch': '3.224'}
{'loss': '0.05416', 'grad_norm': '6.253', 'learning_rate': '1.193e-05', 'epoch': '3.23'}
{'loss': '0.1285', 'grad_norm': '10.04', 'learning_rate': '1.191e-05', 'epoch': '3.236'}
{'loss': '0.1491', 'grad_norm': '88.45', 'learning_rate': '1.19e-05', 'epoch': '3.242'}
{'loss': '0.06998', 'grad_norm': '9.543', 'learning_rate': '1.188e-05', 'epoch': '3.248'}
{'loss': '0.0777', 'grad_norm': '2.941', 'learning_rate': '1.187e-05', 'epoch': '3.254'}
{'loss': '0.1053', 'grad_norm': '44.17', 'learning_rate': '1.185e-05', 'epoch': '3.26'}
{'loss': '0.04738', 'grad_norm': '4.314', 'learning_rate': '1.184e-05', 'epoch': '3.266'}
{'loss': '0.08059', 'grad_norm': '19.47', 'learning_rate': '1.182e-05', 'epoch': '3.273'}
{'loss': '0.1339', 'grad_norm': '9.524', 'learning_rate': '1.181e-05', 'epoch': '3.279'}
{'loss': '0.1069', 'grad_norm': '5.189', 'learning_rate': '1.179e-05', 'epoch': '3.285'}
{'loss': '0.1629', 'grad_norm': '20.34', 'learning_rate': '1.177e-05', 'epoch': '3.291'}
{'loss': '0.07185', 'grad_norm': '6.807', 'learning_rate': '1.176e-05', 'epoch': '3.297'}
{'loss': '0.05586', 'grad_norm': '3.629', 'learning_rate': '1.174e-05', 'epoch': '3.303'}
{'loss': '0.1197', 'grad_norm': '1.915', 'learning_rate': '1.173e-05', 'epoch': '3.309'}
{'loss': '0.1481', 'grad_norm': '13.14', 'learning_rate': '1.171e-05', 'epoch': '3.315'}
{'loss': '0.1192', 'grad_norm': '7.91', 'learning_rate': '1.17e-05', 'epoch': '3.321'}
{'loss': '0.07427', 'grad_norm': '8.155', 'learning_rate': '1.168e-05', 'epoch': '3.327'}
{'loss': '0.07089', 'grad_norm': '1.373', 'learning_rate': '1.167e-05', 'epoch': '3.333'}
{'loss': '0.03629', 'grad_norm': '9.748', 'learning_rate': '1.165e-05', 'epoch': '3.339'}
{'loss': '0.0836', 'grad_norm': '1.05', 'learning_rate': '1.164e-05', 'epoch': '3.345'}
{'loss': '0.07896', 'grad_norm': '3.537', 'learning_rate': '1.162e-05', 'epoch': '3.352'}
{'loss': '0.06414', 'grad_norm': '8.115', 'learning_rate': '1.161e-05', 'epoch': '3.358'}
{'loss': '0.07513', 'grad_norm': '7.242', 'learning_rate': '1.159e-05', 'epoch': '3.364'}
{'loss': '0.1109', 'grad_norm': '6.106', 'learning_rate': '1.158e-05', 'epoch': '3.37'}
{'loss': '0.115', 'grad_norm': '11.67', 'learning_rate': '1.156e-05', 'epoch': '3.376'}
{'loss': '0.04912', 'grad_norm': '3.75', 'learning_rate': '1.155e-05', 'epoch': '3.382'}
{'loss': '0.1325', 'grad_norm': '6.646', 'learning_rate': '1.153e-05', 'epoch': '3.388'}
{'loss': '0.08225', 'grad_norm': '4.866', 'learning_rate': '1.152e-05', 'epoch': '3.394'}
{'loss': '0.104', 'grad_norm': '1.695', 'learning_rate': '1.15e-05', 'epoch': '3.4'}
{'loss': '0.0848', 'grad_norm': '5.421', 'learning_rate': '1.149e-05', 'epoch': '3.406'}
{'loss': '0.06909', 'grad_norm': '24.06', 'learning_rate': '1.147e-05', 'epoch': '3.412'}
{'loss': '0.04429', 'grad_norm': '7.92', 'learning_rate': '1.146e-05', 'epoch': '3.418'}
{'loss': '0.04857', 'grad_norm': '6.925', 'learning_rate': '1.144e-05', 'epoch': '3.425'}
{'loss': '0.1208', 'grad_norm': '7.583', 'learning_rate': '1.142e-05', 'epoch': '3.431'}
{'loss': '0.04961', 'grad_norm': '14.6', 'learning_rate': '1.141e-05', 'epoch': '3.437'}
{'loss': '0.08285', 'grad_norm': '10.22', 'learning_rate': '1.139e-05', 'epoch': '3.443'}
{'loss': '0.0591', 'grad_norm': '4.558', 'learning_rate': '1.138e-05', 'epoch': '3.449'}
{'loss': '0.06694', 'grad_norm': '5.596', 'learning_rate': '1.136e-05', 'epoch': '3.455'}
{'loss': '0.0728', 'grad_norm': '12.82', 'learning_rate': '1.135e-05', 'epoch': '3.461'}
{'loss': '0.09284', 'grad_norm': '7.812', 'learning_rate': '1.133e-05', 'epoch': '3.467'}
{'loss': '0.08566', 'grad_norm': '1.212', 'learning_rate': '1.132e-05', 'epoch': '3.473'}
{'loss': '0.08926', 'grad_norm': '19.01', 'learning_rate': '1.13e-05', 'epoch': '3.479'}
{'loss': '0.09618', 'grad_norm': '3.96', 'learning_rate': '1.129e-05', 'epoch': '3.485'}
{'loss': '0.05824', 'grad_norm': '3.623', 'learning_rate': '1.127e-05', 'epoch': '3.491'}
{'loss': '0.04958', 'grad_norm': '9.595', 'learning_rate': '1.126e-05', 'epoch': '3.498'}
{'loss': '0.0815', 'grad_norm': '4.916', 'learning_rate': '1.124e-05', 'epoch': '3.504'}
{'loss': '0.103', 'grad_norm': '8.514', 'learning_rate': '1.123e-05', 'epoch': '3.51'}
{'loss': '0.0863', 'grad_norm': '0.9119', 'learning_rate': '1.121e-05', 'epoch': '3.516'}
{'loss': '0.0569', 'grad_norm': '0.4044', 'learning_rate': '1.12e-05', 'epoch': '3.522'}
{'loss': '0.09314', 'grad_norm': '1.182', 'learning_rate': '1.118e-05', 'epoch': '3.528'}
{'loss': '0.05166', 'grad_norm': '6.799', 'learning_rate': '1.117e-05', 'epoch': '3.534'}
{'loss': '0.08528', 'grad_norm': '11.86', 'learning_rate': '1.115e-05', 'epoch': '3.54'}
{'loss': '0.1235', 'grad_norm': '15.08', 'learning_rate': '1.114e-05', 'epoch': '3.546'}
{'loss': '0.09482', 'grad_norm': '14.33', 'learning_rate': '1.112e-05', 'epoch': '3.552'}
{'loss': '0.03758', 'grad_norm': '1.551', 'learning_rate': '1.111e-05', 'epoch': '3.558'}
{'loss': '0.1018', 'grad_norm': '10.05', 'learning_rate': '1.109e-05', 'epoch': '3.564'}
{'loss': '0.0619', 'grad_norm': '1.473', 'learning_rate': '1.108e-05', 'epoch': '3.571'}
{'loss': '0.1102', 'grad_norm': '25.88', 'learning_rate': '1.106e-05', 'epoch': '3.577'}
{'loss': '0.09248', 'grad_norm': '13.25', 'learning_rate': '1.104e-05', 'epoch': '3.583'}
{'loss': '0.08414', 'grad_norm': '6.31', 'learning_rate': '1.103e-05', 'epoch': '3.589'}
{'loss': '0.05927', 'grad_norm': '6.418', 'learning_rate': '1.101e-05', 'epoch': '3.595'}
{'loss': '0.09376', 'grad_norm': '5.842', 'learning_rate': '1.1e-05', 'epoch': '3.601'}
{'loss': '0.1024', 'grad_norm': '7.578', 'learning_rate': '1.098e-05', 'epoch': '3.607'}
{'loss': '0.1012', 'grad_norm': '8.404', 'learning_rate': '1.097e-05', 'epoch': '3.613'}
{'loss': '0.1389', 'grad_norm': '0.05677', 'learning_rate': '1.095e-05', 'epoch': '3.619'}
{'loss': '0.0708', 'grad_norm': '9.508', 'learning_rate': '1.094e-05', 'epoch': '3.625'}
{'loss': '0.06761', 'grad_norm': '4.104', 'learning_rate': '1.092e-05', 'epoch': '3.631'}
{'loss': '0.1042', 'grad_norm': '3.109', 'learning_rate': '1.091e-05', 'epoch': '3.637'}
{'loss': '0.105', 'grad_norm': '10.65', 'learning_rate': '1.089e-05', 'epoch': '3.644'}
{'loss': '0.1106', 'grad_norm': '6.001', 'learning_rate': '1.088e-05', 'epoch': '3.65'}
{'loss': '0.08198', 'grad_norm': '8.879', 'learning_rate': '1.086e-05', 'epoch': '3.656'}
{'loss': '0.06831', 'grad_norm': '7.002', 'learning_rate': '1.085e-05', 'epoch': '3.662'}
{'loss': '0.1151', 'grad_norm': '21.13', 'learning_rate': '1.083e-05', 'epoch': '3.668'}
{'loss': '0.1219', 'grad_norm': '13.13', 'learning_rate': '1.082e-05', 'epoch': '3.674'}
{'loss': '0.05303', 'grad_norm': '16.36', 'learning_rate': '1.08e-05', 'epoch': '3.68'}
{'loss': '0.07477', 'grad_norm': '0.5926', 'learning_rate': '1.079e-05', 'epoch': '3.686'}
{'loss': '0.03953', 'grad_norm': '2.967', 'learning_rate': '1.077e-05', 'epoch': '3.692'}
{'loss': '0.1127', 'grad_norm': '1.16', 'learning_rate': '1.076e-05', 'epoch': '3.698'}
{'loss': '0.05779', 'grad_norm': '0.5991', 'learning_rate': '1.074e-05', 'epoch': '3.704'}
{'loss': '0.05547', 'grad_norm': '10.99', 'learning_rate': '1.073e-05', 'epoch': '3.71'}
{'loss': '0.1347', 'grad_norm': '1.053', 'learning_rate': '1.071e-05', 'epoch': '3.717'}
{'loss': '0.0784', 'grad_norm': '6.523', 'learning_rate': '1.069e-05', 'epoch': '3.723'}
{'loss': '0.07762', 'grad_norm': '0.5199', 'learning_rate': '1.068e-05', 'epoch': '3.729'}
{'loss': '0.05559', 'grad_norm': '3.922', 'learning_rate': '1.066e-05', 'epoch': '3.735'}
{'loss': '0.0567', 'grad_norm': '2.056', 'learning_rate': '1.065e-05', 'epoch': '3.741'}
{'loss': '0.05094', 'grad_norm': '5.858', 'learning_rate': '1.063e-05', 'epoch': '3.747'}
{'loss': '0.09312', 'grad_norm': '29.36', 'learning_rate': '1.062e-05', 'epoch': '3.753'}
{'loss': '0.06062', 'grad_norm': '23.33', 'learning_rate': '1.06e-05', 'epoch': '3.759'}
{'loss': '0.05513', 'grad_norm': '6.155', 'learning_rate': '1.059e-05', 'epoch': '3.765'}
{'loss': '0.04645', 'grad_norm': '2.454', 'learning_rate': '1.057e-05', 'epoch': '3.771'}
{'loss': '0.05818', 'grad_norm': '2.23', 'learning_rate': '1.056e-05', 'epoch': '3.777'}
{'loss': '0.08225', 'grad_norm': '63.13', 'learning_rate': '1.054e-05', 'epoch': '3.783'}
{'loss': '0.0603', 'grad_norm': '4.867', 'learning_rate': '1.053e-05', 'epoch': '3.79'}
{'loss': '0.1205', 'grad_norm': '0.4534', 'learning_rate': '1.051e-05', 'epoch': '3.796'}
{'loss': '0.04334', 'grad_norm': '4.119', 'learning_rate': '1.05e-05', 'epoch': '3.802'}
{'loss': '0.07901', 'grad_norm': '7.637', 'learning_rate': '1.048e-05', 'epoch': '3.808'}
{'loss': '0.08045', 'grad_norm': '2.142', 'learning_rate': '1.047e-05', 'epoch': '3.814'}
{'loss': '0.06886', 'grad_norm': '9.063', 'learning_rate': '1.045e-05', 'epoch': '3.82'}
{'loss': '0.08322', 'grad_norm': '13.59', 'learning_rate': '1.044e-05', 'epoch': '3.826'}
{'loss': '0.0559', 'grad_norm': '18.64', 'learning_rate': '1.042e-05', 'epoch': '3.832'}
{'loss': '0.08914', 'grad_norm': '9.781', 'learning_rate': '1.041e-05', 'epoch': '3.838'}
{'loss': '0.05825', 'grad_norm': '11.17', 'learning_rate': '1.039e-05', 'epoch': '3.844'}
{'loss': '0.1107', 'grad_norm': '7.581', 'learning_rate': '1.038e-05', 'epoch': '3.85'}
{'loss': '0.08059', 'grad_norm': '0.8187', 'learning_rate': '1.036e-05', 'epoch': '3.856'}
{'loss': '0.08122', 'grad_norm': '0.9448', 'learning_rate': '1.035e-05', 'epoch': '3.863'}
{'loss': '0.08382', 'grad_norm': '0.2837', 'learning_rate': '1.033e-05', 'epoch': '3.869'}
{'loss': '0.08956', 'grad_norm': '2.637', 'learning_rate': '1.031e-05', 'epoch': '3.875'}
{'loss': '0.09165', 'grad_norm': '15.6', 'learning_rate': '1.03e-05', 'epoch': '3.881'}
{'loss': '0.06989', 'grad_norm': '4.189', 'learning_rate': '1.028e-05', 'epoch': '3.887'}
{'loss': '0.0757', 'grad_norm': '6.762', 'learning_rate': '1.027e-05', 'epoch': '3.893'}
{'loss': '0.08556', 'grad_norm': '8.697', 'learning_rate': '1.025e-05', 'epoch': '3.899'}
{'loss': '0.04162', 'grad_norm': '2.273', 'learning_rate': '1.024e-05', 'epoch': '3.905'}
{'loss': '0.06654', 'grad_norm': '0.9331', 'learning_rate': '1.022e-05', 'epoch': '3.911'}
{'loss': '0.02863', 'grad_norm': '1.556', 'learning_rate': '1.021e-05', 'epoch': '3.917'}
{'loss': '0.1278', 'grad_norm': '25.32', 'learning_rate': '1.019e-05', 'epoch': '3.923'}
{'loss': '0.06062', 'grad_norm': '7.664', 'learning_rate': '1.018e-05', 'epoch': '3.929'}
{'loss': '0.06219', 'grad_norm': '1.542', 'learning_rate': '1.016e-05', 'epoch': '3.936'}
{'loss': '0.0887', 'grad_norm': '7.363', 'learning_rate': '1.015e-05', 'epoch': '3.942'}
{'loss': '0.1105', 'grad_norm': '2.834', 'learning_rate': '1.013e-05', 'epoch': '3.948'}
{'loss': '0.07123', 'grad_norm': '2.402', 'learning_rate': '1.012e-05', 'epoch': '3.954'}
{'loss': '0.05645', 'grad_norm': '8.382', 'learning_rate': '1.01e-05', 'epoch': '3.96'}
{'loss': '0.08148', 'grad_norm': '5.19', 'learning_rate': '1.009e-05', 'epoch': '3.966'}
{'loss': '0.04128', 'grad_norm': '0.5747', 'learning_rate': '1.007e-05', 'epoch': '3.972'}
{'loss': '0.1022', 'grad_norm': '5.61', 'learning_rate': '1.006e-05', 'epoch': '3.978'}
{'loss': '0.08399', 'grad_norm': '7.057', 'learning_rate': '1.004e-05', 'epoch': '3.984'}
{'loss': '0.1293', 'grad_norm': '14.35', 'learning_rate': '1.003e-05', 'epoch': '3.99'}
{'loss': '0.04801', 'grad_norm': '5.619', 'learning_rate': '1.001e-05', 'epoch': '3.996'}
{'eval_loss': '0.514', 'eval_accuracy': '0.9185', 'eval_precision': '0.9221', 'eval_recall': '0.9241', 'eval_f1': '0.9231', 'eval_runtime': '11.59', 'eval_samples_per_second': '1121', 'eval_steps_per_second': '17.6', 'epoch': '4'}
{'loss': '0.07399', 'grad_norm': '1.596', 'learning_rate': '9.995e-06', 'epoch': '4.002'}
{'loss': '0.06239', 'grad_norm': '12.33', 'learning_rate': '9.98e-06', 'epoch': '4.009'}
{'loss': '0.05566', 'grad_norm': '11.99', 'learning_rate': '9.965e-06', 'epoch': '4.015'}
{'loss': '0.05494', 'grad_norm': '4.727', 'learning_rate': '9.95e-06', 'epoch': '4.021'}
{'loss': '0.1067', 'grad_norm': '12.22', 'learning_rate': '9.935e-06', 'epoch': '4.027'}
{'loss': '0.04975', 'grad_norm': '2.523', 'learning_rate': '9.919e-06', 'epoch': '4.033'}
{'loss': '0.09031', 'grad_norm': '2.755', 'learning_rate': '9.904e-06', 'epoch': '4.039'}
{'loss': '0.03456', 'grad_norm': '1.497', 'learning_rate': '9.889e-06', 'epoch': '4.045'}
{'loss': '0.0218', 'grad_norm': '1.972', 'learning_rate': '9.874e-06', 'epoch': '4.051'}
{'loss': '0.0465', 'grad_norm': '1.875', 'learning_rate': '9.859e-06', 'epoch': '4.057'}
{'loss': '0.05685', 'grad_norm': '1.999', 'learning_rate': '9.843e-06', 'epoch': '4.063'}
{'loss': '0.07188', 'grad_norm': '0.58', 'learning_rate': '9.828e-06', 'epoch': '4.069'}
{'loss': '0.07974', 'grad_norm': '7.289', 'learning_rate': '9.813e-06', 'epoch': '4.075'}
{'loss': '0.06229', 'grad_norm': '6.454', 'learning_rate': '9.798e-06', 'epoch': '4.082'}
{'loss': '0.03376', 'grad_norm': '3.358', 'learning_rate': '9.783e-06', 'epoch': '4.088'}
{'loss': '0.09873', 'grad_norm': '12.64', 'learning_rate': '9.767e-06', 'epoch': '4.094'}
{'loss': '0.04728', 'grad_norm': '1.029', 'learning_rate': '9.752e-06', 'epoch': '4.1'}
{'loss': '0.1097', 'grad_norm': '8.553', 'learning_rate': '9.737e-06', 'epoch': '4.106'}
{'loss': '0.06343', 'grad_norm': '3.073', 'learning_rate': '9.722e-06', 'epoch': '4.112'}
{'loss': '0.05082', 'grad_norm': '0.2423', 'learning_rate': '9.707e-06', 'epoch': '4.118'}
{'loss': '0.09234', 'grad_norm': '3.638', 'learning_rate': '9.691e-06', 'epoch': '4.124'}
{'loss': '0.06111', 'grad_norm': '4.503', 'learning_rate': '9.676e-06', 'epoch': '4.13'}
{'loss': '0.0705', 'grad_norm': '0.7579', 'learning_rate': '9.661e-06', 'epoch': '4.136'}
{'loss': '0.08387', 'grad_norm': '1.32', 'learning_rate': '9.646e-06', 'epoch': '4.142'}
{'loss': '0.09158', 'grad_norm': '0.9636', 'learning_rate': '9.63e-06', 'epoch': '4.148'}
{'loss': '0.04949', 'grad_norm': '0.4237', 'learning_rate': '9.615e-06', 'epoch': '4.155'}
{'loss': '0.0604', 'grad_norm': '7.21', 'learning_rate': '9.6e-06', 'epoch': '4.161'}
{'loss': '0.06681', 'grad_norm': '1.826', 'learning_rate': '9.585e-06', 'epoch': '4.167'}
{'loss': '0.04774', 'grad_norm': '5.669', 'learning_rate': '9.57e-06', 'epoch': '4.173'}
{'loss': '0.08655', 'grad_norm': '4.527', 'learning_rate': '9.554e-06', 'epoch': '4.179'}
{'loss': '0.04224', 'grad_norm': '2.451', 'learning_rate': '9.539e-06', 'epoch': '4.185'}
{'loss': '0.04604', 'grad_norm': '5.484', 'learning_rate': '9.524e-06', 'epoch': '4.191'}
{'loss': '0.09888', 'grad_norm': '124.9', 'learning_rate': '9.509e-06', 'epoch': '4.197'}
{'loss': '0.05226', 'grad_norm': '0.3365', 'learning_rate': '9.494e-06', 'epoch': '4.203'}
{'loss': '0.09484', 'grad_norm': '2.636', 'learning_rate': '9.478e-06', 'epoch': '4.209'}
{'loss': '0.05085', 'grad_norm': '10.51', 'learning_rate': '9.463e-06', 'epoch': '4.215'}
{'loss': '0.1154', 'grad_norm': '23.57', 'learning_rate': '9.448e-06', 'epoch': '4.221'}
{'loss': '0.1014', 'grad_norm': '6.82', 'learning_rate': '9.433e-06', 'epoch': '4.227'}
{'loss': '0.09789', 'grad_norm': '1.724', 'learning_rate': '9.418e-06', 'epoch': '4.234'}
{'loss': '0.03361', 'grad_norm': '8.5', 'learning_rate': '9.402e-06', 'epoch': '4.24'}
{'loss': '0.09234', 'grad_norm': '282.9', 'learning_rate': '9.387e-06', 'epoch': '4.246'}
{'loss': '0.04239', 'grad_norm': '13.24', 'learning_rate': '9.372e-06', 'epoch': '4.252'}
{'loss': '0.09228', 'grad_norm': '0.4568', 'learning_rate': '9.357e-06', 'epoch': '4.258'}
{'loss': '0.02989', 'grad_norm': '1.372', 'learning_rate': '9.342e-06', 'epoch': '4.264'}
{'loss': '0.07655', 'grad_norm': '4.651', 'learning_rate': '9.326e-06', 'epoch': '4.27'}
{'loss': '0.1231', 'grad_norm': '7.538', 'learning_rate': '9.311e-06', 'epoch': '4.276'}
{'loss': '0.06787', 'grad_norm': '13.52', 'learning_rate': '9.296e-06', 'epoch': '4.282'}
{'loss': '0.05193', 'grad_norm': '1.244', 'learning_rate': '9.281e-06', 'epoch': '4.288'}
{'loss': '0.05619', 'grad_norm': '7.405', 'learning_rate': '9.266e-06', 'epoch': '4.294'}
{'loss': '0.1105', 'grad_norm': '151.6', 'learning_rate': '9.25e-06', 'epoch': '4.3'}
{'loss': '0.06715', 'grad_norm': '5.242', 'learning_rate': '9.235e-06', 'epoch': '4.307'}
{'loss': '0.05614', 'grad_norm': '24.48', 'learning_rate': '9.22e-06', 'epoch': '4.313'}
{'loss': '0.1262', 'grad_norm': '11.33', 'learning_rate': '9.205e-06', 'epoch': '4.319'}
{'loss': '0.05547', 'grad_norm': '5.896', 'learning_rate': '9.189e-06', 'epoch': '4.325'}
{'loss': '0.05005', 'grad_norm': '8.907', 'learning_rate': '9.174e-06', 'epoch': '4.331'}
{'loss': '0.1165', 'grad_norm': '6.438', 'learning_rate': '9.159e-06', 'epoch': '4.337'}
{'loss': '0.07357', 'grad_norm': '11.64', 'learning_rate': '9.144e-06', 'epoch': '4.343'}
{'loss': '0.04724', 'grad_norm': '9.54', 'learning_rate': '9.129e-06', 'epoch': '4.349'}
{'loss': '0.08578', 'grad_norm': '7.283', 'learning_rate': '9.113e-06', 'epoch': '4.355'}
{'loss': '0.09844', 'grad_norm': '1.511', 'learning_rate': '9.098e-06', 'epoch': '4.361'}
{'loss': '0.08542', 'grad_norm': '5.458', 'learning_rate': '9.083e-06', 'epoch': '4.367'}
{'loss': '0.08541', 'grad_norm': '10.6', 'learning_rate': '9.068e-06', 'epoch': '4.373'}
{'loss': '0.09541', 'grad_norm': '20.85', 'learning_rate': '9.053e-06', 'epoch': '4.38'}
{'loss': '0.04037', 'grad_norm': '8.473', 'learning_rate': '9.037e-06', 'epoch': '4.386'}
{'loss': '0.05664', 'grad_norm': '4.075', 'learning_rate': '9.022e-06', 'epoch': '4.392'}
{'loss': '0.0638', 'grad_norm': '9.973', 'learning_rate': '9.007e-06', 'epoch': '4.398'}
{'loss': '0.04528', 'grad_norm': '0.8273', 'learning_rate': '8.992e-06', 'epoch': '4.404'}
{'loss': '0.08927', 'grad_norm': '5.763', 'learning_rate': '8.977e-06', 'epoch': '4.41'}
{'loss': '0.08545', 'grad_norm': '1.684', 'learning_rate': '8.961e-06', 'epoch': '4.416'}
{'loss': '0.188', 'grad_norm': '21.63', 'learning_rate': '8.946e-06', 'epoch': '4.422'}
{'loss': '0.08068', 'grad_norm': '7.313', 'learning_rate': '8.931e-06', 'epoch': '4.428'}
{'loss': '0.1031', 'grad_norm': '3.818', 'learning_rate': '8.916e-06', 'epoch': '4.434'}
{'loss': '0.04552', 'grad_norm': '0.04102', 'learning_rate': '8.901e-06', 'epoch': '4.44'}
{'loss': '0.09534', 'grad_norm': '0.3002', 'learning_rate': '8.885e-06', 'epoch': '4.446'}
{'loss': '0.05511', 'grad_norm': '0.443', 'learning_rate': '8.87e-06', 'epoch': '4.453'}
{'loss': '0.05382', 'grad_norm': '0.3103', 'learning_rate': '8.855e-06', 'epoch': '4.459'}
{'loss': '0.09807', 'grad_norm': '1.337', 'learning_rate': '8.84e-06', 'epoch': '4.465'}
{'loss': '0.09768', 'grad_norm': '16.28', 'learning_rate': '8.825e-06', 'epoch': '4.471'}
{'loss': '0.04125', 'grad_norm': '2.898', 'learning_rate': '8.809e-06', 'epoch': '4.477'}
{'loss': '0.06112', 'grad_norm': '8.246', 'learning_rate': '8.794e-06', 'epoch': '4.483'}
{'loss': '0.06255', 'grad_norm': '2.451', 'learning_rate': '8.779e-06', 'epoch': '4.489'}
{'loss': '0.05853', 'grad_norm': '1.541', 'learning_rate': '8.764e-06', 'epoch': '4.495'}
{'loss': '0.05706', 'grad_norm': '9.389', 'learning_rate': '8.748e-06', 'epoch': '4.501'}
{'loss': '0.03671', 'grad_norm': '0.4724', 'learning_rate': '8.733e-06', 'epoch': '4.507'}
{'loss': '0.06253', 'grad_norm': '0.6749', 'learning_rate': '8.718e-06', 'epoch': '4.513'}
{'loss': '0.03752', 'grad_norm': '1.594', 'learning_rate': '8.703e-06', 'epoch': '4.519'}
{'loss': '0.03918', 'grad_norm': '2.401', 'learning_rate': '8.688e-06', 'epoch': '4.526'}
{'loss': '0.02917', 'grad_norm': '1.48', 'learning_rate': '8.672e-06', 'epoch': '4.532'}
{'loss': '0.05697', 'grad_norm': '7.548', 'learning_rate': '8.657e-06', 'epoch': '4.538'}
{'loss': '0.07611', 'grad_norm': '12.07', 'learning_rate': '8.642e-06', 'epoch': '4.544'}
{'loss': '0.02926', 'grad_norm': '0.6891', 'learning_rate': '8.627e-06', 'epoch': '4.55'}
{'loss': '0.08196', 'grad_norm': '1.002', 'learning_rate': '8.612e-06', 'epoch': '4.556'}
{'loss': '0.05269', 'grad_norm': '2.238', 'learning_rate': '8.596e-06', 'epoch': '4.562'}
{'loss': '0.0592', 'grad_norm': '7.544', 'learning_rate': '8.581e-06', 'epoch': '4.568'}
{'loss': '0.06004', 'grad_norm': '11.56', 'learning_rate': '8.566e-06', 'epoch': '4.574'}
{'loss': '0.04005', 'grad_norm': '3.506', 'learning_rate': '8.551e-06', 'epoch': '4.58'}
{'loss': '0.07009', 'grad_norm': '10.5', 'learning_rate': '8.536e-06', 'epoch': '4.586'}
{'loss': '0.03622', 'grad_norm': '19.71', 'learning_rate': '8.52e-06', 'epoch': '4.592'}
{'loss': '0.03766', 'grad_norm': '0.3496', 'learning_rate': '8.505e-06', 'epoch': '4.599'}
{'loss': '0.1034', 'grad_norm': '0.8012', 'learning_rate': '8.49e-06', 'epoch': '4.605'}
{'loss': '0.05715', 'grad_norm': '0.133', 'learning_rate': '8.475e-06', 'epoch': '4.611'}
{'loss': '0.04115', 'grad_norm': '2.635', 'learning_rate': '8.46e-06', 'epoch': '4.617'}
{'loss': '0.06136', 'grad_norm': '5.282', 'learning_rate': '8.444e-06', 'epoch': '4.623'}
{'loss': '0.07808', 'grad_norm': '18.48', 'learning_rate': '8.429e-06', 'epoch': '4.629'}
{'loss': '0.02777', 'grad_norm': '0.7499', 'learning_rate': '8.414e-06', 'epoch': '4.635'}
{'loss': '0.06179', 'grad_norm': '11.55', 'learning_rate': '8.399e-06', 'epoch': '4.641'}
{'loss': '0.05135', 'grad_norm': '15.03', 'learning_rate': '8.384e-06', 'epoch': '4.647'}
{'loss': '0.06486', 'grad_norm': '6.323', 'learning_rate': '8.368e-06', 'epoch': '4.653'}
{'loss': '0.09953', 'grad_norm': '0.9213', 'learning_rate': '8.353e-06', 'epoch': '4.659'}
{'loss': '0.03879', 'grad_norm': '1.511', 'learning_rate': '8.338e-06', 'epoch': '4.665'}
{'loss': '0.04493', 'grad_norm': '3.466', 'learning_rate': '8.323e-06', 'epoch': '4.672'}
{'loss': '0.03145', 'grad_norm': '0.3157', 'learning_rate': '8.307e-06', 'epoch': '4.678'}
{'loss': '0.02582', 'grad_norm': '0.3847', 'learning_rate': '8.292e-06', 'epoch': '4.684'}
{'loss': '0.05194', 'grad_norm': '16.12', 'learning_rate': '8.277e-06', 'epoch': '4.69'}
{'loss': '0.03947', 'grad_norm': '0.2023', 'learning_rate': '8.262e-06', 'epoch': '4.696'}
{'loss': '0.06246', 'grad_norm': '7.372', 'learning_rate': '8.247e-06', 'epoch': '4.702'}
{'loss': '0.03909', 'grad_norm': '0.1514', 'learning_rate': '8.231e-06', 'epoch': '4.708'}
{'loss': '0.09138', 'grad_norm': '14.26', 'learning_rate': '8.216e-06', 'epoch': '4.714'}
{'loss': '0.05364', 'grad_norm': '12.37', 'learning_rate': '8.201e-06', 'epoch': '4.72'}
{'loss': '0.03796', 'grad_norm': '5.777', 'learning_rate': '8.186e-06', 'epoch': '4.726'}
{'loss': '0.0261', 'grad_norm': '6.067', 'learning_rate': '8.171e-06', 'epoch': '4.732'}
{'loss': '0.03343', 'grad_norm': '3.007', 'learning_rate': '8.155e-06', 'epoch': '4.738'}
{'loss': '0.08829', 'grad_norm': '0.1913', 'learning_rate': '8.14e-06', 'epoch': '4.745'}
{'loss': '0.04513', 'grad_norm': '1.622', 'learning_rate': '8.125e-06', 'epoch': '4.751'}
{'loss': '0.04701', 'grad_norm': '224.8', 'learning_rate': '8.11e-06', 'epoch': '4.757'}
{'loss': '0.05571', 'grad_norm': '8.577', 'learning_rate': '8.095e-06', 'epoch': '4.763'}
{'loss': '0.1115', 'grad_norm': '5.277', 'learning_rate': '8.079e-06', 'epoch': '4.769'}
{'loss': '0.05477', 'grad_norm': '15.55', 'learning_rate': '8.064e-06', 'epoch': '4.775'}
{'loss': '0.03781', 'grad_norm': '0.5661', 'learning_rate': '8.049e-06', 'epoch': '4.781'}
{'loss': '0.04981', 'grad_norm': '0.68', 'learning_rate': '8.034e-06', 'epoch': '4.787'}
{'loss': '0.0699', 'grad_norm': '7.27', 'learning_rate': '8.019e-06', 'epoch': '4.793'}
{'loss': '0.08722', 'grad_norm': '10.44', 'learning_rate': '8.003e-06', 'epoch': '4.799'}
{'loss': '0.08869', 'grad_norm': '4.086', 'learning_rate': '7.988e-06', 'epoch': '4.805'}
{'loss': '0.09166', 'grad_norm': '0.8527', 'learning_rate': '7.973e-06', 'epoch': '4.811'}
{'loss': '0.04693', 'grad_norm': '3.191', 'learning_rate': '7.958e-06', 'epoch': '4.818'}
{'loss': '0.04794', 'grad_norm': '2.706', 'learning_rate': '7.943e-06', 'epoch': '4.824'}
{'loss': '0.0504', 'grad_norm': '0.7781', 'learning_rate': '7.927e-06', 'epoch': '4.83'}
{'loss': '0.128', 'grad_norm': '0.3668', 'learning_rate': '7.912e-06', 'epoch': '4.836'}
{'loss': '0.05196', 'grad_norm': '2.29', 'learning_rate': '7.897e-06', 'epoch': '4.842'}
{'loss': '0.0357', 'grad_norm': '2.907', 'learning_rate': '7.882e-06', 'epoch': '4.848'}
{'loss': '0.04479', 'grad_norm': '4.027', 'learning_rate': '7.866e-06', 'epoch': '4.854'}
{'loss': '0.0872', 'grad_norm': '4.253', 'learning_rate': '7.851e-06', 'epoch': '4.86'}
{'loss': '0.1154', 'grad_norm': '13.61', 'learning_rate': '7.836e-06', 'epoch': '4.866'}
{'loss': '0.02441', 'grad_norm': '2.564', 'learning_rate': '7.821e-06', 'epoch': '4.872'}
{'loss': '0.04167', 'grad_norm': '4.643', 'learning_rate': '7.806e-06', 'epoch': '4.878'}
{'loss': '0.05858', 'grad_norm': '5.302', 'learning_rate': '7.79e-06', 'epoch': '4.884'}
{'loss': '0.1354', 'grad_norm': '3.018', 'learning_rate': '7.775e-06', 'epoch': '4.891'}
{'loss': '0.1325', 'grad_norm': '7.209', 'learning_rate': '7.76e-06', 'epoch': '4.897'}
{'loss': '0.1148', 'grad_norm': '12.2', 'learning_rate': '7.745e-06', 'epoch': '4.903'}
{'loss': '0.05159', 'grad_norm': '82.16', 'learning_rate': '7.73e-06', 'epoch': '4.909'}
{'loss': '0.02927', 'grad_norm': '11.27', 'learning_rate': '7.714e-06', 'epoch': '4.915'}
{'loss': '0.1177', 'grad_norm': '5.464', 'learning_rate': '7.699e-06', 'epoch': '4.921'}
{'loss': '0.08674', 'grad_norm': '14.57', 'learning_rate': '7.684e-06', 'epoch': '4.927'}
{'loss': '0.05444', 'grad_norm': '0.09413', 'learning_rate': '7.669e-06', 'epoch': '4.933'}
{'loss': '0.05601', 'grad_norm': '1.649', 'learning_rate': '7.654e-06', 'epoch': '4.939'}
{'loss': '0.02111', 'grad_norm': '0.8075', 'learning_rate': '7.638e-06', 'epoch': '4.945'}
{'loss': '0.02012', 'grad_norm': '6.907', 'learning_rate': '7.623e-06', 'epoch': '4.951'}
{'loss': '0.0333', 'grad_norm': '1.562', 'learning_rate': '7.608e-06', 'epoch': '4.957'}
{'loss': '0.05353', 'grad_norm': '0.7971', 'learning_rate': '7.593e-06', 'epoch': '4.964'}
{'loss': '0.06665', 'grad_norm': '0.5388', 'learning_rate': '7.578e-06', 'epoch': '4.97'}
{'loss': '0.07186', 'grad_norm': '0.9644', 'learning_rate': '7.562e-06', 'epoch': '4.976'}
{'loss': '0.04274', 'grad_norm': '12.37', 'learning_rate': '7.547e-06', 'epoch': '4.982'}
{'loss': '0.04307', 'grad_norm': '1.036', 'learning_rate': '7.532e-06', 'epoch': '4.988'}
{'loss': '0.07809', 'grad_norm': '16.16', 'learning_rate': '7.517e-06', 'epoch': '4.994'}
{'loss': '0.05967', 'grad_norm': '0.09318', 'learning_rate': '7.502e-06', 'epoch': '5'}
{'eval_loss': '0.5779', 'eval_accuracy': '0.9198', 'eval_precision': '0.922', 'eval_recall': '0.927', 'eval_f1': '0.9245', 'eval_runtime': '11.57', 'eval_samples_per_second': '1123', 'eval_steps_per_second': '17.63', 'epoch': '5'}
{'loss': '0.05399', 'grad_norm': '0.3191', 'learning_rate': '7.486e-06', 'epoch': '5.006'}
{'loss': '0.06725', 'grad_norm': '7.858', 'learning_rate': '7.471e-06', 'epoch': '5.012'}
{'loss': '0.1038', 'grad_norm': '5.986', 'learning_rate': '7.456e-06', 'epoch': '5.018'}
{'loss': '0.03433', 'grad_norm': '14.79', 'learning_rate': '7.441e-06', 'epoch': '5.024'}
{'loss': '0.09282', 'grad_norm': '7.64', 'learning_rate': '7.425e-06', 'epoch': '5.03'}
{'loss': '0.06117', 'grad_norm': '5.945', 'learning_rate': '7.41e-06', 'epoch': '5.036'}
{'loss': '0.03193', 'grad_norm': '0.4862', 'learning_rate': '7.395e-06', 'epoch': '5.043'}
{'loss': '0.04584', 'grad_norm': '17.72', 'learning_rate': '7.38e-06', 'epoch': '5.049'}
{'loss': '0.03532', 'grad_norm': '0.1034', 'learning_rate': '7.365e-06', 'epoch': '5.055'}
{'loss': '0.03237', 'grad_norm': '0.07261', 'learning_rate': '7.349e-06', 'epoch': '5.061'}
{'loss': '0.1238', 'grad_norm': '9.002', 'learning_rate': '7.334e-06', 'epoch': '5.067'}
{'loss': '0.06009', 'grad_norm': '5.873', 'learning_rate': '7.319e-06', 'epoch': '5.073'}
{'loss': '0.05796', 'grad_norm': '0.1926', 'learning_rate': '7.304e-06', 'epoch': '5.079'}
{'loss': '0.05933', 'grad_norm': '6.556', 'learning_rate': '7.289e-06', 'epoch': '5.085'}
{'loss': '0.01887', 'grad_norm': '0.5812', 'learning_rate': '7.273e-06', 'epoch': '5.091'}
{'loss': '0.0622', 'grad_norm': '0.4481', 'learning_rate': '7.258e-06', 'epoch': '5.097'}
{'loss': '0.07539', 'grad_norm': '0.4468', 'learning_rate': '7.243e-06', 'epoch': '5.103'}
{'loss': '0.07596', 'grad_norm': '0.306', 'learning_rate': '7.228e-06', 'epoch': '5.109'}
{'loss': '0.02294', 'grad_norm': '26.69', 'learning_rate': '7.213e-06', 'epoch': '5.116'}
{'loss': '0.06328', 'grad_norm': '2.673', 'learning_rate': '7.197e-06', 'epoch': '5.122'}
{'loss': '0.03518', 'grad_norm': '1.528', 'learning_rate': '7.182e-06', 'epoch': '5.128'}
{'loss': '0.07532', 'grad_norm': '3.438', 'learning_rate': '7.167e-06', 'epoch': '5.134'}
{'loss': '0.04166', 'grad_norm': '21.32', 'learning_rate': '7.152e-06', 'epoch': '5.14'}
{'loss': '0.08021', 'grad_norm': '79.33', 'learning_rate': '7.137e-06', 'epoch': '5.146'}
{'loss': '0.03312', 'grad_norm': '1.478', 'learning_rate': '7.121e-06', 'epoch': '5.152'}
{'loss': '0.05125', 'grad_norm': '8.041', 'learning_rate': '7.106e-06', 'epoch': '5.158'}
{'loss': '0.07131', 'grad_norm': '0.6381', 'learning_rate': '7.091e-06', 'epoch': '5.164'}
{'loss': '0.03525', 'grad_norm': '4.111', 'learning_rate': '7.076e-06', 'epoch': '5.17'}
{'loss': '0.1095', 'grad_norm': '0.2427', 'learning_rate': '7.061e-06', 'epoch': '5.176'}
{'loss': '0.04699', 'grad_norm': '3.323', 'learning_rate': '7.045e-06', 'epoch': '5.182'}
{'loss': '0.03804', 'grad_norm': '2.722', 'learning_rate': '7.03e-06', 'epoch': '5.189'}
{'loss': '0.0265', 'grad_norm': '0.7512', 'learning_rate': '7.015e-06', 'epoch': '5.195'}
{'loss': '0.0281', 'grad_norm': '16.48', 'learning_rate': '7e-06', 'epoch': '5.201'}
{'loss': '0.07477', 'grad_norm': '13.67', 'learning_rate': '6.984e-06', 'epoch': '5.207'}
{'loss': '0.0785', 'grad_norm': '22.04', 'learning_rate': '6.969e-06', 'epoch': '5.213'}
{'loss': '0.03941', 'grad_norm': '7.85', 'learning_rate': '6.954e-06', 'epoch': '5.219'}
{'loss': '0.06357', 'grad_norm': '10.08', 'learning_rate': '6.939e-06', 'epoch': '5.225'}
{'loss': '0.05795', 'grad_norm': '2.648', 'learning_rate': '6.924e-06', 'epoch': '5.231'}
{'loss': '0.05423', 'grad_norm': '3.634', 'learning_rate': '6.908e-06', 'epoch': '5.237'}
{'loss': '0.05004', 'grad_norm': '1.144', 'learning_rate': '6.893e-06', 'epoch': '5.243'}
{'loss': '0.04965', 'grad_norm': '22.88', 'learning_rate': '6.878e-06', 'epoch': '5.249'}
{'loss': '0.04716', 'grad_norm': '2.735', 'learning_rate': '6.863e-06', 'epoch': '5.255'}
{'loss': '0.04931', 'grad_norm': '1.397', 'learning_rate': '6.848e-06', 'epoch': '5.262'}
{'loss': '0.05767', 'grad_norm': '3.528', 'learning_rate': '6.832e-06', 'epoch': '5.268'}
{'loss': '0.06042', 'grad_norm': '4.306', 'learning_rate': '6.817e-06', 'epoch': '5.274'}
{'loss': '0.02039', 'grad_norm': '2.139', 'learning_rate': '6.802e-06', 'epoch': '5.28'}
{'loss': '0.0768', 'grad_norm': '48.15', 'learning_rate': '6.787e-06', 'epoch': '5.286'}
{'loss': '0.03858', 'grad_norm': '3.02', 'learning_rate': '6.772e-06', 'epoch': '5.292'}
{'loss': '0.04053', 'grad_norm': '0.3049', 'learning_rate': '6.756e-06', 'epoch': '5.298'}
{'loss': '0.03155', 'grad_norm': '0.8979', 'learning_rate': '6.741e-06', 'epoch': '5.304'}
{'loss': '0.04995', 'grad_norm': '4.23', 'learning_rate': '6.726e-06', 'epoch': '5.31'}
{'loss': '0.03551', 'grad_norm': '8.953', 'learning_rate': '6.711e-06', 'epoch': '5.316'}
{'loss': '0.1201', 'grad_norm': '6.899', 'learning_rate': '6.696e-06', 'epoch': '5.322'}
{'loss': '0.06167', 'grad_norm': '16.72', 'learning_rate': '6.68e-06', 'epoch': '5.328'}
{'loss': '0.04013', 'grad_norm': '0.5426', 'learning_rate': '6.665e-06', 'epoch': '5.335'}
{'loss': '0.03753', 'grad_norm': '0.06259', 'learning_rate': '6.65e-06', 'epoch': '5.341'}
{'loss': '0.05424', 'grad_norm': '1.127', 'learning_rate': '6.635e-06', 'epoch': '5.347'}
{'loss': '0.09438', 'grad_norm': '0.0724', 'learning_rate': '6.62e-06', 'epoch': '5.353'}
{'loss': '0.09147', 'grad_norm': '31.24', 'learning_rate': '6.604e-06', 'epoch': '5.359'}
{'loss': '0.07078', 'grad_norm': '8.209', 'learning_rate': '6.589e-06', 'epoch': '5.365'}
{'loss': '0.07687', 'grad_norm': '13.29', 'learning_rate': '6.574e-06', 'epoch': '5.371'}
{'loss': '0.0138', 'grad_norm': '4.323', 'learning_rate': '6.559e-06', 'epoch': '5.377'}
{'loss': '0.09248', 'grad_norm': '29.58', 'learning_rate': '6.543e-06', 'epoch': '5.383'}
{'loss': '0.0781', 'grad_norm': '7.89', 'learning_rate': '6.528e-06', 'epoch': '5.389'}
{'loss': '0.09756', 'grad_norm': '15.29', 'learning_rate': '6.513e-06', 'epoch': '5.395'}
{'loss': '0.03026', 'grad_norm': '0.3477', 'learning_rate': '6.498e-06', 'epoch': '5.401'}
{'loss': '0.08725', 'grad_norm': '15.16', 'learning_rate': '6.483e-06', 'epoch': '5.408'}
{'loss': '0.04595', 'grad_norm': '0.2701', 'learning_rate': '6.467e-06', 'epoch': '5.414'}
{'loss': '0.04751', 'grad_norm': '1.277', 'learning_rate': '6.452e-06', 'epoch': '5.42'}
{'loss': '0.0815', 'grad_norm': '10.87', 'learning_rate': '6.437e-06', 'epoch': '5.426'}
{'loss': '0.06477', 'grad_norm': '3.055', 'learning_rate': '6.422e-06', 'epoch': '5.432'}
{'loss': '0.09239', 'grad_norm': '48.7', 'learning_rate': '6.407e-06', 'epoch': '5.438'}
{'loss': '0.04326', 'grad_norm': '2.128', 'learning_rate': '6.391e-06', 'epoch': '5.444'}
{'loss': '0.05441', 'grad_norm': '2.164', 'learning_rate': '6.376e-06', 'epoch': '5.45'}
{'loss': '0.05826', 'grad_norm': '2.202', 'learning_rate': '6.361e-06', 'epoch': '5.456'}
{'loss': '0.09849', 'grad_norm': '20.69', 'learning_rate': '6.346e-06', 'epoch': '5.462'}
{'loss': '0.08343', 'grad_norm': '4.937', 'learning_rate': '6.331e-06', 'epoch': '5.468'}
{'loss': '0.07568', 'grad_norm': '12.42', 'learning_rate': '6.315e-06', 'epoch': '5.474'}
{'loss': '0.0313', 'grad_norm': '7.416', 'learning_rate': '6.3e-06', 'epoch': '5.481'}
{'loss': '0.06229', 'grad_norm': '18.15', 'learning_rate': '6.285e-06', 'epoch': '5.487'}
{'loss': '0.08998', 'grad_norm': '0.8563', 'learning_rate': '6.27e-06', 'epoch': '5.493'}
{'loss': '0.06444', 'grad_norm': '1.849', 'learning_rate': '6.255e-06', 'epoch': '5.499'}
{'loss': '0.0584', 'grad_norm': '0.499', 'learning_rate': '6.239e-06', 'epoch': '5.505'}
{'loss': '0.04955', 'grad_norm': '5.889', 'learning_rate': '6.224e-06', 'epoch': '5.511'}
{'loss': '0.03381', 'grad_norm': '0.2375', 'learning_rate': '6.209e-06', 'epoch': '5.517'}
{'loss': '0.02655', 'grad_norm': '4.533', 'learning_rate': '6.194e-06', 'epoch': '5.523'}
{'loss': '0.06584', 'grad_norm': '0.1782', 'learning_rate': '6.179e-06', 'epoch': '5.529'}
{'loss': '0.06201', 'grad_norm': '6.432', 'learning_rate': '6.163e-06', 'epoch': '5.535'}
{'loss': '0.04279', 'grad_norm': '0.1655', 'learning_rate': '6.148e-06', 'epoch': '5.541'}
{'loss': '0.04447', 'grad_norm': '0.2564', 'learning_rate': '6.133e-06', 'epoch': '5.547'}
{'loss': '0.05567', 'grad_norm': '2.58', 'learning_rate': '6.118e-06', 'epoch': '5.554'}
{'loss': '0.04143', 'grad_norm': '11.89', 'learning_rate': '6.102e-06', 'epoch': '5.56'}
{'loss': '0.07162', 'grad_norm': '15.97', 'learning_rate': '6.087e-06', 'epoch': '5.566'}
{'loss': '0.04839', 'grad_norm': '0.3796', 'learning_rate': '6.072e-06', 'epoch': '5.572'}
{'loss': '0.06335', 'grad_norm': '0.2258', 'learning_rate': '6.057e-06', 'epoch': '5.578'}
{'loss': '0.04532', 'grad_norm': '7.06', 'learning_rate': '6.042e-06', 'epoch': '5.584'}
{'loss': '0.05008', 'grad_norm': '26.32', 'learning_rate': '6.026e-06', 'epoch': '5.59'}
{'loss': '0.07789', 'grad_norm': '10.36', 'learning_rate': '6.011e-06', 'epoch': '5.596'}
{'loss': '0.06012', 'grad_norm': '7.929', 'learning_rate': '5.996e-06', 'epoch': '5.602'}
{'loss': '0.05855', 'grad_norm': '0.7017', 'learning_rate': '5.981e-06', 'epoch': '5.608'}
{'loss': '0.0449', 'grad_norm': '8.568', 'learning_rate': '5.966e-06', 'epoch': '5.614'}
{'loss': '0.05256', 'grad_norm': '15.72', 'learning_rate': '5.95e-06', 'epoch': '5.62'}
{'loss': '0.06949', 'grad_norm': '5.341', 'learning_rate': '5.935e-06', 'epoch': '5.627'}
{'loss': '0.05409', 'grad_norm': '3.513', 'learning_rate': '5.92e-06', 'epoch': '5.633'}
{'loss': '0.06619', 'grad_norm': '12.81', 'learning_rate': '5.905e-06', 'epoch': '5.639'}
{'loss': '0.08692', 'grad_norm': '4.473', 'learning_rate': '5.89e-06', 'epoch': '5.645'}
{'loss': '0.08011', 'grad_norm': '10.26', 'learning_rate': '5.874e-06', 'epoch': '5.651'}
{'loss': '0.03841', 'grad_norm': '10.16', 'learning_rate': '5.859e-06', 'epoch': '5.657'}
{'loss': '0.06765', 'grad_norm': '1.646', 'learning_rate': '5.844e-06', 'epoch': '5.663'}
{'loss': '0.04164', 'grad_norm': '6.31', 'learning_rate': '5.829e-06', 'epoch': '5.669'}
{'loss': '0.03781', 'grad_norm': '1.65', 'learning_rate': '5.814e-06', 'epoch': '5.675'}
{'loss': '0.04311', 'grad_norm': '7.455', 'learning_rate': '5.798e-06', 'epoch': '5.681'}
{'loss': '0.03206', 'grad_norm': '16.36', 'learning_rate': '5.783e-06', 'epoch': '5.687'}
{'loss': '0.05172', 'grad_norm': '1.062', 'learning_rate': '5.768e-06', 'epoch': '5.693'}
{'loss': '0.05068', 'grad_norm': '21.01', 'learning_rate': '5.753e-06', 'epoch': '5.7'}
{'loss': '0.06209', 'grad_norm': '3.706', 'learning_rate': '5.738e-06', 'epoch': '5.706'}
{'loss': '0.06101', 'grad_norm': '0.4536', 'learning_rate': '5.722e-06', 'epoch': '5.712'}
{'loss': '0.03591', 'grad_norm': '0.05035', 'learning_rate': '5.707e-06', 'epoch': '5.718'}
{'loss': '0.02133', 'grad_norm': '2.255', 'learning_rate': '5.692e-06', 'epoch': '5.724'}
{'loss': '0.07906', 'grad_norm': '7.387', 'learning_rate': '5.677e-06', 'epoch': '5.73'}
{'loss': '0.05481', 'grad_norm': '8.414', 'learning_rate': '5.661e-06', 'epoch': '5.736'}
{'loss': '0.01406', 'grad_norm': '1.735', 'learning_rate': '5.646e-06', 'epoch': '5.742'}
{'loss': '0.02056', 'grad_norm': '0.1452', 'learning_rate': '5.631e-06', 'epoch': '5.748'}
{'loss': '0.04745', 'grad_norm': '2.713', 'learning_rate': '5.616e-06', 'epoch': '5.754'}
{'loss': '0.1001', 'grad_norm': '0.5224', 'learning_rate': '5.601e-06', 'epoch': '5.76'}
{'loss': '0.03795', 'grad_norm': '0.2483', 'learning_rate': '5.585e-06', 'epoch': '5.766'}
{'loss': '0.009161', 'grad_norm': '0.4805', 'learning_rate': '5.57e-06', 'epoch': '5.773'}
{'loss': '0.02849', 'grad_norm': '1.192', 'learning_rate': '5.555e-06', 'epoch': '5.779'}
{'loss': '0.06819', 'grad_norm': '6.732', 'learning_rate': '5.54e-06', 'epoch': '5.785'}
{'loss': '0.09457', 'grad_norm': '5.514', 'learning_rate': '5.525e-06', 'epoch': '5.791'}
{'loss': '0.04692', 'grad_norm': '7.55', 'learning_rate': '5.509e-06', 'epoch': '5.797'}
{'loss': '0.03158', 'grad_norm': '0.1836', 'learning_rate': '5.494e-06', 'epoch': '5.803'}
{'loss': '0.02228', 'grad_norm': '21.37', 'learning_rate': '5.479e-06', 'epoch': '5.809'}
{'loss': '0.07088', 'grad_norm': '10.47', 'learning_rate': '5.464e-06', 'epoch': '5.815'}
{'loss': '0.09183', 'grad_norm': '12.62', 'learning_rate': '5.449e-06', 'epoch': '5.821'}
{'loss': '0.02873', 'grad_norm': '0.5121', 'learning_rate': '5.433e-06', 'epoch': '5.827'}
{'loss': '0.1069', 'grad_norm': '0.4995', 'learning_rate': '5.418e-06', 'epoch': '5.833'}
{'loss': '0.03966', 'grad_norm': '0.2035', 'learning_rate': '5.403e-06', 'epoch': '5.839'}
{'loss': '0.0652', 'grad_norm': '7.207', 'learning_rate': '5.388e-06', 'epoch': '5.845'}
{'loss': '0.03985', 'grad_norm': '8.066', 'learning_rate': '5.373e-06', 'epoch': '5.852'}
{'loss': '0.03201', 'grad_norm': '0.3167', 'learning_rate': '5.357e-06', 'epoch': '5.858'}
{'loss': '0.04588', 'grad_norm': '13.71', 'learning_rate': '5.342e-06', 'epoch': '5.864'}
{'loss': '0.03476', 'grad_norm': '0.7361', 'learning_rate': '5.327e-06', 'epoch': '5.87'}
{'loss': '0.01957', 'grad_norm': '52.67', 'learning_rate': '5.312e-06', 'epoch': '5.876'}
{'loss': '0.05362', 'grad_norm': '2.476', 'learning_rate': '5.297e-06', 'epoch': '5.882'}
{'loss': '0.01561', 'grad_norm': '2.372', 'learning_rate': '5.281e-06', 'epoch': '5.888'}
{'loss': '0.07346', 'grad_norm': '5.034', 'learning_rate': '5.266e-06', 'epoch': '5.894'}
{'loss': '0.07777', 'grad_norm': '8.04', 'learning_rate': '5.251e-06', 'epoch': '5.9'}
{'loss': '0.01112', 'grad_norm': '9.726', 'learning_rate': '5.236e-06', 'epoch': '5.906'}
{'loss': '0.05183', 'grad_norm': '0.0595', 'learning_rate': '5.22e-06', 'epoch': '5.912'}
{'loss': '0.06396', 'grad_norm': '9.249', 'learning_rate': '5.205e-06', 'epoch': '5.918'}
{'loss': '0.03432', 'grad_norm': '0.365', 'learning_rate': '5.19e-06', 'epoch': '5.925'}
{'loss': '0.02758', 'grad_norm': '8.089', 'learning_rate': '5.175e-06', 'epoch': '5.931'}
{'loss': '0.055', 'grad_norm': '57.76', 'learning_rate': '5.16e-06', 'epoch': '5.937'}
{'loss': '0.07635', 'grad_norm': '32.62', 'learning_rate': '5.144e-06', 'epoch': '5.943'}
{'loss': '0.05557', 'grad_norm': '0.02558', 'learning_rate': '5.129e-06', 'epoch': '5.949'}
{'loss': '0.03333', 'grad_norm': '16.13', 'learning_rate': '5.114e-06', 'epoch': '5.955'}
{'loss': '0.07342', 'grad_norm': '10.61', 'learning_rate': '5.099e-06', 'epoch': '5.961'}
{'loss': '0.05449', 'grad_norm': '13.35', 'learning_rate': '5.084e-06', 'epoch': '5.967'}
{'loss': '0.04332', 'grad_norm': '6.577', 'learning_rate': '5.068e-06', 'epoch': '5.973'}
{'loss': '0.09935', 'grad_norm': '0.2081', 'learning_rate': '5.053e-06', 'epoch': '5.979'}
{'loss': '0.01479', 'grad_norm': '3.892', 'learning_rate': '5.038e-06', 'epoch': '5.985'}
{'loss': '0.05591', 'grad_norm': '0.3018', 'learning_rate': '5.023e-06', 'epoch': '5.991'}
{'loss': '0.04238', 'grad_norm': '16.5', 'learning_rate': '5.008e-06', 'epoch': '5.998'}
{'eval_loss': '0.644', 'eval_accuracy': '0.9197', 'eval_precision': '0.9251', 'eval_recall': '0.9231', 'eval_f1': '0.9241', 'eval_runtime': '11.62', 'eval_samples_per_second': '1119', 'eval_steps_per_second': '17.56', 'epoch': '6'}
{'loss': '0.02521', 'grad_norm': '0.1217', 'learning_rate': '4.992e-06', 'epoch': '6.004'}
{'loss': '0.04655', 'grad_norm': '0.4426', 'learning_rate': '4.977e-06', 'epoch': '6.01'}
{'loss': '0.09275', 'grad_norm': '8.912', 'learning_rate': '4.962e-06', 'epoch': '6.016'}
{'loss': '0.06079', 'grad_norm': '0.3544', 'learning_rate': '4.947e-06', 'epoch': '6.022'}
{'loss': '0.07056', 'grad_norm': '28.27', 'learning_rate': '4.932e-06', 'epoch': '6.028'}
{'loss': '0.08832', 'grad_norm': '12.11', 'learning_rate': '4.916e-06', 'epoch': '6.034'}
{'loss': '0.05081', 'grad_norm': '10.29', 'learning_rate': '4.901e-06', 'epoch': '6.04'}
{'loss': '0.04712', 'grad_norm': '6.557', 'learning_rate': '4.886e-06', 'epoch': '6.046'}
{'loss': '0.0538', 'grad_norm': '7.283', 'learning_rate': '4.871e-06', 'epoch': '6.052'}
{'loss': '0.02874', 'grad_norm': '6.053', 'learning_rate': '4.856e-06', 'epoch': '6.058'}
{'loss': '0.02495', 'grad_norm': '5.826', 'learning_rate': '4.84e-06', 'epoch': '6.064'}
{'loss': '0.0626', 'grad_norm': '4.685', 'learning_rate': '4.825e-06', 'epoch': '6.071'}
{'loss': '0.03409', 'grad_norm': '0.3232', 'learning_rate': '4.81e-06', 'epoch': '6.077'}
{'loss': '0.04557', 'grad_norm': '8.545', 'learning_rate': '4.795e-06', 'epoch': '6.083'}
{'loss': '0.0312', 'grad_norm': '20.53', 'learning_rate': '4.78e-06', 'epoch': '6.089'}
{'loss': '0.07444', 'grad_norm': '11.19', 'learning_rate': '4.764e-06', 'epoch': '6.095'}
{'loss': '0.06101', 'grad_norm': '0.6321', 'learning_rate': '4.749e-06', 'epoch': '6.101'}
{'loss': '0.01201', 'grad_norm': '8.793', 'learning_rate': '4.734e-06', 'epoch': '6.107'}
{'loss': '0.0993', 'grad_norm': '2.898', 'learning_rate': '4.719e-06', 'epoch': '6.113'}
{'loss': '0.04654', 'grad_norm': '1.295', 'learning_rate': '4.703e-06', 'epoch': '6.119'}
{'loss': '0.01247', 'grad_norm': '4.652', 'learning_rate': '4.688e-06', 'epoch': '6.125'}
{'loss': '0.1011', 'grad_norm': '3.182', 'learning_rate': '4.673e-06', 'epoch': '6.131'}
{'loss': '0.02411', 'grad_norm': '0.3725', 'learning_rate': '4.658e-06', 'epoch': '6.137'}
{'loss': '0.0562', 'grad_norm': '31.05', 'learning_rate': '4.643e-06', 'epoch': '6.144'}
{'loss': '0.09474', 'grad_norm': '3.192', 'learning_rate': '4.627e-06', 'epoch': '6.15'}
{'loss': '0.02799', 'grad_norm': '0.1798', 'learning_rate': '4.612e-06', 'epoch': '6.156'}
{'loss': '0.01691', 'grad_norm': '1.056', 'learning_rate': '4.597e-06', 'epoch': '6.162'}
{'loss': '0.06563', 'grad_norm': '0.5264', 'learning_rate': '4.582e-06', 'epoch': '6.168'}
{'loss': '0.02533', 'grad_norm': '4.084', 'learning_rate': '4.567e-06', 'epoch': '6.174'}
{'loss': '0.08336', 'grad_norm': '5.183', 'learning_rate': '4.551e-06', 'epoch': '6.18'}
{'loss': '0.1159', 'grad_norm': '4.863', 'learning_rate': '4.536e-06', 'epoch': '6.186'}
{'loss': '0.05507', 'grad_norm': '1.098', 'learning_rate': '4.521e-06', 'epoch': '6.192'}
{'loss': '0.04315', 'grad_norm': '7.8', 'learning_rate': '4.506e-06', 'epoch': '6.198'}
{'loss': '0.07046', 'grad_norm': '27.48', 'learning_rate': '4.491e-06', 'epoch': '6.204'}
{'loss': '0.0786', 'grad_norm': '12.28', 'learning_rate': '4.475e-06', 'epoch': '6.21'}
{'loss': '0.06933', 'grad_norm': '14.53', 'learning_rate': '4.46e-06', 'epoch': '6.217'}
{'loss': '0.07478', 'grad_norm': '14.8', 'learning_rate': '4.445e-06', 'epoch': '6.223'}
{'loss': '0.05167', 'grad_norm': '1.76', 'learning_rate': '4.43e-06', 'epoch': '6.229'}
{'loss': '0.04579', 'grad_norm': '1.211', 'learning_rate': '4.415e-06', 'epoch': '6.235'}
{'loss': '0.07937', 'grad_norm': '6.029', 'learning_rate': '4.399e-06', 'epoch': '6.241'}
{'loss': '0.08154', 'grad_norm': '0.02722', 'learning_rate': '4.384e-06', 'epoch': '6.247'}
{'loss': '0.05929', 'grad_norm': '9.608', 'learning_rate': '4.369e-06', 'epoch': '6.253'}
{'loss': '0.0567', 'grad_norm': '6.565', 'learning_rate': '4.354e-06', 'epoch': '6.259'}
{'loss': '0.04248', 'grad_norm': '9.697', 'learning_rate': '4.339e-06', 'epoch': '6.265'}
{'loss': '0.04562', 'grad_norm': '11.18', 'learning_rate': '4.323e-06', 'epoch': '6.271'}
{'loss': '0.09842', 'grad_norm': '13.72', 'learning_rate': '4.308e-06', 'epoch': '6.277'}
{'loss': '0.03695', 'grad_norm': '10.76', 'learning_rate': '4.293e-06', 'epoch': '6.283'}
{'loss': '0.05138', 'grad_norm': '2.633', 'learning_rate': '4.278e-06', 'epoch': '6.29'}
{'loss': '0.04693', 'grad_norm': '0.1619', 'learning_rate': '4.262e-06', 'epoch': '6.296'}
{'loss': '0.07051', 'grad_norm': '0.00796', 'learning_rate': '4.247e-06', 'epoch': '6.302'}
{'loss': '0.0577', 'grad_norm': '2.964', 'learning_rate': '4.232e-06', 'epoch': '6.308'}
{'loss': '0.02719', 'grad_norm': '35.85', 'learning_rate': '4.217e-06', 'epoch': '6.314'}
{'loss': '0.02823', 'grad_norm': '0.1613', 'learning_rate': '4.202e-06', 'epoch': '6.32'}
{'loss': '0.044', 'grad_norm': '0.8563', 'learning_rate': '4.186e-06', 'epoch': '6.326'}
{'loss': '0.04096', 'grad_norm': '1.213', 'learning_rate': '4.171e-06', 'epoch': '6.332'}
{'loss': '0.0355', 'grad_norm': '11.12', 'learning_rate': '4.156e-06', 'epoch': '6.338'}
{'loss': '0.05583', 'grad_norm': '2.983', 'learning_rate': '4.141e-06', 'epoch': '6.344'}
{'loss': '0.08714', 'grad_norm': '0.2009', 'learning_rate': '4.126e-06', 'epoch': '6.35'}
{'loss': '0.05779', 'grad_norm': '4.307', 'learning_rate': '4.11e-06', 'epoch': '6.356'}
{'loss': '0.03485', 'grad_norm': '3.093', 'learning_rate': '4.095e-06', 'epoch': '6.363'}
{'loss': '0.04124', 'grad_norm': '10.89', 'learning_rate': '4.08e-06', 'epoch': '6.369'}
{'loss': '0.07425', 'grad_norm': '9.21', 'learning_rate': '4.065e-06', 'epoch': '6.375'}
{'loss': '0.07916', 'grad_norm': '95.72', 'learning_rate': '4.05e-06', 'epoch': '6.381'}
{'loss': '0.02471', 'grad_norm': '8.753', 'learning_rate': '4.034e-06', 'epoch': '6.387'}
{'loss': '0.08055', 'grad_norm': '5.66', 'learning_rate': '4.019e-06', 'epoch': '6.393'}
{'loss': '0.0356', 'grad_norm': '0.7041', 'learning_rate': '4.004e-06', 'epoch': '6.399'}
{'loss': '0.06872', 'grad_norm': '6.035', 'learning_rate': '3.989e-06', 'epoch': '6.405'}
{'loss': '0.02874', 'grad_norm': '3.441', 'learning_rate': '3.974e-06', 'epoch': '6.411'}
{'loss': '0.05636', 'grad_norm': '3.911', 'learning_rate': '3.958e-06', 'epoch': '6.417'}
{'loss': '0.06024', 'grad_norm': '12.5', 'learning_rate': '3.943e-06', 'epoch': '6.423'}
{'loss': '0.03409', 'grad_norm': '0.2112', 'learning_rate': '3.928e-06', 'epoch': '6.429'}
{'loss': '0.02623', 'grad_norm': '0.3895', 'learning_rate': '3.913e-06', 'epoch': '6.436'}
{'loss': '0.0519', 'grad_norm': '3.472', 'learning_rate': '3.898e-06', 'epoch': '6.442'}
{'loss': '0.06611', 'grad_norm': '2.433', 'learning_rate': '3.882e-06', 'epoch': '6.448'}
{'loss': '0.05033', 'grad_norm': '0.579', 'learning_rate': '3.867e-06', 'epoch': '6.454'}
{'loss': '0.07383', 'grad_norm': '11.71', 'learning_rate': '3.852e-06', 'epoch': '6.46'}
{'loss': '0.04365', 'grad_norm': '5.709', 'learning_rate': '3.837e-06', 'epoch': '6.466'}
{'loss': '0.052', 'grad_norm': '0.6336', 'learning_rate': '3.821e-06', 'epoch': '6.472'}
{'loss': '0.03128', 'grad_norm': '0.4173', 'learning_rate': '3.806e-06', 'epoch': '6.478'}
{'loss': '0.04366', 'grad_norm': '0.1014', 'learning_rate': '3.791e-06', 'epoch': '6.484'}
{'loss': '0.03357', 'grad_norm': '0.1114', 'learning_rate': '3.776e-06', 'epoch': '6.49'}
{'loss': '0.05125', 'grad_norm': '32.9', 'learning_rate': '3.761e-06', 'epoch': '6.496'}
{'loss': '0.04448', 'grad_norm': '1.47', 'learning_rate': '3.745e-06', 'epoch': '6.502'}
{'loss': '0.05927', 'grad_norm': '0.7693', 'learning_rate': '3.73e-06', 'epoch': '6.509'}
{'loss': '0.09392', 'grad_norm': '18.01', 'learning_rate': '3.715e-06', 'epoch': '6.515'}
{'loss': '0.03705', 'grad_norm': '2.189', 'learning_rate': '3.7e-06', 'epoch': '6.521'}
{'loss': '0.04159', 'grad_norm': '0.06876', 'learning_rate': '3.685e-06', 'epoch': '6.527'}
{'loss': '0.04832', 'grad_norm': '0.03658', 'learning_rate': '3.669e-06', 'epoch': '6.533'}
{'loss': '0.06105', 'grad_norm': '5.534', 'learning_rate': '3.654e-06', 'epoch': '6.539'}
{'loss': '0.0707', 'grad_norm': '0.06091', 'learning_rate': '3.639e-06', 'epoch': '6.545'}
{'loss': '0.0346', 'grad_norm': '5.364', 'learning_rate': '3.624e-06', 'epoch': '6.551'}
{'loss': '0.03031', 'grad_norm': '0.5717', 'learning_rate': '3.609e-06', 'epoch': '6.557'}
{'loss': '0.029', 'grad_norm': '10.55', 'learning_rate': '3.593e-06', 'epoch': '6.563'}
{'loss': '0.1127', 'grad_norm': '1.04', 'learning_rate': '3.578e-06', 'epoch': '6.569'}
{'loss': '0.1046', 'grad_norm': '0.02828', 'learning_rate': '3.563e-06', 'epoch': '6.575'}
{'loss': '0.06439', 'grad_norm': '0.4727', 'learning_rate': '3.548e-06', 'epoch': '6.582'}
{'loss': '0.09032', 'grad_norm': '5.035', 'learning_rate': '3.533e-06', 'epoch': '6.588'}
{'loss': '0.02943', 'grad_norm': '0.4283', 'learning_rate': '3.517e-06', 'epoch': '6.594'}
{'loss': '0.008324', 'grad_norm': '0.4214', 'learning_rate': '3.502e-06', 'epoch': '6.6'}
{'loss': '0.043', 'grad_norm': '8.004', 'learning_rate': '3.487e-06', 'epoch': '6.606'}
{'loss': '0.04548', 'grad_norm': '2.014', 'learning_rate': '3.472e-06', 'epoch': '6.612'}
{'loss': '0.02292', 'grad_norm': '1.308', 'learning_rate': '3.457e-06', 'epoch': '6.618'}
{'loss': '0.02643', 'grad_norm': '1.855', 'learning_rate': '3.441e-06', 'epoch': '6.624'}
{'loss': '0.04827', 'grad_norm': '3.435', 'learning_rate': '3.426e-06', 'epoch': '6.63'}
{'loss': '0.03047', 'grad_norm': '1.037', 'learning_rate': '3.411e-06', 'epoch': '6.636'}
{'loss': '0.03484', 'grad_norm': '1.684', 'learning_rate': '3.396e-06', 'epoch': '6.642'}
{'loss': '0.0487', 'grad_norm': '0.9364', 'learning_rate': '3.38e-06', 'epoch': '6.648'}
{'loss': '0.02921', 'grad_norm': '17.64', 'learning_rate': '3.365e-06', 'epoch': '6.655'}
{'loss': '0.06034', 'grad_norm': '0.7979', 'learning_rate': '3.35e-06', 'epoch': '6.661'}
{'loss': '0.03616', 'grad_norm': '1.662', 'learning_rate': '3.335e-06', 'epoch': '6.667'}
{'loss': '0.006019', 'grad_norm': '0.006627', 'learning_rate': '3.32e-06', 'epoch': '6.673'}
{'loss': '0.03601', 'grad_norm': '9.766', 'learning_rate': '3.304e-06', 'epoch': '6.679'}
{'loss': '0.08676', 'grad_norm': '2.356', 'learning_rate': '3.289e-06', 'epoch': '6.685'}
{'loss': '0.04972', 'grad_norm': '16.95', 'learning_rate': '3.274e-06', 'epoch': '6.691'}
{'loss': '0.04832', 'grad_norm': '2.655', 'learning_rate': '3.259e-06', 'epoch': '6.697'}
{'loss': '0.02511', 'grad_norm': '0.2094', 'learning_rate': '3.244e-06', 'epoch': '6.703'}
{'loss': '0.05078', 'grad_norm': '3.832', 'learning_rate': '3.228e-06', 'epoch': '6.709'}
{'loss': '0.0854', 'grad_norm': '0.1504', 'learning_rate': '3.213e-06', 'epoch': '6.715'}
{'loss': '0.07326', 'grad_norm': '5.722', 'learning_rate': '3.198e-06', 'epoch': '6.721'}
{'loss': '0.03657', 'grad_norm': '1.384', 'learning_rate': '3.183e-06', 'epoch': '6.727'}
{'loss': '0.04665', 'grad_norm': '0.009407', 'learning_rate': '3.168e-06', 'epoch': '6.734'}
{'loss': '0.01795', 'grad_norm': '3.191', 'learning_rate': '3.152e-06', 'epoch': '6.74'}
{'loss': '0.06796', 'grad_norm': '2.392', 'learning_rate': '3.137e-06', 'epoch': '6.746'}
{'loss': '0.02756', 'grad_norm': '4.899', 'learning_rate': '3.122e-06', 'epoch': '6.752'}
{'loss': '0.02485', 'grad_norm': '3.648', 'learning_rate': '3.107e-06', 'epoch': '6.758'}
{'loss': '0.06', 'grad_norm': '1.027', 'learning_rate': '3.092e-06', 'epoch': '6.764'}
{'loss': '0.08919', 'grad_norm': '6.116', 'learning_rate': '3.076e-06', 'epoch': '6.77'}
{'loss': '0.02467', 'grad_norm': '2.087', 'learning_rate': '3.061e-06', 'epoch': '6.776'}
{'loss': '0.01251', 'grad_norm': '0.6974', 'learning_rate': '3.046e-06', 'epoch': '6.782'}
{'loss': '0.06642', 'grad_norm': '10.51', 'learning_rate': '3.031e-06', 'epoch': '6.788'}
{'loss': '0.06394', 'grad_norm': '8.666', 'learning_rate': '3.016e-06', 'epoch': '6.794'}
{'loss': '0.03903', 'grad_norm': '121.5', 'learning_rate': '3e-06', 'epoch': '6.8'}
{'loss': '0.07761', 'grad_norm': '0.2486', 'learning_rate': '2.985e-06', 'epoch': '6.807'}
{'loss': '0.0902', 'grad_norm': '1.428', 'learning_rate': '2.97e-06', 'epoch': '6.813'}
{'loss': '0.05494', 'grad_norm': '0.03652', 'learning_rate': '2.955e-06', 'epoch': '6.819'}
{'loss': '0.02625', 'grad_norm': '0.5786', 'learning_rate': '2.939e-06', 'epoch': '6.825'}
{'loss': '0.02848', 'grad_norm': '3.137', 'learning_rate': '2.924e-06', 'epoch': '6.831'}
{'loss': '0.09247', 'grad_norm': '14.83', 'learning_rate': '2.909e-06', 'epoch': '6.837'}
{'loss': '0.05765', 'grad_norm': '1.98', 'learning_rate': '2.894e-06', 'epoch': '6.843'}
{'loss': '0.03017', 'grad_norm': '0.8654', 'learning_rate': '2.879e-06', 'epoch': '6.849'}
{'loss': '0.05323', 'grad_norm': '15.05', 'learning_rate': '2.863e-06', 'epoch': '6.855'}
{'loss': '0.03392', 'grad_norm': '1.718', 'learning_rate': '2.848e-06', 'epoch': '6.861'}
{'loss': '0.01923', 'grad_norm': '7.83', 'learning_rate': '2.833e-06', 'epoch': '6.867'}
{'loss': '0.05279', 'grad_norm': '0.6022', 'learning_rate': '2.818e-06', 'epoch': '6.873'}
{'loss': '0.08857', 'grad_norm': '9.456', 'learning_rate': '2.803e-06', 'epoch': '6.88'}
{'loss': '0.04588', 'grad_norm': '0.6203', 'learning_rate': '2.787e-06', 'epoch': '6.886'}
{'loss': '0.03484', 'grad_norm': '0.4547', 'learning_rate': '2.772e-06', 'epoch': '6.892'}
{'loss': '0.05484', 'grad_norm': '0.04883', 'learning_rate': '2.757e-06', 'epoch': '6.898'}
{'loss': '0.08232', 'grad_norm': '0.8945', 'learning_rate': '2.742e-06', 'epoch': '6.904'}
{'loss': '0.07374', 'grad_norm': '0.09387', 'learning_rate': '2.727e-06', 'epoch': '6.91'}
{'loss': '0.04867', 'grad_norm': '13.18', 'learning_rate': '2.711e-06', 'epoch': '6.916'}
{'loss': '0.09322', 'grad_norm': '25.84', 'learning_rate': '2.696e-06', 'epoch': '6.922'}
{'loss': '0.05325', 'grad_norm': '5.237', 'learning_rate': '2.681e-06', 'epoch': '6.928'}
{'loss': '0.03642', 'grad_norm': '1.547', 'learning_rate': '2.666e-06', 'epoch': '6.934'}
{'loss': '0.04676', 'grad_norm': '11.83', 'learning_rate': '2.651e-06', 'epoch': '6.94'}
{'loss': '0.04931', 'grad_norm': '0.5007', 'learning_rate': '2.635e-06', 'epoch': '6.946'}
{'loss': '0.07946', 'grad_norm': '1.229', 'learning_rate': '2.62e-06', 'epoch': '6.953'}
{'loss': '0.04933', 'grad_norm': '6.307', 'learning_rate': '2.605e-06', 'epoch': '6.959'}
{'loss': '0.0566', 'grad_norm': '5.979', 'learning_rate': '2.59e-06', 'epoch': '6.965'}
{'loss': '0.04283', 'grad_norm': '1.696', 'learning_rate': '2.575e-06', 'epoch': '6.971'}
{'loss': '0.05011', 'grad_norm': '12.84', 'learning_rate': '2.559e-06', 'epoch': '6.977'}
{'loss': '0.02238', 'grad_norm': '0.04202', 'learning_rate': '2.544e-06', 'epoch': '6.983'}
{'loss': '0.04514', 'grad_norm': '0.07979', 'learning_rate': '2.529e-06', 'epoch': '6.989'}
{'loss': '0.06911', 'grad_norm': '2.022', 'learning_rate': '2.514e-06', 'epoch': '6.995'}
{'eval_loss': '0.6357', 'eval_accuracy': '0.9216', 'eval_precision': '0.9259', 'eval_recall': '0.926', 'eval_f1': '0.926', 'eval_runtime': '11.67', 'eval_samples_per_second': '1114', 'eval_steps_per_second': '17.49', 'epoch': '7'}
{'loss': '0.02521', 'grad_norm': '4.932', 'learning_rate': '2.498e-06', 'epoch': '7.001'}
{'loss': '0.05988', 'grad_norm': '3.293', 'learning_rate': '2.483e-06', 'epoch': '7.007'}
{'loss': '0.07596', 'grad_norm': '3.998', 'learning_rate': '2.468e-06', 'epoch': '7.013'}
{'loss': '0.06954', 'grad_norm': '6.94', 'learning_rate': '2.453e-06', 'epoch': '7.019'}
{'loss': '0.03533', 'grad_norm': '1.082', 'learning_rate': '2.438e-06', 'epoch': '7.026'}
{'loss': '0.01553', 'grad_norm': '0.9804', 'learning_rate': '2.422e-06', 'epoch': '7.032'}
{'loss': '0.06788', 'grad_norm': '4.081', 'learning_rate': '2.407e-06', 'epoch': '7.038'}
{'loss': '0.02718', 'grad_norm': '0.4224', 'learning_rate': '2.392e-06', 'epoch': '7.044'}
{'loss': '0.0598', 'grad_norm': '3.415', 'learning_rate': '2.377e-06', 'epoch': '7.05'}
{'loss': '0.01897', 'grad_norm': '0.407', 'learning_rate': '2.362e-06', 'epoch': '7.056'}
{'loss': '0.06275', 'grad_norm': '0.1254', 'learning_rate': '2.346e-06', 'epoch': '7.062'}
{'loss': '0.03092', 'grad_norm': '0.07256', 'learning_rate': '2.331e-06', 'epoch': '7.068'}
{'loss': '0.03644', 'grad_norm': '0.09045', 'learning_rate': '2.316e-06', 'epoch': '7.074'}
{'loss': '0.08943', 'grad_norm': '13.96', 'learning_rate': '2.301e-06', 'epoch': '7.08'}
{'loss': '0.05626', 'grad_norm': '13.97', 'learning_rate': '2.286e-06', 'epoch': '7.086'}
{'loss': '0.03022', 'grad_norm': '4.623', 'learning_rate': '2.27e-06', 'epoch': '7.092'}
{'loss': '0.03807', 'grad_norm': '0.3593', 'learning_rate': '2.255e-06', 'epoch': '7.099'}
{'loss': '0.06043', 'grad_norm': '4.188', 'learning_rate': '2.24e-06', 'epoch': '7.105'}
{'loss': '0.03578', 'grad_norm': '1.849', 'learning_rate': '2.225e-06', 'epoch': '7.111'}
{'loss': '0.12', 'grad_norm': '5.551', 'learning_rate': '2.21e-06', 'epoch': '7.117'}
{'loss': '0.04062', 'grad_norm': '3.809', 'learning_rate': '2.194e-06', 'epoch': '7.123'}
{'loss': '0.03205', 'grad_norm': '5.245', 'learning_rate': '2.179e-06', 'epoch': '7.129'}
{'loss': '0.04286', 'grad_norm': '8.922', 'learning_rate': '2.164e-06', 'epoch': '7.135'}
{'loss': '0.04011', 'grad_norm': '1.167', 'learning_rate': '2.149e-06', 'epoch': '7.141'}
{'loss': '0.06871', 'grad_norm': '6.647', 'learning_rate': '2.134e-06', 'epoch': '7.147'}
{'loss': '0.03285', 'grad_norm': '6.364', 'learning_rate': '2.118e-06', 'epoch': '7.153'}
{'loss': '0.09246', 'grad_norm': '1.761', 'learning_rate': '2.103e-06', 'epoch': '7.159'}
{'loss': '0.03412', 'grad_norm': '12.85', 'learning_rate': '2.088e-06', 'epoch': '7.165'}
{'loss': '0.04744', 'grad_norm': '17.79', 'learning_rate': '2.073e-06', 'epoch': '7.172'}
{'loss': '0.04436', 'grad_norm': '4.619', 'learning_rate': '2.057e-06', 'epoch': '7.178'}
{'loss': '0.06764', 'grad_norm': '37.71', 'learning_rate': '2.042e-06', 'epoch': '7.184'}
{'loss': '0.05171', 'grad_norm': '14.56', 'learning_rate': '2.027e-06', 'epoch': '7.19'}
{'loss': '0.0351', 'grad_norm': '14.6', 'learning_rate': '2.012e-06', 'epoch': '7.196'}
{'loss': '0.06234', 'grad_norm': '8.762', 'learning_rate': '1.997e-06', 'epoch': '7.202'}
{'loss': '0.06025', 'grad_norm': '0.5694', 'learning_rate': '1.981e-06', 'epoch': '7.208'}
{'loss': '0.05196', 'grad_norm': '4.539', 'learning_rate': '1.966e-06', 'epoch': '7.214'}
{'loss': '0.0585', 'grad_norm': '0.0504', 'learning_rate': '1.951e-06', 'epoch': '7.22'}
{'loss': '0.0528', 'grad_norm': '19.54', 'learning_rate': '1.936e-06', 'epoch': '7.226'}
{'loss': '0.0471', 'grad_norm': '12.91', 'learning_rate': '1.921e-06', 'epoch': '7.232'}
{'loss': '0.08589', 'grad_norm': '6.042', 'learning_rate': '1.905e-06', 'epoch': '7.238'}
{'loss': '0.02968', 'grad_norm': '1.523', 'learning_rate': '1.89e-06', 'epoch': '7.245'}
{'loss': '0.05938', 'grad_norm': '5.799', 'learning_rate': '1.875e-06', 'epoch': '7.251'}
{'loss': '0.01535', 'grad_norm': '4.188', 'learning_rate': '1.86e-06', 'epoch': '7.257'}
{'loss': '0.07613', 'grad_norm': '18.68', 'learning_rate': '1.845e-06', 'epoch': '7.263'}
{'loss': '0.1035', 'grad_norm': '11', 'learning_rate': '1.829e-06', 'epoch': '7.269'}
{'loss': '0.06215', 'grad_norm': '0.1684', 'learning_rate': '1.814e-06', 'epoch': '7.275'}
{'loss': '0.06336', 'grad_norm': '4.959', 'learning_rate': '1.799e-06', 'epoch': '7.281'}
{'loss': '0.07271', 'grad_norm': '4.53', 'learning_rate': '1.784e-06', 'epoch': '7.287'}
{'loss': '0.0609', 'grad_norm': '0.09827', 'learning_rate': '1.769e-06', 'epoch': '7.293'}
{'loss': '0.02218', 'grad_norm': '0.5489', 'learning_rate': '1.753e-06', 'epoch': '7.299'}
{'loss': '0.03572', 'grad_norm': '12.43', 'learning_rate': '1.738e-06', 'epoch': '7.305'}
{'loss': '0.03013', 'grad_norm': '12.76', 'learning_rate': '1.723e-06', 'epoch': '7.311'}
{'loss': '0.01388', 'grad_norm': '0.9787', 'learning_rate': '1.708e-06', 'epoch': '7.318'}
{'loss': '0.03596', 'grad_norm': '0.01033', 'learning_rate': '1.693e-06', 'epoch': '7.324'}
{'loss': '0.04103', 'grad_norm': '0.6976', 'learning_rate': '1.677e-06', 'epoch': '7.33'}
{'loss': '0.07231', 'grad_norm': '14.97', 'learning_rate': '1.662e-06', 'epoch': '7.336'}
{'loss': '0.04758', 'grad_norm': '0.02684', 'learning_rate': '1.647e-06', 'epoch': '7.342'}
{'loss': '0.04185', 'grad_norm': '5.957', 'learning_rate': '1.632e-06', 'epoch': '7.348'}
{'loss': '0.07352', 'grad_norm': '8.763', 'learning_rate': '1.616e-06', 'epoch': '7.354'}
{'loss': '0.07518', 'grad_norm': '10.47', 'learning_rate': '1.601e-06', 'epoch': '7.36'}
{'loss': '0.07238', 'grad_norm': '0.2143', 'learning_rate': '1.586e-06', 'epoch': '7.366'}
{'loss': '0.03172', 'grad_norm': '7.845', 'learning_rate': '1.571e-06', 'epoch': '7.372'}
{'loss': '0.03806', 'grad_norm': '0.005216', 'learning_rate': '1.556e-06', 'epoch': '7.378'}
{'loss': '0.0382', 'grad_norm': '3.329', 'learning_rate': '1.54e-06', 'epoch': '7.384'}
{'loss': '0.06633', 'grad_norm': '1.209', 'learning_rate': '1.525e-06', 'epoch': '7.391'}
{'loss': '0.05911', 'grad_norm': '0.3365', 'learning_rate': '1.51e-06', 'epoch': '7.397'}
{'loss': '0.06106', 'grad_norm': '6.812', 'learning_rate': '1.495e-06', 'epoch': '7.403'}
{'loss': '0.07462', 'grad_norm': '5.279', 'learning_rate': '1.48e-06', 'epoch': '7.409'}
{'loss': '0.02577', 'grad_norm': '2.143', 'learning_rate': '1.464e-06', 'epoch': '7.415'}
{'loss': '0.08607', 'grad_norm': '3.853', 'learning_rate': '1.449e-06', 'epoch': '7.421'}
{'loss': '0.0262', 'grad_norm': '0.9654', 'learning_rate': '1.434e-06', 'epoch': '7.427'}
{'loss': '0.06298', 'grad_norm': '4.811', 'learning_rate': '1.419e-06', 'epoch': '7.433'}
{'loss': '0.09426', 'grad_norm': '16.16', 'learning_rate': '1.404e-06', 'epoch': '7.439'}
{'loss': '0.03601', 'grad_norm': '1.623', 'learning_rate': '1.388e-06', 'epoch': '7.445'}
{'loss': '0.0746', 'grad_norm': '0.01128', 'learning_rate': '1.373e-06', 'epoch': '7.451'}
{'loss': '0.05698', 'grad_norm': '0.5394', 'learning_rate': '1.358e-06', 'epoch': '7.457'}
{'loss': '0.03174', 'grad_norm': '1.085', 'learning_rate': '1.343e-06', 'epoch': '7.464'}
{'loss': '0.04028', 'grad_norm': '6.965', 'learning_rate': '1.328e-06', 'epoch': '7.47'}
{'loss': '0.09455', 'grad_norm': '3.871', 'learning_rate': '1.312e-06', 'epoch': '7.476'}
{'loss': '0.04761', 'grad_norm': '1.612', 'learning_rate': '1.297e-06', 'epoch': '7.482'}
{'loss': '0.02772', 'grad_norm': '0.04792', 'learning_rate': '1.282e-06', 'epoch': '7.488'}
{'loss': '0.02878', 'grad_norm': '0.0316', 'learning_rate': '1.267e-06', 'epoch': '7.494'}
{'loss': '0.02226', 'grad_norm': '7.74', 'learning_rate': '1.252e-06', 'epoch': '7.5'}
{'loss': '0.04181', 'grad_norm': '5.192', 'learning_rate': '1.236e-06', 'epoch': '7.506'}
{'loss': '0.04217', 'grad_norm': '1.389', 'learning_rate': '1.221e-06', 'epoch': '7.512'}
{'loss': '0.03865', 'grad_norm': '1.767', 'learning_rate': '1.206e-06', 'epoch': '7.518'}
{'loss': '0.03183', 'grad_norm': '0.9342', 'learning_rate': '1.191e-06', 'epoch': '7.524'}
{'loss': '0.01285', 'grad_norm': '0.03153', 'learning_rate': '1.175e-06', 'epoch': '7.53'}
{'loss': '0.06034', 'grad_norm': '3.504', 'learning_rate': '1.16e-06', 'epoch': '7.536'}
{'loss': '0.08569', 'grad_norm': '0.2882', 'learning_rate': '1.145e-06', 'epoch': '7.543'}
{'loss': '0.02649', 'grad_norm': '10.91', 'learning_rate': '1.13e-06', 'epoch': '7.549'}
{'loss': '0.0335', 'grad_norm': '5.561', 'learning_rate': '1.115e-06', 'epoch': '7.555'}
{'loss': '0.03258', 'grad_norm': '1.73', 'learning_rate': '1.099e-06', 'epoch': '7.561'}
{'loss': '0.06165', 'grad_norm': '1.08', 'learning_rate': '1.084e-06', 'epoch': '7.567'}
{'loss': '0.0556', 'grad_norm': '15.67', 'learning_rate': '1.069e-06', 'epoch': '7.573'}
{'loss': '0.06461', 'grad_norm': '0.01195', 'learning_rate': '1.054e-06', 'epoch': '7.579'}
{'loss': '0.094', 'grad_norm': '3.876', 'learning_rate': '1.039e-06', 'epoch': '7.585'}
{'loss': '0.02315', 'grad_norm': '3.42', 'learning_rate': '1.023e-06', 'epoch': '7.591'}
{'loss': '0.0492', 'grad_norm': '7.13', 'learning_rate': '1.008e-06', 'epoch': '7.597'}
{'loss': '0.01397', 'grad_norm': '0.0616', 'learning_rate': '9.93e-07', 'epoch': '7.603'}
{'loss': '0.05154', 'grad_norm': '12.57', 'learning_rate': '9.778e-07', 'epoch': '7.609'}
{'loss': '0.026', 'grad_norm': '2.462', 'learning_rate': '9.626e-07', 'epoch': '7.616'}
{'loss': '0.08459', 'grad_norm': '4.501', 'learning_rate': '9.474e-07', 'epoch': '7.622'}
{'loss': '0.03699', 'grad_norm': '7.465', 'learning_rate': '9.322e-07', 'epoch': '7.628'}
{'loss': '0.05932', 'grad_norm': '0.9593', 'learning_rate': '9.17e-07', 'epoch': '7.634'}
{'loss': '0.01774', 'grad_norm': '7.042', 'learning_rate': '9.018e-07', 'epoch': '7.64'}
{'loss': '0.03327', 'grad_norm': '10.84', 'learning_rate': '8.866e-07', 'epoch': '7.646'}
{'loss': '0.05582', 'grad_norm': '3.401', 'learning_rate': '8.714e-07', 'epoch': '7.652'}
{'loss': '0.0584', 'grad_norm': '5.596', 'learning_rate': '8.561e-07', 'epoch': '7.658'}
{'loss': '0.08391', 'grad_norm': '4.694', 'learning_rate': '8.409e-07', 'epoch': '7.664'}
{'loss': '0.062', 'grad_norm': '0.5341', 'learning_rate': '8.257e-07', 'epoch': '7.67'}
{'loss': '0.0638', 'grad_norm': '6.676', 'learning_rate': '8.105e-07', 'epoch': '7.676'}
{'loss': '0.06375', 'grad_norm': '20.34', 'learning_rate': '7.953e-07', 'epoch': '7.682'}
{'loss': '0.0609', 'grad_norm': '9.279', 'learning_rate': '7.801e-07', 'epoch': '7.689'}
{'loss': '0.04415', 'grad_norm': '4.811', 'learning_rate': '7.649e-07', 'epoch': '7.695'}
{'loss': '0.04235', 'grad_norm': '9.905', 'learning_rate': '7.497e-07', 'epoch': '7.701'}
{'loss': '0.03296', 'grad_norm': '0.7754', 'learning_rate': '7.345e-07', 'epoch': '7.707'}
{'loss': '0.02784', 'grad_norm': '0.384', 'learning_rate': '7.193e-07', 'epoch': '7.713'}
{'loss': '0.0707', 'grad_norm': '10.08', 'learning_rate': '7.041e-07', 'epoch': '7.719'}
{'loss': '0.05494', 'grad_norm': '0.07538', 'learning_rate': '6.889e-07', 'epoch': '7.725'}
{'loss': '0.02965', 'grad_norm': '4.666', 'learning_rate': '6.737e-07', 'epoch': '7.731'}
{'loss': '0.05274', 'grad_norm': '3.799', 'learning_rate': '6.585e-07', 'epoch': '7.737'}
{'loss': '0.05484', 'grad_norm': '0.8387', 'learning_rate': '6.432e-07', 'epoch': '7.743'}
{'loss': '0.0555', 'grad_norm': '4.578', 'learning_rate': '6.28e-07', 'epoch': '7.749'}
{'loss': '0.05129', 'grad_norm': '0.2911', 'learning_rate': '6.128e-07', 'epoch': '7.755'}
{'loss': '0.08035', 'grad_norm': '0.965', 'learning_rate': '5.976e-07', 'epoch': '7.762'}
{'loss': '0.04232', 'grad_norm': '2.474', 'learning_rate': '5.824e-07', 'epoch': '7.768'}
{'loss': '0.06901', 'grad_norm': '28.72', 'learning_rate': '5.672e-07', 'epoch': '7.774'}
{'loss': '0.06844', 'grad_norm': '20.01', 'learning_rate': '5.52e-07', 'epoch': '7.78'}
{'loss': '0.04314', 'grad_norm': '4.799', 'learning_rate': '5.368e-07', 'epoch': '7.786'}
{'loss': '0.02927', 'grad_norm': '0.5542', 'learning_rate': '5.216e-07', 'epoch': '7.792'}
{'loss': '0.03596', 'grad_norm': '4.94', 'learning_rate': '5.064e-07', 'epoch': '7.798'}
{'loss': '0.03886', 'grad_norm': '0.7689', 'learning_rate': '4.912e-07', 'epoch': '7.804'}
{'loss': '0.05566', 'grad_norm': '10.47', 'learning_rate': '4.76e-07', 'epoch': '7.81'}
{'loss': '0.03265', 'grad_norm': '14.95', 'learning_rate': '4.608e-07', 'epoch': '7.816'}
{'loss': '0.01778', 'grad_norm': '0.767', 'learning_rate': '4.456e-07', 'epoch': '7.822'}
{'loss': '0.03223', 'grad_norm': '4.672', 'learning_rate': '4.304e-07', 'epoch': '7.828'}
{'loss': '0.009137', 'grad_norm': '1.701', 'learning_rate': '4.151e-07', 'epoch': '7.835'}
{'loss': '0.08029', 'grad_norm': '4.08', 'learning_rate': '3.999e-07', 'epoch': '7.841'}
{'loss': '0.06879', 'grad_norm': '1.083', 'learning_rate': '3.847e-07', 'epoch': '7.847'}
{'loss': '0.04499', 'grad_norm': '0.1424', 'learning_rate': '3.695e-07', 'epoch': '7.853'}
{'loss': '0.02224', 'grad_norm': '8.482', 'learning_rate': '3.543e-07', 'epoch': '7.859'}
{'loss': '0.04033', 'grad_norm': '3.06', 'learning_rate': '3.391e-07', 'epoch': '7.865'}
{'loss': '0.06604', 'grad_norm': '7.513', 'learning_rate': '3.239e-07', 'epoch': '7.871'}
{'loss': '0.04869', 'grad_norm': '1.037', 'learning_rate': '3.087e-07', 'epoch': '7.877'}
{'loss': '0.04265', 'grad_norm': '1.644', 'learning_rate': '2.935e-07', 'epoch': '7.883'}
{'loss': '0.04006', 'grad_norm': '0.02093', 'learning_rate': '2.783e-07', 'epoch': '7.889'}
{'loss': '0.006569', 'grad_norm': '0.6582', 'learning_rate': '2.631e-07', 'epoch': '7.895'}
{'loss': '0.06904', 'grad_norm': '5.211', 'learning_rate': '2.479e-07', 'epoch': '7.901'}
{'loss': '0.0435', 'grad_norm': '16.27', 'learning_rate': '2.327e-07', 'epoch': '7.908'}
{'loss': '0.04789', 'grad_norm': '10.34', 'learning_rate': '2.175e-07', 'epoch': '7.914'}
{'loss': '0.04701', 'grad_norm': '0.1179', 'learning_rate': '2.023e-07', 'epoch': '7.92'}
{'loss': '0.02994', 'grad_norm': '0.9272', 'learning_rate': '1.87e-07', 'epoch': '7.926'}
{'loss': '0.08528', 'grad_norm': '0.06879', 'learning_rate': '1.718e-07', 'epoch': '7.932'}
{'loss': '0.09969', 'grad_norm': '3.115', 'learning_rate': '1.566e-07', 'epoch': '7.938'}
{'loss': '0.0381', 'grad_norm': '16.89', 'learning_rate': '1.414e-07', 'epoch': '7.944'}
{'loss': '0.07148', 'grad_norm': '1.676', 'learning_rate': '1.262e-07', 'epoch': '7.95'}
{'loss': '0.03289', 'grad_norm': '9.347', 'learning_rate': '1.11e-07', 'epoch': '7.956'}
{'loss': '0.01727', 'grad_norm': '19.95', 'learning_rate': '9.58e-08', 'epoch': '7.962'}
{'loss': '0.03026', 'grad_norm': '2.085', 'learning_rate': '8.06e-08', 'epoch': '7.968'}
{'loss': '0.05669', 'grad_norm': '18.99', 'learning_rate': '6.539e-08', 'epoch': '7.974'}
{'loss': '0.06874', 'grad_norm': '7.458', 'learning_rate': '5.018e-08', 'epoch': '7.981'}
{'loss': '0.0293', 'grad_norm': '14.37', 'learning_rate': '3.498e-08', 'epoch': '7.987'}
{'loss': '0.0444', 'grad_norm': '2.902', 'learning_rate': '1.977e-08', 'epoch': '7.993'}
{'loss': '0.07768', 'grad_norm': '5.125', 'learning_rate': '4.562e-09', 'epoch': '7.999'}
{'eval_loss': '0.6413', 'eval_accuracy': '0.9202', 'eval_precision': '0.9256', 'eval_recall': '0.9236', 'eval_f1': '0.9246', 'eval_runtime': '11.6', 'eval_samples_per_second': '1120', 'eval_steps_per_second': '17.58', 'epoch': '8'}
{'train_runtime': '2179', 'train_samples_per_second': '193.1', 'train_steps_per_second': '6.035', 'train_loss': '0.1442', 'epoch': '8'}
Fold F1: 0.8867771639042358
Точность определения арабских заимств.: {'accuracy': 0.8275862068965517, 'precision': 0.37037037037037035, 'recall': 0.851063829787234, 'f1': 0.5161290322580645}
Точность определения китайских заимств.: {'accuracy': 0.823086574654956, 'precision': 0.10526315789473684, 'recall': 0.7619047619047619, 'f1': 0.18497109826589594}
Точность определения английских заимств.: {'accuracy': 0.8373540856031129, 'precision': 0.7622377622377622, 'recall': 0.8565815324165029, 'f1': 0.8066604995374653}
Точность определения французских заимств.: {'accuracy': 0.8646080760095012, 'precision': 0.8571428571428571, 'recall': 0.8986784140969163, 'f1': 0.8774193548387097}
Точность определения немецких заимств.: {'accuracy': 0.8473282442748091, 'precision': 0.6458333333333334, 'recall': 0.9117647058823529, 'f1': 0.7560975609756098}
Точность определения итальянских заимтсв.: {'accuracy': 0.8289611752360966, 'precision': 0.5244755244755245, 'recall': 0.847457627118644, 'f1': 0.6479481641468683}
Точность определения японских заимств.: {'accuracy': 0.8269662921348314, 'precision': 0.41379310344827586, 'recall': 0.8421052631578947, 'f1': 0.5549132947976878}
Точность определения польских заимств.: {'accuracy': 0.8137019230769231, 'precision': 0.2138728323699422, 'recall': 0.6607142857142857, 'f1': 0.3231441048034934}
{'eval_loss': 0.2935774624347687, 'eval_accuracy': 0.8817328408741151, 'eval_precision': 0.8991634299372573, 'eval_recall': 0.8747275105362593, 'eval_f1': 0.8867771639042358, 'eval_runtime': 11.4542, 'eval_samples_per_second': 1134.609, 'eval_steps_per_second': 17.81, 'epoch': 8.0}

===== Fold 2 =====
{'loss': '0.7108', 'grad_norm': '63.89', 'learning_rate': '1.999e-05', 'epoch': '0.006143'}
{'loss': '0.7047', 'grad_norm': '39.23', 'learning_rate': '1.997e-05', 'epoch': '0.01229'}
{'loss': '0.6943', 'grad_norm': '15.82', 'learning_rate': '1.996e-05', 'epoch': '0.01843'}
{'loss': '0.6857', 'grad_norm': '17.17', 'learning_rate': '1.994e-05', 'epoch': '0.02457'}
{'loss': '0.6872', 'grad_norm': '31.38', 'learning_rate': '1.992e-05', 'epoch': '0.03071'}
{'loss': '0.6819', 'grad_norm': '14.94', 'learning_rate': '1.991e-05', 'epoch': '0.03686'}
{'loss': '0.6882', 'grad_norm': '174.3', 'learning_rate': '1.989e-05', 'epoch': '0.043'}
{'loss': '0.6857', 'grad_norm': '52.56', 'learning_rate': '1.988e-05', 'epoch': '0.04914'}
{'loss': '0.6864', 'grad_norm': '30.75', 'learning_rate': '1.986e-05', 'epoch': '0.05528'}
{'loss': '0.687', 'grad_norm': '57.76', 'learning_rate': '1.985e-05', 'epoch': '0.06143'}
{'loss': '0.6769', 'grad_norm': '28.13', 'learning_rate': '1.983e-05', 'epoch': '0.06757'}
{'loss': '0.6652', 'grad_norm': '11.6', 'learning_rate': '1.982e-05', 'epoch': '0.07371'}
{'loss': '0.671', 'grad_norm': '19.34', 'learning_rate': '1.98e-05', 'epoch': '0.07985'}
{'loss': '0.6661', 'grad_norm': '65.99', 'learning_rate': '1.979e-05', 'epoch': '0.086'}
{'loss': '0.672', 'grad_norm': '38.11', 'learning_rate': '1.977e-05', 'epoch': '0.09214'}
{'loss': '0.7034', 'grad_norm': '30.27', 'learning_rate': '1.976e-05', 'epoch': '0.09828'}
{'loss': '0.6779', 'grad_norm': '25.2', 'learning_rate': '1.974e-05', 'epoch': '0.1044'}
{'loss': '0.6764', 'grad_norm': '17.87', 'learning_rate': '1.973e-05', 'epoch': '0.1106'}
{'loss': '0.674', 'grad_norm': '22.46', 'learning_rate': '1.971e-05', 'epoch': '0.1167'}
{'loss': '0.673', 'grad_norm': '59.4', 'learning_rate': '1.969e-05', 'epoch': '0.1229'}
{'loss': '0.6667', 'grad_norm': '34', 'learning_rate': '1.968e-05', 'epoch': '0.129'}
{'loss': '0.6653', 'grad_norm': '21.15', 'learning_rate': '1.966e-05', 'epoch': '0.1351'}
{'loss': '0.6757', 'grad_norm': '47.67', 'learning_rate': '1.965e-05', 'epoch': '0.1413'}
{'loss': '0.6666', 'grad_norm': '20.39', 'learning_rate': '1.963e-05', 'epoch': '0.1474'}
{'loss': '0.6708', 'grad_norm': '45.08', 'learning_rate': '1.962e-05', 'epoch': '0.1536'}
{'loss': '0.6519', 'grad_norm': '434.5', 'learning_rate': '1.96e-05', 'epoch': '0.1597'}
{'loss': '0.6657', 'grad_norm': '29.66', 'learning_rate': '1.959e-05', 'epoch': '0.1658'}
{'loss': '0.6439', 'grad_norm': '53.37', 'learning_rate': '1.957e-05', 'epoch': '0.172'}
{'loss': '0.647', 'grad_norm': '25.18', 'learning_rate': '1.956e-05', 'epoch': '0.1781'}
{'loss': '0.656', 'grad_norm': '36.59', 'learning_rate': '1.954e-05', 'epoch': '0.1843'}
{'loss': '0.6738', 'grad_norm': '61.52', 'learning_rate': '1.953e-05', 'epoch': '0.1904'}
{'loss': '0.6511', 'grad_norm': '17.54', 'learning_rate': '1.951e-05', 'epoch': '0.1966'}
{'loss': '0.6419', 'grad_norm': '77.19', 'learning_rate': '1.949e-05', 'epoch': '0.2027'}
{'loss': '0.6427', 'grad_norm': '53.76', 'learning_rate': '1.948e-05', 'epoch': '0.2088'}
{'loss': '0.6327', 'grad_norm': '126', 'learning_rate': '1.946e-05', 'epoch': '0.215'}
{'loss': '0.6583', 'grad_norm': '74.53', 'learning_rate': '1.945e-05', 'epoch': '0.2211'}
{'loss': '0.6465', 'grad_norm': '70.29', 'learning_rate': '1.943e-05', 'epoch': '0.2273'}
{'loss': '0.6462', 'grad_norm': '132.8', 'learning_rate': '1.942e-05', 'epoch': '0.2334'}
{'loss': '0.6224', 'grad_norm': '55.09', 'learning_rate': '1.94e-05', 'epoch': '0.2396'}
{'loss': '0.6398', 'grad_norm': '41.27', 'learning_rate': '1.939e-05', 'epoch': '0.2457'}
{'loss': '0.6382', 'grad_norm': '38.87', 'learning_rate': '1.937e-05', 'epoch': '0.2518'}
{'loss': '0.624', 'grad_norm': '102.3', 'learning_rate': '1.936e-05', 'epoch': '0.258'}
{'loss': '0.6224', 'grad_norm': '119.2', 'learning_rate': '1.934e-05', 'epoch': '0.2641'}
{'loss': '0.6332', 'grad_norm': '82.21', 'learning_rate': '1.933e-05', 'epoch': '0.2703'}
{'loss': '0.613', 'grad_norm': '221.8', 'learning_rate': '1.931e-05', 'epoch': '0.2764'}
{'loss': '0.6166', 'grad_norm': '136.9', 'learning_rate': '1.93e-05', 'epoch': '0.2826'}
{'loss': '0.6147', 'grad_norm': '28.04', 'learning_rate': '1.928e-05', 'epoch': '0.2887'}
{'loss': '0.6174', 'grad_norm': '94.96', 'learning_rate': '1.926e-05', 'epoch': '0.2948'}
{'loss': '0.6077', 'grad_norm': '82.88', 'learning_rate': '1.925e-05', 'epoch': '0.301'}
{'loss': '0.5958', 'grad_norm': '89.39', 'learning_rate': '1.923e-05', 'epoch': '0.3071'}
{'loss': '0.595', 'grad_norm': '112', 'learning_rate': '1.922e-05', 'epoch': '0.3133'}
{'loss': '0.6034', 'grad_norm': '46.4', 'learning_rate': '1.92e-05', 'epoch': '0.3194'}
{'loss': '0.5928', 'grad_norm': '181.8', 'learning_rate': '1.919e-05', 'epoch': '0.3256'}
{'loss': '0.5925', 'grad_norm': '42.89', 'learning_rate': '1.917e-05', 'epoch': '0.3317'}
{'loss': '0.5807', 'grad_norm': '172.6', 'learning_rate': '1.916e-05', 'epoch': '0.3378'}
{'loss': '0.5825', 'grad_norm': '74.77', 'learning_rate': '1.914e-05', 'epoch': '0.344'}
{'loss': '0.5992', 'grad_norm': '225.4', 'learning_rate': '1.913e-05', 'epoch': '0.3501'}
{'loss': '0.5448', 'grad_norm': '51.1', 'learning_rate': '1.911e-05', 'epoch': '0.3563'}
{'loss': '0.5565', 'grad_norm': '74.36', 'learning_rate': '1.91e-05', 'epoch': '0.3624'}
{'loss': '0.5533', 'grad_norm': '102.7', 'learning_rate': '1.908e-05', 'epoch': '0.3686'}
{'loss': '0.5506', 'grad_norm': '43.33', 'learning_rate': '1.906e-05', 'epoch': '0.3747'}
{'loss': '0.5246', 'grad_norm': '80.95', 'learning_rate': '1.905e-05', 'epoch': '0.3808'}
{'loss': '0.5453', 'grad_norm': '198.6', 'learning_rate': '1.903e-05', 'epoch': '0.387'}
{'loss': '0.5341', 'grad_norm': '432.1', 'learning_rate': '1.902e-05', 'epoch': '0.3931'}
{'loss': '0.5529', 'grad_norm': '54.65', 'learning_rate': '1.9e-05', 'epoch': '0.3993'}
{'loss': '0.5452', 'grad_norm': '114.9', 'learning_rate': '1.899e-05', 'epoch': '0.4054'}
{'loss': '0.5018', 'grad_norm': '39.23', 'learning_rate': '1.897e-05', 'epoch': '0.4115'}
{'loss': '0.5443', 'grad_norm': '129.4', 'learning_rate': '1.896e-05', 'epoch': '0.4177'}
{'loss': '0.555', 'grad_norm': '81.75', 'learning_rate': '1.894e-05', 'epoch': '0.4238'}
{'loss': '0.4881', 'grad_norm': '62.28', 'learning_rate': '1.893e-05', 'epoch': '0.43'}
{'loss': '0.4957', 'grad_norm': '134.6', 'learning_rate': '1.891e-05', 'epoch': '0.4361'}
{'loss': '0.521', 'grad_norm': '90.54', 'learning_rate': '1.89e-05', 'epoch': '0.4423'}
{'loss': '0.5071', 'grad_norm': '144.5', 'learning_rate': '1.888e-05', 'epoch': '0.4484'}
{'loss': '0.5268', 'grad_norm': '44.83', 'learning_rate': '1.887e-05', 'epoch': '0.4545'}
{'loss': '0.5144', 'grad_norm': '134.1', 'learning_rate': '1.885e-05', 'epoch': '0.4607'}
{'loss': '0.4925', 'grad_norm': '113.8', 'learning_rate': '1.883e-05', 'epoch': '0.4668'}
{'loss': '0.5542', 'grad_norm': '45.64', 'learning_rate': '1.882e-05', 'epoch': '0.473'}
{'loss': '0.4776', 'grad_norm': '102.5', 'learning_rate': '1.88e-05', 'epoch': '0.4791'}
{'loss': '0.5081', 'grad_norm': '126.1', 'learning_rate': '1.879e-05', 'epoch': '0.4853'}
{'loss': '0.5204', 'grad_norm': '60.61', 'learning_rate': '1.877e-05', 'epoch': '0.4914'}
{'loss': '0.4986', 'grad_norm': '79.81', 'learning_rate': '1.876e-05', 'epoch': '0.4975'}
{'loss': '0.5104', 'grad_norm': '165.8', 'learning_rate': '1.874e-05', 'epoch': '0.5037'}
{'loss': '0.4763', 'grad_norm': '40.16', 'learning_rate': '1.873e-05', 'epoch': '0.5098'}
{'loss': '0.5122', 'grad_norm': '73.02', 'learning_rate': '1.871e-05', 'epoch': '0.516'}
{'loss': '0.4875', 'grad_norm': '57.78', 'learning_rate': '1.87e-05', 'epoch': '0.5221'}
{'loss': '0.481', 'grad_norm': '59.76', 'learning_rate': '1.868e-05', 'epoch': '0.5283'}
{'loss': '0.4977', 'grad_norm': '45.18', 'learning_rate': '1.867e-05', 'epoch': '0.5344'}
{'loss': '0.4633', 'grad_norm': '76.48', 'learning_rate': '1.865e-05', 'epoch': '0.5405'}
{'loss': '0.5353', 'grad_norm': '120.2', 'learning_rate': '1.863e-05', 'epoch': '0.5467'}
{'loss': '0.4443', 'grad_norm': '150.9', 'learning_rate': '1.862e-05', 'epoch': '0.5528'}
{'loss': '0.469', 'grad_norm': '96.99', 'learning_rate': '1.86e-05', 'epoch': '0.559'}
{'loss': '0.467', 'grad_norm': '67.66', 'learning_rate': '1.859e-05', 'epoch': '0.5651'}
{'loss': '0.4791', 'grad_norm': '45.74', 'learning_rate': '1.857e-05', 'epoch': '0.5713'}
{'loss': '0.478', 'grad_norm': '50.5', 'learning_rate': '1.856e-05', 'epoch': '0.5774'}
{'loss': '0.45', 'grad_norm': '63.51', 'learning_rate': '1.854e-05', 'epoch': '0.5835'}
{'loss': '0.476', 'grad_norm': '61.81', 'learning_rate': '1.853e-05', 'epoch': '0.5897'}
{'loss': '0.4958', 'grad_norm': '122.1', 'learning_rate': '1.851e-05', 'epoch': '0.5958'}
{'loss': '0.4487', 'grad_norm': '36.84', 'learning_rate': '1.85e-05', 'epoch': '0.602'}
{'loss': '0.4896', 'grad_norm': '98.92', 'learning_rate': '1.848e-05', 'epoch': '0.6081'}
{'loss': '0.438', 'grad_norm': '85.23', 'learning_rate': '1.847e-05', 'epoch': '0.6143'}
{'loss': '0.4284', 'grad_norm': '24.51', 'learning_rate': '1.845e-05', 'epoch': '0.6204'}
{'loss': '0.4496', 'grad_norm': '145.5', 'learning_rate': '1.844e-05', 'epoch': '0.6265'}
{'loss': '0.4437', 'grad_norm': '111.6', 'learning_rate': '1.842e-05', 'epoch': '0.6327'}
{'loss': '0.4455', 'grad_norm': '118.7', 'learning_rate': '1.84e-05', 'epoch': '0.6388'}
{'loss': '0.4844', 'grad_norm': '82.51', 'learning_rate': '1.839e-05', 'epoch': '0.645'}
{'loss': '0.4391', 'grad_norm': '118', 'learning_rate': '1.837e-05', 'epoch': '0.6511'}
{'loss': '0.4514', 'grad_norm': '132.2', 'learning_rate': '1.836e-05', 'epoch': '0.6572'}
{'loss': '0.3805', 'grad_norm': '44.56', 'learning_rate': '1.834e-05', 'epoch': '0.6634'}
{'loss': '0.411', 'grad_norm': '96.85', 'learning_rate': '1.833e-05', 'epoch': '0.6695'}
{'loss': '0.4444', 'grad_norm': '66.82', 'learning_rate': '1.831e-05', 'epoch': '0.6757'}
{'loss': '0.4604', 'grad_norm': '33.74', 'learning_rate': '1.83e-05', 'epoch': '0.6818'}
{'loss': '0.3739', 'grad_norm': '52.15', 'learning_rate': '1.828e-05', 'epoch': '0.688'}
{'loss': '0.4388', 'grad_norm': '105.3', 'learning_rate': '1.827e-05', 'epoch': '0.6941'}
{'loss': '0.3892', 'grad_norm': '121.8', 'learning_rate': '1.825e-05', 'epoch': '0.7002'}
{'loss': '0.3732', 'grad_norm': '80.58', 'learning_rate': '1.824e-05', 'epoch': '0.7064'}
{'loss': '0.4154', 'grad_norm': '604.2', 'learning_rate': '1.822e-05', 'epoch': '0.7125'}
{'loss': '0.423', 'grad_norm': '53.72', 'learning_rate': '1.82e-05', 'epoch': '0.7187'}
{'loss': '0.3749', 'grad_norm': '198.8', 'learning_rate': '1.819e-05', 'epoch': '0.7248'}
{'loss': '0.4302', 'grad_norm': '299.4', 'learning_rate': '1.817e-05', 'epoch': '0.731'}
{'loss': '0.3817', 'grad_norm': '63.55', 'learning_rate': '1.816e-05', 'epoch': '0.7371'}
{'loss': '0.3904', 'grad_norm': '66.16', 'learning_rate': '1.814e-05', 'epoch': '0.7432'}
{'loss': '0.4056', 'grad_norm': '77.8', 'learning_rate': '1.813e-05', 'epoch': '0.7494'}
{'loss': '0.3949', 'grad_norm': '31.77', 'learning_rate': '1.811e-05', 'epoch': '0.7555'}
{'loss': '0.3953', 'grad_norm': '72.12', 'learning_rate': '1.81e-05', 'epoch': '0.7617'}
{'loss': '0.4731', 'grad_norm': '65.83', 'learning_rate': '1.808e-05', 'epoch': '0.7678'}
{'loss': '0.3651', 'grad_norm': '595.5', 'learning_rate': '1.807e-05', 'epoch': '0.774'}
{'loss': '0.4086', 'grad_norm': '104', 'learning_rate': '1.805e-05', 'epoch': '0.7801'}
{'loss': '0.3486', 'grad_norm': '181', 'learning_rate': '1.804e-05', 'epoch': '0.7862'}
{'loss': '0.4457', 'grad_norm': '66.44', 'learning_rate': '1.802e-05', 'epoch': '0.7924'}
{'loss': '0.3925', 'grad_norm': '132.2', 'learning_rate': '1.801e-05', 'epoch': '0.7985'}
{'loss': '0.3582', 'grad_norm': '77.5', 'learning_rate': '1.799e-05', 'epoch': '0.8047'}
{'loss': '0.3461', 'grad_norm': '45.8', 'learning_rate': '1.797e-05', 'epoch': '0.8108'}
{'loss': '0.4061', 'grad_norm': '275.4', 'learning_rate': '1.796e-05', 'epoch': '0.817'}
{'loss': '0.409', 'grad_norm': '101.4', 'learning_rate': '1.794e-05', 'epoch': '0.8231'}
{'loss': '0.449', 'grad_norm': '41', 'learning_rate': '1.793e-05', 'epoch': '0.8292'}
{'loss': '0.37', 'grad_norm': '116', 'learning_rate': '1.791e-05', 'epoch': '0.8354'}
{'loss': '0.4039', 'grad_norm': '46.4', 'learning_rate': '1.79e-05', 'epoch': '0.8415'}
{'loss': '0.4214', 'grad_norm': '161', 'learning_rate': '1.788e-05', 'epoch': '0.8477'}
{'loss': '0.3827', 'grad_norm': '39.34', 'learning_rate': '1.787e-05', 'epoch': '0.8538'}
{'loss': '0.3652', 'grad_norm': '28.79', 'learning_rate': '1.785e-05', 'epoch': '0.86'}
{'loss': '0.4071', 'grad_norm': '108.1', 'learning_rate': '1.784e-05', 'epoch': '0.8661'}
{'loss': '0.3813', 'grad_norm': '617.7', 'learning_rate': '1.782e-05', 'epoch': '0.8722'}
{'loss': '0.3722', 'grad_norm': '107', 'learning_rate': '1.781e-05', 'epoch': '0.8784'}
{'loss': '0.3644', 'grad_norm': '38.33', 'learning_rate': '1.779e-05', 'epoch': '0.8845'}
{'loss': '0.3696', 'grad_norm': '65.06', 'learning_rate': '1.777e-05', 'epoch': '0.8907'}
{'loss': '0.3514', 'grad_norm': '44.88', 'learning_rate': '1.776e-05', 'epoch': '0.8968'}
{'loss': '0.4142', 'grad_norm': '92.42', 'learning_rate': '1.774e-05', 'epoch': '0.9029'}
{'loss': '0.347', 'grad_norm': '48.35', 'learning_rate': '1.773e-05', 'epoch': '0.9091'}
{'loss': '0.3583', 'grad_norm': '98.77', 'learning_rate': '1.771e-05', 'epoch': '0.9152'}
{'loss': '0.3399', 'grad_norm': '24.89', 'learning_rate': '1.77e-05', 'epoch': '0.9214'}
{'loss': '0.3169', 'grad_norm': '55.87', 'learning_rate': '1.768e-05', 'epoch': '0.9275'}
{'loss': '0.2949', 'grad_norm': '54.18', 'learning_rate': '1.767e-05', 'epoch': '0.9337'}
{'loss': '0.3954', 'grad_norm': '26.95', 'learning_rate': '1.765e-05', 'epoch': '0.9398'}
{'loss': '0.3229', 'grad_norm': '68.57', 'learning_rate': '1.764e-05', 'epoch': '0.9459'}
{'loss': '0.3913', 'grad_norm': '44.98', 'learning_rate': '1.762e-05', 'epoch': '0.9521'}
{'loss': '0.3495', 'grad_norm': '31.49', 'learning_rate': '1.761e-05', 'epoch': '0.9582'}
{'loss': '0.3622', 'grad_norm': '62.51', 'learning_rate': '1.759e-05', 'epoch': '0.9644'}
{'loss': '0.3597', 'grad_norm': '353', 'learning_rate': '1.758e-05', 'epoch': '0.9705'}
{'loss': '0.283', 'grad_norm': '104.3', 'learning_rate': '1.756e-05', 'epoch': '0.9767'}
{'loss': '0.324', 'grad_norm': '106.3', 'learning_rate': '1.754e-05', 'epoch': '0.9828'}
{'loss': '0.3907', 'grad_norm': '134.1', 'learning_rate': '1.753e-05', 'epoch': '0.9889'}
{'loss': '0.3022', 'grad_norm': '117.2', 'learning_rate': '1.751e-05', 'epoch': '0.9951'}
{'eval_loss': '0.4627', 'eval_accuracy': '0.8374', 'eval_precision': '0.9342', 'eval_recall': '0.7779', 'eval_f1': '0.8489', 'eval_runtime': '12.5', 'eval_samples_per_second': '1081', 'eval_steps_per_second': '16.96', 'epoch': '1'}
{'loss': '0.3508', 'grad_norm': '23.88', 'learning_rate': '1.75e-05', 'epoch': '1.001'}
{'loss': '0.2905', 'grad_norm': '63.76', 'learning_rate': '1.748e-05', 'epoch': '1.007'}
{'loss': '0.2918', 'grad_norm': '40.94', 'learning_rate': '1.747e-05', 'epoch': '1.014'}
{'loss': '0.3289', 'grad_norm': '86.2', 'learning_rate': '1.745e-05', 'epoch': '1.02'}
{'loss': '0.3541', 'grad_norm': '111.2', 'learning_rate': '1.744e-05', 'epoch': '1.026'}
{'loss': '0.2567', 'grad_norm': '117.2', 'learning_rate': '1.742e-05', 'epoch': '1.032'}
{'loss': '0.2659', 'grad_norm': '44.73', 'learning_rate': '1.741e-05', 'epoch': '1.038'}
{'loss': '0.3335', 'grad_norm': '36.58', 'learning_rate': '1.739e-05', 'epoch': '1.044'}
{'loss': '0.3015', 'grad_norm': '67.57', 'learning_rate': '1.738e-05', 'epoch': '1.05'}
{'loss': '0.3209', 'grad_norm': '27.96', 'learning_rate': '1.736e-05', 'epoch': '1.057'}
{'loss': '0.3101', 'grad_norm': '25.94', 'learning_rate': '1.734e-05', 'epoch': '1.063'}
{'loss': '0.3267', 'grad_norm': '28.49', 'learning_rate': '1.733e-05', 'epoch': '1.069'}
{'loss': '0.2934', 'grad_norm': '157.5', 'learning_rate': '1.731e-05', 'epoch': '1.075'}
{'loss': '0.3087', 'grad_norm': '66.25', 'learning_rate': '1.73e-05', 'epoch': '1.081'}
{'loss': '0.2936', 'grad_norm': '49.74', 'learning_rate': '1.728e-05', 'epoch': '1.087'}
{'loss': '0.231', 'grad_norm': '38.51', 'learning_rate': '1.727e-05', 'epoch': '1.093'}
{'loss': '0.3087', 'grad_norm': '30.93', 'learning_rate': '1.725e-05', 'epoch': '1.1'}
{'loss': '0.3062', 'grad_norm': '21.3', 'learning_rate': '1.724e-05', 'epoch': '1.106'}
{'loss': '0.2643', 'grad_norm': '28.43', 'learning_rate': '1.722e-05', 'epoch': '1.112'}
{'loss': '0.2459', 'grad_norm': '130.1', 'learning_rate': '1.721e-05', 'epoch': '1.118'}
{'loss': '0.2926', 'grad_norm': '20.42', 'learning_rate': '1.719e-05', 'epoch': '1.124'}
{'loss': '0.294', 'grad_norm': '18.57', 'learning_rate': '1.718e-05', 'epoch': '1.13'}
{'loss': '0.2935', 'grad_norm': '62.47', 'learning_rate': '1.716e-05', 'epoch': '1.136'}
{'loss': '0.2865', 'grad_norm': '173.8', 'learning_rate': '1.715e-05', 'epoch': '1.143'}
{'loss': '0.3483', 'grad_norm': '78.91', 'learning_rate': '1.713e-05', 'epoch': '1.149'}
{'loss': '0.2543', 'grad_norm': '42.36', 'learning_rate': '1.711e-05', 'epoch': '1.155'}
{'loss': '0.2349', 'grad_norm': '37.15', 'learning_rate': '1.71e-05', 'epoch': '1.161'}
{'loss': '0.2953', 'grad_norm': '28.5', 'learning_rate': '1.708e-05', 'epoch': '1.167'}
{'loss': '0.3301', 'grad_norm': '22.76', 'learning_rate': '1.707e-05', 'epoch': '1.173'}
{'loss': '0.2308', 'grad_norm': '30.52', 'learning_rate': '1.705e-05', 'epoch': '1.179'}
{'loss': '0.2014', 'grad_norm': '22.53', 'learning_rate': '1.704e-05', 'epoch': '1.186'}
{'loss': '0.2559', 'grad_norm': '16.54', 'learning_rate': '1.702e-05', 'epoch': '1.192'}
{'loss': '0.2813', 'grad_norm': '11.3', 'learning_rate': '1.701e-05', 'epoch': '1.198'}
{'loss': '0.3054', 'grad_norm': '14.16', 'learning_rate': '1.699e-05', 'epoch': '1.204'}
{'loss': '0.2437', 'grad_norm': '17.71', 'learning_rate': '1.698e-05', 'epoch': '1.21'}
{'loss': '0.2336', 'grad_norm': '21.05', 'learning_rate': '1.696e-05', 'epoch': '1.216'}
{'loss': '0.2354', 'grad_norm': '26.96', 'learning_rate': '1.695e-05', 'epoch': '1.222'}
{'loss': '0.2088', 'grad_norm': '37.46', 'learning_rate': '1.693e-05', 'epoch': '1.229'}
{'loss': '0.227', 'grad_norm': '14.82', 'learning_rate': '1.691e-05', 'epoch': '1.235'}
{'loss': '0.2091', 'grad_norm': '13.71', 'learning_rate': '1.69e-05', 'epoch': '1.241'}
{'loss': '0.2646', 'grad_norm': '17.4', 'learning_rate': '1.688e-05', 'epoch': '1.247'}
{'loss': '0.2762', 'grad_norm': '17.72', 'learning_rate': '1.687e-05', 'epoch': '1.253'}
{'loss': '0.2538', 'grad_norm': '39.3', 'learning_rate': '1.685e-05', 'epoch': '1.259'}
{'loss': '0.1786', 'grad_norm': '27.01', 'learning_rate': '1.684e-05', 'epoch': '1.265'}
{'loss': '0.2379', 'grad_norm': '39.44', 'learning_rate': '1.682e-05', 'epoch': '1.271'}
{'loss': '0.2404', 'grad_norm': '24.65', 'learning_rate': '1.681e-05', 'epoch': '1.278'}
{'loss': '0.2251', 'grad_norm': '28.1', 'learning_rate': '1.679e-05', 'epoch': '1.284'}
{'loss': '0.2729', 'grad_norm': '17.33', 'learning_rate': '1.678e-05', 'epoch': '1.29'}
{'loss': '0.2376', 'grad_norm': '46.84', 'learning_rate': '1.676e-05', 'epoch': '1.296'}
{'loss': '0.2406', 'grad_norm': '104.9', 'learning_rate': '1.675e-05', 'epoch': '1.302'}
{'loss': '0.2581', 'grad_norm': '466.1', 'learning_rate': '1.673e-05', 'epoch': '1.308'}
{'loss': '0.2114', 'grad_norm': '61.76', 'learning_rate': '1.672e-05', 'epoch': '1.314'}
{'loss': '0.1619', 'grad_norm': '18.71', 'learning_rate': '1.67e-05', 'epoch': '1.321'}
{'loss': '0.2476', 'grad_norm': '24.07', 'learning_rate': '1.668e-05', 'epoch': '1.327'}
{'loss': '0.2186', 'grad_norm': '51.06', 'learning_rate': '1.667e-05', 'epoch': '1.333'}
{'loss': '0.2092', 'grad_norm': '60.79', 'learning_rate': '1.665e-05', 'epoch': '1.339'}
{'loss': '0.2468', 'grad_norm': '13.1', 'learning_rate': '1.664e-05', 'epoch': '1.345'}
{'loss': '0.2428', 'grad_norm': '15.67', 'learning_rate': '1.662e-05', 'epoch': '1.351'}
{'loss': '0.1939', 'grad_norm': '19.67', 'learning_rate': '1.661e-05', 'epoch': '1.357'}
{'loss': '0.213', 'grad_norm': '7.426', 'learning_rate': '1.659e-05', 'epoch': '1.364'}
{'loss': '0.2909', 'grad_norm': '12.26', 'learning_rate': '1.658e-05', 'epoch': '1.37'}
{'loss': '0.2945', 'grad_norm': '22.56', 'learning_rate': '1.656e-05', 'epoch': '1.376'}
{'loss': '0.187', 'grad_norm': '26.89', 'learning_rate': '1.655e-05', 'epoch': '1.382'}
{'loss': '0.2221', 'grad_norm': '145.7', 'learning_rate': '1.653e-05', 'epoch': '1.388'}
{'loss': '0.2705', 'grad_norm': '20.27', 'learning_rate': '1.652e-05', 'epoch': '1.394'}
{'loss': '0.2702', 'grad_norm': '19.17', 'learning_rate': '1.65e-05', 'epoch': '1.4'}
{'loss': '0.1997', 'grad_norm': '12.13', 'learning_rate': '1.648e-05', 'epoch': '1.407'}
{'loss': '0.2418', 'grad_norm': '24.91', 'learning_rate': '1.647e-05', 'epoch': '1.413'}
{'loss': '0.2434', 'grad_norm': '37.22', 'learning_rate': '1.645e-05', 'epoch': '1.419'}
{'loss': '0.2527', 'grad_norm': '16.04', 'learning_rate': '1.644e-05', 'epoch': '1.425'}
{'loss': '0.1854', 'grad_norm': '87.27', 'learning_rate': '1.642e-05', 'epoch': '1.431'}
{'loss': '0.2427', 'grad_norm': '12.98', 'learning_rate': '1.641e-05', 'epoch': '1.437'}
{'loss': '0.2286', 'grad_norm': '15.5', 'learning_rate': '1.639e-05', 'epoch': '1.443'}
{'loss': '0.2249', 'grad_norm': '23.84', 'learning_rate': '1.638e-05', 'epoch': '1.45'}
{'loss': '0.1844', 'grad_norm': '22.86', 'learning_rate': '1.636e-05', 'epoch': '1.456'}
{'loss': '0.192', 'grad_norm': '17.18', 'learning_rate': '1.635e-05', 'epoch': '1.462'}
{'loss': '0.2197', 'grad_norm': '30.78', 'learning_rate': '1.633e-05', 'epoch': '1.468'}
{'loss': '0.2086', 'grad_norm': '18.15', 'learning_rate': '1.632e-05', 'epoch': '1.474'}
{'loss': '0.2457', 'grad_norm': '47.99', 'learning_rate': '1.63e-05', 'epoch': '1.48'}
{'loss': '0.2076', 'grad_norm': '11.35', 'learning_rate': '1.629e-05', 'epoch': '1.486'}
{'loss': '0.2034', 'grad_norm': '21.3', 'learning_rate': '1.627e-05', 'epoch': '1.493'}
{'loss': '0.1605', 'grad_norm': '10.3', 'learning_rate': '1.625e-05', 'epoch': '1.499'}
{'loss': '0.1897', 'grad_norm': '18.98', 'learning_rate': '1.624e-05', 'epoch': '1.505'}
{'loss': '0.1666', 'grad_norm': '17.18', 'learning_rate': '1.622e-05', 'epoch': '1.511'}
{'loss': '0.1744', 'grad_norm': '32.39', 'learning_rate': '1.621e-05', 'epoch': '1.517'}
{'loss': '0.238', 'grad_norm': '31.73', 'learning_rate': '1.619e-05', 'epoch': '1.523'}
{'loss': '0.248', 'grad_norm': '6.337', 'learning_rate': '1.618e-05', 'epoch': '1.529'}
{'loss': '0.2073', 'grad_norm': '17.1', 'learning_rate': '1.616e-05', 'epoch': '1.536'}
{'loss': '0.1485', 'grad_norm': '22.58', 'learning_rate': '1.615e-05', 'epoch': '1.542'}
{'loss': '0.2553', 'grad_norm': '23.68', 'learning_rate': '1.613e-05', 'epoch': '1.548'}
{'loss': '0.1805', 'grad_norm': '22.48', 'learning_rate': '1.612e-05', 'epoch': '1.554'}
{'loss': '0.2048', 'grad_norm': '8.895', 'learning_rate': '1.61e-05', 'epoch': '1.56'}
{'loss': '0.1887', 'grad_norm': '11.45', 'learning_rate': '1.609e-05', 'epoch': '1.566'}
{'loss': '0.2049', 'grad_norm': '14.05', 'learning_rate': '1.607e-05', 'epoch': '1.572'}
{'loss': '0.1835', 'grad_norm': '17.8', 'learning_rate': '1.605e-05', 'epoch': '1.579'}
{'loss': '0.235', 'grad_norm': '25.23', 'learning_rate': '1.604e-05', 'epoch': '1.585'}
{'loss': '0.1892', 'grad_norm': '72.53', 'learning_rate': '1.602e-05', 'epoch': '1.591'}
{'loss': '0.175', 'grad_norm': '95.7', 'learning_rate': '1.601e-05', 'epoch': '1.597'}
{'loss': '0.1227', 'grad_norm': '4.589', 'learning_rate': '1.599e-05', 'epoch': '1.603'}
{'loss': '0.2128', 'grad_norm': '16.55', 'learning_rate': '1.598e-05', 'epoch': '1.609'}
{'loss': '0.1974', 'grad_norm': '55.56', 'learning_rate': '1.596e-05', 'epoch': '1.615'}
{'loss': '0.2032', 'grad_norm': '32.54', 'learning_rate': '1.595e-05', 'epoch': '1.622'}
{'loss': '0.1599', 'grad_norm': '29.59', 'learning_rate': '1.593e-05', 'epoch': '1.628'}
{'loss': '0.1339', 'grad_norm': '10.09', 'learning_rate': '1.592e-05', 'epoch': '1.634'}
{'loss': '0.1771', 'grad_norm': '24.53', 'learning_rate': '1.59e-05', 'epoch': '1.64'}
{'loss': '0.1532', 'grad_norm': '8.644', 'learning_rate': '1.589e-05', 'epoch': '1.646'}
{'loss': '0.1975', 'grad_norm': '53.92', 'learning_rate': '1.587e-05', 'epoch': '1.652'}
{'loss': '0.1894', 'grad_norm': '16.86', 'learning_rate': '1.586e-05', 'epoch': '1.658'}
{'loss': '0.1688', 'grad_norm': '30.23', 'learning_rate': '1.584e-05', 'epoch': '1.665'}
{'loss': '0.1903', 'grad_norm': '19.3', 'learning_rate': '1.582e-05', 'epoch': '1.671'}
{'loss': '0.1045', 'grad_norm': '9.594', 'learning_rate': '1.581e-05', 'epoch': '1.677'}
{'loss': '0.1864', 'grad_norm': '28.77', 'learning_rate': '1.579e-05', 'epoch': '1.683'}
{'loss': '0.1599', 'grad_norm': '29.06', 'learning_rate': '1.578e-05', 'epoch': '1.689'}
{'loss': '0.1396', 'grad_norm': '20.07', 'learning_rate': '1.576e-05', 'epoch': '1.695'}
{'loss': '0.1678', 'grad_norm': '30.59', 'learning_rate': '1.575e-05', 'epoch': '1.701'}
{'loss': '0.1902', 'grad_norm': '5.894', 'learning_rate': '1.573e-05', 'epoch': '1.708'}
{'loss': '0.1615', 'grad_norm': '11.5', 'learning_rate': '1.572e-05', 'epoch': '1.714'}
{'loss': '0.1529', 'grad_norm': '9.069', 'learning_rate': '1.57e-05', 'epoch': '1.72'}
{'loss': '0.1597', 'grad_norm': '9.563', 'learning_rate': '1.569e-05', 'epoch': '1.726'}
{'loss': '0.1593', 'grad_norm': '20.15', 'learning_rate': '1.567e-05', 'epoch': '1.732'}
{'loss': '0.1537', 'grad_norm': '11.34', 'learning_rate': '1.566e-05', 'epoch': '1.738'}
{'loss': '0.1343', 'grad_norm': '11.6', 'learning_rate': '1.564e-05', 'epoch': '1.744'}
{'loss': '0.127', 'grad_norm': '16.58', 'learning_rate': '1.563e-05', 'epoch': '1.751'}
{'loss': '0.1781', 'grad_norm': '16.78', 'learning_rate': '1.561e-05', 'epoch': '1.757'}
{'loss': '0.1603', 'grad_norm': '40.97', 'learning_rate': '1.559e-05', 'epoch': '1.763'}
{'loss': '0.1626', 'grad_norm': '6.986', 'learning_rate': '1.558e-05', 'epoch': '1.769'}
{'loss': '0.18', 'grad_norm': '35.83', 'learning_rate': '1.556e-05', 'epoch': '1.775'}
{'loss': '0.1311', 'grad_norm': '11.47', 'learning_rate': '1.555e-05', 'epoch': '1.781'}
{'loss': '0.1515', 'grad_norm': '95.94', 'learning_rate': '1.553e-05', 'epoch': '1.787'}
{'loss': '0.2023', 'grad_norm': '184.8', 'learning_rate': '1.552e-05', 'epoch': '1.794'}
{'loss': '0.1766', 'grad_norm': '14.79', 'learning_rate': '1.55e-05', 'epoch': '1.8'}
{'loss': '0.1853', 'grad_norm': '37.95', 'learning_rate': '1.549e-05', 'epoch': '1.806'}
{'loss': '0.1717', 'grad_norm': '7.166', 'learning_rate': '1.547e-05', 'epoch': '1.812'}
{'loss': '0.1602', 'grad_norm': '11.38', 'learning_rate': '1.546e-05', 'epoch': '1.818'}
{'loss': '0.1833', 'grad_norm': '41.51', 'learning_rate': '1.544e-05', 'epoch': '1.824'}
{'loss': '0.1279', 'grad_norm': '19.39', 'learning_rate': '1.543e-05', 'epoch': '1.83'}
{'loss': '0.1135', 'grad_norm': '14.67', 'learning_rate': '1.541e-05', 'epoch': '1.837'}
{'loss': '0.1442', 'grad_norm': '23.14', 'learning_rate': '1.539e-05', 'epoch': '1.843'}
{'loss': '0.1258', 'grad_norm': '5.824', 'learning_rate': '1.538e-05', 'epoch': '1.849'}
{'loss': '0.09431', 'grad_norm': '17.37', 'learning_rate': '1.536e-05', 'epoch': '1.855'}
{'loss': '0.1511', 'grad_norm': '15.57', 'learning_rate': '1.535e-05', 'epoch': '1.861'}
{'loss': '0.1671', 'grad_norm': '12.64', 'learning_rate': '1.533e-05', 'epoch': '1.867'}
{'loss': '0.1463', 'grad_norm': '12.63', 'learning_rate': '1.532e-05', 'epoch': '1.873'}
{'loss': '0.1556', 'grad_norm': '9.518', 'learning_rate': '1.53e-05', 'epoch': '1.88'}
{'loss': '0.1441', 'grad_norm': '12.59', 'learning_rate': '1.529e-05', 'epoch': '1.886'}
{'loss': '0.1041', 'grad_norm': '22.07', 'learning_rate': '1.527e-05', 'epoch': '1.892'}
{'loss': '0.1888', 'grad_norm': '2.026', 'learning_rate': '1.526e-05', 'epoch': '1.898'}
{'loss': '0.1921', 'grad_norm': '42.3', 'learning_rate': '1.524e-05', 'epoch': '1.904'}
{'loss': '0.1186', 'grad_norm': '5.814', 'learning_rate': '1.523e-05', 'epoch': '1.91'}
{'loss': '0.1457', 'grad_norm': '18.46', 'learning_rate': '1.521e-05', 'epoch': '1.916'}
{'loss': '0.1842', 'grad_norm': '23.89', 'learning_rate': '1.52e-05', 'epoch': '1.923'}
{'loss': '0.1285', 'grad_norm': '11.67', 'learning_rate': '1.518e-05', 'epoch': '1.929'}
{'loss': '0.1018', 'grad_norm': '7.366', 'learning_rate': '1.516e-05', 'epoch': '1.935'}
{'loss': '0.1079', 'grad_norm': '14.1', 'learning_rate': '1.515e-05', 'epoch': '1.941'}
{'loss': '0.1092', 'grad_norm': '2.693', 'learning_rate': '1.513e-05', 'epoch': '1.947'}
{'loss': '0.1036', 'grad_norm': '10.83', 'learning_rate': '1.512e-05', 'epoch': '1.953'}
{'loss': '0.09375', 'grad_norm': '13.63', 'learning_rate': '1.51e-05', 'epoch': '1.959'}
{'loss': '0.1311', 'grad_norm': '7.854', 'learning_rate': '1.509e-05', 'epoch': '1.966'}
{'loss': '0.143', 'grad_norm': '31.4', 'learning_rate': '1.507e-05', 'epoch': '1.972'}
{'loss': '0.1457', 'grad_norm': '10.77', 'learning_rate': '1.506e-05', 'epoch': '1.978'}
{'loss': '0.1153', 'grad_norm': '5.464', 'learning_rate': '1.504e-05', 'epoch': '1.984'}
{'loss': '0.1391', 'grad_norm': '21.17', 'learning_rate': '1.503e-05', 'epoch': '1.99'}
{'loss': '0.1707', 'grad_norm': '31.5', 'learning_rate': '1.501e-05', 'epoch': '1.996'}
{'eval_loss': '0.4935', 'eval_accuracy': '0.8836', 'eval_precision': '0.9417', 'eval_recall': '0.8547', 'eval_f1': '0.8961', 'eval_runtime': '12.04', 'eval_samples_per_second': '1122', 'eval_steps_per_second': '17.6', 'epoch': '2'}
{'loss': '0.1503', 'grad_norm': '12.61', 'learning_rate': '1.5e-05', 'epoch': '2.002'}
{'loss': '0.1399', 'grad_norm': '14.39', 'learning_rate': '1.498e-05', 'epoch': '2.009'}
{'loss': '0.1251', 'grad_norm': '3.497', 'learning_rate': '1.496e-05', 'epoch': '2.015'}
{'loss': '0.1155', 'grad_norm': '10.42', 'learning_rate': '1.495e-05', 'epoch': '2.021'}
{'loss': '0.1624', 'grad_norm': '77.97', 'learning_rate': '1.493e-05', 'epoch': '2.027'}
{'loss': '0.1279', 'grad_norm': '7.62', 'learning_rate': '1.492e-05', 'epoch': '2.033'}
{'loss': '0.1527', 'grad_norm': '9.933', 'learning_rate': '1.49e-05', 'epoch': '2.039'}
{'loss': '0.1631', 'grad_norm': '20.04', 'learning_rate': '1.489e-05', 'epoch': '2.045'}
{'loss': '0.1189', 'grad_norm': '16.55', 'learning_rate': '1.487e-05', 'epoch': '2.052'}
{'loss': '0.1428', 'grad_norm': '26.27', 'learning_rate': '1.486e-05', 'epoch': '2.058'}
{'loss': '0.1245', 'grad_norm': '20.59', 'learning_rate': '1.484e-05', 'epoch': '2.064'}
{'loss': '0.1721', 'grad_norm': '11.21', 'learning_rate': '1.483e-05', 'epoch': '2.07'}
{'loss': '0.1039', 'grad_norm': '43.21', 'learning_rate': '1.481e-05', 'epoch': '2.076'}
{'loss': '0.1359', 'grad_norm': '7.234', 'learning_rate': '1.48e-05', 'epoch': '2.082'}
{'loss': '0.08017', 'grad_norm': '5.668', 'learning_rate': '1.478e-05', 'epoch': '2.088'}
{'loss': '0.1194', 'grad_norm': '17.5', 'learning_rate': '1.477e-05', 'epoch': '2.095'}
{'loss': '0.13', 'grad_norm': '10.38', 'learning_rate': '1.475e-05', 'epoch': '2.101'}
{'loss': '0.1397', 'grad_norm': '6.276', 'learning_rate': '1.473e-05', 'epoch': '2.107'}
{'loss': '0.1141', 'grad_norm': '92.59', 'learning_rate': '1.472e-05', 'epoch': '2.113'}
{'loss': '0.1097', 'grad_norm': '9.657', 'learning_rate': '1.47e-05', 'epoch': '2.119'}
{'loss': '0.1063', 'grad_norm': '66.19', 'learning_rate': '1.469e-05', 'epoch': '2.125'}
{'loss': '0.09214', 'grad_norm': '9.339', 'learning_rate': '1.467e-05', 'epoch': '2.131'}
{'loss': '0.09132', 'grad_norm': '7.711', 'learning_rate': '1.466e-05', 'epoch': '2.138'}
{'loss': '0.1344', 'grad_norm': '20.4', 'learning_rate': '1.464e-05', 'epoch': '2.144'}
{'loss': '0.0908', 'grad_norm': '7.475', 'learning_rate': '1.463e-05', 'epoch': '2.15'}
{'loss': '0.1298', 'grad_norm': '10.87', 'learning_rate': '1.461e-05', 'epoch': '2.156'}
{'loss': '0.1017', 'grad_norm': '8.023', 'learning_rate': '1.46e-05', 'epoch': '2.162'}
{'loss': '0.1289', 'grad_norm': '19.39', 'learning_rate': '1.458e-05', 'epoch': '2.168'}
{'loss': '0.1789', 'grad_norm': '6.996', 'learning_rate': '1.457e-05', 'epoch': '2.174'}
{'loss': '0.1531', 'grad_norm': '15.83', 'learning_rate': '1.455e-05', 'epoch': '2.181'}
{'loss': '0.1232', 'grad_norm': '6.604', 'learning_rate': '1.453e-05', 'epoch': '2.187'}
{'loss': '0.08189', 'grad_norm': '21.34', 'learning_rate': '1.452e-05', 'epoch': '2.193'}
{'loss': '0.1347', 'grad_norm': '3.059', 'learning_rate': '1.45e-05', 'epoch': '2.199'}
{'loss': '0.1346', 'grad_norm': '52.49', 'learning_rate': '1.449e-05', 'epoch': '2.205'}
{'loss': '0.09285', 'grad_norm': '20.04', 'learning_rate': '1.447e-05', 'epoch': '2.211'}
{'loss': '0.1207', 'grad_norm': '6.197', 'learning_rate': '1.446e-05', 'epoch': '2.217'}
{'loss': '0.1314', 'grad_norm': '7.741', 'learning_rate': '1.444e-05', 'epoch': '2.224'}
{'loss': '0.1128', 'grad_norm': '10.06', 'learning_rate': '1.443e-05', 'epoch': '2.23'}
{'loss': '0.1086', 'grad_norm': '162.4', 'learning_rate': '1.441e-05', 'epoch': '2.236'}
{'loss': '0.07605', 'grad_norm': '3.059', 'learning_rate': '1.44e-05', 'epoch': '2.242'}
{'loss': '0.139', 'grad_norm': '9.758', 'learning_rate': '1.438e-05', 'epoch': '2.248'}
{'loss': '0.1273', 'grad_norm': '5.172', 'learning_rate': '1.437e-05', 'epoch': '2.254'}
{'loss': '0.1434', 'grad_norm': '23.84', 'learning_rate': '1.435e-05', 'epoch': '2.26'}
{'loss': '0.1333', 'grad_norm': '22.19', 'learning_rate': '1.434e-05', 'epoch': '2.267'}
{'loss': '0.08308', 'grad_norm': '12.19', 'learning_rate': '1.432e-05', 'epoch': '2.273'}
{'loss': '0.1309', 'grad_norm': '12.17', 'learning_rate': '1.43e-05', 'epoch': '2.279'}
{'loss': '0.1691', 'grad_norm': '14.57', 'learning_rate': '1.429e-05', 'epoch': '2.285'}
{'loss': '0.1908', 'grad_norm': '4.359', 'learning_rate': '1.427e-05', 'epoch': '2.291'}
{'loss': '0.1348', 'grad_norm': '4.92', 'learning_rate': '1.426e-05', 'epoch': '2.297'}
{'loss': '0.1115', 'grad_norm': '5.816', 'learning_rate': '1.424e-05', 'epoch': '2.303'}
{'loss': '0.0907', 'grad_norm': '6.307', 'learning_rate': '1.423e-05', 'epoch': '2.31'}
{'loss': '0.09744', 'grad_norm': '24.44', 'learning_rate': '1.421e-05', 'epoch': '2.316'}
{'loss': '0.1101', 'grad_norm': '5.654', 'learning_rate': '1.42e-05', 'epoch': '2.322'}
{'loss': '0.1391', 'grad_norm': '9.027', 'learning_rate': '1.418e-05', 'epoch': '2.328'}
{'loss': '0.07434', 'grad_norm': '7.237', 'learning_rate': '1.417e-05', 'epoch': '2.334'}
{'loss': '0.1198', 'grad_norm': '19.29', 'learning_rate': '1.415e-05', 'epoch': '2.34'}
{'loss': '0.1419', 'grad_norm': '35.22', 'learning_rate': '1.414e-05', 'epoch': '2.346'}
{'loss': '0.09139', 'grad_norm': '7.654', 'learning_rate': '1.412e-05', 'epoch': '2.353'}
{'loss': '0.1126', 'grad_norm': '4.981', 'learning_rate': '1.41e-05', 'epoch': '2.359'}
{'loss': '0.1113', 'grad_norm': '14.82', 'learning_rate': '1.409e-05', 'epoch': '2.365'}
{'loss': '0.1374', 'grad_norm': '20.53', 'learning_rate': '1.407e-05', 'epoch': '2.371'}
{'loss': '0.07201', 'grad_norm': '6.404', 'learning_rate': '1.406e-05', 'epoch': '2.377'}
{'loss': '0.07948', 'grad_norm': '6.416', 'learning_rate': '1.404e-05', 'epoch': '2.383'}
{'loss': '0.1277', 'grad_norm': '13.4', 'learning_rate': '1.403e-05', 'epoch': '2.389'}
{'loss': '0.1092', 'grad_norm': '17.92', 'learning_rate': '1.401e-05', 'epoch': '2.396'}
{'loss': '0.147', 'grad_norm': '6.848', 'learning_rate': '1.4e-05', 'epoch': '2.402'}
{'loss': '0.1141', 'grad_norm': '7.775', 'learning_rate': '1.398e-05', 'epoch': '2.408'}
{'loss': '0.155', 'grad_norm': '7.434', 'learning_rate': '1.397e-05', 'epoch': '2.414'}
{'loss': '0.09499', 'grad_norm': '1.601', 'learning_rate': '1.395e-05', 'epoch': '2.42'}
{'loss': '0.09368', 'grad_norm': '2.96', 'learning_rate': '1.394e-05', 'epoch': '2.426'}
{'loss': '0.1539', 'grad_norm': '8.504', 'learning_rate': '1.392e-05', 'epoch': '2.432'}
{'loss': '0.1499', 'grad_norm': '18.38', 'learning_rate': '1.391e-05', 'epoch': '2.439'}
{'loss': '0.111', 'grad_norm': '8.626', 'learning_rate': '1.389e-05', 'epoch': '2.445'}
{'loss': '0.06327', 'grad_norm': '7.563', 'learning_rate': '1.387e-05', 'epoch': '2.451'}
{'loss': '0.08352', 'grad_norm': '2.673', 'learning_rate': '1.386e-05', 'epoch': '2.457'}
{'loss': '0.09413', 'grad_norm': '7.627', 'learning_rate': '1.384e-05', 'epoch': '2.463'}
{'loss': '0.07304', 'grad_norm': '12.27', 'learning_rate': '1.383e-05', 'epoch': '2.469'}
{'loss': '0.08775', 'grad_norm': '25.49', 'learning_rate': '1.381e-05', 'epoch': '2.475'}
{'loss': '0.09276', 'grad_norm': '8.118', 'learning_rate': '1.38e-05', 'epoch': '2.482'}
{'loss': '0.08107', 'grad_norm': '16.03', 'learning_rate': '1.378e-05', 'epoch': '2.488'}
{'loss': '0.1027', 'grad_norm': '0.4575', 'learning_rate': '1.377e-05', 'epoch': '2.494'}
{'loss': '0.07883', 'grad_norm': '1.296', 'learning_rate': '1.375e-05', 'epoch': '2.5'}
{'loss': '0.1348', 'grad_norm': '25.75', 'learning_rate': '1.374e-05', 'epoch': '2.506'}
{'loss': '0.1216', 'grad_norm': '16.51', 'learning_rate': '1.372e-05', 'epoch': '2.512'}
{'loss': '0.1191', 'grad_norm': '11.26', 'learning_rate': '1.371e-05', 'epoch': '2.518'}
{'loss': '0.06333', 'grad_norm': '7.454', 'learning_rate': '1.369e-05', 'epoch': '2.525'}
{'loss': '0.1015', 'grad_norm': '26.33', 'learning_rate': '1.367e-05', 'epoch': '2.531'}
{'loss': '0.07753', 'grad_norm': '4.942', 'learning_rate': '1.366e-05', 'epoch': '2.537'}
{'loss': '0.1174', 'grad_norm': '19.21', 'learning_rate': '1.364e-05', 'epoch': '2.543'}
{'loss': '0.07855', 'grad_norm': '5.178', 'learning_rate': '1.363e-05', 'epoch': '2.549'}
{'loss': '0.05603', 'grad_norm': '26.75', 'learning_rate': '1.361e-05', 'epoch': '2.555'}
{'loss': '0.1021', 'grad_norm': '6.712', 'learning_rate': '1.36e-05', 'epoch': '2.561'}
{'loss': '0.09688', 'grad_norm': '3.284', 'learning_rate': '1.358e-05', 'epoch': '2.568'}
{'loss': '0.0573', 'grad_norm': '11.84', 'learning_rate': '1.357e-05', 'epoch': '2.574'}
{'loss': '0.1224', 'grad_norm': '2.357', 'learning_rate': '1.355e-05', 'epoch': '2.58'}
{'loss': '0.1198', 'grad_norm': '4.803', 'learning_rate': '1.354e-05', 'epoch': '2.586'}
{'loss': '0.127', 'grad_norm': '5.82', 'learning_rate': '1.352e-05', 'epoch': '2.592'}
{'loss': '0.09282', 'grad_norm': '9.041', 'learning_rate': '1.351e-05', 'epoch': '2.598'}
{'loss': '0.05982', 'grad_norm': '0.7908', 'learning_rate': '1.349e-05', 'epoch': '2.604'}
{'loss': '0.13', 'grad_norm': '5.734', 'learning_rate': '1.348e-05', 'epoch': '2.611'}
{'loss': '0.0606', 'grad_norm': '7.873', 'learning_rate': '1.346e-05', 'epoch': '2.617'}
{'loss': '0.09555', 'grad_norm': '6.307', 'learning_rate': '1.344e-05', 'epoch': '2.623'}
{'loss': '0.09433', 'grad_norm': '12.85', 'learning_rate': '1.343e-05', 'epoch': '2.629'}
{'loss': '0.08191', 'grad_norm': '4.719', 'learning_rate': '1.341e-05', 'epoch': '2.635'}
{'loss': '0.1444', 'grad_norm': '5.278', 'learning_rate': '1.34e-05', 'epoch': '2.641'}
{'loss': '0.1191', 'grad_norm': '9.395', 'learning_rate': '1.338e-05', 'epoch': '2.647'}
{'loss': '0.1541', 'grad_norm': '47.08', 'learning_rate': '1.337e-05', 'epoch': '2.654'}
{'loss': '0.04729', 'grad_norm': '0.2932', 'learning_rate': '1.335e-05', 'epoch': '2.66'}
{'loss': '0.1195', 'grad_norm': '2.817', 'learning_rate': '1.334e-05', 'epoch': '2.666'}
{'loss': '0.07291', 'grad_norm': '4.622', 'learning_rate': '1.332e-05', 'epoch': '2.672'}
{'loss': '0.1347', 'grad_norm': '36.86', 'learning_rate': '1.331e-05', 'epoch': '2.678'}
{'loss': '0.08006', 'grad_norm': '9.136', 'learning_rate': '1.329e-05', 'epoch': '2.684'}
{'loss': '0.1072', 'grad_norm': '3.426', 'learning_rate': '1.328e-05', 'epoch': '2.69'}
{'loss': '0.1347', 'grad_norm': '4.984', 'learning_rate': '1.326e-05', 'epoch': '2.697'}
{'loss': '0.07383', 'grad_norm': '12.14', 'learning_rate': '1.324e-05', 'epoch': '2.703'}
{'loss': '0.08413', 'grad_norm': '4.346', 'learning_rate': '1.323e-05', 'epoch': '2.709'}
{'loss': '0.09444', 'grad_norm': '1.027', 'learning_rate': '1.321e-05', 'epoch': '2.715'}
{'loss': '0.1094', 'grad_norm': '13.48', 'learning_rate': '1.32e-05', 'epoch': '2.721'}
{'loss': '0.08364', 'grad_norm': '9.977', 'learning_rate': '1.318e-05', 'epoch': '2.727'}
{'loss': '0.1015', 'grad_norm': '4.839', 'learning_rate': '1.317e-05', 'epoch': '2.733'}
{'loss': '0.05635', 'grad_norm': '2.789', 'learning_rate': '1.315e-05', 'epoch': '2.74'}
{'loss': '0.1052', 'grad_norm': '6.032', 'learning_rate': '1.314e-05', 'epoch': '2.746'}
{'loss': '0.05607', 'grad_norm': '2.155', 'learning_rate': '1.312e-05', 'epoch': '2.752'}
{'loss': '0.09901', 'grad_norm': '4.598', 'learning_rate': '1.311e-05', 'epoch': '2.758'}
{'loss': '0.1259', 'grad_norm': '11.4', 'learning_rate': '1.309e-05', 'epoch': '2.764'}
{'loss': '0.07563', 'grad_norm': '1.632', 'learning_rate': '1.308e-05', 'epoch': '2.77'}
{'loss': '0.1083', 'grad_norm': '2.886', 'learning_rate': '1.306e-05', 'epoch': '2.776'}
{'loss': '0.08003', 'grad_norm': '66.7', 'learning_rate': '1.305e-05', 'epoch': '2.783'}
{'loss': '0.1234', 'grad_norm': '6.383', 'learning_rate': '1.303e-05', 'epoch': '2.789'}
{'loss': '0.08994', 'grad_norm': '8.162', 'learning_rate': '1.301e-05', 'epoch': '2.795'}
{'loss': '0.1037', 'grad_norm': '4.732', 'learning_rate': '1.3e-05', 'epoch': '2.801'}
{'loss': '0.05595', 'grad_norm': '6.996', 'learning_rate': '1.298e-05', 'epoch': '2.807'}
{'loss': '0.1138', 'grad_norm': '9.929', 'learning_rate': '1.297e-05', 'epoch': '2.813'}
{'loss': '0.1021', 'grad_norm': '27.43', 'learning_rate': '1.295e-05', 'epoch': '2.819'}
{'loss': '0.1251', 'grad_norm': '6.26', 'learning_rate': '1.294e-05', 'epoch': '2.826'}
{'loss': '0.1232', 'grad_norm': '11.9', 'learning_rate': '1.292e-05', 'epoch': '2.832'}
{'loss': '0.149', 'grad_norm': '14.23', 'learning_rate': '1.291e-05', 'epoch': '2.838'}
{'loss': '0.08616', 'grad_norm': '2.074', 'learning_rate': '1.289e-05', 'epoch': '2.844'}
{'loss': '0.1274', 'grad_norm': '24.88', 'learning_rate': '1.288e-05', 'epoch': '2.85'}
{'loss': '0.03915', 'grad_norm': '46.19', 'learning_rate': '1.286e-05', 'epoch': '2.856'}
{'loss': '0.1071', 'grad_norm': '10.44', 'learning_rate': '1.285e-05', 'epoch': '2.862'}
{'loss': '0.08074', 'grad_norm': '5.647', 'learning_rate': '1.283e-05', 'epoch': '2.869'}
{'loss': '0.1125', 'grad_norm': '2.036', 'learning_rate': '1.281e-05', 'epoch': '2.875'}
{'loss': '0.05919', 'grad_norm': '8.656', 'learning_rate': '1.28e-05', 'epoch': '2.881'}
{'loss': '0.09367', 'grad_norm': '5.326', 'learning_rate': '1.278e-05', 'epoch': '2.887'}
{'loss': '0.06409', 'grad_norm': '9.608', 'learning_rate': '1.277e-05', 'epoch': '2.893'}
{'loss': '0.09345', 'grad_norm': '2.529', 'learning_rate': '1.275e-05', 'epoch': '2.899'}
{'loss': '0.1534', 'grad_norm': '15.9', 'learning_rate': '1.274e-05', 'epoch': '2.905'}
{'loss': '0.0864', 'grad_norm': '2.075', 'learning_rate': '1.272e-05', 'epoch': '2.912'}
{'loss': '0.1245', 'grad_norm': '5.887', 'learning_rate': '1.271e-05', 'epoch': '2.918'}
{'loss': '0.07822', 'grad_norm': '7.096', 'learning_rate': '1.269e-05', 'epoch': '2.924'}
{'loss': '0.1415', 'grad_norm': '7.171', 'learning_rate': '1.268e-05', 'epoch': '2.93'}
{'loss': '0.1198', 'grad_norm': '21.89', 'learning_rate': '1.266e-05', 'epoch': '2.936'}
{'loss': '0.04953', 'grad_norm': '2.005', 'learning_rate': '1.265e-05', 'epoch': '2.942'}
{'loss': '0.08851', 'grad_norm': '3.699', 'learning_rate': '1.263e-05', 'epoch': '2.948'}
{'loss': '0.1032', 'grad_norm': '5.144', 'learning_rate': '1.262e-05', 'epoch': '2.955'}
{'loss': '0.08323', 'grad_norm': '6.943', 'learning_rate': '1.26e-05', 'epoch': '2.961'}
{'loss': '0.153', 'grad_norm': '29.54', 'learning_rate': '1.258e-05', 'epoch': '2.967'}
{'loss': '0.1715', 'grad_norm': '15.56', 'learning_rate': '1.257e-05', 'epoch': '2.973'}
{'loss': '0.06211', 'grad_norm': '0.2396', 'learning_rate': '1.255e-05', 'epoch': '2.979'}
{'loss': '0.08207', 'grad_norm': '5.422', 'learning_rate': '1.254e-05', 'epoch': '2.985'}
{'loss': '0.06637', 'grad_norm': '2.638', 'learning_rate': '1.252e-05', 'epoch': '2.991'}
{'loss': '0.1456', 'grad_norm': '1.551', 'learning_rate': '1.251e-05', 'epoch': '2.998'}
{'eval_loss': '0.6863', 'eval_accuracy': '0.8816', 'eval_precision': '0.9235', 'eval_recall': '0.8704', 'eval_f1': '0.8962', 'eval_runtime': '12.12', 'eval_samples_per_second': '1115', 'eval_steps_per_second': '17.49', 'epoch': '3'}
{'loss': '0.1048', 'grad_norm': '3.246', 'learning_rate': '1.249e-05', 'epoch': '3.004'}
{'loss': '0.1303', 'grad_norm': '7.382', 'learning_rate': '1.248e-05', 'epoch': '3.01'}
{'loss': '0.038', 'grad_norm': '2.07', 'learning_rate': '1.246e-05', 'epoch': '3.016'}
{'loss': '0.1148', 'grad_norm': '18.84', 'learning_rate': '1.245e-05', 'epoch': '3.022'}
{'loss': '0.07402', 'grad_norm': '6.76', 'learning_rate': '1.243e-05', 'epoch': '3.028'}
{'loss': '0.09174', 'grad_norm': '8.749', 'learning_rate': '1.242e-05', 'epoch': '3.034'}
{'loss': '0.05393', 'grad_norm': '1.675', 'learning_rate': '1.24e-05', 'epoch': '3.041'}
{'loss': '0.1041', 'grad_norm': '4.27', 'learning_rate': '1.238e-05', 'epoch': '3.047'}
{'loss': '0.08163', 'grad_norm': '15.3', 'learning_rate': '1.237e-05', 'epoch': '3.053'}
{'loss': '0.08307', 'grad_norm': '14.57', 'learning_rate': '1.235e-05', 'epoch': '3.059'}
{'loss': '0.09712', 'grad_norm': '6.292', 'learning_rate': '1.234e-05', 'epoch': '3.065'}
{'loss': '0.09162', 'grad_norm': '0.3001', 'learning_rate': '1.232e-05', 'epoch': '3.071'}
{'loss': '0.08356', 'grad_norm': '3.344', 'learning_rate': '1.231e-05', 'epoch': '3.077'}
{'loss': '0.07741', 'grad_norm': '3.548', 'learning_rate': '1.229e-05', 'epoch': '3.084'}
{'loss': '0.08852', 'grad_norm': '5.616', 'learning_rate': '1.228e-05', 'epoch': '3.09'}
{'loss': '0.1009', 'grad_norm': '17.57', 'learning_rate': '1.226e-05', 'epoch': '3.096'}
{'loss': '0.06811', 'grad_norm': '6.678', 'learning_rate': '1.225e-05', 'epoch': '3.102'}
{'loss': '0.08493', 'grad_norm': '1.719', 'learning_rate': '1.223e-05', 'epoch': '3.108'}
{'loss': '0.1083', 'grad_norm': '4.275', 'learning_rate': '1.222e-05', 'epoch': '3.114'}
{'loss': '0.1011', 'grad_norm': '3.638', 'learning_rate': '1.22e-05', 'epoch': '3.12'}
{'loss': '0.03662', 'grad_norm': '3.955', 'learning_rate': '1.219e-05', 'epoch': '3.127'}
{'loss': '0.1135', 'grad_norm': '6.328', 'learning_rate': '1.217e-05', 'epoch': '3.133'}
{'loss': '0.1441', 'grad_norm': '8.93', 'learning_rate': '1.215e-05', 'epoch': '3.139'}
{'loss': '0.0629', 'grad_norm': '2.806', 'learning_rate': '1.214e-05', 'epoch': '3.145'}
{'loss': '0.053', 'grad_norm': '2.685', 'learning_rate': '1.212e-05', 'epoch': '3.151'}
{'loss': '0.1153', 'grad_norm': '9.88', 'learning_rate': '1.211e-05', 'epoch': '3.157'}
{'loss': '0.0713', 'grad_norm': '0.9491', 'learning_rate': '1.209e-05', 'epoch': '3.163'}
{'loss': '0.07632', 'grad_norm': '16.57', 'learning_rate': '1.208e-05', 'epoch': '3.17'}
{'loss': '0.1034', 'grad_norm': '5.383', 'learning_rate': '1.206e-05', 'epoch': '3.176'}
{'loss': '0.07225', 'grad_norm': '7.892', 'learning_rate': '1.205e-05', 'epoch': '3.182'}
{'loss': '0.07968', 'grad_norm': '7.086', 'learning_rate': '1.203e-05', 'epoch': '3.188'}
{'loss': '0.08876', 'grad_norm': '0.3357', 'learning_rate': '1.202e-05', 'epoch': '3.194'}
{'loss': '0.07869', 'grad_norm': '2.971', 'learning_rate': '1.2e-05', 'epoch': '3.2'}
{'loss': '0.08874', 'grad_norm': '2.658', 'learning_rate': '1.199e-05', 'epoch': '3.206'}
{'loss': '0.09921', 'grad_norm': '1.435', 'learning_rate': '1.197e-05', 'epoch': '3.213'}
{'loss': '0.107', 'grad_norm': '6.952', 'learning_rate': '1.195e-05', 'epoch': '3.219'}
{'loss': '0.0932', 'grad_norm': '18.74', 'learning_rate': '1.194e-05', 'epoch': '3.225'}
{'loss': '0.05972', 'grad_norm': '2.128', 'learning_rate': '1.192e-05', 'epoch': '3.231'}
{'loss': '0.1085', 'grad_norm': '17.77', 'learning_rate': '1.191e-05', 'epoch': '3.237'}
{'loss': '0.08945', 'grad_norm': '15.94', 'learning_rate': '1.189e-05', 'epoch': '3.243'}
{'loss': '0.06876', 'grad_norm': '2.552', 'learning_rate': '1.188e-05', 'epoch': '3.249'}
{'loss': '0.05313', 'grad_norm': '0.9092', 'learning_rate': '1.186e-05', 'epoch': '3.256'}
{'loss': '0.08362', 'grad_norm': '5.163', 'learning_rate': '1.185e-05', 'epoch': '3.262'}
{'loss': '0.0388', 'grad_norm': '2.598', 'learning_rate': '1.183e-05', 'epoch': '3.268'}
{'loss': '0.1035', 'grad_norm': '3.988', 'learning_rate': '1.182e-05', 'epoch': '3.274'}
{'loss': '0.069', 'grad_norm': '2.89', 'learning_rate': '1.18e-05', 'epoch': '3.28'}
{'loss': '0.09516', 'grad_norm': '18.62', 'learning_rate': '1.179e-05', 'epoch': '3.286'}
{'loss': '0.04397', 'grad_norm': '7.185', 'learning_rate': '1.177e-05', 'epoch': '3.292'}
{'loss': '0.1008', 'grad_norm': '31', 'learning_rate': '1.176e-05', 'epoch': '3.299'}
{'loss': '0.1074', 'grad_norm': '15.79', 'learning_rate': '1.174e-05', 'epoch': '3.305'}
{'loss': '0.05832', 'grad_norm': '23.61', 'learning_rate': '1.172e-05', 'epoch': '3.311'}
{'loss': '0.09643', 'grad_norm': '11.18', 'learning_rate': '1.171e-05', 'epoch': '3.317'}
{'loss': '0.1196', 'grad_norm': '10.58', 'learning_rate': '1.169e-05', 'epoch': '3.323'}
{'loss': '0.059', 'grad_norm': '0.5182', 'learning_rate': '1.168e-05', 'epoch': '3.329'}
{'loss': '0.06979', 'grad_norm': '3.989', 'learning_rate': '1.166e-05', 'epoch': '3.335'}
{'loss': '0.0723', 'grad_norm': '7.259', 'learning_rate': '1.165e-05', 'epoch': '3.342'}
{'loss': '0.06617', 'grad_norm': '4.511', 'learning_rate': '1.163e-05', 'epoch': '3.348'}
{'loss': '0.1039', 'grad_norm': '3.921', 'learning_rate': '1.162e-05', 'epoch': '3.354'}
{'loss': '0.03108', 'grad_norm': '2.344', 'learning_rate': '1.16e-05', 'epoch': '3.36'}
{'loss': '0.1208', 'grad_norm': '2.403', 'learning_rate': '1.159e-05', 'epoch': '3.366'}
{'loss': '0.07808', 'grad_norm': '5.282', 'learning_rate': '1.157e-05', 'epoch': '3.372'}
{'loss': '0.06529', 'grad_norm': '10.32', 'learning_rate': '1.156e-05', 'epoch': '3.378'}
{'loss': '0.1036', 'grad_norm': '3.781', 'learning_rate': '1.154e-05', 'epoch': '3.385'}
{'loss': '0.06242', 'grad_norm': '3.902', 'learning_rate': '1.152e-05', 'epoch': '3.391'}
{'loss': '0.07604', 'grad_norm': '6.545', 'learning_rate': '1.151e-05', 'epoch': '3.397'}
{'loss': '0.0773', 'grad_norm': '5.042', 'learning_rate': '1.149e-05', 'epoch': '3.403'}
{'loss': '0.1012', 'grad_norm': '5.147', 'learning_rate': '1.148e-05', 'epoch': '3.409'}
{'loss': '0.07966', 'grad_norm': '4.794', 'learning_rate': '1.146e-05', 'epoch': '3.415'}
{'loss': '0.0835', 'grad_norm': '2.808', 'learning_rate': '1.145e-05', 'epoch': '3.421'}
{'loss': '0.07656', 'grad_norm': '2.607', 'learning_rate': '1.143e-05', 'epoch': '3.428'}
{'loss': '0.1184', 'grad_norm': '10.18', 'learning_rate': '1.142e-05', 'epoch': '3.434'}
{'loss': '0.05568', 'grad_norm': '7.953', 'learning_rate': '1.14e-05', 'epoch': '3.44'}
{'loss': '0.1262', 'grad_norm': '0.3484', 'learning_rate': '1.139e-05', 'epoch': '3.446'}
{'loss': '0.09003', 'grad_norm': '10.22', 'learning_rate': '1.137e-05', 'epoch': '3.452'}
{'loss': '0.0761', 'grad_norm': '18.88', 'learning_rate': '1.136e-05', 'epoch': '3.458'}
{'loss': '0.05806', 'grad_norm': '1.627', 'learning_rate': '1.134e-05', 'epoch': '3.464'}
{'loss': '0.09566', 'grad_norm': '19.26', 'learning_rate': '1.133e-05', 'epoch': '3.471'}
{'loss': '0.1081', 'grad_norm': '5.071', 'learning_rate': '1.131e-05', 'epoch': '3.477'}
{'loss': '0.1036', 'grad_norm': '7.31', 'learning_rate': '1.129e-05', 'epoch': '3.483'}
{'loss': '0.05112', 'grad_norm': '6.763', 'learning_rate': '1.128e-05', 'epoch': '3.489'}
{'loss': '0.04789', 'grad_norm': '3.247', 'learning_rate': '1.126e-05', 'epoch': '3.495'}
{'loss': '0.07173', 'grad_norm': '12.12', 'learning_rate': '1.125e-05', 'epoch': '3.501'}
{'loss': '0.09221', 'grad_norm': '15.51', 'learning_rate': '1.123e-05', 'epoch': '3.507'}
{'loss': '0.07729', 'grad_norm': '1.454', 'learning_rate': '1.122e-05', 'epoch': '3.514'}
{'loss': '0.1273', 'grad_norm': '0.4811', 'learning_rate': '1.12e-05', 'epoch': '3.52'}
{'loss': '0.06189', 'grad_norm': '1.315', 'learning_rate': '1.119e-05', 'epoch': '3.526'}
{'loss': '0.07273', 'grad_norm': '5.29', 'learning_rate': '1.117e-05', 'epoch': '3.532'}
{'loss': '0.1582', 'grad_norm': '15.73', 'learning_rate': '1.116e-05', 'epoch': '3.538'}
{'loss': '0.07367', 'grad_norm': '10.82', 'learning_rate': '1.114e-05', 'epoch': '3.544'}
{'loss': '0.0804', 'grad_norm': '10.83', 'learning_rate': '1.113e-05', 'epoch': '3.55'}
{'loss': '0.1042', 'grad_norm': '7.992', 'learning_rate': '1.111e-05', 'epoch': '3.557'}
{'loss': '0.07639', 'grad_norm': '5.336', 'learning_rate': '1.109e-05', 'epoch': '3.563'}
{'loss': '0.04337', 'grad_norm': '4.167', 'learning_rate': '1.108e-05', 'epoch': '3.569'}
{'loss': '0.1192', 'grad_norm': '4.998', 'learning_rate': '1.106e-05', 'epoch': '3.575'}
{'loss': '0.06152', 'grad_norm': '5.595', 'learning_rate': '1.105e-05', 'epoch': '3.581'}
{'loss': '0.08625', 'grad_norm': '1.008', 'learning_rate': '1.103e-05', 'epoch': '3.587'}
{'loss': '0.06383', 'grad_norm': '2.283', 'learning_rate': '1.102e-05', 'epoch': '3.593'}
{'loss': '0.1134', 'grad_norm': '19.63', 'learning_rate': '1.1e-05', 'epoch': '3.6'}
{'loss': '0.0612', 'grad_norm': '15.42', 'learning_rate': '1.099e-05', 'epoch': '3.606'}
{'loss': '0.08638', 'grad_norm': '3.637', 'learning_rate': '1.097e-05', 'epoch': '3.612'}
{'loss': '0.05704', 'grad_norm': '9.805', 'learning_rate': '1.096e-05', 'epoch': '3.618'}
{'loss': '0.06491', 'grad_norm': '13.3', 'learning_rate': '1.094e-05', 'epoch': '3.624'}
{'loss': '0.04913', 'grad_norm': '3.063', 'learning_rate': '1.093e-05', 'epoch': '3.63'}
{'loss': '0.1299', 'grad_norm': '5.066', 'learning_rate': '1.091e-05', 'epoch': '3.636'}
{'loss': '0.0305', 'grad_norm': '3.943', 'learning_rate': '1.09e-05', 'epoch': '3.643'}
{'loss': '0.04763', 'grad_norm': '0.4885', 'learning_rate': '1.088e-05', 'epoch': '3.649'}
{'loss': '0.0449', 'grad_norm': '2.289', 'learning_rate': '1.086e-05', 'epoch': '3.655'}
{'loss': '0.07707', 'grad_norm': '0.8807', 'learning_rate': '1.085e-05', 'epoch': '3.661'}
{'loss': '0.06736', 'grad_norm': '4.971', 'learning_rate': '1.083e-05', 'epoch': '3.667'}
{'loss': '0.07765', 'grad_norm': '11.65', 'learning_rate': '1.082e-05', 'epoch': '3.673'}
{'loss': '0.0736', 'grad_norm': '3.144', 'learning_rate': '1.08e-05', 'epoch': '3.679'}
{'loss': '0.04926', 'grad_norm': '14.15', 'learning_rate': '1.079e-05', 'epoch': '3.686'}
{'loss': '0.0325', 'grad_norm': '1.814', 'learning_rate': '1.077e-05', 'epoch': '3.692'}
{'loss': '0.06784', 'grad_norm': '19.49', 'learning_rate': '1.076e-05', 'epoch': '3.698'}
{'loss': '0.04499', 'grad_norm': '2.126', 'learning_rate': '1.074e-05', 'epoch': '3.704'}
{'loss': '0.09337', 'grad_norm': '2.811', 'learning_rate': '1.073e-05', 'epoch': '3.71'}
{'loss': '0.08865', 'grad_norm': '2.827', 'learning_rate': '1.071e-05', 'epoch': '3.716'}
{'loss': '0.08279', 'grad_norm': '6.656', 'learning_rate': '1.07e-05', 'epoch': '3.722'}
{'loss': '0.09293', 'grad_norm': '8.765', 'learning_rate': '1.068e-05', 'epoch': '3.729'}
{'loss': '0.09211', 'grad_norm': '6.864', 'learning_rate': '1.066e-05', 'epoch': '3.735'}
{'loss': '0.06235', 'grad_norm': '6.962', 'learning_rate': '1.065e-05', 'epoch': '3.741'}
{'loss': '0.1215', 'grad_norm': '12.78', 'learning_rate': '1.063e-05', 'epoch': '3.747'}
{'loss': '0.07216', 'grad_norm': '5.561', 'learning_rate': '1.062e-05', 'epoch': '3.753'}
{'loss': '0.09392', 'grad_norm': '4.147', 'learning_rate': '1.06e-05', 'epoch': '3.759'}
{'loss': '0.05826', 'grad_norm': '1.162', 'learning_rate': '1.059e-05', 'epoch': '3.765'}
{'loss': '0.02702', 'grad_norm': '4.981', 'learning_rate': '1.057e-05', 'epoch': '3.771'}
{'loss': '0.03665', 'grad_norm': '4.183', 'learning_rate': '1.056e-05', 'epoch': '3.778'}
{'loss': '0.05715', 'grad_norm': '9.113', 'learning_rate': '1.054e-05', 'epoch': '3.784'}
{'loss': '0.07391', 'grad_norm': '2.223', 'learning_rate': '1.053e-05', 'epoch': '3.79'}
{'loss': '0.06735', 'grad_norm': '12.36', 'learning_rate': '1.051e-05', 'epoch': '3.796'}
{'loss': '0.05368', 'grad_norm': '1.729', 'learning_rate': '1.05e-05', 'epoch': '3.802'}
{'loss': '0.06896', 'grad_norm': '0.3489', 'learning_rate': '1.048e-05', 'epoch': '3.808'}
{'loss': '0.1026', 'grad_norm': '17.68', 'learning_rate': '1.047e-05', 'epoch': '3.814'}
{'loss': '0.04883', 'grad_norm': '5.044', 'learning_rate': '1.045e-05', 'epoch': '3.821'}
{'loss': '0.02338', 'grad_norm': '0.4916', 'learning_rate': '1.043e-05', 'epoch': '3.827'}
{'loss': '0.1031', 'grad_norm': '4.957', 'learning_rate': '1.042e-05', 'epoch': '3.833'}
{'loss': '0.08093', 'grad_norm': '1.786', 'learning_rate': '1.04e-05', 'epoch': '3.839'}
{'loss': '0.1087', 'grad_norm': '10.38', 'learning_rate': '1.039e-05', 'epoch': '3.845'}
{'loss': '0.122', 'grad_norm': '11.74', 'learning_rate': '1.037e-05', 'epoch': '3.851'}
{'loss': '0.09695', 'grad_norm': '21.62', 'learning_rate': '1.036e-05', 'epoch': '3.857'}
{'loss': '0.1084', 'grad_norm': '0.7163', 'learning_rate': '1.034e-05', 'epoch': '3.864'}
{'loss': '0.1236', 'grad_norm': '1.202', 'learning_rate': '1.033e-05', 'epoch': '3.87'}
{'loss': '0.04945', 'grad_norm': '4.54', 'learning_rate': '1.031e-05', 'epoch': '3.876'}
{'loss': '0.04411', 'grad_norm': '1.013', 'learning_rate': '1.03e-05', 'epoch': '3.882'}
{'loss': '0.1377', 'grad_norm': '0.8986', 'learning_rate': '1.028e-05', 'epoch': '3.888'}
{'loss': '0.1204', 'grad_norm': '7.496', 'learning_rate': '1.027e-05', 'epoch': '3.894'}
{'loss': '0.08316', 'grad_norm': '13.82', 'learning_rate': '1.025e-05', 'epoch': '3.9'}
{'loss': '0.09584', 'grad_norm': '15.59', 'learning_rate': '1.023e-05', 'epoch': '3.907'}
{'loss': '0.1125', 'grad_norm': '18.55', 'learning_rate': '1.022e-05', 'epoch': '3.913'}
{'loss': '0.09013', 'grad_norm': '6.533', 'learning_rate': '1.02e-05', 'epoch': '3.919'}
{'loss': '0.05204', 'grad_norm': '3.978', 'learning_rate': '1.019e-05', 'epoch': '3.925'}
{'loss': '0.04807', 'grad_norm': '3.821', 'learning_rate': '1.017e-05', 'epoch': '3.931'}
{'loss': '0.1105', 'grad_norm': '0.0399', 'learning_rate': '1.016e-05', 'epoch': '3.937'}
{'loss': '0.05544', 'grad_norm': '22.34', 'learning_rate': '1.014e-05', 'epoch': '3.943'}
{'loss': '0.06877', 'grad_norm': '4.15', 'learning_rate': '1.013e-05', 'epoch': '3.95'}
{'loss': '0.03777', 'grad_norm': '9.576', 'learning_rate': '1.011e-05', 'epoch': '3.956'}
{'loss': '0.05706', 'grad_norm': '5.844', 'learning_rate': '1.01e-05', 'epoch': '3.962'}
{'loss': '0.06565', 'grad_norm': '10.31', 'learning_rate': '1.008e-05', 'epoch': '3.968'}
{'loss': '0.09049', 'grad_norm': '6.973', 'learning_rate': '1.007e-05', 'epoch': '3.974'}
{'loss': '0.1008', 'grad_norm': '4.069', 'learning_rate': '1.005e-05', 'epoch': '3.98'}
{'loss': '0.09756', 'grad_norm': '307.8', 'learning_rate': '1.004e-05', 'epoch': '3.986'}
{'loss': '0.0671', 'grad_norm': '1.852', 'learning_rate': '1.002e-05', 'epoch': '3.993'}
{'loss': '0.05228', 'grad_norm': '16.07', 'learning_rate': '1e-05', 'epoch': '3.999'}
{'eval_loss': '0.7901', 'eval_accuracy': '0.8889', 'eval_precision': '0.9462', 'eval_recall': '0.8596', 'eval_f1': '0.9008', 'eval_runtime': '12.15', 'eval_samples_per_second': '1113', 'eval_steps_per_second': '17.45', 'epoch': '4'}
{'loss': '0.09798', 'grad_norm': '4.487', 'learning_rate': '9.989e-06', 'epoch': '4.005'}
{'loss': '0.06883', 'grad_norm': '9.201', 'learning_rate': '9.974e-06', 'epoch': '4.011'}
{'loss': '0.0503', 'grad_norm': '4.006', 'learning_rate': '9.959e-06', 'epoch': '4.017'}
{'loss': '0.03002', 'grad_norm': '0.5604', 'learning_rate': '9.943e-06', 'epoch': '4.023'}
{'loss': '0.06645', 'grad_norm': '17.43', 'learning_rate': '9.928e-06', 'epoch': '4.029'}
{'loss': '0.101', 'grad_norm': '7.936', 'learning_rate': '9.912e-06', 'epoch': '4.036'}
{'loss': '0.07857', 'grad_norm': '6.478', 'learning_rate': '9.897e-06', 'epoch': '4.042'}
{'loss': '0.1043', 'grad_norm': '4.097', 'learning_rate': '9.882e-06', 'epoch': '4.048'}
{'loss': '0.06798', 'grad_norm': '15.66', 'learning_rate': '9.866e-06', 'epoch': '4.054'}
{'loss': '0.05486', 'grad_norm': '24.96', 'learning_rate': '9.851e-06', 'epoch': '4.06'}
{'loss': '0.05982', 'grad_norm': '33.99', 'learning_rate': '9.836e-06', 'epoch': '4.066'}
{'loss': '0.0223', 'grad_norm': '6.832', 'learning_rate': '9.82e-06', 'epoch': '4.072'}
{'loss': '0.1072', 'grad_norm': '8.068', 'learning_rate': '9.805e-06', 'epoch': '4.079'}
{'loss': '0.05605', 'grad_norm': '5.619', 'learning_rate': '9.79e-06', 'epoch': '4.085'}
{'loss': '0.09021', 'grad_norm': '3.333', 'learning_rate': '9.774e-06', 'epoch': '4.091'}
{'loss': '0.104', 'grad_norm': '12.61', 'learning_rate': '9.759e-06', 'epoch': '4.097'}
{'loss': '0.07588', 'grad_norm': '5.165', 'learning_rate': '9.744e-06', 'epoch': '4.103'}
{'loss': '0.0664', 'grad_norm': '14.16', 'learning_rate': '9.728e-06', 'epoch': '4.109'}
{'loss': '0.08288', 'grad_norm': '2.503', 'learning_rate': '9.713e-06', 'epoch': '4.115'}
{'loss': '0.1255', 'grad_norm': '1.015', 'learning_rate': '9.697e-06', 'epoch': '4.122'}
{'loss': '0.06729', 'grad_norm': '8.051', 'learning_rate': '9.682e-06', 'epoch': '4.128'}
{'loss': '0.09078', 'grad_norm': '5.313', 'learning_rate': '9.667e-06', 'epoch': '4.134'}
{'loss': '0.1039', 'grad_norm': '8.104', 'learning_rate': '9.651e-06', 'epoch': '4.14'}
{'loss': '0.1103', 'grad_norm': '11.27', 'learning_rate': '9.636e-06', 'epoch': '4.146'}
{'loss': '0.08106', 'grad_norm': '3.033', 'learning_rate': '9.621e-06', 'epoch': '4.152'}
{'loss': '0.07493', 'grad_norm': '2.217', 'learning_rate': '9.605e-06', 'epoch': '4.158'}
{'loss': '0.06092', 'grad_norm': '1.932', 'learning_rate': '9.59e-06', 'epoch': '4.165'}
{'loss': '0.1068', 'grad_norm': '6.983', 'learning_rate': '9.575e-06', 'epoch': '4.171'}
{'loss': '0.05059', 'grad_norm': '0.3578', 'learning_rate': '9.559e-06', 'epoch': '4.177'}
{'loss': '0.05725', 'grad_norm': '0.5112', 'learning_rate': '9.544e-06', 'epoch': '4.183'}
{'loss': '0.059', 'grad_norm': '2.172', 'learning_rate': '9.529e-06', 'epoch': '4.189'}
{'loss': '0.07337', 'grad_norm': '5.363', 'learning_rate': '9.513e-06', 'epoch': '4.195'}
{'loss': '0.05108', 'grad_norm': '14.28', 'learning_rate': '9.498e-06', 'epoch': '4.201'}
{'loss': '0.04695', 'grad_norm': '10.93', 'learning_rate': '9.482e-06', 'epoch': '4.208'}
{'loss': '0.04286', 'grad_norm': '3.767', 'learning_rate': '9.467e-06', 'epoch': '4.214'}
{'loss': '0.04284', 'grad_norm': '3.443', 'learning_rate': '9.452e-06', 'epoch': '4.22'}
{'loss': '0.06788', 'grad_norm': '0.7034', 'learning_rate': '9.436e-06', 'epoch': '4.226'}
{'loss': '0.04214', 'grad_norm': '0.1991', 'learning_rate': '9.421e-06', 'epoch': '4.232'}
{'loss': '0.05364', 'grad_norm': '8.01', 'learning_rate': '9.406e-06', 'epoch': '4.238'}
{'loss': '0.04528', 'grad_norm': '1.064', 'learning_rate': '9.39e-06', 'epoch': '4.244'}
{'loss': '0.1145', 'grad_norm': '5.196', 'learning_rate': '9.375e-06', 'epoch': '4.251'}
{'loss': '0.07617', 'grad_norm': '10.8', 'learning_rate': '9.36e-06', 'epoch': '4.257'}
{'loss': '0.0766', 'grad_norm': '3.113', 'learning_rate': '9.344e-06', 'epoch': '4.263'}
{'loss': '0.04891', 'grad_norm': '0.3707', 'learning_rate': '9.329e-06', 'epoch': '4.269'}
{'loss': '0.07474', 'grad_norm': '21.26', 'learning_rate': '9.314e-06', 'epoch': '4.275'}
{'loss': '0.04652', 'grad_norm': '1.697', 'learning_rate': '9.298e-06', 'epoch': '4.281'}
{'loss': '0.1075', 'grad_norm': '3.419', 'learning_rate': '9.283e-06', 'epoch': '4.287'}
{'loss': '0.09097', 'grad_norm': '11.53', 'learning_rate': '9.268e-06', 'epoch': '4.294'}
{'loss': '0.06731', 'grad_norm': '4.491', 'learning_rate': '9.252e-06', 'epoch': '4.3'}
{'loss': '0.03573', 'grad_norm': '4.077', 'learning_rate': '9.237e-06', 'epoch': '4.306'}
{'loss': '0.0836', 'grad_norm': '1.447', 'learning_rate': '9.221e-06', 'epoch': '4.312'}
{'loss': '0.06632', 'grad_norm': '0.6942', 'learning_rate': '9.206e-06', 'epoch': '4.318'}
{'loss': '0.04941', 'grad_norm': '14.59', 'learning_rate': '9.191e-06', 'epoch': '4.324'}
{'loss': '0.09218', 'grad_norm': '5.138', 'learning_rate': '9.175e-06', 'epoch': '4.33'}
{'loss': '0.08604', 'grad_norm': '7.751', 'learning_rate': '9.16e-06', 'epoch': '4.337'}
{'loss': '0.07539', 'grad_norm': '1.413', 'learning_rate': '9.145e-06', 'epoch': '4.343'}
{'loss': '0.09793', 'grad_norm': '11.78', 'learning_rate': '9.129e-06', 'epoch': '4.349'}
{'loss': '0.07731', 'grad_norm': '1.016', 'learning_rate': '9.114e-06', 'epoch': '4.355'}
{'loss': '0.04184', 'grad_norm': '0.99', 'learning_rate': '9.099e-06', 'epoch': '4.361'}
{'loss': '0.03225', 'grad_norm': '2.637', 'learning_rate': '9.083e-06', 'epoch': '4.367'}
{'loss': '0.03056', 'grad_norm': '21.02', 'learning_rate': '9.068e-06', 'epoch': '4.373'}
{'loss': '0.04459', 'grad_norm': '4.951', 'learning_rate': '9.053e-06', 'epoch': '4.38'}
{'loss': '0.07597', 'grad_norm': '7.319', 'learning_rate': '9.037e-06', 'epoch': '4.386'}
{'loss': '0.09558', 'grad_norm': '0.4888', 'learning_rate': '9.022e-06', 'epoch': '4.392'}
{'loss': '0.06659', 'grad_norm': '11.81', 'learning_rate': '9.006e-06', 'epoch': '4.398'}
{'loss': '0.08689', 'grad_norm': '1.73', 'learning_rate': '8.991e-06', 'epoch': '4.404'}
{'loss': '0.05387', 'grad_norm': '8.074', 'learning_rate': '8.976e-06', 'epoch': '4.41'}
{'loss': '0.0736', 'grad_norm': '4.11', 'learning_rate': '8.96e-06', 'epoch': '4.416'}
{'loss': '0.04843', 'grad_norm': '5.414', 'learning_rate': '8.945e-06', 'epoch': '4.423'}
{'loss': '0.04662', 'grad_norm': '14.24', 'learning_rate': '8.93e-06', 'epoch': '4.429'}
{'loss': '0.04643', 'grad_norm': '2.097', 'learning_rate': '8.914e-06', 'epoch': '4.435'}
{'loss': '0.0744', 'grad_norm': '4.026', 'learning_rate': '8.899e-06', 'epoch': '4.441'}
{'loss': '0.08004', 'grad_norm': '4.073', 'learning_rate': '8.884e-06', 'epoch': '4.447'}
{'loss': '0.05158', 'grad_norm': '0.3813', 'learning_rate': '8.868e-06', 'epoch': '4.453'}
{'loss': '0.05059', 'grad_norm': '2.541', 'learning_rate': '8.853e-06', 'epoch': '4.459'}
{'loss': '0.1153', 'grad_norm': '5.143', 'learning_rate': '8.838e-06', 'epoch': '4.466'}
{'loss': '0.06927', 'grad_norm': '5.507', 'learning_rate': '8.822e-06', 'epoch': '4.472'}
{'loss': '0.0596', 'grad_norm': '11.46', 'learning_rate': '8.807e-06', 'epoch': '4.478'}
{'loss': '0.0688', 'grad_norm': '5.567', 'learning_rate': '8.791e-06', 'epoch': '4.484'}
{'loss': '0.08424', 'grad_norm': '1.472', 'learning_rate': '8.776e-06', 'epoch': '4.49'}
{'loss': '0.06206', 'grad_norm': '6.713', 'learning_rate': '8.761e-06', 'epoch': '4.496'}
{'loss': '0.03645', 'grad_norm': '1.396', 'learning_rate': '8.745e-06', 'epoch': '4.502'}
{'loss': '0.07039', 'grad_norm': '10.71', 'learning_rate': '8.73e-06', 'epoch': '4.509'}
{'loss': '0.03176', 'grad_norm': '2.075', 'learning_rate': '8.715e-06', 'epoch': '4.515'}
{'loss': '0.06979', 'grad_norm': '22.76', 'learning_rate': '8.699e-06', 'epoch': '4.521'}
{'loss': '0.03446', 'grad_norm': '6.68', 'learning_rate': '8.684e-06', 'epoch': '4.527'}
{'loss': '0.05607', 'grad_norm': '5.584', 'learning_rate': '8.669e-06', 'epoch': '4.533'}
{'loss': '0.06388', 'grad_norm': '1.13', 'learning_rate': '8.653e-06', 'epoch': '4.539'}
{'loss': '0.05908', 'grad_norm': '14.6', 'learning_rate': '8.638e-06', 'epoch': '4.545'}
{'loss': '0.08006', 'grad_norm': '1.478', 'learning_rate': '8.623e-06', 'epoch': '4.552'}
{'loss': '0.02972', 'grad_norm': '0.09735', 'learning_rate': '8.607e-06', 'epoch': '4.558'}
{'loss': '0.1151', 'grad_norm': '8.048', 'learning_rate': '8.592e-06', 'epoch': '4.564'}
{'loss': '0.08009', 'grad_norm': '0.3499', 'learning_rate': '8.576e-06', 'epoch': '4.57'}
{'loss': '0.06812', 'grad_norm': '0.8255', 'learning_rate': '8.561e-06', 'epoch': '4.576'}
{'loss': '0.0475', 'grad_norm': '3.02', 'learning_rate': '8.546e-06', 'epoch': '4.582'}
{'loss': '0.04813', 'grad_norm': '1.933', 'learning_rate': '8.53e-06', 'epoch': '4.588'}
{'loss': '0.04166', 'grad_norm': '4.517', 'learning_rate': '8.515e-06', 'epoch': '4.595'}
{'loss': '0.08023', 'grad_norm': '0.06827', 'learning_rate': '8.5e-06', 'epoch': '4.601'}
{'loss': '0.05619', 'grad_norm': '5.774', 'learning_rate': '8.484e-06', 'epoch': '4.607'}
{'loss': '0.02525', 'grad_norm': '0.3027', 'learning_rate': '8.469e-06', 'epoch': '4.613'}
{'loss': '0.07987', 'grad_norm': '7.021', 'learning_rate': '8.454e-06', 'epoch': '4.619'}
{'loss': '0.1326', 'grad_norm': '55.07', 'learning_rate': '8.438e-06', 'epoch': '4.625'}
{'loss': '0.04149', 'grad_norm': '1.113', 'learning_rate': '8.423e-06', 'epoch': '4.631'}
{'loss': '0.04213', 'grad_norm': '12.16', 'learning_rate': '8.408e-06', 'epoch': '4.638'}
{'loss': '0.08835', 'grad_norm': '11.89', 'learning_rate': '8.392e-06', 'epoch': '4.644'}
{'loss': '0.06316', 'grad_norm': '2.921', 'learning_rate': '8.377e-06', 'epoch': '4.65'}
{'loss': '0.02959', 'grad_norm': '0.1148', 'learning_rate': '8.361e-06', 'epoch': '4.656'}
{'loss': '0.06021', 'grad_norm': '7.943', 'learning_rate': '8.346e-06', 'epoch': '4.662'}
{'loss': '0.0515', 'grad_norm': '0.3937', 'learning_rate': '8.331e-06', 'epoch': '4.668'}
{'loss': '0.09583', 'grad_norm': '0.3727', 'learning_rate': '8.315e-06', 'epoch': '4.674'}
{'loss': '0.04203', 'grad_norm': '1.06', 'learning_rate': '8.3e-06', 'epoch': '4.681'}
{'loss': '0.05907', 'grad_norm': '9.446', 'learning_rate': '8.285e-06', 'epoch': '4.687'}
{'loss': '0.05002', 'grad_norm': '0.4236', 'learning_rate': '8.269e-06', 'epoch': '4.693'}
{'loss': '0.05315', 'grad_norm': '8.967', 'learning_rate': '8.254e-06', 'epoch': '4.699'}
{'loss': '0.06326', 'grad_norm': '14.9', 'learning_rate': '8.239e-06', 'epoch': '4.705'}
{'loss': '0.04765', 'grad_norm': '0.03953', 'learning_rate': '8.223e-06', 'epoch': '4.711'}
{'loss': '0.1207', 'grad_norm': '1.062', 'learning_rate': '8.208e-06', 'epoch': '4.717'}
{'loss': '0.05514', 'grad_norm': '0.2332', 'learning_rate': '8.193e-06', 'epoch': '4.724'}
{'loss': '0.05899', 'grad_norm': '0.2263', 'learning_rate': '8.177e-06', 'epoch': '4.73'}
{'loss': '0.08246', 'grad_norm': '11.96', 'learning_rate': '8.162e-06', 'epoch': '4.736'}
{'loss': '0.05988', 'grad_norm': '5.46', 'learning_rate': '8.146e-06', 'epoch': '4.742'}
{'loss': '0.05342', 'grad_norm': '4.341', 'learning_rate': '8.131e-06', 'epoch': '4.748'}
{'loss': '0.07181', 'grad_norm': '15.4', 'learning_rate': '8.116e-06', 'epoch': '4.754'}
{'loss': '0.05836', 'grad_norm': '2.741', 'learning_rate': '8.1e-06', 'epoch': '4.76'}
{'loss': '0.02901', 'grad_norm': '0.2134', 'learning_rate': '8.085e-06', 'epoch': '4.767'}
{'loss': '0.1202', 'grad_norm': '0.7007', 'learning_rate': '8.07e-06', 'epoch': '4.773'}
{'loss': '0.04402', 'grad_norm': '0.6531', 'learning_rate': '8.054e-06', 'epoch': '4.779'}
{'loss': '0.05652', 'grad_norm': '30.91', 'learning_rate': '8.039e-06', 'epoch': '4.785'}
{'loss': '0.04562', 'grad_norm': '0.3023', 'learning_rate': '8.024e-06', 'epoch': '4.791'}
{'loss': '0.05914', 'grad_norm': '4.575', 'learning_rate': '8.008e-06', 'epoch': '4.797'}
{'loss': '0.07346', 'grad_norm': '3.43', 'learning_rate': '7.993e-06', 'epoch': '4.803'}
{'loss': '0.05127', 'grad_norm': '1.375', 'learning_rate': '7.978e-06', 'epoch': '4.81'}
{'loss': '0.04982', 'grad_norm': '4.402', 'learning_rate': '7.962e-06', 'epoch': '4.816'}
{'loss': '0.1058', 'grad_norm': '17', 'learning_rate': '7.947e-06', 'epoch': '4.822'}
{'loss': '0.03016', 'grad_norm': '1.405', 'learning_rate': '7.932e-06', 'epoch': '4.828'}
{'loss': '0.05913', 'grad_norm': '1.318', 'learning_rate': '7.916e-06', 'epoch': '4.834'}
{'loss': '0.0566', 'grad_norm': '7.055', 'learning_rate': '7.901e-06', 'epoch': '4.84'}
{'loss': '0.05964', 'grad_norm': '8.438', 'learning_rate': '7.885e-06', 'epoch': '4.846'}
{'loss': '0.04579', 'grad_norm': '4.691', 'learning_rate': '7.87e-06', 'epoch': '4.853'}
{'loss': '0.07454', 'grad_norm': '0.1882', 'learning_rate': '7.855e-06', 'epoch': '4.859'}
{'loss': '0.07507', 'grad_norm': '0.2722', 'learning_rate': '7.839e-06', 'epoch': '4.865'}
{'loss': '0.0704', 'grad_norm': '7.882', 'learning_rate': '7.824e-06', 'epoch': '4.871'}
{'loss': '0.05689', 'grad_norm': '0.06761', 'learning_rate': '7.809e-06', 'epoch': '4.877'}
{'loss': '0.08169', 'grad_norm': '6.69', 'learning_rate': '7.793e-06', 'epoch': '4.883'}
{'loss': '0.07242', 'grad_norm': '5.961', 'learning_rate': '7.778e-06', 'epoch': '4.889'}
{'loss': '0.0635', 'grad_norm': '2.019', 'learning_rate': '7.763e-06', 'epoch': '4.896'}
{'loss': '0.101', 'grad_norm': '0.1184', 'learning_rate': '7.747e-06', 'epoch': '4.902'}
{'loss': '0.06064', 'grad_norm': '13.75', 'learning_rate': '7.732e-06', 'epoch': '4.908'}
{'loss': '0.05408', 'grad_norm': '9.159', 'learning_rate': '7.717e-06', 'epoch': '4.914'}
{'loss': '0.04331', 'grad_norm': '5.309', 'learning_rate': '7.701e-06', 'epoch': '4.92'}
{'loss': '0.07148', 'grad_norm': '12.71', 'learning_rate': '7.686e-06', 'epoch': '4.926'}
{'loss': '0.05986', 'grad_norm': '4.699', 'learning_rate': '7.67e-06', 'epoch': '4.932'}
{'loss': '0.05178', 'grad_norm': '8.287', 'learning_rate': '7.655e-06', 'epoch': '4.939'}
{'loss': '0.04904', 'grad_norm': '0.3385', 'learning_rate': '7.64e-06', 'epoch': '4.945'}
{'loss': '0.04021', 'grad_norm': '0.448', 'learning_rate': '7.624e-06', 'epoch': '4.951'}
{'loss': '0.05265', 'grad_norm': '9.018', 'learning_rate': '7.609e-06', 'epoch': '4.957'}
{'loss': '0.04322', 'grad_norm': '1.883', 'learning_rate': '7.594e-06', 'epoch': '4.963'}
{'loss': '0.04557', 'grad_norm': '0.06815', 'learning_rate': '7.578e-06', 'epoch': '4.969'}
{'loss': '0.06858', 'grad_norm': '3.477', 'learning_rate': '7.563e-06', 'epoch': '4.975'}
{'loss': '0.1763', 'grad_norm': '3.712', 'learning_rate': '7.548e-06', 'epoch': '4.982'}
{'loss': '0.06859', 'grad_norm': '6.517', 'learning_rate': '7.532e-06', 'epoch': '4.988'}
{'loss': '0.0504', 'grad_norm': '6.089', 'learning_rate': '7.517e-06', 'epoch': '4.994'}
{'loss': '0.05598', 'grad_norm': '48.49', 'learning_rate': '7.502e-06', 'epoch': '5'}
{'eval_loss': '0.8429', 'eval_accuracy': '0.8863', 'eval_precision': '0.9371', 'eval_recall': '0.8644', 'eval_f1': '0.8993', 'eval_runtime': '12.06', 'eval_samples_per_second': '1120', 'eval_steps_per_second': '17.57', 'epoch': '5'}
{'loss': '0.06062', 'grad_norm': '0.06644', 'learning_rate': '7.486e-06', 'epoch': '5.006'}
{'loss': '0.05013', 'grad_norm': '1.682', 'learning_rate': '7.471e-06', 'epoch': '5.012'}
{'loss': '0.01989', 'grad_norm': '0.1154', 'learning_rate': '7.455e-06', 'epoch': '5.018'}
{'loss': '0.0381', 'grad_norm': '0.7046', 'learning_rate': '7.44e-06', 'epoch': '5.025'}
{'loss': '0.03902', 'grad_norm': '0.291', 'learning_rate': '7.425e-06', 'epoch': '5.031'}
{'loss': '0.05538', 'grad_norm': '1.952', 'learning_rate': '7.409e-06', 'epoch': '5.037'}
{'loss': '0.07147', 'grad_norm': '7.508', 'learning_rate': '7.394e-06', 'epoch': '5.043'}
{'loss': '0.06635', 'grad_norm': '12.61', 'learning_rate': '7.379e-06', 'epoch': '5.049'}
{'loss': '0.04205', 'grad_norm': '0.3398', 'learning_rate': '7.363e-06', 'epoch': '5.055'}
{'loss': '0.05521', 'grad_norm': '14.01', 'learning_rate': '7.348e-06', 'epoch': '5.061'}
{'loss': '0.04113', 'grad_norm': '5.159', 'learning_rate': '7.333e-06', 'epoch': '5.068'}
{'loss': '0.1156', 'grad_norm': '7.309', 'learning_rate': '7.317e-06', 'epoch': '5.074'}
{'loss': '0.06268', 'grad_norm': '4.882', 'learning_rate': '7.302e-06', 'epoch': '5.08'}
{'loss': '0.07837', 'grad_norm': '6.908', 'learning_rate': '7.287e-06', 'epoch': '5.086'}
{'loss': '0.06817', 'grad_norm': '2.112', 'learning_rate': '7.271e-06', 'epoch': '5.092'}
{'loss': '0.0697', 'grad_norm': '11.82', 'learning_rate': '7.256e-06', 'epoch': '5.098'}
{'loss': '0.07641', 'grad_norm': '0.331', 'learning_rate': '7.24e-06', 'epoch': '5.104'}
{'loss': '0.07909', 'grad_norm': '0.02351', 'learning_rate': '7.225e-06', 'epoch': '5.111'}
{'loss': '0.07762', 'grad_norm': '0.6937', 'learning_rate': '7.21e-06', 'epoch': '5.117'}
{'loss': '0.08514', 'grad_norm': '0.8621', 'learning_rate': '7.194e-06', 'epoch': '5.123'}
{'loss': '0.08557', 'grad_norm': '5.362', 'learning_rate': '7.179e-06', 'epoch': '5.129'}
{'loss': '0.05525', 'grad_norm': '3.054', 'learning_rate': '7.164e-06', 'epoch': '5.135'}
{'loss': '0.07395', 'grad_norm': '1.619', 'learning_rate': '7.148e-06', 'epoch': '5.141'}
{'loss': '0.06954', 'grad_norm': '10.32', 'learning_rate': '7.133e-06', 'epoch': '5.147'}
{'loss': '0.045', 'grad_norm': '7.868', 'learning_rate': '7.118e-06', 'epoch': '5.154'}
{'loss': '0.08544', 'grad_norm': '11.62', 'learning_rate': '7.102e-06', 'epoch': '5.16'}
{'loss': '0.04396', 'grad_norm': '20.25', 'learning_rate': '7.087e-06', 'epoch': '5.166'}
{'loss': '0.04797', 'grad_norm': '6.222', 'learning_rate': '7.072e-06', 'epoch': '5.172'}
{'loss': '0.0813', 'grad_norm': '6.011', 'learning_rate': '7.056e-06', 'epoch': '5.178'}
{'loss': '0.05414', 'grad_norm': '1.204', 'learning_rate': '7.041e-06', 'epoch': '5.184'}
{'loss': '0.07328', 'grad_norm': '0.178', 'learning_rate': '7.025e-06', 'epoch': '5.19'}
{'loss': '0.03093', 'grad_norm': '1.586', 'learning_rate': '7.01e-06', 'epoch': '5.197'}
{'loss': '0.08843', 'grad_norm': '8.928', 'learning_rate': '6.995e-06', 'epoch': '5.203'}
{'loss': '0.05656', 'grad_norm': '0.8691', 'learning_rate': '6.979e-06', 'epoch': '5.209'}
{'loss': '0.01736', 'grad_norm': '0.3966', 'learning_rate': '6.964e-06', 'epoch': '5.215'}
{'loss': '0.08762', 'grad_norm': '14.53', 'learning_rate': '6.949e-06', 'epoch': '5.221'}
{'loss': '0.05363', 'grad_norm': '7.256', 'learning_rate': '6.933e-06', 'epoch': '5.227'}
{'loss': '0.06086', 'grad_norm': '4.164', 'learning_rate': '6.918e-06', 'epoch': '5.233'}
{'loss': '0.06297', 'grad_norm': '14.39', 'learning_rate': '6.903e-06', 'epoch': '5.24'}
{'loss': '0.04647', 'grad_norm': '1.358', 'learning_rate': '6.887e-06', 'epoch': '5.246'}
{'loss': '0.03251', 'grad_norm': '3.337', 'learning_rate': '6.872e-06', 'epoch': '5.252'}
{'loss': '0.03757', 'grad_norm': '4.563', 'learning_rate': '6.857e-06', 'epoch': '5.258'}
{'loss': '0.04804', 'grad_norm': '2.255', 'learning_rate': '6.841e-06', 'epoch': '5.264'}
{'loss': '0.07072', 'grad_norm': '0.6617', 'learning_rate': '6.826e-06', 'epoch': '5.27'}
{'loss': '0.07054', 'grad_norm': '17.23', 'learning_rate': '6.811e-06', 'epoch': '5.276'}
{'loss': '0.09559', 'grad_norm': '9.625', 'learning_rate': '6.795e-06', 'epoch': '5.283'}
{'loss': '0.04743', 'grad_norm': '4.463', 'learning_rate': '6.78e-06', 'epoch': '5.289'}
{'loss': '0.04901', 'grad_norm': '5.432', 'learning_rate': '6.764e-06', 'epoch': '5.295'}
{'loss': '0.07374', 'grad_norm': '8.258', 'learning_rate': '6.749e-06', 'epoch': '5.301'}
{'loss': '0.09078', 'grad_norm': '4.194', 'learning_rate': '6.734e-06', 'epoch': '5.307'}
{'loss': '0.0913', 'grad_norm': '1.548', 'learning_rate': '6.718e-06', 'epoch': '5.313'}
{'loss': '0.06628', 'grad_norm': '1.003', 'learning_rate': '6.703e-06', 'epoch': '5.319'}
{'loss': '0.05143', 'grad_norm': '1.091', 'learning_rate': '6.688e-06', 'epoch': '5.326'}
{'loss': '0.07598', 'grad_norm': '0.168', 'learning_rate': '6.672e-06', 'epoch': '5.332'}
{'loss': '0.09987', 'grad_norm': '18.24', 'learning_rate': '6.657e-06', 'epoch': '5.338'}
{'loss': '0.0542', 'grad_norm': '0.2164', 'learning_rate': '6.642e-06', 'epoch': '5.344'}
{'loss': '0.0223', 'grad_norm': '0.1536', 'learning_rate': '6.626e-06', 'epoch': '5.35'}
{'loss': '0.1321', 'grad_norm': '2.649', 'learning_rate': '6.611e-06', 'epoch': '5.356'}
{'loss': '0.04059', 'grad_norm': '0.4034', 'learning_rate': '6.596e-06', 'epoch': '5.362'}
{'loss': '0.08508', 'grad_norm': '17.28', 'learning_rate': '6.58e-06', 'epoch': '5.369'}
{'loss': '0.05674', 'grad_norm': '0.8783', 'learning_rate': '6.565e-06', 'epoch': '5.375'}
{'loss': '0.06424', 'grad_norm': '11.77', 'learning_rate': '6.549e-06', 'epoch': '5.381'}
{'loss': '0.06156', 'grad_norm': '6.088', 'learning_rate': '6.534e-06', 'epoch': '5.387'}
{'loss': '0.06954', 'grad_norm': '0.3802', 'learning_rate': '6.519e-06', 'epoch': '5.393'}
{'loss': '0.03577', 'grad_norm': '7.673', 'learning_rate': '6.503e-06', 'epoch': '5.399'}
{'loss': '0.05749', 'grad_norm': '5.5', 'learning_rate': '6.488e-06', 'epoch': '5.405'}
{'loss': '0.1119', 'grad_norm': '0.3646', 'learning_rate': '6.473e-06', 'epoch': '5.412'}
{'loss': '0.02313', 'grad_norm': '3.415', 'learning_rate': '6.457e-06', 'epoch': '5.418'}
{'loss': '0.07672', 'grad_norm': '1.171', 'learning_rate': '6.442e-06', 'epoch': '5.424'}
{'loss': '0.06162', 'grad_norm': '2.492', 'learning_rate': '6.427e-06', 'epoch': '5.43'}
{'loss': '0.03059', 'grad_norm': '2.915', 'learning_rate': '6.411e-06', 'epoch': '5.436'}
{'loss': '0.04499', 'grad_norm': '0.6325', 'learning_rate': '6.396e-06', 'epoch': '5.442'}
{'loss': '0.05023', 'grad_norm': '0.12', 'learning_rate': '6.381e-06', 'epoch': '5.448'}
{'loss': '0.04235', 'grad_norm': '1.247', 'learning_rate': '6.365e-06', 'epoch': '5.455'}
{'loss': '0.01556', 'grad_norm': '11.09', 'learning_rate': '6.35e-06', 'epoch': '5.461'}
{'loss': '0.06895', 'grad_norm': '3.129', 'learning_rate': '6.334e-06', 'epoch': '5.467'}
{'loss': '0.04794', 'grad_norm': '0.6435', 'learning_rate': '6.319e-06', 'epoch': '5.473'}
{'loss': '0.09403', 'grad_norm': '1.954', 'learning_rate': '6.304e-06', 'epoch': '5.479'}
{'loss': '0.03877', 'grad_norm': '5.733', 'learning_rate': '6.288e-06', 'epoch': '5.485'}
{'loss': '0.01532', 'grad_norm': '1.761', 'learning_rate': '6.273e-06', 'epoch': '5.491'}
{'loss': '0.0134', 'grad_norm': '34.48', 'learning_rate': '6.258e-06', 'epoch': '5.498'}
{'loss': '0.05458', 'grad_norm': '9.507', 'learning_rate': '6.242e-06', 'epoch': '5.504'}
{'loss': '0.06312', 'grad_norm': '8.758', 'learning_rate': '6.227e-06', 'epoch': '5.51'}
{'loss': '0.05257', 'grad_norm': '0.8456', 'learning_rate': '6.212e-06', 'epoch': '5.516'}
{'loss': '0.06446', 'grad_norm': '0.08613', 'learning_rate': '6.196e-06', 'epoch': '5.522'}
{'loss': '0.08515', 'grad_norm': '17.47', 'learning_rate': '6.181e-06', 'epoch': '5.528'}
{'loss': '0.05079', 'grad_norm': '37.61', 'learning_rate': '6.166e-06', 'epoch': '5.534'}
{'loss': '0.06579', 'grad_norm': '9.304', 'learning_rate': '6.15e-06', 'epoch': '5.541'}
{'loss': '0.05767', 'grad_norm': '10.5', 'learning_rate': '6.135e-06', 'epoch': '5.547'}
{'loss': '0.06121', 'grad_norm': '19.23', 'learning_rate': '6.119e-06', 'epoch': '5.553'}
{'loss': '0.03864', 'grad_norm': '11.8', 'learning_rate': '6.104e-06', 'epoch': '5.559'}
{'loss': '0.05873', 'grad_norm': '4.128', 'learning_rate': '6.089e-06', 'epoch': '5.565'}
{'loss': '0.03496', 'grad_norm': '1.454', 'learning_rate': '6.073e-06', 'epoch': '5.571'}
{'loss': '0.03839', 'grad_norm': '0.6712', 'learning_rate': '6.058e-06', 'epoch': '5.577'}
{'loss': '0.0314', 'grad_norm': '3.895', 'learning_rate': '6.043e-06', 'epoch': '5.584'}
{'loss': '0.06627', 'grad_norm': '0.342', 'learning_rate': '6.027e-06', 'epoch': '5.59'}
{'loss': '0.06452', 'grad_norm': '3.311', 'learning_rate': '6.012e-06', 'epoch': '5.596'}
{'loss': '0.05667', 'grad_norm': '5.876', 'learning_rate': '5.997e-06', 'epoch': '5.602'}
{'loss': '0.1054', 'grad_norm': '8.402', 'learning_rate': '5.981e-06', 'epoch': '5.608'}
{'loss': '0.0383', 'grad_norm': '1.492', 'learning_rate': '5.966e-06', 'epoch': '5.614'}
{'loss': '0.02298', 'grad_norm': '7.744', 'learning_rate': '5.951e-06', 'epoch': '5.62'}
{'loss': '0.1035', 'grad_norm': '1.089', 'learning_rate': '5.935e-06', 'epoch': '5.627'}
{'loss': '0.03156', 'grad_norm': '12.34', 'learning_rate': '5.92e-06', 'epoch': '5.633'}
{'loss': '0.06086', 'grad_norm': '5.374', 'learning_rate': '5.904e-06', 'epoch': '5.639'}
{'loss': '0.04727', 'grad_norm': '2.835', 'learning_rate': '5.889e-06', 'epoch': '5.645'}
{'loss': '0.0316', 'grad_norm': '20.53', 'learning_rate': '5.874e-06', 'epoch': '5.651'}
{'loss': '0.0218', 'grad_norm': '1.257', 'learning_rate': '5.858e-06', 'epoch': '5.657'}
{'loss': '0.03257', 'grad_norm': '8.381', 'learning_rate': '5.843e-06', 'epoch': '5.663'}
{'loss': '0.06245', 'grad_norm': '8.473', 'learning_rate': '5.828e-06', 'epoch': '5.67'}
{'loss': '0.0742', 'grad_norm': '3.393', 'learning_rate': '5.812e-06', 'epoch': '5.676'}
{'loss': '0.05495', 'grad_norm': '0.2566', 'learning_rate': '5.797e-06', 'epoch': '5.682'}
{'loss': '0.109', 'grad_norm': '14.56', 'learning_rate': '5.782e-06', 'epoch': '5.688'}
{'loss': '0.06818', 'grad_norm': '2.615', 'learning_rate': '5.766e-06', 'epoch': '5.694'}
{'loss': '0.04453', 'grad_norm': '1.047', 'learning_rate': '5.751e-06', 'epoch': '5.7'}
{'loss': '0.04584', 'grad_norm': '3.266', 'learning_rate': '5.736e-06', 'epoch': '5.706'}
{'loss': '0.05081', 'grad_norm': '1.354', 'learning_rate': '5.72e-06', 'epoch': '5.713'}
{'loss': '0.05592', 'grad_norm': '0.8777', 'learning_rate': '5.705e-06', 'epoch': '5.719'}
{'loss': '0.06055', 'grad_norm': '10.1', 'learning_rate': '5.689e-06', 'epoch': '5.725'}
{'loss': '0.01715', 'grad_norm': '3.524', 'learning_rate': '5.674e-06', 'epoch': '5.731'}
{'loss': '0.0541', 'grad_norm': '23.14', 'learning_rate': '5.659e-06', 'epoch': '5.737'}
{'loss': '0.04228', 'grad_norm': '2.324', 'learning_rate': '5.643e-06', 'epoch': '5.743'}
{'loss': '0.0374', 'grad_norm': '4.738', 'learning_rate': '5.628e-06', 'epoch': '5.749'}
{'loss': '0.08528', 'grad_norm': '9.783', 'learning_rate': '5.613e-06', 'epoch': '5.756'}
{'loss': '0.06288', 'grad_norm': '1.039', 'learning_rate': '5.597e-06', 'epoch': '5.762'}
{'loss': '0.05912', 'grad_norm': '12.64', 'learning_rate': '5.582e-06', 'epoch': '5.768'}
{'loss': '0.09005', 'grad_norm': '11.22', 'learning_rate': '5.567e-06', 'epoch': '5.774'}
{'loss': '0.0728', 'grad_norm': '4.134', 'learning_rate': '5.551e-06', 'epoch': '5.78'}
{'loss': '0.04923', 'grad_norm': '2.141', 'learning_rate': '5.536e-06', 'epoch': '5.786'}
{'loss': '0.1056', 'grad_norm': '1.293', 'learning_rate': '5.521e-06', 'epoch': '5.792'}
{'loss': '0.06753', 'grad_norm': '0.245', 'learning_rate': '5.505e-06', 'epoch': '5.799'}
{'loss': '0.03649', 'grad_norm': '2.321', 'learning_rate': '5.49e-06', 'epoch': '5.805'}
{'loss': '0.09429', 'grad_norm': '15.08', 'learning_rate': '5.475e-06', 'epoch': '5.811'}
{'loss': '0.04265', 'grad_norm': '0.2948', 'learning_rate': '5.459e-06', 'epoch': '5.817'}
{'loss': '0.03411', 'grad_norm': '7.57', 'learning_rate': '5.444e-06', 'epoch': '5.823'}
{'loss': '0.04621', 'grad_norm': '8.675', 'learning_rate': '5.428e-06', 'epoch': '5.829'}
{'loss': '0.046', 'grad_norm': '14.25', 'learning_rate': '5.413e-06', 'epoch': '5.835'}
{'loss': '0.0499', 'grad_norm': '5.774', 'learning_rate': '5.398e-06', 'epoch': '5.842'}
{'loss': '0.01401', 'grad_norm': '0.4192', 'learning_rate': '5.382e-06', 'epoch': '5.848'}
{'loss': '0.03748', 'grad_norm': '6.769', 'learning_rate': '5.367e-06', 'epoch': '5.854'}
{'loss': '0.06463', 'grad_norm': '3.614', 'learning_rate': '5.352e-06', 'epoch': '5.86'}
{'loss': '0.06371', 'grad_norm': '4.024', 'learning_rate': '5.336e-06', 'epoch': '5.866'}
{'loss': '0.05511', 'grad_norm': '4.692', 'learning_rate': '5.321e-06', 'epoch': '5.872'}
{'loss': '0.06123', 'grad_norm': '44.22', 'learning_rate': '5.306e-06', 'epoch': '5.878'}
{'loss': '0.06216', 'grad_norm': '9.724', 'learning_rate': '5.29e-06', 'epoch': '5.885'}
{'loss': '0.04837', 'grad_norm': '0.2889', 'learning_rate': '5.275e-06', 'epoch': '5.891'}
{'loss': '0.07494', 'grad_norm': '3.94', 'learning_rate': '5.26e-06', 'epoch': '5.897'}
{'loss': '0.05116', 'grad_norm': '6.887', 'learning_rate': '5.244e-06', 'epoch': '5.903'}
{'loss': '0.0424', 'grad_norm': '0.2774', 'learning_rate': '5.229e-06', 'epoch': '5.909'}
{'loss': '0.04251', 'grad_norm': '0.1494', 'learning_rate': '5.213e-06', 'epoch': '5.915'}
{'loss': '0.04736', 'grad_norm': '0.3854', 'learning_rate': '5.198e-06', 'epoch': '5.921'}
{'loss': '0.05772', 'grad_norm': '10.62', 'learning_rate': '5.183e-06', 'epoch': '5.928'}
{'loss': '0.02668', 'grad_norm': '5.363', 'learning_rate': '5.167e-06', 'epoch': '5.934'}
{'loss': '0.06651', 'grad_norm': '3.971', 'learning_rate': '5.152e-06', 'epoch': '5.94'}
{'loss': '0.07274', 'grad_norm': '11.66', 'learning_rate': '5.137e-06', 'epoch': '5.946'}
{'loss': '0.1095', 'grad_norm': '6.207', 'learning_rate': '5.121e-06', 'epoch': '5.952'}
{'loss': '0.06114', 'grad_norm': '2.933', 'learning_rate': '5.106e-06', 'epoch': '5.958'}
{'loss': '0.04403', 'grad_norm': '2.181', 'learning_rate': '5.091e-06', 'epoch': '5.964'}
{'loss': '0.05645', 'grad_norm': '5.416', 'learning_rate': '5.075e-06', 'epoch': '5.971'}
{'loss': '0.04438', 'grad_norm': '0.16', 'learning_rate': '5.06e-06', 'epoch': '5.977'}
{'loss': '0.09698', 'grad_norm': '5.941', 'learning_rate': '5.045e-06', 'epoch': '5.983'}
{'loss': '0.06642', 'grad_norm': '3.075', 'learning_rate': '5.029e-06', 'epoch': '5.989'}
{'loss': '0.09906', 'grad_norm': '18.93', 'learning_rate': '5.014e-06', 'epoch': '5.995'}
{'eval_loss': '0.8442', 'eval_accuracy': '0.8883', 'eval_precision': '0.9419', 'eval_recall': '0.8629', 'eval_f1': '0.9007', 'eval_runtime': '12.2', 'eval_samples_per_second': '1108', 'eval_steps_per_second': '17.38', 'epoch': '6'}
{'loss': '0.05097', 'grad_norm': '9.721', 'learning_rate': '4.998e-06', 'epoch': '6.001'}
{'loss': '0.04953', 'grad_norm': '0.2517', 'learning_rate': '4.983e-06', 'epoch': '6.007'}
{'loss': '0.04966', 'grad_norm': '1.177', 'learning_rate': '4.968e-06', 'epoch': '6.014'}
{'loss': '0.08125', 'grad_norm': '1.898', 'learning_rate': '4.952e-06', 'epoch': '6.02'}
{'loss': '0.04852', 'grad_norm': '1.761', 'learning_rate': '4.937e-06', 'epoch': '6.026'}
{'loss': '0.06994', 'grad_norm': '3.668', 'learning_rate': '4.922e-06', 'epoch': '6.032'}
{'loss': '0.03102', 'grad_norm': '10.17', 'learning_rate': '4.906e-06', 'epoch': '6.038'}
{'loss': '0.08473', 'grad_norm': '7.277', 'learning_rate': '4.891e-06', 'epoch': '6.044'}
{'loss': '0.01635', 'grad_norm': '3.696', 'learning_rate': '4.876e-06', 'epoch': '6.05'}
{'loss': '0.04587', 'grad_norm': '1.632', 'learning_rate': '4.86e-06', 'epoch': '6.057'}
{'loss': '0.0361', 'grad_norm': '7.197', 'learning_rate': '4.845e-06', 'epoch': '6.063'}
{'loss': '0.02932', 'grad_norm': '1.921', 'learning_rate': '4.83e-06', 'epoch': '6.069'}
{'loss': '0.0392', 'grad_norm': '9.092', 'learning_rate': '4.814e-06', 'epoch': '6.075'}
{'loss': '0.02328', 'grad_norm': '8.249', 'learning_rate': '4.799e-06', 'epoch': '6.081'}
{'loss': '0.04852', 'grad_norm': '2.72', 'learning_rate': '4.783e-06', 'epoch': '6.087'}
{'loss': '0.02432', 'grad_norm': '0.06789', 'learning_rate': '4.768e-06', 'epoch': '6.093'}
{'loss': '0.0506', 'grad_norm': '6.971', 'learning_rate': '4.753e-06', 'epoch': '6.1'}
{'loss': '0.05154', 'grad_norm': '3.389', 'learning_rate': '4.737e-06', 'epoch': '6.106'}
{'loss': '0.08552', 'grad_norm': '5.576', 'learning_rate': '4.722e-06', 'epoch': '6.112'}
{'loss': '0.01566', 'grad_norm': '2.552', 'learning_rate': '4.707e-06', 'epoch': '6.118'}
{'loss': '0.05514', 'grad_norm': '2.913', 'learning_rate': '4.691e-06', 'epoch': '6.124'}
{'loss': '0.05483', 'grad_norm': '1.269', 'learning_rate': '4.676e-06', 'epoch': '6.13'}
{'loss': '0.05585', 'grad_norm': '8.382', 'learning_rate': '4.661e-06', 'epoch': '6.136'}
{'loss': '0.0811', 'grad_norm': '9.114', 'learning_rate': '4.645e-06', 'epoch': '6.143'}
{'loss': '0.03543', 'grad_norm': '1.346', 'learning_rate': '4.63e-06', 'epoch': '6.149'}
{'loss': '0.0489', 'grad_norm': '17.72', 'learning_rate': '4.615e-06', 'epoch': '6.155'}
{'loss': '0.03289', 'grad_norm': '0.3792', 'learning_rate': '4.599e-06', 'epoch': '6.161'}
{'loss': '0.05051', 'grad_norm': '16.33', 'learning_rate': '4.584e-06', 'epoch': '6.167'}
{'loss': '0.0796', 'grad_norm': '23.56', 'learning_rate': '4.568e-06', 'epoch': '6.173'}
{'loss': '0.01981', 'grad_norm': '0.6559', 'learning_rate': '4.553e-06', 'epoch': '6.179'}
{'loss': '0.05765', 'grad_norm': '1.651', 'learning_rate': '4.538e-06', 'epoch': '6.186'}
{'loss': '0.02904', 'grad_norm': '3.531', 'learning_rate': '4.522e-06', 'epoch': '6.192'}
{'loss': '0.04094', 'grad_norm': '0.1598', 'learning_rate': '4.507e-06', 'epoch': '6.198'}
{'loss': '0.07555', 'grad_norm': '0.4473', 'learning_rate': '4.492e-06', 'epoch': '6.204'}
{'loss': '0.1032', 'grad_norm': '0.6206', 'learning_rate': '4.476e-06', 'epoch': '6.21'}
{'loss': '0.0542', 'grad_norm': '0.9987', 'learning_rate': '4.461e-06', 'epoch': '6.216'}
{'loss': '0.02726', 'grad_norm': '0.7602', 'learning_rate': '4.446e-06', 'epoch': '6.222'}
{'loss': '0.02357', 'grad_norm': '4.739', 'learning_rate': '4.43e-06', 'epoch': '6.229'}
{'loss': '0.08032', 'grad_norm': '5.663', 'learning_rate': '4.415e-06', 'epoch': '6.235'}
{'loss': '0.0396', 'grad_norm': '2.808', 'learning_rate': '4.4e-06', 'epoch': '6.241'}
{'loss': '0.0246', 'grad_norm': '1.577', 'learning_rate': '4.384e-06', 'epoch': '6.247'}
{'loss': '0.0473', 'grad_norm': '0.6518', 'learning_rate': '4.369e-06', 'epoch': '6.253'}
{'loss': '0.04748', 'grad_norm': '14.58', 'learning_rate': '4.354e-06', 'epoch': '6.259'}
{'loss': '0.04709', 'grad_norm': '7.765', 'learning_rate': '4.338e-06', 'epoch': '6.265'}
{'loss': '0.0329', 'grad_norm': '19.92', 'learning_rate': '4.323e-06', 'epoch': '6.271'}
{'loss': '0.07045', 'grad_norm': '0.819', 'learning_rate': '4.307e-06', 'epoch': '6.278'}
{'loss': '0.04891', 'grad_norm': '0.9838', 'learning_rate': '4.292e-06', 'epoch': '6.284'}
{'loss': '0.02338', 'grad_norm': '7.454', 'learning_rate': '4.277e-06', 'epoch': '6.29'}
{'loss': '0.04366', 'grad_norm': '0.4592', 'learning_rate': '4.261e-06', 'epoch': '6.296'}
{'loss': '0.02156', 'grad_norm': '4.539', 'learning_rate': '4.246e-06', 'epoch': '6.302'}
{'loss': '0.03434', 'grad_norm': '6.554', 'learning_rate': '4.231e-06', 'epoch': '6.308'}
{'loss': '0.04276', 'grad_norm': '1.916', 'learning_rate': '4.215e-06', 'epoch': '6.314'}
{'loss': '0.07081', 'grad_norm': '4.698', 'learning_rate': '4.2e-06', 'epoch': '6.321'}
{'loss': '0.03371', 'grad_norm': '1.626', 'learning_rate': '4.185e-06', 'epoch': '6.327'}
{'loss': '0.04622', 'grad_norm': '9.892', 'learning_rate': '4.169e-06', 'epoch': '6.333'}
{'loss': '0.04412', 'grad_norm': '2.622', 'learning_rate': '4.154e-06', 'epoch': '6.339'}
{'loss': '0.05377', 'grad_norm': '4.772', 'learning_rate': '4.139e-06', 'epoch': '6.345'}
{'loss': '0.03085', 'grad_norm': '9.208', 'learning_rate': '4.123e-06', 'epoch': '6.351'}
{'loss': '0.03634', 'grad_norm': '26.19', 'learning_rate': '4.108e-06', 'epoch': '6.357'}
{'loss': '0.04524', 'grad_norm': '9.658', 'learning_rate': '4.092e-06', 'epoch': '6.364'}
{'loss': '0.05163', 'grad_norm': '6.738', 'learning_rate': '4.077e-06', 'epoch': '6.37'}
{'loss': '0.008506', 'grad_norm': '0.1254', 'learning_rate': '4.062e-06', 'epoch': '6.376'}
{'loss': '0.05187', 'grad_norm': '1.234', 'learning_rate': '4.046e-06', 'epoch': '6.382'}
{'loss': '0.0254', 'grad_norm': '2.63', 'learning_rate': '4.031e-06', 'epoch': '6.388'}
{'loss': '0.08997', 'grad_norm': '16.66', 'learning_rate': '4.016e-06', 'epoch': '6.394'}
{'loss': '0.08107', 'grad_norm': '2.922', 'learning_rate': '4e-06', 'epoch': '6.4'}
{'loss': '0.09289', 'grad_norm': '0.05122', 'learning_rate': '3.985e-06', 'epoch': '6.407'}
{'loss': '0.04682', 'grad_norm': '0.04464', 'learning_rate': '3.97e-06', 'epoch': '6.413'}
{'loss': '0.07946', 'grad_norm': '0.1604', 'learning_rate': '3.954e-06', 'epoch': '6.419'}
{'loss': '0.1117', 'grad_norm': '0.5106', 'learning_rate': '3.939e-06', 'epoch': '6.425'}
{'loss': '0.0823', 'grad_norm': '6.574', 'learning_rate': '3.924e-06', 'epoch': '6.431'}
{'loss': '0.04678', 'grad_norm': '10.45', 'learning_rate': '3.908e-06', 'epoch': '6.437'}
{'loss': '0.04115', 'grad_norm': '6.256', 'learning_rate': '3.893e-06', 'epoch': '6.443'}
{'loss': '0.0633', 'grad_norm': '6.731', 'learning_rate': '3.877e-06', 'epoch': '6.45'}
{'loss': '0.08895', 'grad_norm': '6.519', 'learning_rate': '3.862e-06', 'epoch': '6.456'}
{'loss': '0.0571', 'grad_norm': '0.1678', 'learning_rate': '3.847e-06', 'epoch': '6.462'}
{'loss': '0.04026', 'grad_norm': '12.11', 'learning_rate': '3.831e-06', 'epoch': '6.468'}
{'loss': '0.03282', 'grad_norm': '0.9885', 'learning_rate': '3.816e-06', 'epoch': '6.474'}
{'loss': '0.0331', 'grad_norm': '0.3049', 'learning_rate': '3.801e-06', 'epoch': '6.48'}
{'loss': '0.04849', 'grad_norm': '1.494', 'learning_rate': '3.785e-06', 'epoch': '6.486'}
{'loss': '0.03605', 'grad_norm': '3.673', 'learning_rate': '3.77e-06', 'epoch': '6.493'}
{'loss': '0.028', 'grad_norm': '1.915', 'learning_rate': '3.755e-06', 'epoch': '6.499'}
{'loss': '0.02226', 'grad_norm': '0.1011', 'learning_rate': '3.739e-06', 'epoch': '6.505'}
{'loss': '0.0178', 'grad_norm': '0.05794', 'learning_rate': '3.724e-06', 'epoch': '6.511'}
{'loss': '0.06423', 'grad_norm': '4.78', 'learning_rate': '3.709e-06', 'epoch': '6.517'}
{'loss': '0.02459', 'grad_norm': '2.688', 'learning_rate': '3.693e-06', 'epoch': '6.523'}
{'loss': '0.01892', 'grad_norm': '0.1086', 'learning_rate': '3.678e-06', 'epoch': '6.529'}
{'loss': '0.0199', 'grad_norm': '0.818', 'learning_rate': '3.662e-06', 'epoch': '6.536'}
{'loss': '0.07915', 'grad_norm': '2.518', 'learning_rate': '3.647e-06', 'epoch': '6.542'}
{'loss': '0.02639', 'grad_norm': '3.783', 'learning_rate': '3.632e-06', 'epoch': '6.548'}
{'loss': '0.0566', 'grad_norm': '3.885', 'learning_rate': '3.616e-06', 'epoch': '6.554'}
{'loss': '0.01538', 'grad_norm': '0.2274', 'learning_rate': '3.601e-06', 'epoch': '6.56'}
{'loss': '0.03775', 'grad_norm': '0.08121', 'learning_rate': '3.586e-06', 'epoch': '6.566'}
{'loss': '0.06781', 'grad_norm': '4.72', 'learning_rate': '3.57e-06', 'epoch': '6.572'}
{'loss': '0.09575', 'grad_norm': '5.812', 'learning_rate': '3.555e-06', 'epoch': '6.579'}
{'loss': '0.03292', 'grad_norm': '0.8736', 'learning_rate': '3.54e-06', 'epoch': '6.585'}
{'loss': '0.0794', 'grad_norm': '7.131', 'learning_rate': '3.524e-06', 'epoch': '6.591'}
{'loss': '0.009876', 'grad_norm': '2.435', 'learning_rate': '3.509e-06', 'epoch': '6.597'}
{'loss': '0.04579', 'grad_norm': '0.1489', 'learning_rate': '3.494e-06', 'epoch': '6.603'}
{'loss': '0.04843', 'grad_norm': '1.331', 'learning_rate': '3.478e-06', 'epoch': '6.609'}
{'loss': '0.0513', 'grad_norm': '6.981', 'learning_rate': '3.463e-06', 'epoch': '6.615'}
{'loss': '0.05826', 'grad_norm': '4.113', 'learning_rate': '3.447e-06', 'epoch': '6.622'}
{'loss': '0.0507', 'grad_norm': '19.07', 'learning_rate': '3.432e-06', 'epoch': '6.628'}
{'loss': '0.04671', 'grad_norm': '0.2135', 'learning_rate': '3.417e-06', 'epoch': '6.634'}
{'loss': '0.02717', 'grad_norm': '2.336', 'learning_rate': '3.401e-06', 'epoch': '6.64'}
{'loss': '0.05703', 'grad_norm': '2.528', 'learning_rate': '3.386e-06', 'epoch': '6.646'}
{'loss': '0.08055', 'grad_norm': '7.347', 'learning_rate': '3.371e-06', 'epoch': '6.652'}
{'loss': '0.06856', 'grad_norm': '1.092', 'learning_rate': '3.355e-06', 'epoch': '6.658'}
{'loss': '0.03644', 'grad_norm': '0.1156', 'learning_rate': '3.34e-06', 'epoch': '6.665'}
{'loss': '0.061', 'grad_norm': '11.64', 'learning_rate': '3.325e-06', 'epoch': '6.671'}
{'loss': '0.04427', 'grad_norm': '35.25', 'learning_rate': '3.309e-06', 'epoch': '6.677'}
{'loss': '0.05865', 'grad_norm': '16.92', 'learning_rate': '3.294e-06', 'epoch': '6.683'}
{'loss': '0.03661', 'grad_norm': '0.3151', 'learning_rate': '3.279e-06', 'epoch': '6.689'}
{'loss': '0.03603', 'grad_norm': '11.08', 'learning_rate': '3.263e-06', 'epoch': '6.695'}
{'loss': '0.04998', 'grad_norm': '0.5655', 'learning_rate': '3.248e-06', 'epoch': '6.701'}
{'loss': '0.03855', 'grad_norm': '0.2176', 'learning_rate': '3.232e-06', 'epoch': '6.708'}
{'loss': '0.03586', 'grad_norm': '0.3344', 'learning_rate': '3.217e-06', 'epoch': '6.714'}
{'loss': '0.09406', 'grad_norm': '6.977', 'learning_rate': '3.202e-06', 'epoch': '6.72'}
{'loss': '0.05114', 'grad_norm': '0.7494', 'learning_rate': '3.186e-06', 'epoch': '6.726'}
{'loss': '0.0572', 'grad_norm': '3.094', 'learning_rate': '3.171e-06', 'epoch': '6.732'}
{'loss': '0.0332', 'grad_norm': '0.1995', 'learning_rate': '3.156e-06', 'epoch': '6.738'}
{'loss': '0.01808', 'grad_norm': '3.408', 'learning_rate': '3.14e-06', 'epoch': '6.744'}
{'loss': '0.06983', 'grad_norm': '6.876', 'learning_rate': '3.125e-06', 'epoch': '6.751'}
{'loss': '0.06494', 'grad_norm': '1.813', 'learning_rate': '3.11e-06', 'epoch': '6.757'}
{'loss': '0.05699', 'grad_norm': '0.3964', 'learning_rate': '3.094e-06', 'epoch': '6.763'}
{'loss': '0.07381', 'grad_norm': '0.6012', 'learning_rate': '3.079e-06', 'epoch': '6.769'}
{'loss': '0.02909', 'grad_norm': '0.6231', 'learning_rate': '3.064e-06', 'epoch': '6.775'}
{'loss': '0.0923', 'grad_norm': '7.808', 'learning_rate': '3.048e-06', 'epoch': '6.781'}
{'loss': '0.0609', 'grad_norm': '0.6356', 'learning_rate': '3.033e-06', 'epoch': '6.787'}
{'loss': '0.03909', 'grad_norm': '5.099', 'learning_rate': '3.018e-06', 'epoch': '6.794'}
{'loss': '0.04127', 'grad_norm': '1.427', 'learning_rate': '3.002e-06', 'epoch': '6.8'}
{'loss': '0.04414', 'grad_norm': '0.4037', 'learning_rate': '2.987e-06', 'epoch': '6.806'}
{'loss': '0.05491', 'grad_norm': '9.783', 'learning_rate': '2.971e-06', 'epoch': '6.812'}
{'loss': '0.05701', 'grad_norm': '0.02228', 'learning_rate': '2.956e-06', 'epoch': '6.818'}
{'loss': '0.107', 'grad_norm': '0.2049', 'learning_rate': '2.941e-06', 'epoch': '6.824'}
{'loss': '0.01884', 'grad_norm': '0.655', 'learning_rate': '2.925e-06', 'epoch': '6.83'}
{'loss': '0.04348', 'grad_norm': '0.04426', 'learning_rate': '2.91e-06', 'epoch': '6.837'}
{'loss': '0.06415', 'grad_norm': '5.198', 'learning_rate': '2.895e-06', 'epoch': '6.843'}
{'loss': '0.01275', 'grad_norm': '0.03911', 'learning_rate': '2.879e-06', 'epoch': '6.849'}
{'loss': '0.1333', 'grad_norm': '4.953', 'learning_rate': '2.864e-06', 'epoch': '6.855'}
{'loss': '0.0864', 'grad_norm': '2.09', 'learning_rate': '2.849e-06', 'epoch': '6.861'}
{'loss': '0.09415', 'grad_norm': '0.3397', 'learning_rate': '2.833e-06', 'epoch': '6.867'}
{'loss': '0.06422', 'grad_norm': '9.392', 'learning_rate': '2.818e-06', 'epoch': '6.873'}
{'loss': '0.05587', 'grad_norm': '9.994', 'learning_rate': '2.803e-06', 'epoch': '6.88'}
{'loss': '0.1153', 'grad_norm': '5.465', 'learning_rate': '2.787e-06', 'epoch': '6.886'}
{'loss': '0.02644', 'grad_norm': '0.6605', 'learning_rate': '2.772e-06', 'epoch': '6.892'}
{'loss': '0.03449', 'grad_norm': '0.132', 'learning_rate': '2.756e-06', 'epoch': '6.898'}
{'loss': '0.1136', 'grad_norm': '0.1614', 'learning_rate': '2.741e-06', 'epoch': '6.904'}
{'loss': '0.06676', 'grad_norm': '0.06216', 'learning_rate': '2.726e-06', 'epoch': '6.91'}
{'loss': '0.1295', 'grad_norm': '19.08', 'learning_rate': '2.71e-06', 'epoch': '6.916'}
{'loss': '0.04759', 'grad_norm': '14.73', 'learning_rate': '2.695e-06', 'epoch': '6.923'}
{'loss': '0.03279', 'grad_norm': '0.2664', 'learning_rate': '2.68e-06', 'epoch': '6.929'}
{'loss': '0.07189', 'grad_norm': '0.09793', 'learning_rate': '2.664e-06', 'epoch': '6.935'}
{'loss': '0.03321', 'grad_norm': '1.039', 'learning_rate': '2.649e-06', 'epoch': '6.941'}
{'loss': '0.04505', 'grad_norm': '0.5225', 'learning_rate': '2.634e-06', 'epoch': '6.947'}
{'loss': '0.09666', 'grad_norm': '17.11', 'learning_rate': '2.618e-06', 'epoch': '6.953'}
{'loss': '0.03528', 'grad_norm': '1.083', 'learning_rate': '2.603e-06', 'epoch': '6.959'}
{'loss': '0.0226', 'grad_norm': '0.207', 'learning_rate': '2.588e-06', 'epoch': '6.966'}
{'loss': '0.01919', 'grad_norm': '3.943', 'learning_rate': '2.572e-06', 'epoch': '6.972'}
{'loss': '0.05039', 'grad_norm': '1.099', 'learning_rate': '2.557e-06', 'epoch': '6.978'}
{'loss': '0.03807', 'grad_norm': '11.79', 'learning_rate': '2.541e-06', 'epoch': '6.984'}
{'loss': '0.0578', 'grad_norm': '2.893', 'learning_rate': '2.526e-06', 'epoch': '6.99'}
{'loss': '0.1059', 'grad_norm': '14.41', 'learning_rate': '2.511e-06', 'epoch': '6.996'}
{'eval_loss': '0.9059', 'eval_accuracy': '0.8872', 'eval_precision': '0.9329', 'eval_recall': '0.8706', 'eval_f1': '0.9006', 'eval_runtime': '12.14', 'eval_samples_per_second': '1113', 'eval_steps_per_second': '17.46', 'epoch': '7'}
{'loss': '0.03957', 'grad_norm': '0.2034', 'learning_rate': '2.495e-06', 'epoch': '7.002'}
{'loss': '0.0536', 'grad_norm': '6.476', 'learning_rate': '2.48e-06', 'epoch': '7.009'}
{'loss': '0.03195', 'grad_norm': '3.381', 'learning_rate': '2.465e-06', 'epoch': '7.015'}
{'loss': '0.01871', 'grad_norm': '0.1524', 'learning_rate': '2.449e-06', 'epoch': '7.021'}
{'loss': '0.07981', 'grad_norm': '8.938', 'learning_rate': '2.434e-06', 'epoch': '7.027'}
{'loss': '0.03772', 'grad_norm': '5.406', 'learning_rate': '2.419e-06', 'epoch': '7.033'}
{'loss': '0.03569', 'grad_norm': '0.9832', 'learning_rate': '2.403e-06', 'epoch': '7.039'}
{'loss': '0.06057', 'grad_norm': '9.885', 'learning_rate': '2.388e-06', 'epoch': '7.045'}
{'loss': '0.03997', 'grad_norm': '6.751', 'learning_rate': '2.373e-06', 'epoch': '7.052'}
{'loss': '0.07222', 'grad_norm': '5.629', 'learning_rate': '2.357e-06', 'epoch': '7.058'}
{'loss': '0.06445', 'grad_norm': '0.8831', 'learning_rate': '2.342e-06', 'epoch': '7.064'}
{'loss': '0.05302', 'grad_norm': '3.679', 'learning_rate': '2.326e-06', 'epoch': '7.07'}
{'loss': '0.05487', 'grad_norm': '23.03', 'learning_rate': '2.311e-06', 'epoch': '7.076'}
{'loss': '0.0526', 'grad_norm': '0.8583', 'learning_rate': '2.296e-06', 'epoch': '7.082'}
{'loss': '0.05653', 'grad_norm': '2.614', 'learning_rate': '2.28e-06', 'epoch': '7.088'}
{'loss': '0.05044', 'grad_norm': '4.941', 'learning_rate': '2.265e-06', 'epoch': '7.095'}
{'loss': '0.03563', 'grad_norm': '0.04923', 'learning_rate': '2.25e-06', 'epoch': '7.101'}
{'loss': '0.04149', 'grad_norm': '0.03355', 'learning_rate': '2.234e-06', 'epoch': '7.107'}
{'loss': '0.06861', 'grad_norm': '6.774', 'learning_rate': '2.219e-06', 'epoch': '7.113'}
{'loss': '0.01997', 'grad_norm': '0.7519', 'learning_rate': '2.204e-06', 'epoch': '7.119'}
{'loss': '0.03983', 'grad_norm': '17.58', 'learning_rate': '2.188e-06', 'epoch': '7.125'}
{'loss': '0.0516', 'grad_norm': '5.517', 'learning_rate': '2.173e-06', 'epoch': '7.131'}
{'loss': '0.04859', 'grad_norm': '11.28', 'learning_rate': '2.158e-06', 'epoch': '7.138'}
{'loss': '0.05148', 'grad_norm': '0.4043', 'learning_rate': '2.142e-06', 'epoch': '7.144'}
{'loss': '0.04934', 'grad_norm': '4.133', 'learning_rate': '2.127e-06', 'epoch': '7.15'}
{'loss': '0.04321', 'grad_norm': '22', 'learning_rate': '2.111e-06', 'epoch': '7.156'}
{'loss': '0.06516', 'grad_norm': '9.166', 'learning_rate': '2.096e-06', 'epoch': '7.162'}
{'loss': '0.05687', 'grad_norm': '4.827', 'learning_rate': '2.081e-06', 'epoch': '7.168'}
{'loss': '0.07623', 'grad_norm': '0.2708', 'learning_rate': '2.065e-06', 'epoch': '7.174'}
{'loss': '0.02697', 'grad_norm': '0.6429', 'learning_rate': '2.05e-06', 'epoch': '7.181'}
{'loss': '0.01422', 'grad_norm': '2.188', 'learning_rate': '2.035e-06', 'epoch': '7.187'}
{'loss': '0.09514', 'grad_norm': '10.49', 'learning_rate': '2.019e-06', 'epoch': '7.193'}
{'loss': '0.07953', 'grad_norm': '2.257', 'learning_rate': '2.004e-06', 'epoch': '7.199'}
{'loss': '0.04689', 'grad_norm': '0.3212', 'learning_rate': '1.989e-06', 'epoch': '7.205'}
{'loss': '0.02957', 'grad_norm': '5.31', 'learning_rate': '1.973e-06', 'epoch': '7.211'}
{'loss': '0.03287', 'grad_norm': '0.1049', 'learning_rate': '1.958e-06', 'epoch': '7.217'}
{'loss': '0.02718', 'grad_norm': '0.3684', 'learning_rate': '1.943e-06', 'epoch': '7.224'}
{'loss': '0.0437', 'grad_norm': '3.728', 'learning_rate': '1.927e-06', 'epoch': '7.23'}
{'loss': '0.1003', 'grad_norm': '8.328', 'learning_rate': '1.912e-06', 'epoch': '7.236'}
{'loss': '0.02321', 'grad_norm': '3.099', 'learning_rate': '1.896e-06', 'epoch': '7.242'}
{'loss': '0.02964', 'grad_norm': '5.715', 'learning_rate': '1.881e-06', 'epoch': '7.248'}
{'loss': '0.02782', 'grad_norm': '0.1368', 'learning_rate': '1.866e-06', 'epoch': '7.254'}
{'loss': '0.03417', 'grad_norm': '5.127', 'learning_rate': '1.85e-06', 'epoch': '7.26'}
{'loss': '0.07345', 'grad_norm': '0.7862', 'learning_rate': '1.835e-06', 'epoch': '7.267'}
{'loss': '0.04956', 'grad_norm': '6.517', 'learning_rate': '1.82e-06', 'epoch': '7.273'}
{'loss': '0.04895', 'grad_norm': '5.266', 'learning_rate': '1.804e-06', 'epoch': '7.279'}
{'loss': '0.03201', 'grad_norm': '5.15', 'learning_rate': '1.789e-06', 'epoch': '7.285'}
{'loss': '0.0495', 'grad_norm': '0.2819', 'learning_rate': '1.774e-06', 'epoch': '7.291'}
{'loss': '0.03257', 'grad_norm': '0.02795', 'learning_rate': '1.758e-06', 'epoch': '7.297'}
{'loss': '0.05917', 'grad_norm': '5.983', 'learning_rate': '1.743e-06', 'epoch': '7.303'}
{'loss': '0.06113', 'grad_norm': '9.238', 'learning_rate': '1.728e-06', 'epoch': '7.31'}
{'loss': '0.03777', 'grad_norm': '2.04', 'learning_rate': '1.712e-06', 'epoch': '7.316'}
{'loss': '0.02996', 'grad_norm': '2.893', 'learning_rate': '1.697e-06', 'epoch': '7.322'}
{'loss': '0.08618', 'grad_norm': '12.86', 'learning_rate': '1.682e-06', 'epoch': '7.328'}
{'loss': '0.04976', 'grad_norm': '6.531', 'learning_rate': '1.666e-06', 'epoch': '7.334'}
{'loss': '0.02695', 'grad_norm': '6.868', 'learning_rate': '1.651e-06', 'epoch': '7.34'}
{'loss': '0.08058', 'grad_norm': '32.93', 'learning_rate': '1.635e-06', 'epoch': '7.346'}
{'loss': '0.04061', 'grad_norm': '1.395', 'learning_rate': '1.62e-06', 'epoch': '7.353'}
{'loss': '0.06897', 'grad_norm': '0.1404', 'learning_rate': '1.605e-06', 'epoch': '7.359'}
{'loss': '0.03367', 'grad_norm': '6.586', 'learning_rate': '1.589e-06', 'epoch': '7.365'}
{'loss': '0.06451', 'grad_norm': '10.29', 'learning_rate': '1.574e-06', 'epoch': '7.371'}
{'loss': '0.03363', 'grad_norm': '0.1208', 'learning_rate': '1.559e-06', 'epoch': '7.377'}
{'loss': '0.04319', 'grad_norm': '9.519', 'learning_rate': '1.543e-06', 'epoch': '7.383'}
{'loss': '0.04671', 'grad_norm': '0.03299', 'learning_rate': '1.528e-06', 'epoch': '7.389'}
{'loss': '0.09223', 'grad_norm': '1.962', 'learning_rate': '1.513e-06', 'epoch': '7.396'}
{'loss': '0.03876', 'grad_norm': '0.3947', 'learning_rate': '1.497e-06', 'epoch': '7.402'}
{'loss': '0.037', 'grad_norm': '1.966', 'learning_rate': '1.482e-06', 'epoch': '7.408'}
{'loss': '0.05549', 'grad_norm': '5.411', 'learning_rate': '1.467e-06', 'epoch': '7.414'}
{'loss': '0.08888', 'grad_norm': '10.34', 'learning_rate': '1.451e-06', 'epoch': '7.42'}
{'loss': '0.01988', 'grad_norm': '0.06301', 'learning_rate': '1.436e-06', 'epoch': '7.426'}
{'loss': '0.07667', 'grad_norm': '25.94', 'learning_rate': '1.42e-06', 'epoch': '7.432'}
{'loss': '0.03704', 'grad_norm': '0.6961', 'learning_rate': '1.405e-06', 'epoch': '7.439'}
{'loss': '0.03095', 'grad_norm': '7.992', 'learning_rate': '1.39e-06', 'epoch': '7.445'}
{'loss': '0.03362', 'grad_norm': '28.02', 'learning_rate': '1.374e-06', 'epoch': '7.451'}
{'loss': '0.02687', 'grad_norm': '1.706', 'learning_rate': '1.359e-06', 'epoch': '7.457'}
{'loss': '0.04234', 'grad_norm': '0.5493', 'learning_rate': '1.344e-06', 'epoch': '7.463'}
{'loss': '0.02583', 'grad_norm': '3.951', 'learning_rate': '1.328e-06', 'epoch': '7.469'}
{'loss': '0.06173', 'grad_norm': '4.215', 'learning_rate': '1.313e-06', 'epoch': '7.475'}
{'loss': '0.02829', 'grad_norm': '1.313', 'learning_rate': '1.298e-06', 'epoch': '7.482'}
{'loss': '0.08776', 'grad_norm': '8.143', 'learning_rate': '1.282e-06', 'epoch': '7.488'}
{'loss': '0.08988', 'grad_norm': '0.151', 'learning_rate': '1.267e-06', 'epoch': '7.494'}
{'loss': '0.07091', 'grad_norm': '15.21', 'learning_rate': '1.252e-06', 'epoch': '7.5'}
{'loss': '0.02931', 'grad_norm': '2.455', 'learning_rate': '1.236e-06', 'epoch': '7.506'}
{'loss': '0.09185', 'grad_norm': '0.02307', 'learning_rate': '1.221e-06', 'epoch': '7.512'}
{'loss': '0.05627', 'grad_norm': '0.2668', 'learning_rate': '1.205e-06', 'epoch': '7.518'}
{'loss': '0.05234', 'grad_norm': '1.575', 'learning_rate': '1.19e-06', 'epoch': '7.525'}
{'loss': '0.02636', 'grad_norm': '9.209', 'learning_rate': '1.175e-06', 'epoch': '7.531'}
{'loss': '0.017', 'grad_norm': '0.3987', 'learning_rate': '1.159e-06', 'epoch': '7.537'}
{'loss': '0.03862', 'grad_norm': '1.884', 'learning_rate': '1.144e-06', 'epoch': '7.543'}
{'loss': '0.01911', 'grad_norm': '3.37', 'learning_rate': '1.129e-06', 'epoch': '7.549'}
{'loss': '0.04997', 'grad_norm': '9.622', 'learning_rate': '1.113e-06', 'epoch': '7.555'}
{'loss': '0.05513', 'grad_norm': '0.007624', 'learning_rate': '1.098e-06', 'epoch': '7.561'}
{'loss': '0.06004', 'grad_norm': '0.5449', 'learning_rate': '1.083e-06', 'epoch': '7.568'}
{'loss': '0.07028', 'grad_norm': '7.422', 'learning_rate': '1.067e-06', 'epoch': '7.574'}
{'loss': '0.07896', 'grad_norm': '4.538', 'learning_rate': '1.052e-06', 'epoch': '7.58'}
{'loss': '0.01789', 'grad_norm': '1.832', 'learning_rate': '1.037e-06', 'epoch': '7.586'}
{'loss': '0.0389', 'grad_norm': '112.3', 'learning_rate': '1.021e-06', 'epoch': '7.592'}
{'loss': '0.08481', 'grad_norm': '12.4', 'learning_rate': '1.006e-06', 'epoch': '7.598'}
{'loss': '0.06461', 'grad_norm': '7.805', 'learning_rate': '9.905e-07', 'epoch': '7.604'}
{'loss': '0.1046', 'grad_norm': '1.086', 'learning_rate': '9.751e-07', 'epoch': '7.611'}
{'loss': '0.04502', 'grad_norm': '2.11', 'learning_rate': '9.598e-07', 'epoch': '7.617'}
{'loss': '0.03826', 'grad_norm': '3.052', 'learning_rate': '9.444e-07', 'epoch': '7.623'}
{'loss': '0.05983', 'grad_norm': '7.379', 'learning_rate': '9.291e-07', 'epoch': '7.629'}
{'loss': '0.0268', 'grad_norm': '0.668', 'learning_rate': '9.137e-07', 'epoch': '7.635'}
{'loss': '0.01102', 'grad_norm': '0.1972', 'learning_rate': '8.983e-07', 'epoch': '7.641'}
{'loss': '0.01998', 'grad_norm': '0.1823', 'learning_rate': '8.83e-07', 'epoch': '7.647'}
{'loss': '0.07145', 'grad_norm': '6.2', 'learning_rate': '8.676e-07', 'epoch': '7.654'}
{'loss': '0.03711', 'grad_norm': '5.413', 'learning_rate': '8.523e-07', 'epoch': '7.66'}
{'loss': '0.0181', 'grad_norm': '0.4979', 'learning_rate': '8.369e-07', 'epoch': '7.666'}
{'loss': '0.03239', 'grad_norm': '0.6076', 'learning_rate': '8.216e-07', 'epoch': '7.672'}
{'loss': '0.02735', 'grad_norm': '5.81', 'learning_rate': '8.062e-07', 'epoch': '7.678'}
{'loss': '0.03057', 'grad_norm': '0.07021', 'learning_rate': '7.908e-07', 'epoch': '7.684'}
{'loss': '0.05383', 'grad_norm': '2.54', 'learning_rate': '7.755e-07', 'epoch': '7.69'}
{'loss': '0.025', 'grad_norm': '2.628', 'learning_rate': '7.601e-07', 'epoch': '7.697'}
{'loss': '0.1155', 'grad_norm': '33.93', 'learning_rate': '7.448e-07', 'epoch': '7.703'}
{'loss': '0.04334', 'grad_norm': '5.314', 'learning_rate': '7.294e-07', 'epoch': '7.709'}
{'loss': '0.06395', 'grad_norm': '0.07728', 'learning_rate': '7.141e-07', 'epoch': '7.715'}
{'loss': '0.04562', 'grad_norm': '6.931', 'learning_rate': '6.987e-07', 'epoch': '7.721'}
{'loss': '0.03358', 'grad_norm': '19.41', 'learning_rate': '6.834e-07', 'epoch': '7.727'}
{'loss': '0.07783', 'grad_norm': '2.401', 'learning_rate': '6.68e-07', 'epoch': '7.733'}
{'loss': '0.05249', 'grad_norm': '8.406', 'learning_rate': '6.526e-07', 'epoch': '7.74'}
{'loss': '0.05876', 'grad_norm': '0.411', 'learning_rate': '6.373e-07', 'epoch': '7.746'}
{'loss': '0.05343', 'grad_norm': '14.39', 'learning_rate': '6.219e-07', 'epoch': '7.752'}
{'loss': '0.04152', 'grad_norm': '5.245', 'learning_rate': '6.066e-07', 'epoch': '7.758'}
{'loss': '0.1014', 'grad_norm': '1.063', 'learning_rate': '5.912e-07', 'epoch': '7.764'}
{'loss': '0.04879', 'grad_norm': '6.204', 'learning_rate': '5.759e-07', 'epoch': '7.77'}
{'loss': '0.03782', 'grad_norm': '0.3902', 'learning_rate': '5.605e-07', 'epoch': '7.776'}
{'loss': '0.05148', 'grad_norm': '1.58', 'learning_rate': '5.451e-07', 'epoch': '7.783'}
{'loss': '0.07283', 'grad_norm': '3.18', 'learning_rate': '5.298e-07', 'epoch': '7.789'}
{'loss': '0.05034', 'grad_norm': '1.585', 'learning_rate': '5.144e-07', 'epoch': '7.795'}
{'loss': '0.0594', 'grad_norm': '0.2094', 'learning_rate': '4.991e-07', 'epoch': '7.801'}
{'loss': '0.05839', 'grad_norm': '0.02836', 'learning_rate': '4.837e-07', 'epoch': '7.807'}
{'loss': '0.007302', 'grad_norm': '2.544', 'learning_rate': '4.684e-07', 'epoch': '7.813'}
{'loss': '0.0388', 'grad_norm': '5.452', 'learning_rate': '4.53e-07', 'epoch': '7.819'}
{'loss': '0.06166', 'grad_norm': '10.61', 'learning_rate': '4.377e-07', 'epoch': '7.826'}
{'loss': '0.04081', 'grad_norm': '6.589', 'learning_rate': '4.223e-07', 'epoch': '7.832'}
{'loss': '0.06854', 'grad_norm': '7.117', 'learning_rate': '4.069e-07', 'epoch': '7.838'}
{'loss': '0.02703', 'grad_norm': '0.286', 'learning_rate': '3.916e-07', 'epoch': '7.844'}
{'loss': '0.03898', 'grad_norm': '3.908', 'learning_rate': '3.762e-07', 'epoch': '7.85'}
{'loss': '0.04838', 'grad_norm': '3.509', 'learning_rate': '3.609e-07', 'epoch': '7.856'}
{'loss': '0.0619', 'grad_norm': '4.811', 'learning_rate': '3.455e-07', 'epoch': '7.862'}
{'loss': '0.03722', 'grad_norm': '0.2584', 'learning_rate': '3.302e-07', 'epoch': '7.869'}
{'loss': '0.05244', 'grad_norm': '0.1971', 'learning_rate': '3.148e-07', 'epoch': '7.875'}
{'loss': '0.03956', 'grad_norm': '1.99', 'learning_rate': '2.994e-07', 'epoch': '7.881'}
{'loss': '0.1035', 'grad_norm': '16.03', 'learning_rate': '2.841e-07', 'epoch': '7.887'}
{'loss': '0.06238', 'grad_norm': '28.03', 'learning_rate': '2.687e-07', 'epoch': '7.893'}
{'loss': '0.06789', 'grad_norm': '3.659', 'learning_rate': '2.534e-07', 'epoch': '7.899'}
{'loss': '0.01736', 'grad_norm': '0.4752', 'learning_rate': '2.38e-07', 'epoch': '7.905'}
{'loss': '0.0808', 'grad_norm': '8.754', 'learning_rate': '2.227e-07', 'epoch': '7.912'}
{'loss': '0.06501', 'grad_norm': '1.977', 'learning_rate': '2.073e-07', 'epoch': '7.918'}
{'loss': '0.05822', 'grad_norm': '1.64', 'learning_rate': '1.92e-07', 'epoch': '7.924'}
{'loss': '0.03689', 'grad_norm': '1.487', 'learning_rate': '1.766e-07', 'epoch': '7.93'}
{'loss': '0.06277', 'grad_norm': '0.2122', 'learning_rate': '1.612e-07', 'epoch': '7.936'}
{'loss': '0.116', 'grad_norm': '0.6053', 'learning_rate': '1.459e-07', 'epoch': '7.942'}
{'loss': '0.02724', 'grad_norm': '0.6642', 'learning_rate': '1.305e-07', 'epoch': '7.948'}
{'loss': '0.03634', 'grad_norm': '7.442', 'learning_rate': '1.152e-07', 'epoch': '7.955'}
{'loss': '0.07832', 'grad_norm': '9.514', 'learning_rate': '9.982e-08', 'epoch': '7.961'}
{'loss': '0.03901', 'grad_norm': '0.1182', 'learning_rate': '8.446e-08', 'epoch': '7.967'}
{'loss': '0.03753', 'grad_norm': '10.07', 'learning_rate': '6.91e-08', 'epoch': '7.973'}
{'loss': '0.07631', 'grad_norm': '9.286', 'learning_rate': '5.375e-08', 'epoch': '7.979'}
{'loss': '0.04758', 'grad_norm': '4.305', 'learning_rate': '3.839e-08', 'epoch': '7.985'}
{'loss': '0.0243', 'grad_norm': '0.1524', 'learning_rate': '2.303e-08', 'epoch': '7.991'}
{'loss': '0.0368', 'grad_norm': '3.997', 'learning_rate': '7.678e-09', 'epoch': '7.998'}
{'eval_loss': '0.8944', 'eval_accuracy': '0.8894', 'eval_precision': '0.9354', 'eval_recall': '0.8718', 'eval_f1': '0.9025', 'eval_runtime': '12.12', 'eval_samples_per_second': '1115', 'eval_steps_per_second': '17.49', 'epoch': '8'}
{'train_runtime': '2230', 'train_samples_per_second': '186.8', 'train_steps_per_second': '5.841', 'train_loss': '0.1418', 'epoch': '8'}
Fold F1: 0.8489099786809711
Точность определения арабских заимств.: {'accuracy': 0.8666666666666667, 'precision': 0.43373493975903615, 'recall': 0.7659574468085106, 'f1': 0.5538461538461539}
Точность определения китайских заимств.: {'accuracy': 0.875784190715182, 'precision': 0.14545454545454545, 'recall': 0.7619047619047619, 'f1': 0.24427480916030533}
Точность определения английских заимств.: {'accuracy': 0.8607003891050584, 'precision': 0.8185328185328186, 'recall': 0.8330058939096268, 'f1': 0.8257059396299903}
Точность определения французских заимств.: {'accuracy': 0.8693586698337292, 'precision': 0.8926940639269406, 'recall': 0.8612334801762115, 'f1': 0.8766816143497758}
Точность определения немецких заимств.: {'accuracy': 0.8845419847328244, 'precision': 0.7227138643067846, 'recall': 0.9007352941176471, 'f1': 0.8019639934533551}
Точность определения итальянских заимтсв.: {'accuracy': 0.8604407135362014, 'precision': 0.5948275862068966, 'recall': 0.7796610169491526, 'f1': 0.6748166259168704}
Точность определения японских заимств.: {'accuracy': 0.8629213483146068, 'precision': 0.4777777777777778, 'recall': 0.7543859649122807, 'f1': 0.5850340136054422}
Точность определения польских заимств.: {'accuracy': 0.8581730769230769, 'precision': 0.25396825396825395, 'recall': 0.5714285714285714, 'f1': 0.3516483516483517}
{'eval_loss': 0.46270397305488586, 'eval_accuracy': 0.8374398816130225, 'eval_precision': 0.9341607386105646, 'eval_recall': 0.7779178220317621, 'eval_f1': 0.8489099786809711, 'eval_runtime': 11.9505, 'eval_samples_per_second': 1130.913, 'eval_steps_per_second': 17.74, 'epoch': 8.0}

===== Fold 3 =====
{'loss': '0.7073', 'grad_norm': '118.2', 'learning_rate': '1.999e-05', 'epoch': '0.006053'}
{'loss': '0.6677', 'grad_norm': '15.93', 'learning_rate': '1.997e-05', 'epoch': '0.01211'}
{'loss': '0.6771', 'grad_norm': '17.11', 'learning_rate': '1.996e-05', 'epoch': '0.01816'}
{'loss': '0.6987', 'grad_norm': '34.99', 'learning_rate': '1.994e-05', 'epoch': '0.02421'}
{'loss': '0.6938', 'grad_norm': '20.25', 'learning_rate': '1.993e-05', 'epoch': '0.03027'}
{'loss': '0.7009', 'grad_norm': '24.74', 'learning_rate': '1.991e-05', 'epoch': '0.03632'}
{'loss': '0.6794', 'grad_norm': '66.1', 'learning_rate': '1.99e-05', 'epoch': '0.04237'}
{'loss': '0.6736', 'grad_norm': '24.4', 'learning_rate': '1.988e-05', 'epoch': '0.04843'}
{'loss': '0.6911', 'grad_norm': '23.74', 'learning_rate': '1.987e-05', 'epoch': '0.05448'}
{'loss': '0.6747', 'grad_norm': '64.38', 'learning_rate': '1.985e-05', 'epoch': '0.06053'}
{'loss': '0.6749', 'grad_norm': '76.56', 'learning_rate': '1.984e-05', 'epoch': '0.06659'}
{'loss': '0.6814', 'grad_norm': '148.3', 'learning_rate': '1.982e-05', 'epoch': '0.07264'}
{'loss': '0.6834', 'grad_norm': '16.82', 'learning_rate': '1.98e-05', 'epoch': '0.07869'}
{'loss': '0.6759', 'grad_norm': '21.61', 'learning_rate': '1.979e-05', 'epoch': '0.08475'}
{'loss': '0.6719', 'grad_norm': '27.82', 'learning_rate': '1.977e-05', 'epoch': '0.0908'}
{'loss': '0.6886', 'grad_norm': '23.61', 'learning_rate': '1.976e-05', 'epoch': '0.09685'}
{'loss': '0.6799', 'grad_norm': '61.48', 'learning_rate': '1.974e-05', 'epoch': '0.1029'}
{'loss': '0.6675', 'grad_norm': '25.25', 'learning_rate': '1.973e-05', 'epoch': '0.109'}
{'loss': '0.6674', 'grad_norm': '30.7', 'learning_rate': '1.971e-05', 'epoch': '0.115'}
{'loss': '0.6707', 'grad_norm': '24.5', 'learning_rate': '1.97e-05', 'epoch': '0.1211'}
{'loss': '0.6713', 'grad_norm': '31.83', 'learning_rate': '1.968e-05', 'epoch': '0.1271'}
{'loss': '0.6678', 'grad_norm': '28.16', 'learning_rate': '1.967e-05', 'epoch': '0.1332'}
{'loss': '0.6537', 'grad_norm': '31.61', 'learning_rate': '1.965e-05', 'epoch': '0.1392'}
{'loss': '0.6695', 'grad_norm': '55.76', 'learning_rate': '1.964e-05', 'epoch': '0.1453'}
{'loss': '0.6639', 'grad_norm': '43.65', 'learning_rate': '1.962e-05', 'epoch': '0.1513'}
{'loss': '0.6614', 'grad_norm': '27', 'learning_rate': '1.961e-05', 'epoch': '0.1574'}
{'loss': '0.6559', 'grad_norm': '78.47', 'learning_rate': '1.959e-05', 'epoch': '0.1634'}
{'loss': '0.6332', 'grad_norm': '44.5', 'learning_rate': '1.958e-05', 'epoch': '0.1695'}
{'loss': '0.6781', 'grad_norm': '74.94', 'learning_rate': '1.956e-05', 'epoch': '0.1755'}
{'loss': '0.6526', 'grad_norm': '16.5', 'learning_rate': '1.955e-05', 'epoch': '0.1816'}
{'loss': '0.6436', 'grad_norm': '14.47', 'learning_rate': '1.953e-05', 'epoch': '0.1877'}
{'loss': '0.669', 'grad_norm': '27.44', 'learning_rate': '1.952e-05', 'epoch': '0.1937'}
{'loss': '0.6547', 'grad_norm': '24.45', 'learning_rate': '1.95e-05', 'epoch': '0.1998'}
{'loss': '0.6389', 'grad_norm': '79.52', 'learning_rate': '1.949e-05', 'epoch': '0.2058'}
{'loss': '0.6326', 'grad_norm': '42.41', 'learning_rate': '1.947e-05', 'epoch': '0.2119'}
{'loss': '0.641', 'grad_norm': '102.8', 'learning_rate': '1.946e-05', 'epoch': '0.2179'}
{'loss': '0.6406', 'grad_norm': '60.12', 'learning_rate': '1.944e-05', 'epoch': '0.224'}
{'loss': '0.6371', 'grad_norm': '43.52', 'learning_rate': '1.943e-05', 'epoch': '0.23'}
{'loss': '0.6376', 'grad_norm': '68.48', 'learning_rate': '1.941e-05', 'epoch': '0.2361'}
{'loss': '0.6259', 'grad_norm': '29.19', 'learning_rate': '1.94e-05', 'epoch': '0.2421'}
{'loss': '0.604', 'grad_norm': '92.23', 'learning_rate': '1.938e-05', 'epoch': '0.2482'}
{'loss': '0.6197', 'grad_norm': '47.55', 'learning_rate': '1.937e-05', 'epoch': '0.2542'}
{'loss': '0.5964', 'grad_norm': '50.47', 'learning_rate': '1.935e-05', 'epoch': '0.2603'}
{'loss': '0.6017', 'grad_norm': '99.98', 'learning_rate': '1.934e-05', 'epoch': '0.2663'}
{'loss': '0.6025', 'grad_norm': '120.3', 'learning_rate': '1.932e-05', 'epoch': '0.2724'}
{'loss': '0.6044', 'grad_norm': '59.89', 'learning_rate': '1.931e-05', 'epoch': '0.2785'}
{'loss': '0.6026', 'grad_norm': '74.3', 'learning_rate': '1.929e-05', 'epoch': '0.2845'}
{'loss': '0.5823', 'grad_norm': '125.3', 'learning_rate': '1.928e-05', 'epoch': '0.2906'}
{'loss': '0.5956', 'grad_norm': '46.04', 'learning_rate': '1.926e-05', 'epoch': '0.2966'}
{'loss': '0.5962', 'grad_norm': '36.73', 'learning_rate': '1.924e-05', 'epoch': '0.3027'}
{'loss': '0.5839', 'grad_norm': '54.22', 'learning_rate': '1.923e-05', 'epoch': '0.3087'}
{'loss': '0.5756', 'grad_norm': '41.48', 'learning_rate': '1.921e-05', 'epoch': '0.3148'}
{'loss': '0.5855', 'grad_norm': '35.79', 'learning_rate': '1.92e-05', 'epoch': '0.3208'}
{'loss': '0.6228', 'grad_norm': '91.01', 'learning_rate': '1.918e-05', 'epoch': '0.3269'}
{'loss': '0.6026', 'grad_norm': '44.72', 'learning_rate': '1.917e-05', 'epoch': '0.3329'}
{'loss': '0.5511', 'grad_norm': '103.4', 'learning_rate': '1.915e-05', 'epoch': '0.339'}
{'loss': '0.5635', 'grad_norm': '44.84', 'learning_rate': '1.914e-05', 'epoch': '0.345'}
{'loss': '0.5797', 'grad_norm': '51.94', 'learning_rate': '1.912e-05', 'epoch': '0.3511'}
{'loss': '0.5977', 'grad_norm': '165.2', 'learning_rate': '1.911e-05', 'epoch': '0.3571'}
{'loss': '0.5365', 'grad_norm': '157.4', 'learning_rate': '1.909e-05', 'epoch': '0.3632'}
{'loss': '0.5219', 'grad_norm': '158.7', 'learning_rate': '1.908e-05', 'epoch': '0.3692'}
{'loss': '0.5356', 'grad_norm': '69.83', 'learning_rate': '1.906e-05', 'epoch': '0.3753'}
{'loss': '0.5704', 'grad_norm': '65.81', 'learning_rate': '1.905e-05', 'epoch': '0.3814'}
{'loss': '0.5796', 'grad_norm': '54.68', 'learning_rate': '1.903e-05', 'epoch': '0.3874'}
{'loss': '0.5357', 'grad_norm': '65.03', 'learning_rate': '1.902e-05', 'epoch': '0.3935'}
{'loss': '0.5325', 'grad_norm': '79.92', 'learning_rate': '1.9e-05', 'epoch': '0.3995'}
{'loss': '0.5265', 'grad_norm': '28.36', 'learning_rate': '1.899e-05', 'epoch': '0.4056'}
{'loss': '0.5275', 'grad_norm': '116.5', 'learning_rate': '1.897e-05', 'epoch': '0.4116'}
{'loss': '0.5327', 'grad_norm': '74.08', 'learning_rate': '1.896e-05', 'epoch': '0.4177'}
{'loss': '0.5311', 'grad_norm': '109.7', 'learning_rate': '1.894e-05', 'epoch': '0.4237'}
{'loss': '0.5287', 'grad_norm': '79.57', 'learning_rate': '1.893e-05', 'epoch': '0.4298'}
{'loss': '0.5034', 'grad_norm': '79.17', 'learning_rate': '1.891e-05', 'epoch': '0.4358'}
{'loss': '0.5047', 'grad_norm': '160.1', 'learning_rate': '1.89e-05', 'epoch': '0.4419'}
{'loss': '0.5402', 'grad_norm': '51.28', 'learning_rate': '1.888e-05', 'epoch': '0.4479'}
{'loss': '0.5459', 'grad_norm': '279.2', 'learning_rate': '1.887e-05', 'epoch': '0.454'}
{'loss': '0.5227', 'grad_norm': '106.1', 'learning_rate': '1.885e-05', 'epoch': '0.46'}
{'loss': '0.5086', 'grad_norm': '161.9', 'learning_rate': '1.884e-05', 'epoch': '0.4661'}
{'loss': '0.4818', 'grad_norm': '113.8', 'learning_rate': '1.882e-05', 'epoch': '0.4722'}
{'loss': '0.49', 'grad_norm': '337', 'learning_rate': '1.881e-05', 'epoch': '0.4782'}
{'loss': '0.5272', 'grad_norm': '51.9', 'learning_rate': '1.879e-05', 'epoch': '0.4843'}
{'loss': '0.5066', 'grad_norm': '165.1', 'learning_rate': '1.878e-05', 'epoch': '0.4903'}
{'loss': '0.5186', 'grad_norm': '145.5', 'learning_rate': '1.876e-05', 'epoch': '0.4964'}
{'loss': '0.5246', 'grad_norm': '63.4', 'learning_rate': '1.875e-05', 'epoch': '0.5024'}
{'loss': '0.4982', 'grad_norm': '336.7', 'learning_rate': '1.873e-05', 'epoch': '0.5085'}
{'loss': '0.4994', 'grad_norm': '98.48', 'learning_rate': '1.872e-05', 'epoch': '0.5145'}
{'loss': '0.4393', 'grad_norm': '90.9', 'learning_rate': '1.87e-05', 'epoch': '0.5206'}
{'loss': '0.492', 'grad_norm': '88.75', 'learning_rate': '1.868e-05', 'epoch': '0.5266'}
{'loss': '0.4734', 'grad_norm': '122.4', 'learning_rate': '1.867e-05', 'epoch': '0.5327'}
{'loss': '0.5062', 'grad_norm': '40.07', 'learning_rate': '1.865e-05', 'epoch': '0.5387'}
{'loss': '0.4874', 'grad_norm': '146.4', 'learning_rate': '1.864e-05', 'epoch': '0.5448'}
{'loss': '0.4399', 'grad_norm': '71.8', 'learning_rate': '1.862e-05', 'epoch': '0.5508'}
{'loss': '0.4018', 'grad_norm': '233.8', 'learning_rate': '1.861e-05', 'epoch': '0.5569'}
{'loss': '0.4861', 'grad_norm': '91.83', 'learning_rate': '1.859e-05', 'epoch': '0.563'}
{'loss': '0.4217', 'grad_norm': '76.59', 'learning_rate': '1.858e-05', 'epoch': '0.569'}
{'loss': '0.4788', 'grad_norm': '96.27', 'learning_rate': '1.856e-05', 'epoch': '0.5751'}
{'loss': '0.4364', 'grad_norm': '69.46', 'learning_rate': '1.855e-05', 'epoch': '0.5811'}
{'loss': '0.505', 'grad_norm': '956', 'learning_rate': '1.853e-05', 'epoch': '0.5872'}
{'loss': '0.4574', 'grad_norm': '251.6', 'learning_rate': '1.852e-05', 'epoch': '0.5932'}
{'loss': '0.4761', 'grad_norm': '98.8', 'learning_rate': '1.85e-05', 'epoch': '0.5993'}
{'loss': '0.4313', 'grad_norm': '76.93', 'learning_rate': '1.849e-05', 'epoch': '0.6053'}
{'loss': '0.4623', 'grad_norm': '125', 'learning_rate': '1.847e-05', 'epoch': '0.6114'}
{'loss': '0.4907', 'grad_norm': '130.2', 'learning_rate': '1.846e-05', 'epoch': '0.6174'}
{'loss': '0.4878', 'grad_norm': '244.5', 'learning_rate': '1.844e-05', 'epoch': '0.6235'}
{'loss': '0.4688', 'grad_norm': '175.2', 'learning_rate': '1.843e-05', 'epoch': '0.6295'}
{'loss': '0.4406', 'grad_norm': '40.74', 'learning_rate': '1.841e-05', 'epoch': '0.6356'}
{'loss': '0.4783', 'grad_norm': '130.5', 'learning_rate': '1.84e-05', 'epoch': '0.6416'}
{'loss': '0.4685', 'grad_norm': '180.7', 'learning_rate': '1.838e-05', 'epoch': '0.6477'}
{'loss': '0.4645', 'grad_norm': '51.86', 'learning_rate': '1.837e-05', 'epoch': '0.6538'}
{'loss': '0.4105', 'grad_norm': '74', 'learning_rate': '1.835e-05', 'epoch': '0.6598'}
{'loss': '0.4329', 'grad_norm': '262.6', 'learning_rate': '1.834e-05', 'epoch': '0.6659'}
{'loss': '0.4647', 'grad_norm': '317.1', 'learning_rate': '1.832e-05', 'epoch': '0.6719'}
{'loss': '0.379', 'grad_norm': '59.53', 'learning_rate': '1.831e-05', 'epoch': '0.678'}
{'loss': '0.4076', 'grad_norm': '58.79', 'learning_rate': '1.829e-05', 'epoch': '0.684'}
{'loss': '0.3895', 'grad_norm': '91.09', 'learning_rate': '1.828e-05', 'epoch': '0.6901'}
{'loss': '0.4842', 'grad_norm': '88.02', 'learning_rate': '1.826e-05', 'epoch': '0.6961'}
{'loss': '0.4024', 'grad_norm': '123.5', 'learning_rate': '1.825e-05', 'epoch': '0.7022'}
{'loss': '0.4158', 'grad_norm': '91.42', 'learning_rate': '1.823e-05', 'epoch': '0.7082'}
{'loss': '0.4567', 'grad_norm': '146.3', 'learning_rate': '1.822e-05', 'epoch': '0.7143'}
{'loss': '0.4385', 'grad_norm': '69.73', 'learning_rate': '1.82e-05', 'epoch': '0.7203'}
{'loss': '0.3895', 'grad_norm': '72.73', 'learning_rate': '1.819e-05', 'epoch': '0.7264'}
{'loss': '0.4217', 'grad_norm': '67.48', 'learning_rate': '1.817e-05', 'epoch': '0.7324'}
{'loss': '0.4198', 'grad_norm': '48.84', 'learning_rate': '1.816e-05', 'epoch': '0.7385'}
{'loss': '0.4333', 'grad_norm': '88.31', 'learning_rate': '1.814e-05', 'epoch': '0.7446'}
{'loss': '0.4821', 'grad_norm': '80.14', 'learning_rate': '1.813e-05', 'epoch': '0.7506'}
{'loss': '0.4326', 'grad_norm': '177.1', 'learning_rate': '1.811e-05', 'epoch': '0.7567'}
{'loss': '0.3513', 'grad_norm': '57.02', 'learning_rate': '1.809e-05', 'epoch': '0.7627'}
{'loss': '0.4008', 'grad_norm': '368.1', 'learning_rate': '1.808e-05', 'epoch': '0.7688'}
{'loss': '0.4248', 'grad_norm': '70.04', 'learning_rate': '1.806e-05', 'epoch': '0.7748'}
{'loss': '0.389', 'grad_norm': '67.05', 'learning_rate': '1.805e-05', 'epoch': '0.7809'}
{'loss': '0.4032', 'grad_norm': '137', 'learning_rate': '1.803e-05', 'epoch': '0.7869'}
{'loss': '0.395', 'grad_norm': '114.7', 'learning_rate': '1.802e-05', 'epoch': '0.793'}
{'loss': '0.3672', 'grad_norm': '53.36', 'learning_rate': '1.8e-05', 'epoch': '0.799'}
{'loss': '0.3404', 'grad_norm': '54.84', 'learning_rate': '1.799e-05', 'epoch': '0.8051'}
{'loss': '0.3925', 'grad_norm': '151.6', 'learning_rate': '1.797e-05', 'epoch': '0.8111'}
{'loss': '0.4091', 'grad_norm': '175.8', 'learning_rate': '1.796e-05', 'epoch': '0.8172'}
{'loss': '0.3435', 'grad_norm': '104.1', 'learning_rate': '1.794e-05', 'epoch': '0.8232'}
{'loss': '0.4396', 'grad_norm': '89.46', 'learning_rate': '1.793e-05', 'epoch': '0.8293'}
{'loss': '0.3853', 'grad_norm': '94.38', 'learning_rate': '1.791e-05', 'epoch': '0.8354'}
{'loss': '0.3973', 'grad_norm': '40.98', 'learning_rate': '1.79e-05', 'epoch': '0.8414'}
{'loss': '0.3716', 'grad_norm': '38.05', 'learning_rate': '1.788e-05', 'epoch': '0.8475'}
{'loss': '0.3492', 'grad_norm': '528.4', 'learning_rate': '1.787e-05', 'epoch': '0.8535'}
{'loss': '0.3493', 'grad_norm': '46.73', 'learning_rate': '1.785e-05', 'epoch': '0.8596'}
{'loss': '0.2919', 'grad_norm': '95.31', 'learning_rate': '1.784e-05', 'epoch': '0.8656'}
{'loss': '0.3433', 'grad_norm': '103.9', 'learning_rate': '1.782e-05', 'epoch': '0.8717'}
{'loss': '0.4143', 'grad_norm': '46.84', 'learning_rate': '1.781e-05', 'epoch': '0.8777'}
{'loss': '0.3175', 'grad_norm': '137.8', 'learning_rate': '1.779e-05', 'epoch': '0.8838'}
{'loss': '0.3489', 'grad_norm': '26.78', 'learning_rate': '1.778e-05', 'epoch': '0.8898'}
{'loss': '0.3732', 'grad_norm': '218.4', 'learning_rate': '1.776e-05', 'epoch': '0.8959'}
{'loss': '0.3612', 'grad_norm': '36.91', 'learning_rate': '1.775e-05', 'epoch': '0.9019'}
{'loss': '0.3752', 'grad_norm': '49.36', 'learning_rate': '1.773e-05', 'epoch': '0.908'}
{'loss': '0.3991', 'grad_norm': '137.9', 'learning_rate': '1.772e-05', 'epoch': '0.914'}
{'loss': '0.3412', 'grad_norm': '24.4', 'learning_rate': '1.77e-05', 'epoch': '0.9201'}
{'loss': '0.2896', 'grad_norm': '95.86', 'learning_rate': '1.769e-05', 'epoch': '0.9262'}
{'loss': '0.3043', 'grad_norm': '34.4', 'learning_rate': '1.767e-05', 'epoch': '0.9322'}
{'loss': '0.3697', 'grad_norm': '29.41', 'learning_rate': '1.766e-05', 'epoch': '0.9383'}
{'loss': '0.3686', 'grad_norm': '59.55', 'learning_rate': '1.764e-05', 'epoch': '0.9443'}
{'loss': '0.3569', 'grad_norm': '48.62', 'learning_rate': '1.763e-05', 'epoch': '0.9504'}
{'loss': '0.3028', 'grad_norm': '378', 'learning_rate': '1.761e-05', 'epoch': '0.9564'}
{'loss': '0.3303', 'grad_norm': '16.42', 'learning_rate': '1.76e-05', 'epoch': '0.9625'}
{'loss': '0.3949', 'grad_norm': '120.6', 'learning_rate': '1.758e-05', 'epoch': '0.9685'}
{'loss': '0.3594', 'grad_norm': '30.83', 'learning_rate': '1.757e-05', 'epoch': '0.9746'}
{'loss': '0.3354', 'grad_norm': '67.95', 'learning_rate': '1.755e-05', 'epoch': '0.9806'}
{'loss': '0.3499', 'grad_norm': '89.29', 'learning_rate': '1.753e-05', 'epoch': '0.9867'}
{'loss': '0.3265', 'grad_norm': '44.36', 'learning_rate': '1.752e-05', 'epoch': '0.9927'}
{'loss': '0.3229', 'grad_norm': '91.63', 'learning_rate': '1.75e-05', 'epoch': '0.9988'}
{'eval_loss': '0.3248', 'eval_accuracy': '0.872', 'eval_precision': '0.9273', 'eval_recall': '0.822', 'eval_f1': '0.8715', 'eval_runtime': '12.2', 'eval_samples_per_second': '1044', 'eval_steps_per_second': '16.31', 'epoch': '1'}
{'loss': '0.2995', 'grad_norm': '77.34', 'learning_rate': '1.749e-05', 'epoch': '1.005'}
{'loss': '0.3619', 'grad_norm': '46.59', 'learning_rate': '1.747e-05', 'epoch': '1.011'}
{'loss': '0.374', 'grad_norm': '44.08', 'learning_rate': '1.746e-05', 'epoch': '1.017'}
{'loss': '0.3644', 'grad_norm': '59.78', 'learning_rate': '1.744e-05', 'epoch': '1.023'}
{'loss': '0.3043', 'grad_norm': '34.02', 'learning_rate': '1.743e-05', 'epoch': '1.029'}
{'loss': '0.3328', 'grad_norm': '124.3', 'learning_rate': '1.741e-05', 'epoch': '1.035'}
{'loss': '0.3093', 'grad_norm': '120.5', 'learning_rate': '1.74e-05', 'epoch': '1.041'}
{'loss': '0.3478', 'grad_norm': '179.8', 'learning_rate': '1.738e-05', 'epoch': '1.047'}
{'loss': '0.3151', 'grad_norm': '143.7', 'learning_rate': '1.737e-05', 'epoch': '1.053'}
{'loss': '0.3855', 'grad_norm': '117.4', 'learning_rate': '1.735e-05', 'epoch': '1.059'}
{'loss': '0.3042', 'grad_norm': '80.61', 'learning_rate': '1.734e-05', 'epoch': '1.065'}
{'loss': '0.3034', 'grad_norm': '17.02', 'learning_rate': '1.732e-05', 'epoch': '1.071'}
{'loss': '0.2649', 'grad_norm': '15.8', 'learning_rate': '1.731e-05', 'epoch': '1.077'}
{'loss': '0.2769', 'grad_norm': '82.77', 'learning_rate': '1.729e-05', 'epoch': '1.084'}
{'loss': '0.3351', 'grad_norm': '34.38', 'learning_rate': '1.728e-05', 'epoch': '1.09'}
{'loss': '0.2639', 'grad_norm': '103.2', 'learning_rate': '1.726e-05', 'epoch': '1.096'}
{'loss': '0.288', 'grad_norm': '222.9', 'learning_rate': '1.725e-05', 'epoch': '1.102'}
{'loss': '0.2653', 'grad_norm': '40.82', 'learning_rate': '1.723e-05', 'epoch': '1.108'}
{'loss': '0.2899', 'grad_norm': '95.43', 'learning_rate': '1.722e-05', 'epoch': '1.114'}
{'loss': '0.2567', 'grad_norm': '16', 'learning_rate': '1.72e-05', 'epoch': '1.12'}
{'loss': '0.2708', 'grad_norm': '123.9', 'learning_rate': '1.719e-05', 'epoch': '1.126'}
{'loss': '0.3442', 'grad_norm': '98.36', 'learning_rate': '1.717e-05', 'epoch': '1.132'}
{'loss': '0.2765', 'grad_norm': '103.7', 'learning_rate': '1.716e-05', 'epoch': '1.138'}
{'loss': '0.307', 'grad_norm': '70.81', 'learning_rate': '1.714e-05', 'epoch': '1.144'}
{'loss': '0.3026', 'grad_norm': '113', 'learning_rate': '1.713e-05', 'epoch': '1.15'}
{'loss': '0.2597', 'grad_norm': '54.51', 'learning_rate': '1.711e-05', 'epoch': '1.156'}
{'loss': '0.235', 'grad_norm': '34.85', 'learning_rate': '1.71e-05', 'epoch': '1.162'}
{'loss': '0.276', 'grad_norm': '44.47', 'learning_rate': '1.708e-05', 'epoch': '1.168'}
{'loss': '0.2638', 'grad_norm': '321.3', 'learning_rate': '1.707e-05', 'epoch': '1.174'}
{'loss': '0.2875', 'grad_norm': '48.17', 'learning_rate': '1.705e-05', 'epoch': '1.18'}
{'loss': '0.3035', 'grad_norm': '41.34', 'learning_rate': '1.704e-05', 'epoch': '1.186'}
{'loss': '0.2485', 'grad_norm': '467.9', 'learning_rate': '1.702e-05', 'epoch': '1.192'}
{'loss': '0.2028', 'grad_norm': '136', 'learning_rate': '1.701e-05', 'epoch': '1.199'}
{'loss': '0.2571', 'grad_norm': '72.25', 'learning_rate': '1.699e-05', 'epoch': '1.205'}
{'loss': '0.2898', 'grad_norm': '41.58', 'learning_rate': '1.697e-05', 'epoch': '1.211'}
{'loss': '0.245', 'grad_norm': '37.47', 'learning_rate': '1.696e-05', 'epoch': '1.217'}
{'loss': '0.2369', 'grad_norm': '23.43', 'learning_rate': '1.694e-05', 'epoch': '1.223'}
{'loss': '0.2563', 'grad_norm': '106.4', 'learning_rate': '1.693e-05', 'epoch': '1.229'}
{'loss': '0.3012', 'grad_norm': '26.59', 'learning_rate': '1.691e-05', 'epoch': '1.235'}
{'loss': '0.235', 'grad_norm': '94.71', 'learning_rate': '1.69e-05', 'epoch': '1.241'}
{'loss': '0.2911', 'grad_norm': '33.93', 'learning_rate': '1.688e-05', 'epoch': '1.247'}
{'loss': '0.2302', 'grad_norm': '21.31', 'learning_rate': '1.687e-05', 'epoch': '1.253'}
{'loss': '0.2538', 'grad_norm': '134.1', 'learning_rate': '1.685e-05', 'epoch': '1.259'}
{'loss': '0.3199', 'grad_norm': '53.61', 'learning_rate': '1.684e-05', 'epoch': '1.265'}
{'loss': '0.2214', 'grad_norm': '58.87', 'learning_rate': '1.682e-05', 'epoch': '1.271'}
{'loss': '0.2426', 'grad_norm': '15.76', 'learning_rate': '1.681e-05', 'epoch': '1.277'}
{'loss': '0.2745', 'grad_norm': '80.94', 'learning_rate': '1.679e-05', 'epoch': '1.283'}
{'loss': '0.2426', 'grad_norm': '16', 'learning_rate': '1.678e-05', 'epoch': '1.289'}
{'loss': '0.2644', 'grad_norm': '65.81', 'learning_rate': '1.676e-05', 'epoch': '1.295'}
{'loss': '0.1916', 'grad_norm': '22.38', 'learning_rate': '1.675e-05', 'epoch': '1.301'}
{'loss': '0.275', 'grad_norm': '11.95', 'learning_rate': '1.673e-05', 'epoch': '1.308'}
{'loss': '0.2648', 'grad_norm': '158.3', 'learning_rate': '1.672e-05', 'epoch': '1.314'}
{'loss': '0.2545', 'grad_norm': '22.37', 'learning_rate': '1.67e-05', 'epoch': '1.32'}
{'loss': '0.25', 'grad_norm': '109.9', 'learning_rate': '1.669e-05', 'epoch': '1.326'}
{'loss': '0.2254', 'grad_norm': '62.58', 'learning_rate': '1.667e-05', 'epoch': '1.332'}
{'loss': '0.3019', 'grad_norm': '26.8', 'learning_rate': '1.666e-05', 'epoch': '1.338'}
{'loss': '0.253', 'grad_norm': '103', 'learning_rate': '1.664e-05', 'epoch': '1.344'}
{'loss': '0.2446', 'grad_norm': '90.76', 'learning_rate': '1.663e-05', 'epoch': '1.35'}
{'loss': '0.1854', 'grad_norm': '38.77', 'learning_rate': '1.661e-05', 'epoch': '1.356'}
{'loss': '0.2198', 'grad_norm': '22.64', 'learning_rate': '1.66e-05', 'epoch': '1.362'}
{'loss': '0.176', 'grad_norm': '12.65', 'learning_rate': '1.658e-05', 'epoch': '1.368'}
{'loss': '0.2281', 'grad_norm': '57.73', 'learning_rate': '1.657e-05', 'epoch': '1.374'}
{'loss': '0.2218', 'grad_norm': '33.69', 'learning_rate': '1.655e-05', 'epoch': '1.38'}
{'loss': '0.2452', 'grad_norm': '50.08', 'learning_rate': '1.654e-05', 'epoch': '1.386'}
{'loss': '0.2088', 'grad_norm': '27.05', 'learning_rate': '1.652e-05', 'epoch': '1.392'}
{'loss': '0.2447', 'grad_norm': '66.51', 'learning_rate': '1.651e-05', 'epoch': '1.398'}
{'loss': '0.2068', 'grad_norm': '38.51', 'learning_rate': '1.649e-05', 'epoch': '1.404'}
{'loss': '0.2116', 'grad_norm': '20.99', 'learning_rate': '1.648e-05', 'epoch': '1.41'}
{'loss': '0.2271', 'grad_norm': '26.58', 'learning_rate': '1.646e-05', 'epoch': '1.416'}
{'loss': '0.1753', 'grad_norm': '65.08', 'learning_rate': '1.645e-05', 'epoch': '1.423'}
{'loss': '0.1914', 'grad_norm': '25.36', 'learning_rate': '1.643e-05', 'epoch': '1.429'}
{'loss': '0.171', 'grad_norm': '13.54', 'learning_rate': '1.641e-05', 'epoch': '1.435'}
{'loss': '0.2121', 'grad_norm': '60.96', 'learning_rate': '1.64e-05', 'epoch': '1.441'}
{'loss': '0.1792', 'grad_norm': '15.65', 'learning_rate': '1.638e-05', 'epoch': '1.447'}
{'loss': '0.239', 'grad_norm': '87.7', 'learning_rate': '1.637e-05', 'epoch': '1.453'}
{'loss': '0.1591', 'grad_norm': '12.84', 'learning_rate': '1.635e-05', 'epoch': '1.459'}
{'loss': '0.2008', 'grad_norm': '24.98', 'learning_rate': '1.634e-05', 'epoch': '1.465'}
{'loss': '0.2109', 'grad_norm': '84.14', 'learning_rate': '1.632e-05', 'epoch': '1.471'}
{'loss': '0.1786', 'grad_norm': '29.18', 'learning_rate': '1.631e-05', 'epoch': '1.477'}
{'loss': '0.1579', 'grad_norm': '23.4', 'learning_rate': '1.629e-05', 'epoch': '1.483'}
{'loss': '0.2545', 'grad_norm': '58.36', 'learning_rate': '1.628e-05', 'epoch': '1.489'}
{'loss': '0.2437', 'grad_norm': '64.68', 'learning_rate': '1.626e-05', 'epoch': '1.495'}
{'loss': '0.2429', 'grad_norm': '66.92', 'learning_rate': '1.625e-05', 'epoch': '1.501'}
{'loss': '0.1967', 'grad_norm': '16.56', 'learning_rate': '1.623e-05', 'epoch': '1.507'}
{'loss': '0.2462', 'grad_norm': '143.1', 'learning_rate': '1.622e-05', 'epoch': '1.513'}
{'loss': '0.2388', 'grad_norm': '18.87', 'learning_rate': '1.62e-05', 'epoch': '1.519'}
{'loss': '0.2185', 'grad_norm': '65.37', 'learning_rate': '1.619e-05', 'epoch': '1.525'}
{'loss': '0.2083', 'grad_norm': '27.16', 'learning_rate': '1.617e-05', 'epoch': '1.531'}
{'loss': '0.2276', 'grad_norm': '11.15', 'learning_rate': '1.616e-05', 'epoch': '1.538'}
{'loss': '0.2217', 'grad_norm': '37.31', 'learning_rate': '1.614e-05', 'epoch': '1.544'}
{'loss': '0.181', 'grad_norm': '53', 'learning_rate': '1.613e-05', 'epoch': '1.55'}
{'loss': '0.2236', 'grad_norm': '30.31', 'learning_rate': '1.611e-05', 'epoch': '1.556'}
{'loss': '0.2029', 'grad_norm': '228.4', 'learning_rate': '1.61e-05', 'epoch': '1.562'}
{'loss': '0.1618', 'grad_norm': '148.8', 'learning_rate': '1.608e-05', 'epoch': '1.568'}
{'loss': '0.2221', 'grad_norm': '34.85', 'learning_rate': '1.607e-05', 'epoch': '1.574'}
{'loss': '0.1518', 'grad_norm': '15.01', 'learning_rate': '1.605e-05', 'epoch': '1.58'}
{'loss': '0.1907', 'grad_norm': '20.23', 'learning_rate': '1.604e-05', 'epoch': '1.586'}
{'loss': '0.1761', 'grad_norm': '40.25', 'learning_rate': '1.602e-05', 'epoch': '1.592'}
{'loss': '0.1967', 'grad_norm': '52.89', 'learning_rate': '1.601e-05', 'epoch': '1.598'}
{'loss': '0.1782', 'grad_norm': '20.17', 'learning_rate': '1.599e-05', 'epoch': '1.604'}
{'loss': '0.1669', 'grad_norm': '25.14', 'learning_rate': '1.598e-05', 'epoch': '1.61'}
{'loss': '0.2133', 'grad_norm': '110.8', 'learning_rate': '1.596e-05', 'epoch': '1.616'}
{'loss': '0.2046', 'grad_norm': '20.67', 'learning_rate': '1.595e-05', 'epoch': '1.622'}
{'loss': '0.1811', 'grad_norm': '13.89', 'learning_rate': '1.593e-05', 'epoch': '1.628'}
{'loss': '0.1781', 'grad_norm': '39.75', 'learning_rate': '1.592e-05', 'epoch': '1.634'}
{'loss': '0.1881', 'grad_norm': '25.66', 'learning_rate': '1.59e-05', 'epoch': '1.64'}
{'loss': '0.1951', 'grad_norm': '19.45', 'learning_rate': '1.589e-05', 'epoch': '1.646'}
{'loss': '0.2003', 'grad_norm': '15.91', 'learning_rate': '1.587e-05', 'epoch': '1.653'}
{'loss': '0.1641', 'grad_norm': '19.84', 'learning_rate': '1.586e-05', 'epoch': '1.659'}
{'loss': '0.1761', 'grad_norm': '32.94', 'learning_rate': '1.584e-05', 'epoch': '1.665'}
{'loss': '0.2304', 'grad_norm': '33.91', 'learning_rate': '1.582e-05', 'epoch': '1.671'}
{'loss': '0.1927', 'grad_norm': '26.13', 'learning_rate': '1.581e-05', 'epoch': '1.677'}
{'loss': '0.2153', 'grad_norm': '52.63', 'learning_rate': '1.579e-05', 'epoch': '1.683'}
{'loss': '0.1984', 'grad_norm': '18.24', 'learning_rate': '1.578e-05', 'epoch': '1.689'}
{'loss': '0.1607', 'grad_norm': '139.4', 'learning_rate': '1.576e-05', 'epoch': '1.695'}
{'loss': '0.1836', 'grad_norm': '11.42', 'learning_rate': '1.575e-05', 'epoch': '1.701'}
{'loss': '0.2348', 'grad_norm': '13.1', 'learning_rate': '1.573e-05', 'epoch': '1.707'}
{'loss': '0.1882', 'grad_norm': '66.29', 'learning_rate': '1.572e-05', 'epoch': '1.713'}
{'loss': '0.1653', 'grad_norm': '3.559', 'learning_rate': '1.57e-05', 'epoch': '1.719'}
{'loss': '0.1603', 'grad_norm': '25.69', 'learning_rate': '1.569e-05', 'epoch': '1.725'}
{'loss': '0.1488', 'grad_norm': '28.49', 'learning_rate': '1.567e-05', 'epoch': '1.731'}
{'loss': '0.149', 'grad_norm': '9.822', 'learning_rate': '1.566e-05', 'epoch': '1.737'}
{'loss': '0.147', 'grad_norm': '12.48', 'learning_rate': '1.564e-05', 'epoch': '1.743'}
{'loss': '0.1831', 'grad_norm': '11.39', 'learning_rate': '1.563e-05', 'epoch': '1.749'}
{'loss': '0.1905', 'grad_norm': '4.388', 'learning_rate': '1.561e-05', 'epoch': '1.755'}
{'loss': '0.2692', 'grad_norm': '22.63', 'learning_rate': '1.56e-05', 'epoch': '1.762'}
{'loss': '0.1304', 'grad_norm': '3.778', 'learning_rate': '1.558e-05', 'epoch': '1.768'}
{'loss': '0.1791', 'grad_norm': '29.68', 'learning_rate': '1.557e-05', 'epoch': '1.774'}
{'loss': '0.1886', 'grad_norm': '25.11', 'learning_rate': '1.555e-05', 'epoch': '1.78'}
{'loss': '0.1521', 'grad_norm': '18.73', 'learning_rate': '1.554e-05', 'epoch': '1.786'}
{'loss': '0.1911', 'grad_norm': '81.21', 'learning_rate': '1.552e-05', 'epoch': '1.792'}
{'loss': '0.1755', 'grad_norm': '42.52', 'learning_rate': '1.551e-05', 'epoch': '1.798'}
{'loss': '0.144', 'grad_norm': '8.308', 'learning_rate': '1.549e-05', 'epoch': '1.804'}
{'loss': '0.1848', 'grad_norm': '148.9', 'learning_rate': '1.548e-05', 'epoch': '1.81'}
{'loss': '0.141', 'grad_norm': '11.43', 'learning_rate': '1.546e-05', 'epoch': '1.816'}
{'loss': '0.1896', 'grad_norm': '27.48', 'learning_rate': '1.545e-05', 'epoch': '1.822'}
{'loss': '0.1493', 'grad_norm': '13.89', 'learning_rate': '1.543e-05', 'epoch': '1.828'}
{'loss': '0.1743', 'grad_norm': '25.78', 'learning_rate': '1.542e-05', 'epoch': '1.834'}
{'loss': '0.1733', 'grad_norm': '23.35', 'learning_rate': '1.54e-05', 'epoch': '1.84'}
{'loss': '0.1352', 'grad_norm': '19.87', 'learning_rate': '1.539e-05', 'epoch': '1.846'}
{'loss': '0.1164', 'grad_norm': '12.64', 'learning_rate': '1.537e-05', 'epoch': '1.852'}
{'loss': '0.1907', 'grad_norm': '23.12', 'learning_rate': '1.536e-05', 'epoch': '1.858'}
{'loss': '0.1651', 'grad_norm': '20.16', 'learning_rate': '1.534e-05', 'epoch': '1.864'}
{'loss': '0.1919', 'grad_norm': '14.42', 'learning_rate': '1.533e-05', 'epoch': '1.87'}
{'loss': '0.1862', 'grad_norm': '5.821', 'learning_rate': '1.531e-05', 'epoch': '1.877'}
{'loss': '0.1335', 'grad_norm': '37.95', 'learning_rate': '1.53e-05', 'epoch': '1.883'}
{'loss': '0.148', 'grad_norm': '24.97', 'learning_rate': '1.528e-05', 'epoch': '1.889'}
{'loss': '0.1166', 'grad_norm': '20.87', 'learning_rate': '1.526e-05', 'epoch': '1.895'}
{'loss': '0.128', 'grad_norm': '7.345', 'learning_rate': '1.525e-05', 'epoch': '1.901'}
{'loss': '0.1638', 'grad_norm': '17.01', 'learning_rate': '1.523e-05', 'epoch': '1.907'}
{'loss': '0.1223', 'grad_norm': '7.202', 'learning_rate': '1.522e-05', 'epoch': '1.913'}
{'loss': '0.1892', 'grad_norm': '21.13', 'learning_rate': '1.52e-05', 'epoch': '1.919'}
{'loss': '0.1443', 'grad_norm': '3.235', 'learning_rate': '1.519e-05', 'epoch': '1.925'}
{'loss': '0.1623', 'grad_norm': '26.94', 'learning_rate': '1.517e-05', 'epoch': '1.931'}
{'loss': '0.1748', 'grad_norm': '28.04', 'learning_rate': '1.516e-05', 'epoch': '1.937'}
{'loss': '0.175', 'grad_norm': '34.51', 'learning_rate': '1.514e-05', 'epoch': '1.943'}
{'loss': '0.1692', 'grad_norm': '7.953', 'learning_rate': '1.513e-05', 'epoch': '1.949'}
{'loss': '0.1336', 'grad_norm': '43.67', 'learning_rate': '1.511e-05', 'epoch': '1.955'}
{'loss': '0.1288', 'grad_norm': '40.26', 'learning_rate': '1.51e-05', 'epoch': '1.961'}
{'loss': '0.1997', 'grad_norm': '13.78', 'learning_rate': '1.508e-05', 'epoch': '1.967'}
{'loss': '0.1711', 'grad_norm': '25.41', 'learning_rate': '1.507e-05', 'epoch': '1.973'}
{'loss': '0.1008', 'grad_norm': '26.99', 'learning_rate': '1.505e-05', 'epoch': '1.979'}
{'loss': '0.1636', 'grad_norm': '15.47', 'learning_rate': '1.504e-05', 'epoch': '1.985'}
{'loss': '0.1891', 'grad_norm': '19.43', 'learning_rate': '1.502e-05', 'epoch': '1.992'}
{'loss': '0.1327', 'grad_norm': '12.04', 'learning_rate': '1.501e-05', 'epoch': '1.998'}
{'eval_loss': '0.5025', 'eval_accuracy': '0.8737', 'eval_precision': '0.8856', 'eval_recall': '0.8736', 'eval_f1': '0.8795', 'eval_runtime': '11.94', 'eval_samples_per_second': '1067', 'eval_steps_per_second': '16.67', 'epoch': '2'}
{'loss': '0.1857', 'grad_norm': '11.72', 'learning_rate': '1.499e-05', 'epoch': '2.004'}
{'loss': '0.1147', 'grad_norm': '35.58', 'learning_rate': '1.498e-05', 'epoch': '2.01'}
{'loss': '0.1303', 'grad_norm': '32.55', 'learning_rate': '1.496e-05', 'epoch': '2.016'}
{'loss': '0.1794', 'grad_norm': '205.5', 'learning_rate': '1.495e-05', 'epoch': '2.022'}
{'loss': '0.1282', 'grad_norm': '10.73', 'learning_rate': '1.493e-05', 'epoch': '2.028'}
{'loss': '0.1703', 'grad_norm': '15.84', 'learning_rate': '1.492e-05', 'epoch': '2.034'}
{'loss': '0.192', 'grad_norm': '7.452', 'learning_rate': '1.49e-05', 'epoch': '2.04'}
{'loss': '0.1884', 'grad_norm': '13.01', 'learning_rate': '1.489e-05', 'epoch': '2.046'}
{'loss': '0.1597', 'grad_norm': '7.044', 'learning_rate': '1.487e-05', 'epoch': '2.052'}
{'loss': '0.1582', 'grad_norm': '35.69', 'learning_rate': '1.486e-05', 'epoch': '2.058'}
{'loss': '0.1173', 'grad_norm': '16.85', 'learning_rate': '1.484e-05', 'epoch': '2.064'}
{'loss': '0.1631', 'grad_norm': '7.226', 'learning_rate': '1.483e-05', 'epoch': '2.07'}
{'loss': '0.1506', 'grad_norm': '27.47', 'learning_rate': '1.481e-05', 'epoch': '2.076'}
{'loss': '0.1082', 'grad_norm': '12.49', 'learning_rate': '1.48e-05', 'epoch': '2.082'}
{'loss': '0.1076', 'grad_norm': '21.1', 'learning_rate': '1.478e-05', 'epoch': '2.088'}
{'loss': '0.1255', 'grad_norm': '5.491', 'learning_rate': '1.477e-05', 'epoch': '2.094'}
{'loss': '0.127', 'grad_norm': '15.52', 'learning_rate': '1.475e-05', 'epoch': '2.1'}
{'loss': '0.1133', 'grad_norm': '15.67', 'learning_rate': '1.474e-05', 'epoch': '2.107'}
{'loss': '0.1187', 'grad_norm': '38.39', 'learning_rate': '1.472e-05', 'epoch': '2.113'}
{'loss': '0.1223', 'grad_norm': '58.7', 'learning_rate': '1.47e-05', 'epoch': '2.119'}
{'loss': '0.2003', 'grad_norm': '4.778', 'learning_rate': '1.469e-05', 'epoch': '2.125'}
{'loss': '0.1386', 'grad_norm': '22.12', 'learning_rate': '1.467e-05', 'epoch': '2.131'}
{'loss': '0.1326', 'grad_norm': '31.02', 'learning_rate': '1.466e-05', 'epoch': '2.137'}
{'loss': '0.1392', 'grad_norm': '58.57', 'learning_rate': '1.464e-05', 'epoch': '2.143'}
{'loss': '0.1306', 'grad_norm': '19.6', 'learning_rate': '1.463e-05', 'epoch': '2.149'}
{'loss': '0.16', 'grad_norm': '10.09', 'learning_rate': '1.461e-05', 'epoch': '2.155'}
{'loss': '0.1331', 'grad_norm': '6.125', 'learning_rate': '1.46e-05', 'epoch': '2.161'}
{'loss': '0.1177', 'grad_norm': '5.196', 'learning_rate': '1.458e-05', 'epoch': '2.167'}
{'loss': '0.09301', 'grad_norm': '47.87', 'learning_rate': '1.457e-05', 'epoch': '2.173'}
{'loss': '0.1467', 'grad_norm': '9.116', 'learning_rate': '1.455e-05', 'epoch': '2.179'}
{'loss': '0.1028', 'grad_norm': '10.12', 'learning_rate': '1.454e-05', 'epoch': '2.185'}
{'loss': '0.1605', 'grad_norm': '33.03', 'learning_rate': '1.452e-05', 'epoch': '2.191'}
{'loss': '0.1687', 'grad_norm': '44.2', 'learning_rate': '1.451e-05', 'epoch': '2.197'}
{'loss': '0.08196', 'grad_norm': '9.314', 'learning_rate': '1.449e-05', 'epoch': '2.203'}
{'loss': '0.1141', 'grad_norm': '28.71', 'learning_rate': '1.448e-05', 'epoch': '2.209'}
{'loss': '0.1056', 'grad_norm': '91.18', 'learning_rate': '1.446e-05', 'epoch': '2.215'}
{'loss': '0.1268', 'grad_norm': '26.47', 'learning_rate': '1.445e-05', 'epoch': '2.222'}
{'loss': '0.1544', 'grad_norm': '104.2', 'learning_rate': '1.443e-05', 'epoch': '2.228'}
{'loss': '0.1239', 'grad_norm': '8.562', 'learning_rate': '1.442e-05', 'epoch': '2.234'}
{'loss': '0.1161', 'grad_norm': '15.19', 'learning_rate': '1.44e-05', 'epoch': '2.24'}
{'loss': '0.1263', 'grad_norm': '16', 'learning_rate': '1.439e-05', 'epoch': '2.246'}
{'loss': '0.09249', 'grad_norm': '35', 'learning_rate': '1.437e-05', 'epoch': '2.252'}
{'loss': '0.117', 'grad_norm': '16.95', 'learning_rate': '1.436e-05', 'epoch': '2.258'}
{'loss': '0.1462', 'grad_norm': '5.404', 'learning_rate': '1.434e-05', 'epoch': '2.264'}
{'loss': '0.2058', 'grad_norm': '13.02', 'learning_rate': '1.433e-05', 'epoch': '2.27'}
{'loss': '0.1132', 'grad_norm': '11.21', 'learning_rate': '1.431e-05', 'epoch': '2.276'}
{'loss': '0.1596', 'grad_norm': '35.87', 'learning_rate': '1.43e-05', 'epoch': '2.282'}
{'loss': '0.09436', 'grad_norm': '13.71', 'learning_rate': '1.428e-05', 'epoch': '2.288'}
{'loss': '0.1177', 'grad_norm': '9.771', 'learning_rate': '1.427e-05', 'epoch': '2.294'}
{'loss': '0.1471', 'grad_norm': '46.93', 'learning_rate': '1.425e-05', 'epoch': '2.3'}
{'loss': '0.1486', 'grad_norm': '35.59', 'learning_rate': '1.424e-05', 'epoch': '2.306'}
{'loss': '0.133', 'grad_norm': '7.961', 'learning_rate': '1.422e-05', 'epoch': '2.312'}
{'loss': '0.1241', 'grad_norm': '10.07', 'learning_rate': '1.421e-05', 'epoch': '2.318'}
{'loss': '0.09937', 'grad_norm': '7.226', 'learning_rate': '1.419e-05', 'epoch': '2.324'}
{'loss': '0.121', 'grad_norm': '6.079', 'learning_rate': '1.418e-05', 'epoch': '2.331'}
{'loss': '0.1094', 'grad_norm': '62.23', 'learning_rate': '1.416e-05', 'epoch': '2.337'}
{'loss': '0.1215', 'grad_norm': '15.98', 'learning_rate': '1.414e-05', 'epoch': '2.343'}
{'loss': '0.1139', 'grad_norm': '8.591', 'learning_rate': '1.413e-05', 'epoch': '2.349'}
{'loss': '0.1242', 'grad_norm': '4.3', 'learning_rate': '1.411e-05', 'epoch': '2.355'}
{'loss': '0.1006', 'grad_norm': '24.7', 'learning_rate': '1.41e-05', 'epoch': '2.361'}
{'loss': '0.1829', 'grad_norm': '21.29', 'learning_rate': '1.408e-05', 'epoch': '2.367'}
{'loss': '0.1323', 'grad_norm': '7.134', 'learning_rate': '1.407e-05', 'epoch': '2.373'}
{'loss': '0.1144', 'grad_norm': '31.95', 'learning_rate': '1.405e-05', 'epoch': '2.379'}
{'loss': '0.1148', 'grad_norm': '4.466', 'learning_rate': '1.404e-05', 'epoch': '2.385'}
{'loss': '0.1811', 'grad_norm': '27.23', 'learning_rate': '1.402e-05', 'epoch': '2.391'}
{'loss': '0.158', 'grad_norm': '9.833', 'learning_rate': '1.401e-05', 'epoch': '2.397'}
{'loss': '0.06717', 'grad_norm': '1.384', 'learning_rate': '1.399e-05', 'epoch': '2.403'}
{'loss': '0.1686', 'grad_norm': '13.55', 'learning_rate': '1.398e-05', 'epoch': '2.409'}
{'loss': '0.1039', 'grad_norm': '9.441', 'learning_rate': '1.396e-05', 'epoch': '2.415'}
{'loss': '0.1021', 'grad_norm': '10.1', 'learning_rate': '1.395e-05', 'epoch': '2.421'}
{'loss': '0.1253', 'grad_norm': '27.72', 'learning_rate': '1.393e-05', 'epoch': '2.427'}
{'loss': '0.05532', 'grad_norm': '12.23', 'learning_rate': '1.392e-05', 'epoch': '2.433'}
{'loss': '0.06372', 'grad_norm': '6.662', 'learning_rate': '1.39e-05', 'epoch': '2.439'}
{'loss': '0.1241', 'grad_norm': '8.854', 'learning_rate': '1.389e-05', 'epoch': '2.446'}
{'loss': '0.1127', 'grad_norm': '6.039', 'learning_rate': '1.387e-05', 'epoch': '2.452'}
{'loss': '0.1083', 'grad_norm': '7.668', 'learning_rate': '1.386e-05', 'epoch': '2.458'}
{'loss': '0.09635', 'grad_norm': '16.98', 'learning_rate': '1.384e-05', 'epoch': '2.464'}
{'loss': '0.09796', 'grad_norm': '9.27', 'learning_rate': '1.383e-05', 'epoch': '2.47'}
{'loss': '0.101', 'grad_norm': '11', 'learning_rate': '1.381e-05', 'epoch': '2.476'}
{'loss': '0.06125', 'grad_norm': '6.86', 'learning_rate': '1.38e-05', 'epoch': '2.482'}
{'loss': '0.09349', 'grad_norm': '17.79', 'learning_rate': '1.378e-05', 'epoch': '2.488'}
{'loss': '0.105', 'grad_norm': '34.91', 'learning_rate': '1.377e-05', 'epoch': '2.494'}
{'loss': '0.1364', 'grad_norm': '6.266', 'learning_rate': '1.375e-05', 'epoch': '2.5'}
{'loss': '0.1041', 'grad_norm': '6.098', 'learning_rate': '1.374e-05', 'epoch': '2.506'}
{'loss': '0.0904', 'grad_norm': '10.59', 'learning_rate': '1.372e-05', 'epoch': '2.512'}
{'loss': '0.08041', 'grad_norm': '8.84', 'learning_rate': '1.371e-05', 'epoch': '2.518'}
{'loss': '0.1534', 'grad_norm': '16.4', 'learning_rate': '1.369e-05', 'epoch': '2.524'}
{'loss': '0.1976', 'grad_norm': '26.28', 'learning_rate': '1.368e-05', 'epoch': '2.53'}
{'loss': '0.09512', 'grad_norm': '37.52', 'learning_rate': '1.366e-05', 'epoch': '2.536'}
{'loss': '0.1174', 'grad_norm': '4.8', 'learning_rate': '1.365e-05', 'epoch': '2.542'}
{'loss': '0.09675', 'grad_norm': '47.53', 'learning_rate': '1.363e-05', 'epoch': '2.548'}
{'loss': '0.1248', 'grad_norm': '8.4', 'learning_rate': '1.362e-05', 'epoch': '2.554'}
{'loss': '0.09734', 'grad_norm': '13.46', 'learning_rate': '1.36e-05', 'epoch': '2.561'}
{'loss': '0.1478', 'grad_norm': '8.599', 'learning_rate': '1.359e-05', 'epoch': '2.567'}
{'loss': '0.08595', 'grad_norm': '5.132', 'learning_rate': '1.357e-05', 'epoch': '2.573'}
{'loss': '0.08622', 'grad_norm': '9.787', 'learning_rate': '1.355e-05', 'epoch': '2.579'}
{'loss': '0.1102', 'grad_norm': '111.5', 'learning_rate': '1.354e-05', 'epoch': '2.585'}
{'loss': '0.105', 'grad_norm': '37.52', 'learning_rate': '1.352e-05', 'epoch': '2.591'}
{'loss': '0.106', 'grad_norm': '6.243', 'learning_rate': '1.351e-05', 'epoch': '2.597'}
{'loss': '0.1228', 'grad_norm': '12.83', 'learning_rate': '1.349e-05', 'epoch': '2.603'}
{'loss': '0.1421', 'grad_norm': '16', 'learning_rate': '1.348e-05', 'epoch': '2.609'}
{'loss': '0.1468', 'grad_norm': '12.9', 'learning_rate': '1.346e-05', 'epoch': '2.615'}
{'loss': '0.07939', 'grad_norm': '14.49', 'learning_rate': '1.345e-05', 'epoch': '2.621'}
{'loss': '0.07277', 'grad_norm': '3.978', 'learning_rate': '1.343e-05', 'epoch': '2.627'}
{'loss': '0.1652', 'grad_norm': '21.09', 'learning_rate': '1.342e-05', 'epoch': '2.633'}
{'loss': '0.09538', 'grad_norm': '0.9665', 'learning_rate': '1.34e-05', 'epoch': '2.639'}
{'loss': '0.1059', 'grad_norm': '75.63', 'learning_rate': '1.339e-05', 'epoch': '2.645'}
{'loss': '0.1105', 'grad_norm': '1.587', 'learning_rate': '1.337e-05', 'epoch': '2.651'}
{'loss': '0.06068', 'grad_norm': '6.945', 'learning_rate': '1.336e-05', 'epoch': '2.657'}
{'loss': '0.1545', 'grad_norm': '63.12', 'learning_rate': '1.334e-05', 'epoch': '2.663'}
{'loss': '0.1221', 'grad_norm': '8.929', 'learning_rate': '1.333e-05', 'epoch': '2.669'}
{'loss': '0.1138', 'grad_norm': '23.87', 'learning_rate': '1.331e-05', 'epoch': '2.676'}
{'loss': '0.1161', 'grad_norm': '2.036', 'learning_rate': '1.33e-05', 'epoch': '2.682'}
{'loss': '0.1054', 'grad_norm': '17.6', 'learning_rate': '1.328e-05', 'epoch': '2.688'}
{'loss': '0.07921', 'grad_norm': '12.55', 'learning_rate': '1.327e-05', 'epoch': '2.694'}
{'loss': '0.1103', 'grad_norm': '5.601', 'learning_rate': '1.325e-05', 'epoch': '2.7'}
{'loss': '0.07706', 'grad_norm': '9.985', 'learning_rate': '1.324e-05', 'epoch': '2.706'}
{'loss': '0.1049', 'grad_norm': '9.94', 'learning_rate': '1.322e-05', 'epoch': '2.712'}
{'loss': '0.1119', 'grad_norm': '19.78', 'learning_rate': '1.321e-05', 'epoch': '2.718'}
{'loss': '0.098', 'grad_norm': '11.06', 'learning_rate': '1.319e-05', 'epoch': '2.724'}
{'loss': '0.1086', 'grad_norm': '7.662', 'learning_rate': '1.318e-05', 'epoch': '2.73'}
{'loss': '0.1242', 'grad_norm': '5.851', 'learning_rate': '1.316e-05', 'epoch': '2.736'}
{'loss': '0.1235', 'grad_norm': '30.49', 'learning_rate': '1.315e-05', 'epoch': '2.742'}
{'loss': '0.09592', 'grad_norm': '2.15', 'learning_rate': '1.313e-05', 'epoch': '2.748'}
{'loss': '0.1119', 'grad_norm': '11.28', 'learning_rate': '1.312e-05', 'epoch': '2.754'}
{'loss': '0.07067', 'grad_norm': '66.54', 'learning_rate': '1.31e-05', 'epoch': '2.76'}
{'loss': '0.08819', 'grad_norm': '5.659', 'learning_rate': '1.309e-05', 'epoch': '2.766'}
{'loss': '0.11', 'grad_norm': '2.973', 'learning_rate': '1.307e-05', 'epoch': '2.772'}
{'loss': '0.08386', 'grad_norm': '14.86', 'learning_rate': '1.306e-05', 'epoch': '2.778'}
{'loss': '0.05304', 'grad_norm': '25.46', 'learning_rate': '1.304e-05', 'epoch': '2.785'}
{'loss': '0.07346', 'grad_norm': '26.41', 'learning_rate': '1.303e-05', 'epoch': '2.791'}
{'loss': '0.1299', 'grad_norm': '17.04', 'learning_rate': '1.301e-05', 'epoch': '2.797'}
{'loss': '0.1246', 'grad_norm': '11.24', 'learning_rate': '1.299e-05', 'epoch': '2.803'}
{'loss': '0.07082', 'grad_norm': '26.54', 'learning_rate': '1.298e-05', 'epoch': '2.809'}
{'loss': '0.0478', 'grad_norm': '1.031', 'learning_rate': '1.296e-05', 'epoch': '2.815'}
{'loss': '0.1091', 'grad_norm': '16.56', 'learning_rate': '1.295e-05', 'epoch': '2.821'}
{'loss': '0.1173', 'grad_norm': '2.669', 'learning_rate': '1.293e-05', 'epoch': '2.827'}
{'loss': '0.08188', 'grad_norm': '8.898', 'learning_rate': '1.292e-05', 'epoch': '2.833'}
{'loss': '0.08477', 'grad_norm': '5.186', 'learning_rate': '1.29e-05', 'epoch': '2.839'}
{'loss': '0.08358', 'grad_norm': '39.36', 'learning_rate': '1.289e-05', 'epoch': '2.845'}
{'loss': '0.1393', 'grad_norm': '17.24', 'learning_rate': '1.287e-05', 'epoch': '2.851'}
{'loss': '0.05564', 'grad_norm': '9.366', 'learning_rate': '1.286e-05', 'epoch': '2.857'}
{'loss': '0.08909', 'grad_norm': '22.85', 'learning_rate': '1.284e-05', 'epoch': '2.863'}
{'loss': '0.153', 'grad_norm': '8.15', 'learning_rate': '1.283e-05', 'epoch': '2.869'}
{'loss': '0.05565', 'grad_norm': '19.28', 'learning_rate': '1.281e-05', 'epoch': '2.875'}
{'loss': '0.1481', 'grad_norm': '16.79', 'learning_rate': '1.28e-05', 'epoch': '2.881'}
{'loss': '0.05596', 'grad_norm': '20.41', 'learning_rate': '1.278e-05', 'epoch': '2.887'}
{'loss': '0.1168', 'grad_norm': '23.03', 'learning_rate': '1.277e-05', 'epoch': '2.893'}
{'loss': '0.06018', 'grad_norm': '12.15', 'learning_rate': '1.275e-05', 'epoch': '2.9'}
{'loss': '0.05161', 'grad_norm': '12.3', 'learning_rate': '1.274e-05', 'epoch': '2.906'}
{'loss': '0.03461', 'grad_norm': '2.251', 'learning_rate': '1.272e-05', 'epoch': '2.912'}
{'loss': '0.07685', 'grad_norm': '0.478', 'learning_rate': '1.271e-05', 'epoch': '2.918'}
{'loss': '0.11', 'grad_norm': '12.55', 'learning_rate': '1.269e-05', 'epoch': '2.924'}
{'loss': '0.1115', 'grad_norm': '34.65', 'learning_rate': '1.268e-05', 'epoch': '2.93'}
{'loss': '0.1301', 'grad_norm': '12.31', 'learning_rate': '1.266e-05', 'epoch': '2.936'}
{'loss': '0.03715', 'grad_norm': '0.6245', 'learning_rate': '1.265e-05', 'epoch': '2.942'}
{'loss': '0.1413', 'grad_norm': '131', 'learning_rate': '1.263e-05', 'epoch': '2.948'}
{'loss': '0.08435', 'grad_norm': '9.193', 'learning_rate': '1.262e-05', 'epoch': '2.954'}
{'loss': '0.09755', 'grad_norm': '10.64', 'learning_rate': '1.26e-05', 'epoch': '2.96'}
{'loss': '0.1016', 'grad_norm': '12.87', 'learning_rate': '1.259e-05', 'epoch': '2.966'}
{'loss': '0.1448', 'grad_norm': '7.289', 'learning_rate': '1.257e-05', 'epoch': '2.972'}
{'loss': '0.07274', 'grad_norm': '8.686', 'learning_rate': '1.256e-05', 'epoch': '2.978'}
{'loss': '0.1142', 'grad_norm': '7.646', 'learning_rate': '1.254e-05', 'epoch': '2.984'}
{'loss': '0.07397', 'grad_norm': '20.87', 'learning_rate': '1.253e-05', 'epoch': '2.99'}
{'loss': '0.09792', 'grad_norm': '10.88', 'learning_rate': '1.251e-05', 'epoch': '2.996'}
{'eval_loss': '0.8255', 'eval_accuracy': '0.8614', 'eval_precision': '0.8794', 'eval_recall': '0.8547', 'eval_f1': '0.8669', 'eval_runtime': '11.78', 'eval_samples_per_second': '1081', 'eval_steps_per_second': '16.89', 'epoch': '3'}
{'loss': '0.09387', 'grad_norm': '249.8', 'learning_rate': '1.25e-05', 'epoch': '3.002'}
{'loss': '0.06365', 'grad_norm': '1.574', 'learning_rate': '1.248e-05', 'epoch': '3.008'}
{'loss': '0.04314', 'grad_norm': '11.36', 'learning_rate': '1.247e-05', 'epoch': '3.015'}
{'loss': '0.08091', 'grad_norm': '33.47', 'learning_rate': '1.245e-05', 'epoch': '3.021'}
{'loss': '0.1485', 'grad_norm': '31.93', 'learning_rate': '1.243e-05', 'epoch': '3.027'}
{'loss': '0.1407', 'grad_norm': '13.19', 'learning_rate': '1.242e-05', 'epoch': '3.033'}
{'loss': '0.05307', 'grad_norm': '35.69', 'learning_rate': '1.24e-05', 'epoch': '3.039'}
{'loss': '0.1073', 'grad_norm': '16.48', 'learning_rate': '1.239e-05', 'epoch': '3.045'}
{'loss': '0.04655', 'grad_norm': '0.3912', 'learning_rate': '1.237e-05', 'epoch': '3.051'}
{'loss': '0.1018', 'grad_norm': '2.829', 'learning_rate': '1.236e-05', 'epoch': '3.057'}
{'loss': '0.06582', 'grad_norm': '3.33', 'learning_rate': '1.234e-05', 'epoch': '3.063'}
{'loss': '0.07925', 'grad_norm': '29.64', 'learning_rate': '1.233e-05', 'epoch': '3.069'}
{'loss': '0.06003', 'grad_norm': '113.6', 'learning_rate': '1.231e-05', 'epoch': '3.075'}
{'loss': '0.1214', 'grad_norm': '70.69', 'learning_rate': '1.23e-05', 'epoch': '3.081'}
{'loss': '0.1084', 'grad_norm': '15.6', 'learning_rate': '1.228e-05', 'epoch': '3.087'}
{'loss': '0.1031', 'grad_norm': '2.444', 'learning_rate': '1.227e-05', 'epoch': '3.093'}
{'loss': '0.08834', 'grad_norm': '1.996', 'learning_rate': '1.225e-05', 'epoch': '3.099'}
{'loss': '0.01579', 'grad_norm': '7.604', 'learning_rate': '1.224e-05', 'epoch': '3.105'}
{'loss': '0.1489', 'grad_norm': '88.92', 'learning_rate': '1.222e-05', 'epoch': '3.111'}
{'loss': '0.07087', 'grad_norm': '0.1213', 'learning_rate': '1.221e-05', 'epoch': '3.117'}
{'loss': '0.1011', 'grad_norm': '9.563', 'learning_rate': '1.219e-05', 'epoch': '3.123'}
{'loss': '0.07669', 'grad_norm': '4.43', 'learning_rate': '1.218e-05', 'epoch': '3.13'}
{'loss': '0.1067', 'grad_norm': '12.46', 'learning_rate': '1.216e-05', 'epoch': '3.136'}
{'loss': '0.1718', 'grad_norm': '7.647', 'learning_rate': '1.215e-05', 'epoch': '3.142'}
{'loss': '0.07736', 'grad_norm': '4.644', 'learning_rate': '1.213e-05', 'epoch': '3.148'}
{'loss': '0.07939', 'grad_norm': '6.291', 'learning_rate': '1.212e-05', 'epoch': '3.154'}
{'loss': '0.07002', 'grad_norm': '24.21', 'learning_rate': '1.21e-05', 'epoch': '3.16'}
{'loss': '0.06021', 'grad_norm': '45.56', 'learning_rate': '1.209e-05', 'epoch': '3.166'}
{'loss': '0.1277', 'grad_norm': '11.16', 'learning_rate': '1.207e-05', 'epoch': '3.172'}
{'loss': '0.04932', 'grad_norm': '9.018', 'learning_rate': '1.206e-05', 'epoch': '3.178'}
{'loss': '0.1031', 'grad_norm': '10.82', 'learning_rate': '1.204e-05', 'epoch': '3.184'}
{'loss': '0.1139', 'grad_norm': '23.51', 'learning_rate': '1.203e-05', 'epoch': '3.19'}
{'loss': '0.09599', 'grad_norm': '13.09', 'learning_rate': '1.201e-05', 'epoch': '3.196'}
{'loss': '0.05611', 'grad_norm': '1.376', 'learning_rate': '1.2e-05', 'epoch': '3.202'}
{'loss': '0.07287', 'grad_norm': '18.74', 'learning_rate': '1.198e-05', 'epoch': '3.208'}
{'loss': '0.08589', 'grad_norm': '0.9289', 'learning_rate': '1.197e-05', 'epoch': '3.214'}
{'loss': '0.09855', 'grad_norm': '7.162', 'learning_rate': '1.195e-05', 'epoch': '3.22'}
{'loss': '0.1038', 'grad_norm': '3.836', 'learning_rate': '1.194e-05', 'epoch': '3.226'}
{'loss': '0.08933', 'grad_norm': '3.673', 'learning_rate': '1.192e-05', 'epoch': '3.232'}
{'loss': '0.06554', 'grad_norm': '16.72', 'learning_rate': '1.191e-05', 'epoch': '3.238'}
{'loss': '0.05245', 'grad_norm': '1.376', 'learning_rate': '1.189e-05', 'epoch': '3.245'}
{'loss': '0.08424', 'grad_norm': '4.01', 'learning_rate': '1.188e-05', 'epoch': '3.251'}
{'loss': '0.05867', 'grad_norm': '4.015', 'learning_rate': '1.186e-05', 'epoch': '3.257'}
{'loss': '0.0896', 'grad_norm': '5.334', 'learning_rate': '1.184e-05', 'epoch': '3.263'}
{'loss': '0.05039', 'grad_norm': '42.03', 'learning_rate': '1.183e-05', 'epoch': '3.269'}
{'loss': '0.1077', 'grad_norm': '11.82', 'learning_rate': '1.181e-05', 'epoch': '3.275'}
{'loss': '0.05779', 'grad_norm': '1.774', 'learning_rate': '1.18e-05', 'epoch': '3.281'}
{'loss': '0.09483', 'grad_norm': '9.355', 'learning_rate': '1.178e-05', 'epoch': '3.287'}
{'loss': '0.09311', 'grad_norm': '12.3', 'learning_rate': '1.177e-05', 'epoch': '3.293'}
{'loss': '0.04985', 'grad_norm': '2.403', 'learning_rate': '1.175e-05', 'epoch': '3.299'}
{'loss': '0.08742', 'grad_norm': '9.087', 'learning_rate': '1.174e-05', 'epoch': '3.305'}
{'loss': '0.06163', 'grad_norm': '12.38', 'learning_rate': '1.172e-05', 'epoch': '3.311'}
{'loss': '0.07417', 'grad_norm': '3.931', 'learning_rate': '1.171e-05', 'epoch': '3.317'}
{'loss': '0.06003', 'grad_norm': '10.98', 'learning_rate': '1.169e-05', 'epoch': '3.323'}
{'loss': '0.08771', 'grad_norm': '1.269', 'learning_rate': '1.168e-05', 'epoch': '3.329'}
{'loss': '0.1266', 'grad_norm': '3.47', 'learning_rate': '1.166e-05', 'epoch': '3.335'}
{'loss': '0.1393', 'grad_norm': '1.158', 'learning_rate': '1.165e-05', 'epoch': '3.341'}
{'loss': '0.06211', 'grad_norm': '6.047', 'learning_rate': '1.163e-05', 'epoch': '3.347'}
{'loss': '0.1435', 'grad_norm': '8.785', 'learning_rate': '1.162e-05', 'epoch': '3.354'}
{'loss': '0.08183', 'grad_norm': '14.95', 'learning_rate': '1.16e-05', 'epoch': '3.36'}
{'loss': '0.1558', 'grad_norm': '9.43', 'learning_rate': '1.159e-05', 'epoch': '3.366'}
{'loss': '0.09542', 'grad_norm': '3.019', 'learning_rate': '1.157e-05', 'epoch': '3.372'}
{'loss': '0.04433', 'grad_norm': '29.36', 'learning_rate': '1.156e-05', 'epoch': '3.378'}
{'loss': '0.05094', 'grad_norm': '2.317', 'learning_rate': '1.154e-05', 'epoch': '3.384'}
{'loss': '0.07248', 'grad_norm': '9.083', 'learning_rate': '1.153e-05', 'epoch': '3.39'}
{'loss': '0.07171', 'grad_norm': '10.64', 'learning_rate': '1.151e-05', 'epoch': '3.396'}
{'loss': '0.08996', 'grad_norm': '8.354', 'learning_rate': '1.15e-05', 'epoch': '3.402'}
{'loss': '0.08757', 'grad_norm': '0.09422', 'learning_rate': '1.148e-05', 'epoch': '3.408'}
{'loss': '0.06181', 'grad_norm': '23.58', 'learning_rate': '1.147e-05', 'epoch': '3.414'}
{'loss': '0.09875', 'grad_norm': '1.943', 'learning_rate': '1.145e-05', 'epoch': '3.42'}
{'loss': '0.05381', 'grad_norm': '15.97', 'learning_rate': '1.144e-05', 'epoch': '3.426'}
{'loss': '0.1033', 'grad_norm': '2.303', 'learning_rate': '1.142e-05', 'epoch': '3.432'}
{'loss': '0.122', 'grad_norm': '11.44', 'learning_rate': '1.141e-05', 'epoch': '3.438'}
{'loss': '0.05852', 'grad_norm': '1.344', 'learning_rate': '1.139e-05', 'epoch': '3.444'}
{'loss': '0.08435', 'grad_norm': '51.44', 'learning_rate': '1.138e-05', 'epoch': '3.45'}
{'loss': '0.07287', 'grad_norm': '0.04808', 'learning_rate': '1.136e-05', 'epoch': '3.456'}
{'loss': '0.09215', 'grad_norm': '5.697', 'learning_rate': '1.135e-05', 'epoch': '3.462'}
{'loss': '0.0616', 'grad_norm': '9.264', 'learning_rate': '1.133e-05', 'epoch': '3.469'}
{'loss': '0.09797', 'grad_norm': '1.56', 'learning_rate': '1.132e-05', 'epoch': '3.475'}
{'loss': '0.1014', 'grad_norm': '22.09', 'learning_rate': '1.13e-05', 'epoch': '3.481'}
{'loss': '0.0681', 'grad_norm': '1.454', 'learning_rate': '1.128e-05', 'epoch': '3.487'}
{'loss': '0.05011', 'grad_norm': '2.94', 'learning_rate': '1.127e-05', 'epoch': '3.493'}
{'loss': '0.07323', 'grad_norm': '0.6341', 'learning_rate': '1.125e-05', 'epoch': '3.499'}
{'loss': '0.1204', 'grad_norm': '11.46', 'learning_rate': '1.124e-05', 'epoch': '3.505'}
{'loss': '0.08348', 'grad_norm': '8.138', 'learning_rate': '1.122e-05', 'epoch': '3.511'}
{'loss': '0.07123', 'grad_norm': '2.856', 'learning_rate': '1.121e-05', 'epoch': '3.517'}
{'loss': '0.1364', 'grad_norm': '67.39', 'learning_rate': '1.119e-05', 'epoch': '3.523'}
{'loss': '0.07367', 'grad_norm': '5.12', 'learning_rate': '1.118e-05', 'epoch': '3.529'}
{'loss': '0.1059', 'grad_norm': '3.85', 'learning_rate': '1.116e-05', 'epoch': '3.535'}
{'loss': '0.03597', 'grad_norm': '0.5109', 'learning_rate': '1.115e-05', 'epoch': '3.541'}
{'loss': '0.09027', 'grad_norm': '11.67', 'learning_rate': '1.113e-05', 'epoch': '3.547'}
{'loss': '0.06523', 'grad_norm': '3.928', 'learning_rate': '1.112e-05', 'epoch': '3.553'}
{'loss': '0.08542', 'grad_norm': '5.975', 'learning_rate': '1.11e-05', 'epoch': '3.559'}
{'loss': '0.07314', 'grad_norm': '5.951', 'learning_rate': '1.109e-05', 'epoch': '3.565'}
{'loss': '0.09758', 'grad_norm': '36.52', 'learning_rate': '1.107e-05', 'epoch': '3.571'}
{'loss': '0.05398', 'grad_norm': '0.5849', 'learning_rate': '1.106e-05', 'epoch': '3.577'}
{'loss': '0.0845', 'grad_norm': '7.532', 'learning_rate': '1.104e-05', 'epoch': '3.584'}
{'loss': '0.08815', 'grad_norm': '1.32', 'learning_rate': '1.103e-05', 'epoch': '3.59'}
{'loss': '0.1369', 'grad_norm': '1.155', 'learning_rate': '1.101e-05', 'epoch': '3.596'}
{'loss': '0.126', 'grad_norm': '15.73', 'learning_rate': '1.1e-05', 'epoch': '3.602'}
{'loss': '0.09308', 'grad_norm': '18.98', 'learning_rate': '1.098e-05', 'epoch': '3.608'}
{'loss': '0.06091', 'grad_norm': '5.616', 'learning_rate': '1.097e-05', 'epoch': '3.614'}
{'loss': '0.1023', 'grad_norm': '12.48', 'learning_rate': '1.095e-05', 'epoch': '3.62'}
{'loss': '0.05494', 'grad_norm': '1.491', 'learning_rate': '1.094e-05', 'epoch': '3.626'}
{'loss': '0.04776', 'grad_norm': '7.993', 'learning_rate': '1.092e-05', 'epoch': '3.632'}
{'loss': '0.1144', 'grad_norm': '20.93', 'learning_rate': '1.091e-05', 'epoch': '3.638'}
{'loss': '0.07255', 'grad_norm': '13.39', 'learning_rate': '1.089e-05', 'epoch': '3.644'}
{'loss': '0.08409', 'grad_norm': '9.342', 'learning_rate': '1.088e-05', 'epoch': '3.65'}
{'loss': '0.04614', 'grad_norm': '4.96', 'learning_rate': '1.086e-05', 'epoch': '3.656'}
{'loss': '0.09037', 'grad_norm': '2.498', 'learning_rate': '1.085e-05', 'epoch': '3.662'}
{'loss': '0.09702', 'grad_norm': '9.17', 'learning_rate': '1.083e-05', 'epoch': '3.668'}
{'loss': '0.07045', 'grad_norm': '6.672', 'learning_rate': '1.082e-05', 'epoch': '3.674'}
{'loss': '0.06841', 'grad_norm': '5.93', 'learning_rate': '1.08e-05', 'epoch': '3.68'}
{'loss': '0.08756', 'grad_norm': '2.198', 'learning_rate': '1.079e-05', 'epoch': '3.686'}
{'loss': '0.1014', 'grad_norm': '3.833', 'learning_rate': '1.077e-05', 'epoch': '3.692'}
{'loss': '0.09908', 'grad_norm': '7.808', 'learning_rate': '1.076e-05', 'epoch': '3.699'}
{'loss': '0.02299', 'grad_norm': '4.352', 'learning_rate': '1.074e-05', 'epoch': '3.705'}
{'loss': '0.06172', 'grad_norm': '6.189', 'learning_rate': '1.072e-05', 'epoch': '3.711'}
{'loss': '0.06219', 'grad_norm': '0.08626', 'learning_rate': '1.071e-05', 'epoch': '3.717'}
{'loss': '0.06092', 'grad_norm': '13.17', 'learning_rate': '1.069e-05', 'epoch': '3.723'}
{'loss': '0.09182', 'grad_norm': '14.53', 'learning_rate': '1.068e-05', 'epoch': '3.729'}
{'loss': '0.09726', 'grad_norm': '22.53', 'learning_rate': '1.066e-05', 'epoch': '3.735'}
{'loss': '0.04831', 'grad_norm': '10.38', 'learning_rate': '1.065e-05', 'epoch': '3.741'}
{'loss': '0.08043', 'grad_norm': '5.347', 'learning_rate': '1.063e-05', 'epoch': '3.747'}
{'loss': '0.107', 'grad_norm': '10.34', 'learning_rate': '1.062e-05', 'epoch': '3.753'}
{'loss': '0.07576', 'grad_norm': '0.422', 'learning_rate': '1.06e-05', 'epoch': '3.759'}
{'loss': '0.135', 'grad_norm': '15.25', 'learning_rate': '1.059e-05', 'epoch': '3.765'}
{'loss': '0.05769', 'grad_norm': '9.185', 'learning_rate': '1.057e-05', 'epoch': '3.771'}
{'loss': '0.08625', 'grad_norm': '12.31', 'learning_rate': '1.056e-05', 'epoch': '3.777'}
{'loss': '0.1114', 'grad_norm': '8.178', 'learning_rate': '1.054e-05', 'epoch': '3.783'}
{'loss': '0.05495', 'grad_norm': '12.61', 'learning_rate': '1.053e-05', 'epoch': '3.789'}
{'loss': '0.05808', 'grad_norm': '5.542', 'learning_rate': '1.051e-05', 'epoch': '3.795'}
{'loss': '0.06612', 'grad_norm': '0.3721', 'learning_rate': '1.05e-05', 'epoch': '3.801'}
{'loss': '0.04198', 'grad_norm': '5.836', 'learning_rate': '1.048e-05', 'epoch': '3.808'}
{'loss': '0.05599', 'grad_norm': '0.1513', 'learning_rate': '1.047e-05', 'epoch': '3.814'}
{'loss': '0.03862', 'grad_norm': '3.967', 'learning_rate': '1.045e-05', 'epoch': '3.82'}
{'loss': '0.08021', 'grad_norm': '3.081', 'learning_rate': '1.044e-05', 'epoch': '3.826'}
{'loss': '0.07869', 'grad_norm': '2.442', 'learning_rate': '1.042e-05', 'epoch': '3.832'}
{'loss': '0.1079', 'grad_norm': '7.988', 'learning_rate': '1.041e-05', 'epoch': '3.838'}
{'loss': '0.08226', 'grad_norm': '7.715', 'learning_rate': '1.039e-05', 'epoch': '3.844'}
{'loss': '0.02768', 'grad_norm': '48.35', 'learning_rate': '1.038e-05', 'epoch': '3.85'}
{'loss': '0.09112', 'grad_norm': '1.616', 'learning_rate': '1.036e-05', 'epoch': '3.856'}
{'loss': '0.05986', 'grad_norm': '0.4205', 'learning_rate': '1.035e-05', 'epoch': '3.862'}
{'loss': '0.06921', 'grad_norm': '3.663', 'learning_rate': '1.033e-05', 'epoch': '3.868'}
{'loss': '0.08777', 'grad_norm': '0.909', 'learning_rate': '1.032e-05', 'epoch': '3.874'}
{'loss': '0.06507', 'grad_norm': '9.296', 'learning_rate': '1.03e-05', 'epoch': '3.88'}
{'loss': '0.1016', 'grad_norm': '8.244', 'learning_rate': '1.029e-05', 'epoch': '3.886'}
{'loss': '0.119', 'grad_norm': '0.4228', 'learning_rate': '1.027e-05', 'epoch': '3.892'}
{'loss': '0.1003', 'grad_norm': '144.8', 'learning_rate': '1.026e-05', 'epoch': '3.898'}
{'loss': '0.05897', 'grad_norm': '9.737', 'learning_rate': '1.024e-05', 'epoch': '3.904'}
{'loss': '0.05417', 'grad_norm': '7.242', 'learning_rate': '1.023e-05', 'epoch': '3.91'}
{'loss': '0.08707', 'grad_norm': '3.645', 'learning_rate': '1.021e-05', 'epoch': '3.916'}
{'loss': '0.08584', 'grad_norm': '0.7777', 'learning_rate': '1.02e-05', 'epoch': '3.923'}
{'loss': '0.05471', 'grad_norm': '6.769', 'learning_rate': '1.018e-05', 'epoch': '3.929'}
{'loss': '0.07258', 'grad_norm': '4.819', 'learning_rate': '1.016e-05', 'epoch': '3.935'}
{'loss': '0.04472', 'grad_norm': '6.332', 'learning_rate': '1.015e-05', 'epoch': '3.941'}
{'loss': '0.09028', 'grad_norm': '3.373', 'learning_rate': '1.013e-05', 'epoch': '3.947'}
{'loss': '0.03059', 'grad_norm': '3.873', 'learning_rate': '1.012e-05', 'epoch': '3.953'}
{'loss': '0.09529', 'grad_norm': '3.628', 'learning_rate': '1.01e-05', 'epoch': '3.959'}
{'loss': '0.07539', 'grad_norm': '7.148', 'learning_rate': '1.009e-05', 'epoch': '3.965'}
{'loss': '0.06434', 'grad_norm': '4.035', 'learning_rate': '1.007e-05', 'epoch': '3.971'}
{'loss': '0.05896', 'grad_norm': '0.6636', 'learning_rate': '1.006e-05', 'epoch': '3.977'}
{'loss': '0.05355', 'grad_norm': '6.982', 'learning_rate': '1.004e-05', 'epoch': '3.983'}
{'loss': '0.09282', 'grad_norm': '0.4848', 'learning_rate': '1.003e-05', 'epoch': '3.989'}
{'loss': '0.08784', 'grad_norm': '1.574', 'learning_rate': '1.001e-05', 'epoch': '3.995'}
{'eval_loss': '0.9026', 'eval_accuracy': '0.8674', 'eval_precision': '0.8771', 'eval_recall': '0.8707', 'eval_f1': '0.8739', 'eval_runtime': '11.81', 'eval_samples_per_second': '1079', 'eval_steps_per_second': '16.86', 'epoch': '4'}
{'loss': '0.06331', 'grad_norm': '9.855', 'learning_rate': '9.998e-06', 'epoch': '4.001'}
{'loss': '0.09675', 'grad_norm': '4.03', 'learning_rate': '9.983e-06', 'epoch': '4.007'}
{'loss': '0.05186', 'grad_norm': '7.435', 'learning_rate': '9.968e-06', 'epoch': '4.013'}
{'loss': '0.07173', 'grad_norm': '2.732', 'learning_rate': '9.953e-06', 'epoch': '4.019'}
{'loss': '0.03637', 'grad_norm': '9.575', 'learning_rate': '9.938e-06', 'epoch': '4.025'}
{'loss': '0.07455', 'grad_norm': '1.04', 'learning_rate': '9.923e-06', 'epoch': '4.031'}
{'loss': '0.05601', 'grad_norm': '3.736', 'learning_rate': '9.908e-06', 'epoch': '4.038'}
{'loss': '0.06834', 'grad_norm': '3.4', 'learning_rate': '9.893e-06', 'epoch': '4.044'}
{'loss': '0.05199', 'grad_norm': '12.55', 'learning_rate': '9.877e-06', 'epoch': '4.05'}
{'loss': '0.08467', 'grad_norm': '13.56', 'learning_rate': '9.862e-06', 'epoch': '4.056'}
{'loss': '0.07754', 'grad_norm': '8.209', 'learning_rate': '9.847e-06', 'epoch': '4.062'}
{'loss': '0.04692', 'grad_norm': '8.485', 'learning_rate': '9.832e-06', 'epoch': '4.068'}
{'loss': '0.06139', 'grad_norm': '1.261', 'learning_rate': '9.817e-06', 'epoch': '4.074'}
{'loss': '0.08671', 'grad_norm': '11.77', 'learning_rate': '9.802e-06', 'epoch': '4.08'}
{'loss': '0.05424', 'grad_norm': '14.11', 'learning_rate': '9.787e-06', 'epoch': '4.086'}
{'loss': '0.1141', 'grad_norm': '16.16', 'learning_rate': '9.771e-06', 'epoch': '4.092'}
{'loss': '0.1177', 'grad_norm': '15.33', 'learning_rate': '9.756e-06', 'epoch': '4.098'}
{'loss': '0.0369', 'grad_norm': '0.5969', 'learning_rate': '9.741e-06', 'epoch': '4.104'}
{'loss': '0.1026', 'grad_norm': '3.28', 'learning_rate': '9.726e-06', 'epoch': '4.11'}
{'loss': '0.04191', 'grad_norm': '8.895', 'learning_rate': '9.711e-06', 'epoch': '4.116'}
{'loss': '0.07321', 'grad_norm': '5.357', 'learning_rate': '9.696e-06', 'epoch': '4.122'}
{'loss': '0.07643', 'grad_norm': '0.3977', 'learning_rate': '9.681e-06', 'epoch': '4.128'}
{'loss': '0.0319', 'grad_norm': '8.412', 'learning_rate': '9.666e-06', 'epoch': '4.134'}
{'loss': '0.07712', 'grad_norm': '12.56', 'learning_rate': '9.65e-06', 'epoch': '4.14'}
{'loss': '0.06366', 'grad_norm': '2.236', 'learning_rate': '9.635e-06', 'epoch': '4.146'}
{'loss': '0.07502', 'grad_norm': '8.991', 'learning_rate': '9.62e-06', 'epoch': '4.153'}
{'loss': '0.07578', 'grad_norm': '2.855', 'learning_rate': '9.605e-06', 'epoch': '4.159'}
{'loss': '0.08146', 'grad_norm': '12.08', 'learning_rate': '9.59e-06', 'epoch': '4.165'}
{'loss': '0.05927', 'grad_norm': '4.02', 'learning_rate': '9.575e-06', 'epoch': '4.171'}
{'loss': '0.06307', 'grad_norm': '0.5158', 'learning_rate': '9.56e-06', 'epoch': '4.177'}
{'loss': '0.02252', 'grad_norm': '5.734', 'learning_rate': '9.544e-06', 'epoch': '4.183'}
{'loss': '0.05049', 'grad_norm': '9.741', 'learning_rate': '9.529e-06', 'epoch': '4.189'}
{'loss': '0.08634', 'grad_norm': '6.976', 'learning_rate': '9.514e-06', 'epoch': '4.195'}
{'loss': '0.06839', 'grad_norm': '6.796', 'learning_rate': '9.499e-06', 'epoch': '4.201'}
{'loss': '0.08669', 'grad_norm': '9.361', 'learning_rate': '9.484e-06', 'epoch': '4.207'}
{'loss': '0.07461', 'grad_norm': '12.4', 'learning_rate': '9.469e-06', 'epoch': '4.213'}
{'loss': '0.06299', 'grad_norm': '12.57', 'learning_rate': '9.454e-06', 'epoch': '4.219'}
{'loss': '0.02957', 'grad_norm': '1.547', 'learning_rate': '9.439e-06', 'epoch': '4.225'}
{'loss': '0.04419', 'grad_norm': '7.117', 'learning_rate': '9.423e-06', 'epoch': '4.231'}
{'loss': '0.1023', 'grad_norm': '1.124', 'learning_rate': '9.408e-06', 'epoch': '4.237'}
{'loss': '0.06624', 'grad_norm': '0.7424', 'learning_rate': '9.393e-06', 'epoch': '4.243'}
{'loss': '0.04508', 'grad_norm': '7.495', 'learning_rate': '9.378e-06', 'epoch': '4.249'}
{'loss': '0.09759', 'grad_norm': '8.915', 'learning_rate': '9.363e-06', 'epoch': '4.255'}
{'loss': '0.06094', 'grad_norm': '1.2', 'learning_rate': '9.348e-06', 'epoch': '4.262'}
{'loss': '0.1063', 'grad_norm': '13.22', 'learning_rate': '9.333e-06', 'epoch': '4.268'}
{'loss': '0.041', 'grad_norm': '1.814', 'learning_rate': '9.317e-06', 'epoch': '4.274'}
{'loss': '0.06818', 'grad_norm': '4.329', 'learning_rate': '9.302e-06', 'epoch': '4.28'}
{'loss': '0.03902', 'grad_norm': '9.26', 'learning_rate': '9.287e-06', 'epoch': '4.286'}
{'loss': '0.03487', 'grad_norm': '0.04147', 'learning_rate': '9.272e-06', 'epoch': '4.292'}
{'loss': '0.04948', 'grad_norm': '8.327', 'learning_rate': '9.257e-06', 'epoch': '4.298'}
{'loss': '0.03183', 'grad_norm': '519.7', 'learning_rate': '9.242e-06', 'epoch': '4.304'}
{'loss': '0.05762', 'grad_norm': '0.01517', 'learning_rate': '9.227e-06', 'epoch': '4.31'}
{'loss': '0.05746', 'grad_norm': '0.1248', 'learning_rate': '9.212e-06', 'epoch': '4.316'}
{'loss': '0.08612', 'grad_norm': '16.36', 'learning_rate': '9.196e-06', 'epoch': '4.322'}
{'loss': '0.1382', 'grad_norm': '18.23', 'learning_rate': '9.181e-06', 'epoch': '4.328'}
{'loss': '0.1353', 'grad_norm': '0.9204', 'learning_rate': '9.166e-06', 'epoch': '4.334'}
{'loss': '0.07218', 'grad_norm': '5.954', 'learning_rate': '9.151e-06', 'epoch': '4.34'}
{'loss': '0.07855', 'grad_norm': '17.39', 'learning_rate': '9.136e-06', 'epoch': '4.346'}
{'loss': '0.06927', 'grad_norm': '7.479', 'learning_rate': '9.121e-06', 'epoch': '4.352'}
{'loss': '0.1359', 'grad_norm': '6.159', 'learning_rate': '9.106e-06', 'epoch': '4.358'}
{'loss': '0.07437', 'grad_norm': '1.754', 'learning_rate': '9.09e-06', 'epoch': '4.364'}
{'loss': '0.05561', 'grad_norm': '9.06', 'learning_rate': '9.075e-06', 'epoch': '4.37'}
{'loss': '0.05055', 'grad_norm': '0.9999', 'learning_rate': '9.06e-06', 'epoch': '4.377'}
{'loss': '0.07142', 'grad_norm': '10.58', 'learning_rate': '9.045e-06', 'epoch': '4.383'}
{'loss': '0.07734', 'grad_norm': '4.329', 'learning_rate': '9.03e-06', 'epoch': '4.389'}
{'loss': '0.04168', 'grad_norm': '17.99', 'learning_rate': '9.015e-06', 'epoch': '4.395'}
{'loss': '0.09191', 'grad_norm': '6.236', 'learning_rate': '9e-06', 'epoch': '4.401'}
{'loss': '0.05066', 'grad_norm': '19.05', 'learning_rate': '8.985e-06', 'epoch': '4.407'}
{'loss': '0.1099', 'grad_norm': '10.44', 'learning_rate': '8.969e-06', 'epoch': '4.413'}
{'loss': '0.08475', 'grad_norm': '2.643', 'learning_rate': '8.954e-06', 'epoch': '4.419'}
{'loss': '0.03771', 'grad_norm': '2.664', 'learning_rate': '8.939e-06', 'epoch': '4.425'}
{'loss': '0.08072', 'grad_norm': '18.59', 'learning_rate': '8.924e-06', 'epoch': '4.431'}
{'loss': '0.07843', 'grad_norm': '6.297', 'learning_rate': '8.909e-06', 'epoch': '4.437'}
{'loss': '0.02755', 'grad_norm': '6.982', 'learning_rate': '8.894e-06', 'epoch': '4.443'}
{'loss': '0.05871', 'grad_norm': '0.3912', 'learning_rate': '8.879e-06', 'epoch': '4.449'}
{'loss': '0.02565', 'grad_norm': '28.44', 'learning_rate': '8.863e-06', 'epoch': '4.455'}
{'loss': '0.03388', 'grad_norm': '10.5', 'learning_rate': '8.848e-06', 'epoch': '4.461'}
{'loss': '0.0908', 'grad_norm': '35.05', 'learning_rate': '8.833e-06', 'epoch': '4.467'}
{'loss': '0.06096', 'grad_norm': '22.08', 'learning_rate': '8.818e-06', 'epoch': '4.473'}
{'loss': '0.1009', 'grad_norm': '14.46', 'learning_rate': '8.803e-06', 'epoch': '4.479'}
{'loss': '0.07923', 'grad_norm': '0.2327', 'learning_rate': '8.788e-06', 'epoch': '4.485'}
{'loss': '0.05513', 'grad_norm': '8.401', 'learning_rate': '8.773e-06', 'epoch': '4.492'}
{'loss': '0.07001', 'grad_norm': '1.1', 'learning_rate': '8.758e-06', 'epoch': '4.498'}
{'loss': '0.0544', 'grad_norm': '14.76', 'learning_rate': '8.742e-06', 'epoch': '4.504'}
{'loss': '0.04149', 'grad_norm': '15.42', 'learning_rate': '8.727e-06', 'epoch': '4.51'}
{'loss': '0.08387', 'grad_norm': '3.624', 'learning_rate': '8.712e-06', 'epoch': '4.516'}
{'loss': '0.04958', 'grad_norm': '0.9668', 'learning_rate': '8.697e-06', 'epoch': '4.522'}
{'loss': '0.03754', 'grad_norm': '0.8973', 'learning_rate': '8.682e-06', 'epoch': '4.528'}
{'loss': '0.06176', 'grad_norm': '1.773', 'learning_rate': '8.667e-06', 'epoch': '4.534'}
{'loss': '0.05764', 'grad_norm': '5.168', 'learning_rate': '8.652e-06', 'epoch': '4.54'}
{'loss': '0.04261', 'grad_norm': '2.922', 'learning_rate': '8.637e-06', 'epoch': '4.546'}
{'loss': '0.05604', 'grad_norm': '0.04265', 'learning_rate': '8.621e-06', 'epoch': '4.552'}
{'loss': '0.04228', 'grad_norm': '2.204', 'learning_rate': '8.606e-06', 'epoch': '4.558'}
{'loss': '0.08789', 'grad_norm': '31.18', 'learning_rate': '8.591e-06', 'epoch': '4.564'}
{'loss': '0.04964', 'grad_norm': '4.409', 'learning_rate': '8.576e-06', 'epoch': '4.57'}
{'loss': '0.06432', 'grad_norm': '18.74', 'learning_rate': '8.561e-06', 'epoch': '4.576'}
{'loss': '0.06383', 'grad_norm': '0.6083', 'learning_rate': '8.546e-06', 'epoch': '4.582'}
{'loss': '0.08174', 'grad_norm': '7.073', 'learning_rate': '8.531e-06', 'epoch': '4.588'}
{'loss': '0.1077', 'grad_norm': '11.09', 'learning_rate': '8.515e-06', 'epoch': '4.594'}
{'loss': '0.1041', 'grad_norm': '15.34', 'learning_rate': '8.5e-06', 'epoch': '4.6'}
{'loss': '0.05574', 'grad_norm': '0.12', 'learning_rate': '8.485e-06', 'epoch': '4.607'}
{'loss': '0.0881', 'grad_norm': '7.553', 'learning_rate': '8.47e-06', 'epoch': '4.613'}
{'loss': '0.02841', 'grad_norm': '5.985', 'learning_rate': '8.455e-06', 'epoch': '4.619'}
{'loss': '0.02337', 'grad_norm': '8.745', 'learning_rate': '8.44e-06', 'epoch': '4.625'}
{'loss': '0.1055', 'grad_norm': '10.58', 'learning_rate': '8.425e-06', 'epoch': '4.631'}
{'loss': '0.06639', 'grad_norm': '21.88', 'learning_rate': '8.41e-06', 'epoch': '4.637'}
{'loss': '0.06668', 'grad_norm': '0.212', 'learning_rate': '8.394e-06', 'epoch': '4.643'}
{'loss': '0.113', 'grad_norm': '82.88', 'learning_rate': '8.379e-06', 'epoch': '4.649'}
{'loss': '0.05671', 'grad_norm': '78.94', 'learning_rate': '8.364e-06', 'epoch': '4.655'}
{'loss': '0.06581', 'grad_norm': '0.7575', 'learning_rate': '8.349e-06', 'epoch': '4.661'}
{'loss': '0.03744', 'grad_norm': '6.317', 'learning_rate': '8.334e-06', 'epoch': '4.667'}
{'loss': '0.07255', 'grad_norm': '7.306', 'learning_rate': '8.319e-06', 'epoch': '4.673'}
{'loss': '0.07323', 'grad_norm': '13.69', 'learning_rate': '8.304e-06', 'epoch': '4.679'}
{'loss': '0.1458', 'grad_norm': '19.94', 'learning_rate': '8.288e-06', 'epoch': '4.685'}
{'loss': '0.1358', 'grad_norm': '11.23', 'learning_rate': '8.273e-06', 'epoch': '4.691'}
{'loss': '0.08332', 'grad_norm': '4.378', 'learning_rate': '8.258e-06', 'epoch': '4.697'}
{'loss': '0.06414', 'grad_norm': '6.428', 'learning_rate': '8.243e-06', 'epoch': '4.703'}
{'loss': '0.1009', 'grad_norm': '1.263', 'learning_rate': '8.228e-06', 'epoch': '4.709'}
{'loss': '0.0212', 'grad_norm': '0.08915', 'learning_rate': '8.213e-06', 'epoch': '4.715'}
{'loss': '0.09773', 'grad_norm': '1.716', 'learning_rate': '8.198e-06', 'epoch': '4.722'}
{'loss': '0.08091', 'grad_norm': '13.8', 'learning_rate': '8.183e-06', 'epoch': '4.728'}
{'loss': '0.0739', 'grad_norm': '9.683', 'learning_rate': '8.167e-06', 'epoch': '4.734'}
{'loss': '0.09385', 'grad_norm': '21.43', 'learning_rate': '8.152e-06', 'epoch': '4.74'}
{'loss': '0.09877', 'grad_norm': '0.2067', 'learning_rate': '8.137e-06', 'epoch': '4.746'}
{'loss': '0.07855', 'grad_norm': '20.42', 'learning_rate': '8.122e-06', 'epoch': '4.752'}
{'loss': '0.07983', 'grad_norm': '5.644', 'learning_rate': '8.107e-06', 'epoch': '4.758'}
{'loss': '0.1197', 'grad_norm': '1.294', 'learning_rate': '8.092e-06', 'epoch': '4.764'}
{'loss': '0.04766', 'grad_norm': '2.089', 'learning_rate': '8.077e-06', 'epoch': '4.77'}
{'loss': '0.0466', 'grad_norm': '3.57', 'learning_rate': '8.061e-06', 'epoch': '4.776'}
{'loss': '0.06773', 'grad_norm': '0.08945', 'learning_rate': '8.046e-06', 'epoch': '4.782'}
{'loss': '0.04975', 'grad_norm': '5.125', 'learning_rate': '8.031e-06', 'epoch': '4.788'}
{'loss': '0.05827', 'grad_norm': '1.672', 'learning_rate': '8.016e-06', 'epoch': '4.794'}
{'loss': '0.04957', 'grad_norm': '11.72', 'learning_rate': '8.001e-06', 'epoch': '4.8'}
{'loss': '0.04766', 'grad_norm': '4.568', 'learning_rate': '7.986e-06', 'epoch': '4.806'}
{'loss': '0.02888', 'grad_norm': '3.193', 'learning_rate': '7.971e-06', 'epoch': '4.812'}
{'loss': '0.06182', 'grad_norm': '10.61', 'learning_rate': '7.956e-06', 'epoch': '4.818'}
{'loss': '0.04656', 'grad_norm': '7.573', 'learning_rate': '7.94e-06', 'epoch': '4.824'}
{'loss': '0.01915', 'grad_norm': '0.1508', 'learning_rate': '7.925e-06', 'epoch': '4.831'}
{'loss': '0.04231', 'grad_norm': '3.178', 'learning_rate': '7.91e-06', 'epoch': '4.837'}
{'loss': '0.0748', 'grad_norm': '1.507', 'learning_rate': '7.895e-06', 'epoch': '4.843'}
{'loss': '0.08803', 'grad_norm': '0.3892', 'learning_rate': '7.88e-06', 'epoch': '4.849'}
{'loss': '0.04737', 'grad_norm': '6.013', 'learning_rate': '7.865e-06', 'epoch': '4.855'}
{'loss': '0.04875', 'grad_norm': '1.248', 'learning_rate': '7.85e-06', 'epoch': '4.861'}
{'loss': '0.08869', 'grad_norm': '19.98', 'learning_rate': '7.834e-06', 'epoch': '4.867'}
{'loss': '0.05117', 'grad_norm': '3.003', 'learning_rate': '7.819e-06', 'epoch': '4.873'}
{'loss': '0.02924', 'grad_norm': '2.101', 'learning_rate': '7.804e-06', 'epoch': '4.879'}
{'loss': '0.06049', 'grad_norm': '6.231', 'learning_rate': '7.789e-06', 'epoch': '4.885'}
{'loss': '0.0758', 'grad_norm': '118', 'learning_rate': '7.774e-06', 'epoch': '4.891'}
{'loss': '0.06187', 'grad_norm': '16.58', 'learning_rate': '7.759e-06', 'epoch': '4.897'}
{'loss': '0.05695', 'grad_norm': '10.19', 'learning_rate': '7.744e-06', 'epoch': '4.903'}
{'loss': '0.05515', 'grad_norm': '9.453', 'learning_rate': '7.729e-06', 'epoch': '4.909'}
{'loss': '0.04539', 'grad_norm': '4.871', 'learning_rate': '7.713e-06', 'epoch': '4.915'}
{'loss': '0.03379', 'grad_norm': '0.06031', 'learning_rate': '7.698e-06', 'epoch': '4.921'}
{'loss': '0.05506', 'grad_norm': '12.28', 'learning_rate': '7.683e-06', 'epoch': '4.927'}
{'loss': '0.06707', 'grad_norm': '1.584', 'learning_rate': '7.668e-06', 'epoch': '4.933'}
{'loss': '0.05851', 'grad_norm': '11.45', 'learning_rate': '7.653e-06', 'epoch': '4.939'}
{'loss': '0.1023', 'grad_norm': '8.067', 'learning_rate': '7.638e-06', 'epoch': '4.946'}
{'loss': '0.07565', 'grad_norm': '10.22', 'learning_rate': '7.623e-06', 'epoch': '4.952'}
{'loss': '0.07909', 'grad_norm': '1.04', 'learning_rate': '7.607e-06', 'epoch': '4.958'}
{'loss': '0.06452', 'grad_norm': '4.637', 'learning_rate': '7.592e-06', 'epoch': '4.964'}
{'loss': '0.04176', 'grad_norm': '10.97', 'learning_rate': '7.577e-06', 'epoch': '4.97'}
{'loss': '0.05765', 'grad_norm': '12.13', 'learning_rate': '7.562e-06', 'epoch': '4.976'}
{'loss': '0.02753', 'grad_norm': '0.1097', 'learning_rate': '7.547e-06', 'epoch': '4.982'}
{'loss': '0.05325', 'grad_norm': '16.49', 'learning_rate': '7.532e-06', 'epoch': '4.988'}
{'loss': '0.03572', 'grad_norm': '5.031', 'learning_rate': '7.517e-06', 'epoch': '4.994'}
{'loss': '0.1597', 'grad_norm': '25.56', 'learning_rate': '7.502e-06', 'epoch': '5'}
{'eval_loss': '0.9853', 'eval_accuracy': '0.8671', 'eval_precision': '0.8715', 'eval_recall': '0.8776', 'eval_f1': '0.8745', 'eval_runtime': '11.75', 'eval_samples_per_second': '1084', 'eval_steps_per_second': '16.94', 'epoch': '5'}
{'loss': '0.02431', 'grad_norm': '10.85', 'learning_rate': '7.486e-06', 'epoch': '5.006'}
{'loss': '0.02818', 'grad_norm': '2.45', 'learning_rate': '7.471e-06', 'epoch': '5.012'}
{'loss': '0.02889', 'grad_norm': '0.4125', 'learning_rate': '7.456e-06', 'epoch': '5.018'}
{'loss': '0.0844', 'grad_norm': '3.892', 'learning_rate': '7.441e-06', 'epoch': '5.024'}
{'loss': '0.05406', 'grad_norm': '148.8', 'learning_rate': '7.426e-06', 'epoch': '5.03'}
{'loss': '0.02341', 'grad_norm': '0.3323', 'learning_rate': '7.411e-06', 'epoch': '5.036'}
{'loss': '0.04417', 'grad_norm': '14.85', 'learning_rate': '7.396e-06', 'epoch': '5.042'}
{'loss': '0.04129', 'grad_norm': '8.773', 'learning_rate': '7.38e-06', 'epoch': '5.048'}
{'loss': '0.05658', 'grad_norm': '6.417', 'learning_rate': '7.365e-06', 'epoch': '5.054'}
{'loss': '0.07711', 'grad_norm': '7.18', 'learning_rate': '7.35e-06', 'epoch': '5.061'}
{'loss': '0.04228', 'grad_norm': '1.668', 'learning_rate': '7.335e-06', 'epoch': '5.067'}
{'loss': '0.06369', 'grad_norm': '1.569', 'learning_rate': '7.32e-06', 'epoch': '5.073'}
{'loss': '0.07666', 'grad_norm': '0.9805', 'learning_rate': '7.305e-06', 'epoch': '5.079'}
{'loss': '0.1013', 'grad_norm': '13.53', 'learning_rate': '7.29e-06', 'epoch': '5.085'}
{'loss': '0.07909', 'grad_norm': '8.629', 'learning_rate': '7.275e-06', 'epoch': '5.091'}
{'loss': '0.07491', 'grad_norm': '8.294', 'learning_rate': '7.259e-06', 'epoch': '5.097'}
{'loss': '0.01971', 'grad_norm': '1.627', 'learning_rate': '7.244e-06', 'epoch': '5.103'}
{'loss': '0.0409', 'grad_norm': '5.398', 'learning_rate': '7.229e-06', 'epoch': '5.109'}
{'loss': '0.03085', 'grad_norm': '5.191', 'learning_rate': '7.214e-06', 'epoch': '5.115'}
{'loss': '0.0357', 'grad_norm': '3.532', 'learning_rate': '7.199e-06', 'epoch': '5.121'}
{'loss': '0.07879', 'grad_norm': '1.494', 'learning_rate': '7.184e-06', 'epoch': '5.127'}
{'loss': '0.08942', 'grad_norm': '4.413', 'learning_rate': '7.169e-06', 'epoch': '5.133'}
{'loss': '0.04571', 'grad_norm': '0.7207', 'learning_rate': '7.153e-06', 'epoch': '5.139'}
{'loss': '0.05002', 'grad_norm': '0.07318', 'learning_rate': '7.138e-06', 'epoch': '5.145'}
{'loss': '0.04818', 'grad_norm': '4.746', 'learning_rate': '7.123e-06', 'epoch': '5.151'}
{'loss': '0.08385', 'grad_norm': '4.961', 'learning_rate': '7.108e-06', 'epoch': '5.157'}
{'loss': '0.09114', 'grad_norm': '9.072', 'learning_rate': '7.093e-06', 'epoch': '5.163'}
{'loss': '0.04264', 'grad_norm': '0.6231', 'learning_rate': '7.078e-06', 'epoch': '5.169'}
{'loss': '0.03617', 'grad_norm': '7.629', 'learning_rate': '7.063e-06', 'epoch': '5.176'}
{'loss': '0.06336', 'grad_norm': '16.62', 'learning_rate': '7.048e-06', 'epoch': '5.182'}
{'loss': '0.03875', 'grad_norm': '0.2247', 'learning_rate': '7.032e-06', 'epoch': '5.188'}
{'loss': '0.009332', 'grad_norm': '1.769', 'learning_rate': '7.017e-06', 'epoch': '5.194'}
{'loss': '0.07901', 'grad_norm': '4.969', 'learning_rate': '7.002e-06', 'epoch': '5.2'}
{'loss': '0.03127', 'grad_norm': '7.443', 'learning_rate': '6.987e-06', 'epoch': '5.206'}
{'loss': '0.02707', 'grad_norm': '0.377', 'learning_rate': '6.972e-06', 'epoch': '5.212'}
{'loss': '0.04938', 'grad_norm': '5.486', 'learning_rate': '6.957e-06', 'epoch': '5.218'}
{'loss': '0.05843', 'grad_norm': '23.55', 'learning_rate': '6.942e-06', 'epoch': '5.224'}
{'loss': '0.06037', 'grad_norm': '10.94', 'learning_rate': '6.926e-06', 'epoch': '5.23'}
{'loss': '0.03373', 'grad_norm': '4.094', 'learning_rate': '6.911e-06', 'epoch': '5.236'}
{'loss': '0.07663', 'grad_norm': '10.86', 'learning_rate': '6.896e-06', 'epoch': '5.242'}
{'loss': '0.05439', 'grad_norm': '11.9', 'learning_rate': '6.881e-06', 'epoch': '5.248'}
{'loss': '0.06273', 'grad_norm': '2.065', 'learning_rate': '6.866e-06', 'epoch': '5.254'}
{'loss': '0.04865', 'grad_norm': '61.38', 'learning_rate': '6.851e-06', 'epoch': '5.26'}
{'loss': '0.05556', 'grad_norm': '9.276', 'learning_rate': '6.836e-06', 'epoch': '5.266'}
{'loss': '0.02662', 'grad_norm': '5.338', 'learning_rate': '6.821e-06', 'epoch': '5.272'}
{'loss': '0.04435', 'grad_norm': '0.5764', 'learning_rate': '6.805e-06', 'epoch': '5.278'}
{'loss': '0.07942', 'grad_norm': '0.141', 'learning_rate': '6.79e-06', 'epoch': '5.285'}
{'loss': '0.04234', 'grad_norm': '3.932', 'learning_rate': '6.775e-06', 'epoch': '5.291'}
{'loss': '0.04433', 'grad_norm': '0.4307', 'learning_rate': '6.76e-06', 'epoch': '5.297'}
{'loss': '0.06571', 'grad_norm': '0.3418', 'learning_rate': '6.745e-06', 'epoch': '5.303'}
{'loss': '0.04083', 'grad_norm': '4.694', 'learning_rate': '6.73e-06', 'epoch': '5.309'}
{'loss': '0.05954', 'grad_norm': '3.754', 'learning_rate': '6.715e-06', 'epoch': '5.315'}
{'loss': '0.05148', 'grad_norm': '5.972', 'learning_rate': '6.699e-06', 'epoch': '5.321'}
{'loss': '0.04927', 'grad_norm': '10.67', 'learning_rate': '6.684e-06', 'epoch': '5.327'}
{'loss': '0.07101', 'grad_norm': '8.691', 'learning_rate': '6.669e-06', 'epoch': '5.333'}
{'loss': '0.09825', 'grad_norm': '2.243', 'learning_rate': '6.654e-06', 'epoch': '5.339'}
{'loss': '0.05852', 'grad_norm': '2.17', 'learning_rate': '6.639e-06', 'epoch': '5.345'}
{'loss': '0.01665', 'grad_norm': '0.9484', 'learning_rate': '6.624e-06', 'epoch': '5.351'}
{'loss': '0.04503', 'grad_norm': '0.7161', 'learning_rate': '6.609e-06', 'epoch': '5.357'}
{'loss': '0.05557', 'grad_norm': '8.421', 'learning_rate': '6.594e-06', 'epoch': '5.363'}
{'loss': '0.07667', 'grad_norm': '18.6', 'learning_rate': '6.578e-06', 'epoch': '5.369'}
{'loss': '0.02125', 'grad_norm': '0.1887', 'learning_rate': '6.563e-06', 'epoch': '5.375'}
{'loss': '0.0832', 'grad_norm': '0.4608', 'learning_rate': '6.548e-06', 'epoch': '5.381'}
{'loss': '0.02047', 'grad_norm': '0.03857', 'learning_rate': '6.533e-06', 'epoch': '5.387'}
{'loss': '0.05842', 'grad_norm': '0.2686', 'learning_rate': '6.518e-06', 'epoch': '5.393'}
{'loss': '0.03445', 'grad_norm': '4.234', 'learning_rate': '6.503e-06', 'epoch': '5.4'}
{'loss': '0.03382', 'grad_norm': '0.6011', 'learning_rate': '6.488e-06', 'epoch': '5.406'}
{'loss': '0.0482', 'grad_norm': '26.01', 'learning_rate': '6.472e-06', 'epoch': '5.412'}
{'loss': '0.0425', 'grad_norm': '8.446', 'learning_rate': '6.457e-06', 'epoch': '5.418'}
{'loss': '0.07154', 'grad_norm': '0.4996', 'learning_rate': '6.442e-06', 'epoch': '5.424'}
{'loss': '0.02074', 'grad_norm': '1.375', 'learning_rate': '6.427e-06', 'epoch': '5.43'}
{'loss': '0.09163', 'grad_norm': '7.935', 'learning_rate': '6.412e-06', 'epoch': '5.436'}
{'loss': '0.07386', 'grad_norm': '15.86', 'learning_rate': '6.397e-06', 'epoch': '5.442'}
{'loss': '0.04339', 'grad_norm': '0.2657', 'learning_rate': '6.382e-06', 'epoch': '5.448'}
{'loss': '0.1139', 'grad_norm': '5.386', 'learning_rate': '6.367e-06', 'epoch': '5.454'}
{'loss': '0.02709', 'grad_norm': '15.88', 'learning_rate': '6.351e-06', 'epoch': '5.46'}
{'loss': '0.05842', 'grad_norm': '10.77', 'learning_rate': '6.336e-06', 'epoch': '5.466'}
{'loss': '0.06832', 'grad_norm': '20.54', 'learning_rate': '6.321e-06', 'epoch': '5.472'}
{'loss': '0.0567', 'grad_norm': '2.003', 'learning_rate': '6.306e-06', 'epoch': '5.478'}
{'loss': '0.1117', 'grad_norm': '1.623', 'learning_rate': '6.291e-06', 'epoch': '5.484'}
{'loss': '0.08528', 'grad_norm': '0.629', 'learning_rate': '6.276e-06', 'epoch': '5.49'}
{'loss': '0.07542', 'grad_norm': '0.09231', 'learning_rate': '6.261e-06', 'epoch': '5.496'}
{'loss': '0.006443', 'grad_norm': '0.1051', 'learning_rate': '6.245e-06', 'epoch': '5.502'}
{'loss': '0.08408', 'grad_norm': '5.945', 'learning_rate': '6.23e-06', 'epoch': '5.508'}
{'loss': '0.06672', 'grad_norm': '15.78', 'learning_rate': '6.215e-06', 'epoch': '5.515'}
{'loss': '0.04012', 'grad_norm': '1.298', 'learning_rate': '6.2e-06', 'epoch': '5.521'}
{'loss': '0.118', 'grad_norm': '10.28', 'learning_rate': '6.185e-06', 'epoch': '5.527'}
{'loss': '0.03914', 'grad_norm': '7.965', 'learning_rate': '6.17e-06', 'epoch': '5.533'}
{'loss': '0.08523', 'grad_norm': '19.48', 'learning_rate': '6.155e-06', 'epoch': '5.539'}
{'loss': '0.03682', 'grad_norm': '2.001', 'learning_rate': '6.14e-06', 'epoch': '5.545'}
{'loss': '0.1022', 'grad_norm': '4.142', 'learning_rate': '6.124e-06', 'epoch': '5.551'}
{'loss': '0.03479', 'grad_norm': '0.3259', 'learning_rate': '6.109e-06', 'epoch': '5.557'}
{'loss': '0.03851', 'grad_norm': '8.784', 'learning_rate': '6.094e-06', 'epoch': '5.563'}
{'loss': '0.02644', 'grad_norm': '0.2349', 'learning_rate': '6.079e-06', 'epoch': '5.569'}
{'loss': '0.06773', 'grad_norm': '0.1552', 'learning_rate': '6.064e-06', 'epoch': '5.575'}
{'loss': '0.04248', 'grad_norm': '15.37', 'learning_rate': '6.049e-06', 'epoch': '5.581'}
{'loss': '0.06605', 'grad_norm': '9.207', 'learning_rate': '6.034e-06', 'epoch': '5.587'}
{'loss': '0.032', 'grad_norm': '0.7206', 'learning_rate': '6.018e-06', 'epoch': '5.593'}
{'loss': '0.04566', 'grad_norm': '10.31', 'learning_rate': '6.003e-06', 'epoch': '5.599'}
{'loss': '0.08944', 'grad_norm': '15.59', 'learning_rate': '5.988e-06', 'epoch': '5.605'}
{'loss': '0.02623', 'grad_norm': '0.3392', 'learning_rate': '5.973e-06', 'epoch': '5.611'}
{'loss': '0.137', 'grad_norm': '1.198', 'learning_rate': '5.958e-06', 'epoch': '5.617'}
{'loss': '0.07086', 'grad_norm': '28.37', 'learning_rate': '5.943e-06', 'epoch': '5.623'}
{'loss': '0.01622', 'grad_norm': '0.2336', 'learning_rate': '5.928e-06', 'epoch': '5.63'}
{'loss': '0.0913', 'grad_norm': '10.38', 'learning_rate': '5.913e-06', 'epoch': '5.636'}
{'loss': '0.037', 'grad_norm': '11.38', 'learning_rate': '5.897e-06', 'epoch': '5.642'}
{'loss': '0.02496', 'grad_norm': '1.228', 'learning_rate': '5.882e-06', 'epoch': '5.648'}
{'loss': '0.06464', 'grad_norm': '1.357', 'learning_rate': '5.867e-06', 'epoch': '5.654'}
{'loss': '0.01755', 'grad_norm': '0.2367', 'learning_rate': '5.852e-06', 'epoch': '5.66'}
{'loss': '0.02107', 'grad_norm': '1.953', 'learning_rate': '5.837e-06', 'epoch': '5.666'}
{'loss': '0.1138', 'grad_norm': '11.74', 'learning_rate': '5.822e-06', 'epoch': '5.672'}
{'loss': '0.05082', 'grad_norm': '1.127', 'learning_rate': '5.807e-06', 'epoch': '5.678'}
{'loss': '0.1041', 'grad_norm': '10.14', 'learning_rate': '5.791e-06', 'epoch': '5.684'}
{'loss': '0.05679', 'grad_norm': '1.361', 'learning_rate': '5.776e-06', 'epoch': '5.69'}
{'loss': '0.1042', 'grad_norm': '12.03', 'learning_rate': '5.761e-06', 'epoch': '5.696'}
{'loss': '0.05889', 'grad_norm': '4.671', 'learning_rate': '5.746e-06', 'epoch': '5.702'}
{'loss': '0.03747', 'grad_norm': '5.695', 'learning_rate': '5.731e-06', 'epoch': '5.708'}
{'loss': '0.02978', 'grad_norm': '0.8045', 'learning_rate': '5.716e-06', 'epoch': '5.714'}
{'loss': '0.0123', 'grad_norm': '3.585', 'learning_rate': '5.701e-06', 'epoch': '5.72'}
{'loss': '0.01303', 'grad_norm': '9.927', 'learning_rate': '5.686e-06', 'epoch': '5.726'}
{'loss': '0.01534', 'grad_norm': '0.4954', 'learning_rate': '5.67e-06', 'epoch': '5.732'}
{'loss': '0.09601', 'grad_norm': '0.01709', 'learning_rate': '5.655e-06', 'epoch': '5.738'}
{'loss': '0.0372', 'grad_norm': '0.7457', 'learning_rate': '5.64e-06', 'epoch': '5.745'}
{'loss': '0.0412', 'grad_norm': '3.946', 'learning_rate': '5.625e-06', 'epoch': '5.751'}
{'loss': '0.04688', 'grad_norm': '12.38', 'learning_rate': '5.61e-06', 'epoch': '5.757'}
{'loss': '0.03056', 'grad_norm': '2.336', 'learning_rate': '5.595e-06', 'epoch': '5.763'}
{'loss': '0.05523', 'grad_norm': '1.392', 'learning_rate': '5.58e-06', 'epoch': '5.769'}
{'loss': '0.03395', 'grad_norm': '0.3833', 'learning_rate': '5.564e-06', 'epoch': '5.775'}
{'loss': '0.05697', 'grad_norm': '6.179', 'learning_rate': '5.549e-06', 'epoch': '5.781'}
{'loss': '0.03747', 'grad_norm': '2.694', 'learning_rate': '5.534e-06', 'epoch': '5.787'}
{'loss': '0.06735', 'grad_norm': '1.444', 'learning_rate': '5.519e-06', 'epoch': '5.793'}
{'loss': '0.01035', 'grad_norm': '0.2885', 'learning_rate': '5.504e-06', 'epoch': '5.799'}
{'loss': '0.07569', 'grad_norm': '8.011', 'learning_rate': '5.489e-06', 'epoch': '5.805'}
{'loss': '0.05643', 'grad_norm': '7.6', 'learning_rate': '5.474e-06', 'epoch': '5.811'}
{'loss': '0.05724', 'grad_norm': '2.635', 'learning_rate': '5.459e-06', 'epoch': '5.817'}
{'loss': '0.04848', 'grad_norm': '3.446', 'learning_rate': '5.443e-06', 'epoch': '5.823'}
{'loss': '0.08301', 'grad_norm': '52.39', 'learning_rate': '5.428e-06', 'epoch': '5.829'}
{'loss': '0.06998', 'grad_norm': '0.09654', 'learning_rate': '5.413e-06', 'epoch': '5.835'}
{'loss': '0.09559', 'grad_norm': '1.15', 'learning_rate': '5.398e-06', 'epoch': '5.841'}
{'loss': '0.06423', 'grad_norm': '8.98', 'learning_rate': '5.383e-06', 'epoch': '5.847'}
{'loss': '0.04777', 'grad_norm': '1.311', 'learning_rate': '5.368e-06', 'epoch': '5.854'}
{'loss': '0.06904', 'grad_norm': '9.695', 'learning_rate': '5.353e-06', 'epoch': '5.86'}
{'loss': '0.03184', 'grad_norm': '0.7277', 'learning_rate': '5.337e-06', 'epoch': '5.866'}
{'loss': '0.05676', 'grad_norm': '1.225', 'learning_rate': '5.322e-06', 'epoch': '5.872'}
{'loss': '0.07613', 'grad_norm': '10.24', 'learning_rate': '5.307e-06', 'epoch': '5.878'}
{'loss': '0.09059', 'grad_norm': '0.3407', 'learning_rate': '5.292e-06', 'epoch': '5.884'}
{'loss': '0.03984', 'grad_norm': '2.389', 'learning_rate': '5.277e-06', 'epoch': '5.89'}
{'loss': '0.04922', 'grad_norm': '0.2152', 'learning_rate': '5.262e-06', 'epoch': '5.896'}
{'loss': '0.01184', 'grad_norm': '0.4852', 'learning_rate': '5.247e-06', 'epoch': '5.902'}
{'loss': '0.03266', 'grad_norm': '7.301', 'learning_rate': '5.232e-06', 'epoch': '5.908'}
{'loss': '0.07412', 'grad_norm': '0.04421', 'learning_rate': '5.216e-06', 'epoch': '5.914'}
{'loss': '0.0686', 'grad_norm': '2.926', 'learning_rate': '5.201e-06', 'epoch': '5.92'}
{'loss': '0.037', 'grad_norm': '0.3378', 'learning_rate': '5.186e-06', 'epoch': '5.926'}
{'loss': '0.03859', 'grad_norm': '5.177', 'learning_rate': '5.171e-06', 'epoch': '5.932'}
{'loss': '0.07303', 'grad_norm': '7.226', 'learning_rate': '5.156e-06', 'epoch': '5.938'}
{'loss': '0.02472', 'grad_norm': '0.8583', 'learning_rate': '5.141e-06', 'epoch': '5.944'}
{'loss': '0.01419', 'grad_norm': '2.794', 'learning_rate': '5.126e-06', 'epoch': '5.95'}
{'loss': '0.06006', 'grad_norm': '10.36', 'learning_rate': '5.11e-06', 'epoch': '5.956'}
{'loss': '0.06887', 'grad_norm': '12.5', 'learning_rate': '5.095e-06', 'epoch': '5.962'}
{'loss': '0.0867', 'grad_norm': '9', 'learning_rate': '5.08e-06', 'epoch': '5.969'}
{'loss': '0.06619', 'grad_norm': '0.03119', 'learning_rate': '5.065e-06', 'epoch': '5.975'}
{'loss': '0.04207', 'grad_norm': '1.234', 'learning_rate': '5.05e-06', 'epoch': '5.981'}
{'loss': '0.01324', 'grad_norm': '11.63', 'learning_rate': '5.035e-06', 'epoch': '5.987'}
{'loss': '0.06937', 'grad_norm': '1.41', 'learning_rate': '5.02e-06', 'epoch': '5.993'}
{'loss': '0.02199', 'grad_norm': '0.5975', 'learning_rate': '5.005e-06', 'epoch': '5.999'}
{'eval_loss': '1.073', 'eval_accuracy': '0.8645', 'eval_precision': '0.861', 'eval_recall': '0.8864', 'eval_f1': '0.8735', 'eval_runtime': '11.81', 'eval_samples_per_second': '1078', 'eval_steps_per_second': '16.85', 'epoch': '6'}
{'loss': '0.03634', 'grad_norm': '3.26', 'learning_rate': '4.989e-06', 'epoch': '6.005'}
{'loss': '0.03621', 'grad_norm': '5.757', 'learning_rate': '4.974e-06', 'epoch': '6.011'}
{'loss': '0.02405', 'grad_norm': '2.33', 'learning_rate': '4.959e-06', 'epoch': '6.017'}
{'loss': '0.03281', 'grad_norm': '0.5028', 'learning_rate': '4.944e-06', 'epoch': '6.023'}
{'loss': '0.02159', 'grad_norm': '0.7308', 'learning_rate': '4.929e-06', 'epoch': '6.029'}
{'loss': '0.06681', 'grad_norm': '2.079', 'learning_rate': '4.914e-06', 'epoch': '6.035'}
{'loss': '0.04148', 'grad_norm': '1.665', 'learning_rate': '4.899e-06', 'epoch': '6.041'}
{'loss': '0.01155', 'grad_norm': '0.6351', 'learning_rate': '4.883e-06', 'epoch': '6.047'}
{'loss': '0.1097', 'grad_norm': '0.02436', 'learning_rate': '4.868e-06', 'epoch': '6.053'}
{'loss': '0.02694', 'grad_norm': '0.02192', 'learning_rate': '4.853e-06', 'epoch': '6.059'}
{'loss': '0.05564', 'grad_norm': '0.5004', 'learning_rate': '4.838e-06', 'epoch': '6.065'}
{'loss': '0.04156', 'grad_norm': '0.6946', 'learning_rate': '4.823e-06', 'epoch': '6.071'}
{'loss': '0.07102', 'grad_norm': '10.52', 'learning_rate': '4.808e-06', 'epoch': '6.077'}
{'loss': '0.0607', 'grad_norm': '0.08731', 'learning_rate': '4.793e-06', 'epoch': '6.084'}
{'loss': '0.02973', 'grad_norm': '4.049', 'learning_rate': '4.778e-06', 'epoch': '6.09'}
{'loss': '0.03225', 'grad_norm': '17.27', 'learning_rate': '4.762e-06', 'epoch': '6.096'}
{'loss': '0.02765', 'grad_norm': '11.98', 'learning_rate': '4.747e-06', 'epoch': '6.102'}
{'loss': '0.02015', 'grad_norm': '4.812', 'learning_rate': '4.732e-06', 'epoch': '6.108'}
{'loss': '0.04719', 'grad_norm': '1.77', 'learning_rate': '4.717e-06', 'epoch': '6.114'}
{'loss': '0.03896', 'grad_norm': '3.759', 'learning_rate': '4.702e-06', 'epoch': '6.12'}
{'loss': '0.01726', 'grad_norm': '9.087', 'learning_rate': '4.687e-06', 'epoch': '6.126'}
{'loss': '0.06925', 'grad_norm': '10.26', 'learning_rate': '4.672e-06', 'epoch': '6.132'}
{'loss': '0.05019', 'grad_norm': '1.796', 'learning_rate': '4.656e-06', 'epoch': '6.138'}
{'loss': '0.0518', 'grad_norm': '0.4583', 'learning_rate': '4.641e-06', 'epoch': '6.144'}
{'loss': '0.04572', 'grad_norm': '0.7708', 'learning_rate': '4.626e-06', 'epoch': '6.15'}
{'loss': '0.01481', 'grad_norm': '5.796', 'learning_rate': '4.611e-06', 'epoch': '6.156'}
{'loss': '0.06753', 'grad_norm': '1.668', 'learning_rate': '4.596e-06', 'epoch': '6.162'}
{'loss': '0.05866', 'grad_norm': '8.411', 'learning_rate': '4.581e-06', 'epoch': '6.168'}
{'loss': '0.02989', 'grad_norm': '3.455', 'learning_rate': '4.566e-06', 'epoch': '6.174'}
{'loss': '0.01465', 'grad_norm': '0.1174', 'learning_rate': '4.551e-06', 'epoch': '6.18'}
{'loss': '0.05603', 'grad_norm': '0.6212', 'learning_rate': '4.535e-06', 'epoch': '6.186'}
{'loss': '0.07696', 'grad_norm': '1.544', 'learning_rate': '4.52e-06', 'epoch': '6.192'}
{'loss': '0.03734', 'grad_norm': '1.797', 'learning_rate': '4.505e-06', 'epoch': '6.199'}
{'loss': '0.0417', 'grad_norm': '0.5001', 'learning_rate': '4.49e-06', 'epoch': '6.205'}
{'loss': '0.0753', 'grad_norm': '8.923', 'learning_rate': '4.475e-06', 'epoch': '6.211'}
{'loss': '0.0916', 'grad_norm': '8.801', 'learning_rate': '4.46e-06', 'epoch': '6.217'}
{'loss': '0.05447', 'grad_norm': '11.55', 'learning_rate': '4.445e-06', 'epoch': '6.223'}
{'loss': '0.03098', 'grad_norm': '5.435', 'learning_rate': '4.429e-06', 'epoch': '6.229'}
{'loss': '0.03645', 'grad_norm': '0.03045', 'learning_rate': '4.414e-06', 'epoch': '6.235'}
{'loss': '0.01469', 'grad_norm': '2.255', 'learning_rate': '4.399e-06', 'epoch': '6.241'}
{'loss': '0.02265', 'grad_norm': '17.61', 'learning_rate': '4.384e-06', 'epoch': '6.247'}
{'loss': '0.02051', 'grad_norm': '2.052', 'learning_rate': '4.369e-06', 'epoch': '6.253'}
{'loss': '0.05606', 'grad_norm': '0.7362', 'learning_rate': '4.354e-06', 'epoch': '6.259'}
{'loss': '0.04943', 'grad_norm': '0.4354', 'learning_rate': '4.339e-06', 'epoch': '6.265'}
{'loss': '0.07419', 'grad_norm': '0.6875', 'learning_rate': '4.324e-06', 'epoch': '6.271'}
{'loss': '0.02224', 'grad_norm': '2.408', 'learning_rate': '4.308e-06', 'epoch': '6.277'}
{'loss': '0.04919', 'grad_norm': '0.3867', 'learning_rate': '4.293e-06', 'epoch': '6.283'}
{'loss': '0.08249', 'grad_norm': '0.4988', 'learning_rate': '4.278e-06', 'epoch': '6.289'}
{'loss': '0.03322', 'grad_norm': '21.41', 'learning_rate': '4.263e-06', 'epoch': '6.295'}
{'loss': '0.02015', 'grad_norm': '1.763', 'learning_rate': '4.248e-06', 'epoch': '6.301'}
{'loss': '0.06212', 'grad_norm': '8.505', 'learning_rate': '4.233e-06', 'epoch': '6.308'}
{'loss': '0.03192', 'grad_norm': '8.442', 'learning_rate': '4.218e-06', 'epoch': '6.314'}
{'loss': '0.1047', 'grad_norm': '6.666', 'learning_rate': '4.202e-06', 'epoch': '6.32'}
{'loss': '0.0466', 'grad_norm': '2.923', 'learning_rate': '4.187e-06', 'epoch': '6.326'}
{'loss': '0.05711', 'grad_norm': '23.64', 'learning_rate': '4.172e-06', 'epoch': '6.332'}
{'loss': '0.1371', 'grad_norm': '1.378', 'learning_rate': '4.157e-06', 'epoch': '6.338'}
{'loss': '0.05929', 'grad_norm': '10.77', 'learning_rate': '4.142e-06', 'epoch': '6.344'}
{'loss': '0.05656', 'grad_norm': '0.7122', 'learning_rate': '4.127e-06', 'epoch': '6.35'}
{'loss': '0.03491', 'grad_norm': '2.746', 'learning_rate': '4.112e-06', 'epoch': '6.356'}
{'loss': '0.04847', 'grad_norm': '7.783', 'learning_rate': '4.097e-06', 'epoch': '6.362'}
{'loss': '0.05468', 'grad_norm': '0.1121', 'learning_rate': '4.081e-06', 'epoch': '6.368'}
{'loss': '0.0273', 'grad_norm': '0.781', 'learning_rate': '4.066e-06', 'epoch': '6.374'}
{'loss': '0.03822', 'grad_norm': '5.251', 'learning_rate': '4.051e-06', 'epoch': '6.38'}
{'loss': '0.02135', 'grad_norm': '1.14', 'learning_rate': '4.036e-06', 'epoch': '6.386'}
{'loss': '0.04964', 'grad_norm': '0.08077', 'learning_rate': '4.021e-06', 'epoch': '6.392'}
{'loss': '0.04925', 'grad_norm': '5.006', 'learning_rate': '4.006e-06', 'epoch': '6.398'}
{'loss': '0.0429', 'grad_norm': '1.63', 'learning_rate': '3.991e-06', 'epoch': '6.404'}
{'loss': '0.06036', 'grad_norm': '5.44', 'learning_rate': '3.975e-06', 'epoch': '6.41'}
{'loss': '0.07091', 'grad_norm': '0.006365', 'learning_rate': '3.96e-06', 'epoch': '6.416'}
{'loss': '0.01311', 'grad_norm': '1.944', 'learning_rate': '3.945e-06', 'epoch': '6.423'}
{'loss': '0.03989', 'grad_norm': '4.243', 'learning_rate': '3.93e-06', 'epoch': '6.429'}
{'loss': '0.05673', 'grad_norm': '4.29', 'learning_rate': '3.915e-06', 'epoch': '6.435'}
{'loss': '0.06978', 'grad_norm': '0.02487', 'learning_rate': '3.9e-06', 'epoch': '6.441'}
{'loss': '0.05161', 'grad_norm': '0.2379', 'learning_rate': '3.885e-06', 'epoch': '6.447'}
{'loss': '0.04858', 'grad_norm': '14.07', 'learning_rate': '3.87e-06', 'epoch': '6.453'}
{'loss': '0.02042', 'grad_norm': '0.3927', 'learning_rate': '3.854e-06', 'epoch': '6.459'}
{'loss': '0.03043', 'grad_norm': '5.091', 'learning_rate': '3.839e-06', 'epoch': '6.465'}
{'loss': '0.06455', 'grad_norm': '3.692', 'learning_rate': '3.824e-06', 'epoch': '6.471'}
{'loss': '0.08172', 'grad_norm': '11.01', 'learning_rate': '3.809e-06', 'epoch': '6.477'}
{'loss': '0.06993', 'grad_norm': '10.4', 'learning_rate': '3.794e-06', 'epoch': '6.483'}
{'loss': '0.05645', 'grad_norm': '1.233', 'learning_rate': '3.779e-06', 'epoch': '6.489'}
{'loss': '0.05491', 'grad_norm': '0.3342', 'learning_rate': '3.764e-06', 'epoch': '6.495'}
{'loss': '0.03314', 'grad_norm': '6.77', 'learning_rate': '3.748e-06', 'epoch': '6.501'}
{'loss': '0.01947', 'grad_norm': '14.9', 'learning_rate': '3.733e-06', 'epoch': '6.507'}
{'loss': '0.04504', 'grad_norm': '0.04035', 'learning_rate': '3.718e-06', 'epoch': '6.513'}
{'loss': '0.03564', 'grad_norm': '0.007466', 'learning_rate': '3.703e-06', 'epoch': '6.519'}
{'loss': '0.0488', 'grad_norm': '15.15', 'learning_rate': '3.688e-06', 'epoch': '6.525'}
{'loss': '0.05372', 'grad_norm': '0.03344', 'learning_rate': '3.673e-06', 'epoch': '6.531'}
{'loss': '0.07464', 'grad_norm': '1.247', 'learning_rate': '3.658e-06', 'epoch': '6.538'}
{'loss': '0.04177', 'grad_norm': '7.622', 'learning_rate': '3.643e-06', 'epoch': '6.544'}
{'loss': '0.02861', 'grad_norm': '6.403', 'learning_rate': '3.627e-06', 'epoch': '6.55'}
{'loss': '0.03352', 'grad_norm': '2.256', 'learning_rate': '3.612e-06', 'epoch': '6.556'}
{'loss': '0.05896', 'grad_norm': '3.358', 'learning_rate': '3.597e-06', 'epoch': '6.562'}
{'loss': '0.03121', 'grad_norm': '0.335', 'learning_rate': '3.582e-06', 'epoch': '6.568'}
{'loss': '0.02807', 'grad_norm': '10.86', 'learning_rate': '3.567e-06', 'epoch': '6.574'}
{'loss': '0.03873', 'grad_norm': '5.641', 'learning_rate': '3.552e-06', 'epoch': '6.58'}
{'loss': '0.06377', 'grad_norm': '5.744', 'learning_rate': '3.537e-06', 'epoch': '6.586'}
{'loss': '0.06078', 'grad_norm': '0.8468', 'learning_rate': '3.521e-06', 'epoch': '6.592'}
{'loss': '0.05068', 'grad_norm': '0.07255', 'learning_rate': '3.506e-06', 'epoch': '6.598'}
{'loss': '0.01357', 'grad_norm': '2.125', 'learning_rate': '3.491e-06', 'epoch': '6.604'}
{'loss': '0.07128', 'grad_norm': '0.02549', 'learning_rate': '3.476e-06', 'epoch': '6.61'}
{'loss': '0.05546', 'grad_norm': '8.641', 'learning_rate': '3.461e-06', 'epoch': '6.616'}
{'loss': '0.03965', 'grad_norm': '8.724', 'learning_rate': '3.446e-06', 'epoch': '6.622'}
{'loss': '0.0311', 'grad_norm': '19.54', 'learning_rate': '3.431e-06', 'epoch': '6.628'}
{'loss': '0.005335', 'grad_norm': '11.69', 'learning_rate': '3.416e-06', 'epoch': '6.634'}
{'loss': '0.1051', 'grad_norm': '7.864', 'learning_rate': '3.4e-06', 'epoch': '6.64'}
{'loss': '0.04893', 'grad_norm': '4.923', 'learning_rate': '3.385e-06', 'epoch': '6.646'}
{'loss': '0.007556', 'grad_norm': '0.1895', 'learning_rate': '3.37e-06', 'epoch': '6.653'}
{'loss': '0.1036', 'grad_norm': '0.4784', 'learning_rate': '3.355e-06', 'epoch': '6.659'}
{'loss': '0.04989', 'grad_norm': '3.418', 'learning_rate': '3.34e-06', 'epoch': '6.665'}
{'loss': '0.03756', 'grad_norm': '4.068', 'learning_rate': '3.325e-06', 'epoch': '6.671'}
{'loss': '0.05167', 'grad_norm': '6.962', 'learning_rate': '3.31e-06', 'epoch': '6.677'}
{'loss': '0.07519', 'grad_norm': '2.228', 'learning_rate': '3.294e-06', 'epoch': '6.683'}
{'loss': '0.06736', 'grad_norm': '0.2895', 'learning_rate': '3.279e-06', 'epoch': '6.689'}
{'loss': '0.07686', 'grad_norm': '7.6', 'learning_rate': '3.264e-06', 'epoch': '6.695'}
{'loss': '0.03887', 'grad_norm': '17.23', 'learning_rate': '3.249e-06', 'epoch': '6.701'}
{'loss': '0.0713', 'grad_norm': '281.2', 'learning_rate': '3.234e-06', 'epoch': '6.707'}
{'loss': '0.04188', 'grad_norm': '5.791', 'learning_rate': '3.219e-06', 'epoch': '6.713'}
{'loss': '0.05728', 'grad_norm': '0.1195', 'learning_rate': '3.204e-06', 'epoch': '6.719'}
{'loss': '0.02993', 'grad_norm': '18.17', 'learning_rate': '3.189e-06', 'epoch': '6.725'}
{'loss': '0.05278', 'grad_norm': '13.31', 'learning_rate': '3.173e-06', 'epoch': '6.731'}
{'loss': '0.05874', 'grad_norm': '24.43', 'learning_rate': '3.158e-06', 'epoch': '6.737'}
{'loss': '0.06714', 'grad_norm': '6.294', 'learning_rate': '3.143e-06', 'epoch': '6.743'}
{'loss': '0.03012', 'grad_norm': '0.1231', 'learning_rate': '3.128e-06', 'epoch': '6.749'}
{'loss': '0.02589', 'grad_norm': '5.834', 'learning_rate': '3.113e-06', 'epoch': '6.755'}
{'loss': '0.03001', 'grad_norm': '7.086', 'learning_rate': '3.098e-06', 'epoch': '6.762'}
{'loss': '0.04044', 'grad_norm': '14.09', 'learning_rate': '3.083e-06', 'epoch': '6.768'}
{'loss': '0.07476', 'grad_norm': '5', 'learning_rate': '3.067e-06', 'epoch': '6.774'}
{'loss': '0.03681', 'grad_norm': '11.92', 'learning_rate': '3.052e-06', 'epoch': '6.78'}
{'loss': '0.03914', 'grad_norm': '0.05627', 'learning_rate': '3.037e-06', 'epoch': '6.786'}
{'loss': '0.06556', 'grad_norm': '0.9879', 'learning_rate': '3.022e-06', 'epoch': '6.792'}
{'loss': '0.05928', 'grad_norm': '2.237', 'learning_rate': '3.007e-06', 'epoch': '6.798'}
{'loss': '0.03247', 'grad_norm': '9.553', 'learning_rate': '2.992e-06', 'epoch': '6.804'}
{'loss': '0.04482', 'grad_norm': '0.4899', 'learning_rate': '2.977e-06', 'epoch': '6.81'}
{'loss': '0.01511', 'grad_norm': '0.1807', 'learning_rate': '2.962e-06', 'epoch': '6.816'}
{'loss': '0.04757', 'grad_norm': '2.378', 'learning_rate': '2.946e-06', 'epoch': '6.822'}
{'loss': '0.1077', 'grad_norm': '5.392', 'learning_rate': '2.931e-06', 'epoch': '6.828'}
{'loss': '0.05357', 'grad_norm': '10.75', 'learning_rate': '2.916e-06', 'epoch': '6.834'}
{'loss': '0.07735', 'grad_norm': '4.459', 'learning_rate': '2.901e-06', 'epoch': '6.84'}
{'loss': '0.03816', 'grad_norm': '2.521', 'learning_rate': '2.886e-06', 'epoch': '6.846'}
{'loss': '0.02396', 'grad_norm': '0.1079', 'learning_rate': '2.871e-06', 'epoch': '6.852'}
{'loss': '0.06094', 'grad_norm': '8.779', 'learning_rate': '2.856e-06', 'epoch': '6.858'}
{'loss': '0.05209', 'grad_norm': '0.6163', 'learning_rate': '2.84e-06', 'epoch': '6.864'}
{'loss': '0.08815', 'grad_norm': '7.727', 'learning_rate': '2.825e-06', 'epoch': '6.87'}
{'loss': '0.03592', 'grad_norm': '11.71', 'learning_rate': '2.81e-06', 'epoch': '6.877'}
{'loss': '0.0701', 'grad_norm': '19.75', 'learning_rate': '2.795e-06', 'epoch': '6.883'}
{'loss': '0.02463', 'grad_norm': '0.08491', 'learning_rate': '2.78e-06', 'epoch': '6.889'}
{'loss': '0.05269', 'grad_norm': '1.427', 'learning_rate': '2.765e-06', 'epoch': '6.895'}
{'loss': '0.0595', 'grad_norm': '6.571', 'learning_rate': '2.75e-06', 'epoch': '6.901'}
{'loss': '0.01936', 'grad_norm': '0.06012', 'learning_rate': '2.735e-06', 'epoch': '6.907'}
{'loss': '0.02373', 'grad_norm': '0.8913', 'learning_rate': '2.719e-06', 'epoch': '6.913'}
{'loss': '0.04169', 'grad_norm': '0.07411', 'learning_rate': '2.704e-06', 'epoch': '6.919'}
{'loss': '0.05177', 'grad_norm': '14.03', 'learning_rate': '2.689e-06', 'epoch': '6.925'}
{'loss': '0.07198', 'grad_norm': '7.279', 'learning_rate': '2.674e-06', 'epoch': '6.931'}
{'loss': '0.06001', 'grad_norm': '6.014', 'learning_rate': '2.659e-06', 'epoch': '6.937'}
{'loss': '0.08154', 'grad_norm': '574.9', 'learning_rate': '2.644e-06', 'epoch': '6.943'}
{'loss': '0.08687', 'grad_norm': '0.5818', 'learning_rate': '2.629e-06', 'epoch': '6.949'}
{'loss': '0.02815', 'grad_norm': '0.5941', 'learning_rate': '2.613e-06', 'epoch': '6.955'}
{'loss': '0.02583', 'grad_norm': '2.363', 'learning_rate': '2.598e-06', 'epoch': '6.961'}
{'loss': '0.05194', 'grad_norm': '11.51', 'learning_rate': '2.583e-06', 'epoch': '6.967'}
{'loss': '0.07594', 'grad_norm': '5.174', 'learning_rate': '2.568e-06', 'epoch': '6.973'}
{'loss': '0.04071', 'grad_norm': '4.185', 'learning_rate': '2.553e-06', 'epoch': '6.979'}
{'loss': '0.0971', 'grad_norm': '2.875', 'learning_rate': '2.538e-06', 'epoch': '6.985'}
{'loss': '0.05818', 'grad_norm': '3.138', 'learning_rate': '2.523e-06', 'epoch': '6.992'}
{'loss': '0.07594', 'grad_norm': '2.758', 'learning_rate': '2.508e-06', 'epoch': '6.998'}
{'eval_loss': '1.116', 'eval_accuracy': '0.8635', 'eval_precision': '0.8667', 'eval_recall': '0.8761', 'eval_f1': '0.8714', 'eval_runtime': '11.79', 'eval_samples_per_second': '1080', 'eval_steps_per_second': '16.88', 'epoch': '7'}
{'loss': '0.0803', 'grad_norm': '8.99', 'learning_rate': '2.492e-06', 'epoch': '7.004'}
{'loss': '0.072', 'grad_norm': '0.4455', 'learning_rate': '2.477e-06', 'epoch': '7.01'}
{'loss': '0.03037', 'grad_norm': '0.2788', 'learning_rate': '2.462e-06', 'epoch': '7.016'}
{'loss': '0.03166', 'grad_norm': '1.246', 'learning_rate': '2.447e-06', 'epoch': '7.022'}
{'loss': '0.04834', 'grad_norm': '13.46', 'learning_rate': '2.432e-06', 'epoch': '7.028'}
{'loss': '0.06131', 'grad_norm': '3.781', 'learning_rate': '2.417e-06', 'epoch': '7.034'}
{'loss': '0.0347', 'grad_norm': '0.2036', 'learning_rate': '2.402e-06', 'epoch': '7.04'}
{'loss': '0.02151', 'grad_norm': '3.247', 'learning_rate': '2.387e-06', 'epoch': '7.046'}
{'loss': '0.05066', 'grad_norm': '0.3097', 'learning_rate': '2.371e-06', 'epoch': '7.052'}
{'loss': '0.0458', 'grad_norm': '7.405', 'learning_rate': '2.356e-06', 'epoch': '7.058'}
{'loss': '0.04012', 'grad_norm': '0.8537', 'learning_rate': '2.341e-06', 'epoch': '7.064'}
{'loss': '0.0546', 'grad_norm': '11.53', 'learning_rate': '2.326e-06', 'epoch': '7.07'}
{'loss': '0.04405', 'grad_norm': '38.71', 'learning_rate': '2.311e-06', 'epoch': '7.076'}
{'loss': '0.07971', 'grad_norm': '22.24', 'learning_rate': '2.296e-06', 'epoch': '7.082'}
{'loss': '0.03974', 'grad_norm': '0.5588', 'learning_rate': '2.281e-06', 'epoch': '7.088'}
{'loss': '0.01592', 'grad_norm': '3.52', 'learning_rate': '2.265e-06', 'epoch': '7.094'}
{'loss': '0.03807', 'grad_norm': '5.759', 'learning_rate': '2.25e-06', 'epoch': '7.1'}
{'loss': '0.005727', 'grad_norm': '0.7957', 'learning_rate': '2.235e-06', 'epoch': '7.107'}
{'loss': '0.04854', 'grad_norm': '0.1971', 'learning_rate': '2.22e-06', 'epoch': '7.113'}
{'loss': '0.04658', 'grad_norm': '48.81', 'learning_rate': '2.205e-06', 'epoch': '7.119'}
{'loss': '0.0477', 'grad_norm': '7.459', 'learning_rate': '2.19e-06', 'epoch': '7.125'}
{'loss': '0.08963', 'grad_norm': '11.06', 'learning_rate': '2.175e-06', 'epoch': '7.131'}
{'loss': '0.04106', 'grad_norm': '3.172', 'learning_rate': '2.16e-06', 'epoch': '7.137'}
{'loss': '0.05824', 'grad_norm': '4.979', 'learning_rate': '2.144e-06', 'epoch': '7.143'}
{'loss': '0.0136', 'grad_norm': '1.038', 'learning_rate': '2.129e-06', 'epoch': '7.149'}
{'loss': '0.03637', 'grad_norm': '0.4588', 'learning_rate': '2.114e-06', 'epoch': '7.155'}
{'loss': '0.08066', 'grad_norm': '2.46', 'learning_rate': '2.099e-06', 'epoch': '7.161'}
{'loss': '0.05586', 'grad_norm': '6.451', 'learning_rate': '2.084e-06', 'epoch': '7.167'}
{'loss': '0.0144', 'grad_norm': '10.63', 'learning_rate': '2.069e-06', 'epoch': '7.173'}
{'loss': '0.0251', 'grad_norm': '8.669', 'learning_rate': '2.054e-06', 'epoch': '7.179'}
{'loss': '0.04684', 'grad_norm': '1.542', 'learning_rate': '2.038e-06', 'epoch': '7.185'}
{'loss': '0.03904', 'grad_norm': '6.976', 'learning_rate': '2.023e-06', 'epoch': '7.191'}
{'loss': '0.05993', 'grad_norm': '1.326', 'learning_rate': '2.008e-06', 'epoch': '7.197'}
{'loss': '0.0442', 'grad_norm': '5.014', 'learning_rate': '1.993e-06', 'epoch': '7.203'}
{'loss': '0.07928', 'grad_norm': '3.118', 'learning_rate': '1.978e-06', 'epoch': '7.209'}
{'loss': '0.05265', 'grad_norm': '0.05513', 'learning_rate': '1.963e-06', 'epoch': '7.215'}
{'loss': '0.01617', 'grad_norm': '5.118', 'learning_rate': '1.948e-06', 'epoch': '7.222'}
{'loss': '0.01396', 'grad_norm': '0.0256', 'learning_rate': '1.933e-06', 'epoch': '7.228'}
{'loss': '0.08413', 'grad_norm': '6.652', 'learning_rate': '1.917e-06', 'epoch': '7.234'}
{'loss': '0.03824', 'grad_norm': '18.36', 'learning_rate': '1.902e-06', 'epoch': '7.24'}
{'loss': '0.02873', 'grad_norm': '0.1578', 'learning_rate': '1.887e-06', 'epoch': '7.246'}
{'loss': '0.05362', 'grad_norm': '0.209', 'learning_rate': '1.872e-06', 'epoch': '7.252'}
{'loss': '0.06573', 'grad_norm': '0.1008', 'learning_rate': '1.857e-06', 'epoch': '7.258'}
{'loss': '0.03436', 'grad_norm': '79.11', 'learning_rate': '1.842e-06', 'epoch': '7.264'}
{'loss': '0.08489', 'grad_norm': '0.4349', 'learning_rate': '1.827e-06', 'epoch': '7.27'}
{'loss': '0.03102', 'grad_norm': '0.003766', 'learning_rate': '1.811e-06', 'epoch': '7.276'}
{'loss': '0.01356', 'grad_norm': '0.3538', 'learning_rate': '1.796e-06', 'epoch': '7.282'}
{'loss': '0.06217', 'grad_norm': '53.28', 'learning_rate': '1.781e-06', 'epoch': '7.288'}
{'loss': '0.02536', 'grad_norm': '1.015', 'learning_rate': '1.766e-06', 'epoch': '7.294'}
{'loss': '0.0945', 'grad_norm': '159.3', 'learning_rate': '1.751e-06', 'epoch': '7.3'}
{'loss': '0.06028', 'grad_norm': '10.37', 'learning_rate': '1.736e-06', 'epoch': '7.306'}
{'loss': '0.0417', 'grad_norm': '0.3354', 'learning_rate': '1.721e-06', 'epoch': '7.312'}
{'loss': '0.02949', 'grad_norm': '2.134', 'learning_rate': '1.706e-06', 'epoch': '7.318'}
{'loss': '0.04391', 'grad_norm': '10.61', 'learning_rate': '1.69e-06', 'epoch': '7.324'}
{'loss': '0.01948', 'grad_norm': '2.766', 'learning_rate': '1.675e-06', 'epoch': '7.331'}
{'loss': '0.05346', 'grad_norm': '0.1968', 'learning_rate': '1.66e-06', 'epoch': '7.337'}
{'loss': '0.03485', 'grad_norm': '2.221', 'learning_rate': '1.645e-06', 'epoch': '7.343'}
{'loss': '0.05467', 'grad_norm': '1.158', 'learning_rate': '1.63e-06', 'epoch': '7.349'}
{'loss': '0.0502', 'grad_norm': '3.997', 'learning_rate': '1.615e-06', 'epoch': '7.355'}
{'loss': '0.03776', 'grad_norm': '9.02', 'learning_rate': '1.6e-06', 'epoch': '7.361'}
{'loss': '0.04187', 'grad_norm': '0.573', 'learning_rate': '1.584e-06', 'epoch': '7.367'}
{'loss': '0.05701', 'grad_norm': '0.7692', 'learning_rate': '1.569e-06', 'epoch': '7.373'}
{'loss': '0.03167', 'grad_norm': '0.03523', 'learning_rate': '1.554e-06', 'epoch': '7.379'}
{'loss': '0.01188', 'grad_norm': '0.24', 'learning_rate': '1.539e-06', 'epoch': '7.385'}
{'loss': '0.03202', 'grad_norm': '4.871', 'learning_rate': '1.524e-06', 'epoch': '7.391'}
{'loss': '0.04498', 'grad_norm': '4.181', 'learning_rate': '1.509e-06', 'epoch': '7.397'}
{'loss': '0.02187', 'grad_norm': '11.44', 'learning_rate': '1.494e-06', 'epoch': '7.403'}
{'loss': '0.02814', 'grad_norm': '0.1807', 'learning_rate': '1.479e-06', 'epoch': '7.409'}
{'loss': '0.05606', 'grad_norm': '4.693', 'learning_rate': '1.463e-06', 'epoch': '7.415'}
{'loss': '0.04642', 'grad_norm': '19.02', 'learning_rate': '1.448e-06', 'epoch': '7.421'}
{'loss': '0.02075', 'grad_norm': '7.488', 'learning_rate': '1.433e-06', 'epoch': '7.427'}
{'loss': '0.0414', 'grad_norm': '2.568', 'learning_rate': '1.418e-06', 'epoch': '7.433'}
{'loss': '0.04413', 'grad_norm': '3.827', 'learning_rate': '1.403e-06', 'epoch': '7.439'}
{'loss': '0.04448', 'grad_norm': '3.017', 'learning_rate': '1.388e-06', 'epoch': '7.446'}
{'loss': '0.08876', 'grad_norm': '0.5687', 'learning_rate': '1.373e-06', 'epoch': '7.452'}
{'loss': '0.0611', 'grad_norm': '24.77', 'learning_rate': '1.357e-06', 'epoch': '7.458'}
{'loss': '0.04753', 'grad_norm': '1.095', 'learning_rate': '1.342e-06', 'epoch': '7.464'}
{'loss': '0.05061', 'grad_norm': '0.02781', 'learning_rate': '1.327e-06', 'epoch': '7.47'}
{'loss': '0.04292', 'grad_norm': '0.4916', 'learning_rate': '1.312e-06', 'epoch': '7.476'}
{'loss': '0.03901', 'grad_norm': '6.724', 'learning_rate': '1.297e-06', 'epoch': '7.482'}
{'loss': '0.07264', 'grad_norm': '15.42', 'learning_rate': '1.282e-06', 'epoch': '7.488'}
{'loss': '0.02806', 'grad_norm': '0.383', 'learning_rate': '1.267e-06', 'epoch': '7.494'}
{'loss': '0.04154', 'grad_norm': '0.03197', 'learning_rate': '1.252e-06', 'epoch': '7.5'}
{'loss': '0.04337', 'grad_norm': '12.05', 'learning_rate': '1.236e-06', 'epoch': '7.506'}
{'loss': '0.008375', 'grad_norm': '0.04348', 'learning_rate': '1.221e-06', 'epoch': '7.512'}
{'loss': '0.03821', 'grad_norm': '2.485', 'learning_rate': '1.206e-06', 'epoch': '7.518'}
{'loss': '0.01834', 'grad_norm': '2.061', 'learning_rate': '1.191e-06', 'epoch': '7.524'}
{'loss': '0.02073', 'grad_norm': '1.315', 'learning_rate': '1.176e-06', 'epoch': '7.53'}
{'loss': '0.02665', 'grad_norm': '8.995', 'learning_rate': '1.161e-06', 'epoch': '7.536'}
{'loss': '0.05944', 'grad_norm': '17.08', 'learning_rate': '1.146e-06', 'epoch': '7.542'}
{'loss': '0.02649', 'grad_norm': '0.1303', 'learning_rate': '1.13e-06', 'epoch': '7.548'}
{'loss': '0.04018', 'grad_norm': '7.541', 'learning_rate': '1.115e-06', 'epoch': '7.554'}
{'loss': '0.05713', 'grad_norm': '8.183', 'learning_rate': '1.1e-06', 'epoch': '7.561'}
{'loss': '0.02787', 'grad_norm': '0.2959', 'learning_rate': '1.085e-06', 'epoch': '7.567'}
{'loss': '0.03411', 'grad_norm': '9.967', 'learning_rate': '1.07e-06', 'epoch': '7.573'}
{'loss': '0.02787', 'grad_norm': '9.376', 'learning_rate': '1.055e-06', 'epoch': '7.579'}
{'loss': '0.03587', 'grad_norm': '69.78', 'learning_rate': '1.04e-06', 'epoch': '7.585'}
{'loss': '0.06074', 'grad_norm': '1.048', 'learning_rate': '1.025e-06', 'epoch': '7.591'}
{'loss': '0.05293', 'grad_norm': '6.51', 'learning_rate': '1.009e-06', 'epoch': '7.597'}
{'loss': '0.02817', 'grad_norm': '2.402', 'learning_rate': '9.942e-07', 'epoch': '7.603'}
{'loss': '0.02521', 'grad_norm': '10.93', 'learning_rate': '9.791e-07', 'epoch': '7.609'}
{'loss': '0.07335', 'grad_norm': '0.1486', 'learning_rate': '9.64e-07', 'epoch': '7.615'}
{'loss': '0.06115', 'grad_norm': '10.53', 'learning_rate': '9.488e-07', 'epoch': '7.621'}
{'loss': '0.04416', 'grad_norm': '5.414', 'learning_rate': '9.337e-07', 'epoch': '7.627'}
{'loss': '0.04731', 'grad_norm': '1.639', 'learning_rate': '9.186e-07', 'epoch': '7.633'}
{'loss': '0.09053', 'grad_norm': '3.272', 'learning_rate': '9.035e-07', 'epoch': '7.639'}
{'loss': '0.06428', 'grad_norm': '3.172', 'learning_rate': '8.883e-07', 'epoch': '7.645'}
{'loss': '0.05058', 'grad_norm': '0.0163', 'learning_rate': '8.732e-07', 'epoch': '7.651'}
{'loss': '0.05275', 'grad_norm': '16.28', 'learning_rate': '8.581e-07', 'epoch': '7.657'}
{'loss': '0.04109', 'grad_norm': '0.8308', 'learning_rate': '8.429e-07', 'epoch': '7.663'}
{'loss': '0.02211', 'grad_norm': '1.215', 'learning_rate': '8.278e-07', 'epoch': '7.669'}
{'loss': '0.06448', 'grad_norm': '0.828', 'learning_rate': '8.127e-07', 'epoch': '7.676'}
{'loss': '0.02295', 'grad_norm': '0.0107', 'learning_rate': '7.975e-07', 'epoch': '7.682'}
{'loss': '0.05562', 'grad_norm': '0.5827', 'learning_rate': '7.824e-07', 'epoch': '7.688'}
{'loss': '0.0594', 'grad_norm': '0.2697', 'learning_rate': '7.673e-07', 'epoch': '7.694'}
{'loss': '0.03443', 'grad_norm': '7.917', 'learning_rate': '7.521e-07', 'epoch': '7.7'}
{'loss': '0.02722', 'grad_norm': '3.433', 'learning_rate': '7.37e-07', 'epoch': '7.706'}
{'loss': '0.06023', 'grad_norm': '12.7', 'learning_rate': '7.219e-07', 'epoch': '7.712'}
{'loss': '0.03722', 'grad_norm': '19.31', 'learning_rate': '7.067e-07', 'epoch': '7.718'}
{'loss': '0.03853', 'grad_norm': '0.3993', 'learning_rate': '6.916e-07', 'epoch': '7.724'}
{'loss': '0.05173', 'grad_norm': '9.225', 'learning_rate': '6.765e-07', 'epoch': '7.73'}
{'loss': '0.01262', 'grad_norm': '4.578', 'learning_rate': '6.613e-07', 'epoch': '7.736'}
{'loss': '0.03508', 'grad_norm': '8.629', 'learning_rate': '6.462e-07', 'epoch': '7.742'}
{'loss': '0.02716', 'grad_norm': '6.404', 'learning_rate': '6.311e-07', 'epoch': '7.748'}
{'loss': '0.02411', 'grad_norm': '5.458', 'learning_rate': '6.159e-07', 'epoch': '7.754'}
{'loss': '0.03692', 'grad_norm': '1.613', 'learning_rate': '6.008e-07', 'epoch': '7.76'}
{'loss': '0.06606', 'grad_norm': '9.053', 'learning_rate': '5.857e-07', 'epoch': '7.766'}
{'loss': '0.06073', 'grad_norm': '0.8783', 'learning_rate': '5.705e-07', 'epoch': '7.772'}
{'loss': '0.03698', 'grad_norm': '0.4228', 'learning_rate': '5.554e-07', 'epoch': '7.778'}
{'loss': '0.05007', 'grad_norm': '0.2423', 'learning_rate': '5.403e-07', 'epoch': '7.785'}
{'loss': '0.03774', 'grad_norm': '9.714', 'learning_rate': '5.251e-07', 'epoch': '7.791'}
{'loss': '0.03664', 'grad_norm': '0.05156', 'learning_rate': '5.1e-07', 'epoch': '7.797'}
{'loss': '0.04389', 'grad_norm': '10.18', 'learning_rate': '4.949e-07', 'epoch': '7.803'}
{'loss': '0.07333', 'grad_norm': '7.417', 'learning_rate': '4.797e-07', 'epoch': '7.809'}
{'loss': '0.02186', 'grad_norm': '4.256', 'learning_rate': '4.646e-07', 'epoch': '7.815'}
{'loss': '0.07362', 'grad_norm': '12.5', 'learning_rate': '4.495e-07', 'epoch': '7.821'}
{'loss': '0.01184', 'grad_norm': '5.18', 'learning_rate': '4.343e-07', 'epoch': '7.827'}
{'loss': '0.03395', 'grad_norm': '9.125', 'learning_rate': '4.192e-07', 'epoch': '7.833'}
{'loss': '0.03912', 'grad_norm': '1.67', 'learning_rate': '4.041e-07', 'epoch': '7.839'}
{'loss': '0.01777', 'grad_norm': '1.609', 'learning_rate': '3.889e-07', 'epoch': '7.845'}
{'loss': '0.02132', 'grad_norm': '0.02175', 'learning_rate': '3.738e-07', 'epoch': '7.851'}
{'loss': '0.04783', 'grad_norm': '0.01883', 'learning_rate': '3.587e-07', 'epoch': '7.857'}
{'loss': '0.02672', 'grad_norm': '0.08902', 'learning_rate': '3.435e-07', 'epoch': '7.863'}
{'loss': '0.1092', 'grad_norm': '1.325', 'learning_rate': '3.284e-07', 'epoch': '7.869'}
{'loss': '0.03299', 'grad_norm': '0.3925', 'learning_rate': '3.133e-07', 'epoch': '7.875'}
{'loss': '0.03121', 'grad_norm': '12.99', 'learning_rate': '2.981e-07', 'epoch': '7.881'}
{'loss': '0.06272', 'grad_norm': '1.018', 'learning_rate': '2.83e-07', 'epoch': '7.887'}
{'loss': '0.09823', 'grad_norm': '2.05', 'learning_rate': '2.679e-07', 'epoch': '7.893'}
{'loss': '0.03245', 'grad_norm': '1.75', 'learning_rate': '2.527e-07', 'epoch': '7.9'}
{'loss': '0.07503', 'grad_norm': '3.913', 'learning_rate': '2.376e-07', 'epoch': '7.906'}
{'loss': '0.06424', 'grad_norm': '18.51', 'learning_rate': '2.225e-07', 'epoch': '7.912'}
{'loss': '0.02504', 'grad_norm': '0.04093', 'learning_rate': '2.073e-07', 'epoch': '7.918'}
{'loss': '0.02283', 'grad_norm': '12.98', 'learning_rate': '1.922e-07', 'epoch': '7.924'}
{'loss': '0.04275', 'grad_norm': '0.8198', 'learning_rate': '1.771e-07', 'epoch': '7.93'}
{'loss': '0.0142', 'grad_norm': '2.138', 'learning_rate': '1.619e-07', 'epoch': '7.936'}
{'loss': '0.03154', 'grad_norm': '0.071', 'learning_rate': '1.468e-07', 'epoch': '7.942'}
{'loss': '0.07167', 'grad_norm': '0.0282', 'learning_rate': '1.317e-07', 'epoch': '7.948'}
{'loss': '0.04721', 'grad_norm': '0.1141', 'learning_rate': '1.165e-07', 'epoch': '7.954'}
{'loss': '0.07309', 'grad_norm': '7.19', 'learning_rate': '1.014e-07', 'epoch': '7.96'}
{'loss': '0.04078', 'grad_norm': '0.1295', 'learning_rate': '8.626e-08', 'epoch': '7.966'}
{'loss': '0.1324', 'grad_norm': '16.09', 'learning_rate': '7.113e-08', 'epoch': '7.972'}
{'loss': '0.06178', 'grad_norm': '0.5291', 'learning_rate': '5.599e-08', 'epoch': '7.978'}
{'loss': '0.02049', 'grad_norm': '49.71', 'learning_rate': '4.086e-08', 'epoch': '7.984'}
{'loss': '0.02484', 'grad_norm': '0.192', 'learning_rate': '2.573e-08', 'epoch': '7.99'}
{'loss': '0.009393', 'grad_norm': '5.514', 'learning_rate': '1.059e-08', 'epoch': '7.996'}
{'eval_loss': '1.132', 'eval_accuracy': '0.8665', 'eval_precision': '0.8692', 'eval_recall': '0.8795', 'eval_f1': '0.8743', 'eval_runtime': '11.89', 'eval_samples_per_second': '1071', 'eval_steps_per_second': '16.74', 'epoch': '8'}
{'train_runtime': '2168', 'train_samples_per_second': '195', 'train_steps_per_second': '6.096', 'train_loss': '0.1422', 'epoch': '8'}
Fold F1: 0.8714713767544552
Точность определения арабских заимств.: {'accuracy': 0.8540229885057471, 'precision': 0.41708542713567837, 'recall': 0.8829787234042553, 'f1': 0.5665529010238908}
Точность определения китайских заимств.: {'accuracy': 0.848180677540778, 'precision': 0.12121212121212122, 'recall': 0.7619047619047619, 'f1': 0.20915032679738563}
Точность определения английских заимств.: {'accuracy': 0.8731517509727627, 'precision': 0.7993079584775087, 'recall': 0.9076620825147348, 'f1': 0.8500459981600736}
Точность определения французских заимств.: {'accuracy': 0.8836104513064132, 'precision': 0.8771186440677966, 'recall': 0.9118942731277533, 'f1': 0.8941684665226782}
Точность определения немецких заимств.: {'accuracy': 0.875, 'precision': 0.6890080428954424, 'recall': 0.9448529411764706, 'f1': 0.7968992248062016}
Точность определения итальянских заимтсв.: {'accuracy': 0.8530954879328436, 'precision': 0.5687732342007435, 'recall': 0.864406779661017, 'f1': 0.6860986547085202}
Точность определения японских заимств.: {'accuracy': 0.8561797752808988, 'precision': 0.46788990825688076, 'recall': 0.8947368421052632, 'f1': 0.6144578313253012}
Точность определения польских заимств.: {'accuracy': 0.8353365384615384, 'precision': 0.23178807947019867, 'recall': 0.625, 'f1': 0.33816425120772947}
{'eval_loss': 0.32483431696891785, 'eval_accuracy': 0.8720163316582915, 'eval_precision': 0.9273368014767579, 'eval_recall': 0.821954484605087, 'eval_f1': 0.8714713767544552, 'eval_runtime': 11.6684, 'eval_samples_per_second': 1091.499, 'eval_steps_per_second': 17.055, 'epoch': 8.0}

===== Fold 4 =====
{'loss': '0.7057', 'grad_norm': '68.41', 'learning_rate': '1.999e-05', 'epoch': '0.006158'}
{'loss': '0.6756', 'grad_norm': '37.24', 'learning_rate': '1.997e-05', 'epoch': '0.01232'}
{'loss': '0.684', 'grad_norm': '19.86', 'learning_rate': '1.996e-05', 'epoch': '0.01847'}
{'loss': '0.6884', 'grad_norm': '15.95', 'learning_rate': '1.994e-05', 'epoch': '0.02463'}
{'loss': '0.6972', 'grad_norm': '30.45', 'learning_rate': '1.992e-05', 'epoch': '0.03079'}
{'loss': '0.691', 'grad_norm': '27.99', 'learning_rate': '1.991e-05', 'epoch': '0.03695'}
{'loss': '0.6994', 'grad_norm': '19.99', 'learning_rate': '1.989e-05', 'epoch': '0.0431'}
{'loss': '0.6837', 'grad_norm': '44.31', 'learning_rate': '1.988e-05', 'epoch': '0.04926'}
{'loss': '0.6852', 'grad_norm': '90.17', 'learning_rate': '1.986e-05', 'epoch': '0.05542'}
{'loss': '0.6875', 'grad_norm': '154.9', 'learning_rate': '1.985e-05', 'epoch': '0.06158'}
{'loss': '0.6932', 'grad_norm': '42.99', 'learning_rate': '1.983e-05', 'epoch': '0.06773'}
{'loss': '0.6772', 'grad_norm': '19.73', 'learning_rate': '1.982e-05', 'epoch': '0.07389'}
{'loss': '0.6847', 'grad_norm': '19.12', 'learning_rate': '1.98e-05', 'epoch': '0.08005'}
{'loss': '0.6812', 'grad_norm': '37.97', 'learning_rate': '1.979e-05', 'epoch': '0.08621'}
{'loss': '0.6742', 'grad_norm': '16.01', 'learning_rate': '1.977e-05', 'epoch': '0.09236'}
{'loss': '0.6811', 'grad_norm': '15.71', 'learning_rate': '1.976e-05', 'epoch': '0.09852'}
{'loss': '0.6802', 'grad_norm': '25.85', 'learning_rate': '1.974e-05', 'epoch': '0.1047'}
{'loss': '0.6843', 'grad_norm': '133.3', 'learning_rate': '1.972e-05', 'epoch': '0.1108'}
{'loss': '0.68', 'grad_norm': '30.07', 'learning_rate': '1.971e-05', 'epoch': '0.117'}
{'loss': '0.6684', 'grad_norm': '30.16', 'learning_rate': '1.969e-05', 'epoch': '0.1232'}
{'loss': '0.6613', 'grad_norm': '25.33', 'learning_rate': '1.968e-05', 'epoch': '0.1293'}
{'loss': '0.6674', 'grad_norm': '32.74', 'learning_rate': '1.966e-05', 'epoch': '0.1355'}
{'loss': '0.6861', 'grad_norm': '20.91', 'learning_rate': '1.965e-05', 'epoch': '0.1416'}
{'loss': '0.6761', 'grad_norm': '24.64', 'learning_rate': '1.963e-05', 'epoch': '0.1478'}
{'loss': '0.672', 'grad_norm': '20.7', 'learning_rate': '1.962e-05', 'epoch': '0.1539'}
{'loss': '0.6627', 'grad_norm': '70.12', 'learning_rate': '1.96e-05', 'epoch': '0.1601'}
{'loss': '0.6538', 'grad_norm': '41.84', 'learning_rate': '1.959e-05', 'epoch': '0.1663'}
{'loss': '0.6723', 'grad_norm': '40.51', 'learning_rate': '1.957e-05', 'epoch': '0.1724'}
{'loss': '0.664', 'grad_norm': '29.53', 'learning_rate': '1.956e-05', 'epoch': '0.1786'}
{'loss': '0.6588', 'grad_norm': '38.55', 'learning_rate': '1.954e-05', 'epoch': '0.1847'}
{'loss': '0.6533', 'grad_norm': '32.75', 'learning_rate': '1.952e-05', 'epoch': '0.1909'}
{'loss': '0.6502', 'grad_norm': '46.16', 'learning_rate': '1.951e-05', 'epoch': '0.197'}
{'loss': '0.6372', 'grad_norm': '29.62', 'learning_rate': '1.949e-05', 'epoch': '0.2032'}
{'loss': '0.6391', 'grad_norm': '44.17', 'learning_rate': '1.948e-05', 'epoch': '0.2094'}
{'loss': '0.6549', 'grad_norm': '35.22', 'learning_rate': '1.946e-05', 'epoch': '0.2155'}
{'loss': '0.6645', 'grad_norm': '43.4', 'learning_rate': '1.945e-05', 'epoch': '0.2217'}
{'loss': '0.6409', 'grad_norm': '36.46', 'learning_rate': '1.943e-05', 'epoch': '0.2278'}
{'loss': '0.633', 'grad_norm': '99.72', 'learning_rate': '1.942e-05', 'epoch': '0.234'}
{'loss': '0.6261', 'grad_norm': '73.26', 'learning_rate': '1.94e-05', 'epoch': '0.2401'}
{'loss': '0.6403', 'grad_norm': '53.39', 'learning_rate': '1.939e-05', 'epoch': '0.2463'}
{'loss': '0.6517', 'grad_norm': '67.82', 'learning_rate': '1.937e-05', 'epoch': '0.2525'}
{'loss': '0.634', 'grad_norm': '62.57', 'learning_rate': '1.935e-05', 'epoch': '0.2586'}
{'loss': '0.6136', 'grad_norm': '51.31', 'learning_rate': '1.934e-05', 'epoch': '0.2648'}
{'loss': '0.642', 'grad_norm': '56.33', 'learning_rate': '1.932e-05', 'epoch': '0.2709'}
{'loss': '0.6208', 'grad_norm': '47.35', 'learning_rate': '1.931e-05', 'epoch': '0.2771'}
{'loss': '0.6324', 'grad_norm': '123.1', 'learning_rate': '1.929e-05', 'epoch': '0.2833'}
{'loss': '0.6407', 'grad_norm': '79.86', 'learning_rate': '1.928e-05', 'epoch': '0.2894'}
{'loss': '0.6439', 'grad_norm': '76.13', 'learning_rate': '1.926e-05', 'epoch': '0.2956'}
{'loss': '0.5913', 'grad_norm': '36.62', 'learning_rate': '1.925e-05', 'epoch': '0.3017'}
{'loss': '0.6137', 'grad_norm': '36.45', 'learning_rate': '1.923e-05', 'epoch': '0.3079'}
{'loss': '0.6034', 'grad_norm': '82.04', 'learning_rate': '1.922e-05', 'epoch': '0.314'}
{'loss': '0.6079', 'grad_norm': '50.63', 'learning_rate': '1.92e-05', 'epoch': '0.3202'}
{'loss': '0.6052', 'grad_norm': '32.15', 'learning_rate': '1.919e-05', 'epoch': '0.3264'}
{'loss': '0.6124', 'grad_norm': '138', 'learning_rate': '1.917e-05', 'epoch': '0.3325'}
{'loss': '0.6003', 'grad_norm': '65.96', 'learning_rate': '1.915e-05', 'epoch': '0.3387'}
{'loss': '0.5916', 'grad_norm': '104.2', 'learning_rate': '1.914e-05', 'epoch': '0.3448'}
{'loss': '0.608', 'grad_norm': '61.28', 'learning_rate': '1.912e-05', 'epoch': '0.351'}
{'loss': '0.5753', 'grad_norm': '32.54', 'learning_rate': '1.911e-05', 'epoch': '0.3571'}
{'loss': '0.5627', 'grad_norm': '68.37', 'learning_rate': '1.909e-05', 'epoch': '0.3633'}
{'loss': '0.5837', 'grad_norm': '54.67', 'learning_rate': '1.908e-05', 'epoch': '0.3695'}
{'loss': '0.5976', 'grad_norm': '112.5', 'learning_rate': '1.906e-05', 'epoch': '0.3756'}
{'loss': '0.5908', 'grad_norm': '48.1', 'learning_rate': '1.905e-05', 'epoch': '0.3818'}
{'loss': '0.5897', 'grad_norm': '212.8', 'learning_rate': '1.903e-05', 'epoch': '0.3879'}
{'loss': '0.5558', 'grad_norm': '47.16', 'learning_rate': '1.902e-05', 'epoch': '0.3941'}
{'loss': '0.5769', 'grad_norm': '82.97', 'learning_rate': '1.9e-05', 'epoch': '0.4002'}
{'loss': '0.5271', 'grad_norm': '50.86', 'learning_rate': '1.899e-05', 'epoch': '0.4064'}
{'loss': '0.5621', 'grad_norm': '52.82', 'learning_rate': '1.897e-05', 'epoch': '0.4126'}
{'loss': '0.5525', 'grad_norm': '128.5', 'learning_rate': '1.895e-05', 'epoch': '0.4187'}
{'loss': '0.5358', 'grad_norm': '340.6', 'learning_rate': '1.894e-05', 'epoch': '0.4249'}
{'loss': '0.5348', 'grad_norm': '84.45', 'learning_rate': '1.892e-05', 'epoch': '0.431'}
{'loss': '0.5509', 'grad_norm': '97.27', 'learning_rate': '1.891e-05', 'epoch': '0.4372'}
{'loss': '0.4935', 'grad_norm': '49.88', 'learning_rate': '1.889e-05', 'epoch': '0.4433'}
{'loss': '0.5537', 'grad_norm': '62.17', 'learning_rate': '1.888e-05', 'epoch': '0.4495'}
{'loss': '0.5363', 'grad_norm': '116', 'learning_rate': '1.886e-05', 'epoch': '0.4557'}
{'loss': '0.5014', 'grad_norm': '132.2', 'learning_rate': '1.885e-05', 'epoch': '0.4618'}
{'loss': '0.5636', 'grad_norm': '71.07', 'learning_rate': '1.883e-05', 'epoch': '0.468'}
{'loss': '0.4966', 'grad_norm': '104.3', 'learning_rate': '1.882e-05', 'epoch': '0.4741'}
{'loss': '0.5229', 'grad_norm': '55.25', 'learning_rate': '1.88e-05', 'epoch': '0.4803'}
{'loss': '0.5368', 'grad_norm': '56.12', 'learning_rate': '1.879e-05', 'epoch': '0.4865'}
{'loss': '0.5388', 'grad_norm': '34.12', 'learning_rate': '1.877e-05', 'epoch': '0.4926'}
{'loss': '0.5276', 'grad_norm': '46.36', 'learning_rate': '1.875e-05', 'epoch': '0.4988'}
{'loss': '0.5118', 'grad_norm': '114.8', 'learning_rate': '1.874e-05', 'epoch': '0.5049'}
{'loss': '0.5037', 'grad_norm': '35.29', 'learning_rate': '1.872e-05', 'epoch': '0.5111'}
{'loss': '0.5009', 'grad_norm': '169.7', 'learning_rate': '1.871e-05', 'epoch': '0.5172'}
{'loss': '0.4735', 'grad_norm': '100.7', 'learning_rate': '1.869e-05', 'epoch': '0.5234'}
{'loss': '0.477', 'grad_norm': '201', 'learning_rate': '1.868e-05', 'epoch': '0.5296'}
{'loss': '0.4862', 'grad_norm': '70.42', 'learning_rate': '1.866e-05', 'epoch': '0.5357'}
{'loss': '0.494', 'grad_norm': '90.32', 'learning_rate': '1.865e-05', 'epoch': '0.5419'}
{'loss': '0.485', 'grad_norm': '57.17', 'learning_rate': '1.863e-05', 'epoch': '0.548'}
{'loss': '0.5087', 'grad_norm': '66.57', 'learning_rate': '1.862e-05', 'epoch': '0.5542'}
{'loss': '0.4715', 'grad_norm': '89.34', 'learning_rate': '1.86e-05', 'epoch': '0.5603'}
{'loss': '0.5103', 'grad_norm': '69.9', 'learning_rate': '1.859e-05', 'epoch': '0.5665'}
{'loss': '0.4891', 'grad_norm': '302.1', 'learning_rate': '1.857e-05', 'epoch': '0.5727'}
{'loss': '0.4592', 'grad_norm': '51.88', 'learning_rate': '1.855e-05', 'epoch': '0.5788'}
{'loss': '0.4754', 'grad_norm': '227.7', 'learning_rate': '1.854e-05', 'epoch': '0.585'}
{'loss': '0.4467', 'grad_norm': '133.3', 'learning_rate': '1.852e-05', 'epoch': '0.5911'}
{'loss': '0.4915', 'grad_norm': '194.6', 'learning_rate': '1.851e-05', 'epoch': '0.5973'}
{'loss': '0.4966', 'grad_norm': '65.1', 'learning_rate': '1.849e-05', 'epoch': '0.6034'}
{'loss': '0.474', 'grad_norm': '195.8', 'learning_rate': '1.848e-05', 'epoch': '0.6096'}
{'loss': '0.485', 'grad_norm': '86.66', 'learning_rate': '1.846e-05', 'epoch': '0.6158'}
{'loss': '0.4414', 'grad_norm': '113.6', 'learning_rate': '1.845e-05', 'epoch': '0.6219'}
{'loss': '0.4728', 'grad_norm': '103.5', 'learning_rate': '1.843e-05', 'epoch': '0.6281'}
{'loss': '0.4683', 'grad_norm': '155.5', 'learning_rate': '1.842e-05', 'epoch': '0.6342'}
{'loss': '0.4953', 'grad_norm': '395.6', 'learning_rate': '1.84e-05', 'epoch': '0.6404'}
{'loss': '0.4521', 'grad_norm': '135.9', 'learning_rate': '1.839e-05', 'epoch': '0.6466'}
{'loss': '0.4245', 'grad_norm': '50.99', 'learning_rate': '1.837e-05', 'epoch': '0.6527'}
{'loss': '0.406', 'grad_norm': '59.96', 'learning_rate': '1.835e-05', 'epoch': '0.6589'}
{'loss': '0.4647', 'grad_norm': '73.11', 'learning_rate': '1.834e-05', 'epoch': '0.665'}
{'loss': '0.4534', 'grad_norm': '148.7', 'learning_rate': '1.832e-05', 'epoch': '0.6712'}
{'loss': '0.4118', 'grad_norm': '49.28', 'learning_rate': '1.831e-05', 'epoch': '0.6773'}
{'loss': '0.4965', 'grad_norm': '199.5', 'learning_rate': '1.829e-05', 'epoch': '0.6835'}
{'loss': '0.3843', 'grad_norm': '103.7', 'learning_rate': '1.828e-05', 'epoch': '0.6897'}
{'loss': '0.5112', 'grad_norm': '173.8', 'learning_rate': '1.826e-05', 'epoch': '0.6958'}
{'loss': '0.433', 'grad_norm': '176.5', 'learning_rate': '1.825e-05', 'epoch': '0.702'}
{'loss': '0.3926', 'grad_norm': '87.5', 'learning_rate': '1.823e-05', 'epoch': '0.7081'}
{'loss': '0.3966', 'grad_norm': '96.85', 'learning_rate': '1.822e-05', 'epoch': '0.7143'}
{'loss': '0.4082', 'grad_norm': '403.4', 'learning_rate': '1.82e-05', 'epoch': '0.7204'}
{'loss': '0.4747', 'grad_norm': '102.8', 'learning_rate': '1.819e-05', 'epoch': '0.7266'}
{'loss': '0.4187', 'grad_norm': '141.4', 'learning_rate': '1.817e-05', 'epoch': '0.7328'}
{'loss': '0.4147', 'grad_norm': '71.82', 'learning_rate': '1.815e-05', 'epoch': '0.7389'}
{'loss': '0.4328', 'grad_norm': '84.99', 'learning_rate': '1.814e-05', 'epoch': '0.7451'}
{'loss': '0.394', 'grad_norm': '252.5', 'learning_rate': '1.812e-05', 'epoch': '0.7512'}
{'loss': '0.4112', 'grad_norm': '89', 'learning_rate': '1.811e-05', 'epoch': '0.7574'}
{'loss': '0.3881', 'grad_norm': '133.7', 'learning_rate': '1.809e-05', 'epoch': '0.7635'}
{'loss': '0.4161', 'grad_norm': '40.3', 'learning_rate': '1.808e-05', 'epoch': '0.7697'}
{'loss': '0.4239', 'grad_norm': '97.78', 'learning_rate': '1.806e-05', 'epoch': '0.7759'}
{'loss': '0.4231', 'grad_norm': '105.1', 'learning_rate': '1.805e-05', 'epoch': '0.782'}
{'loss': '0.444', 'grad_norm': '101.8', 'learning_rate': '1.803e-05', 'epoch': '0.7882'}
{'loss': '0.454', 'grad_norm': '74.08', 'learning_rate': '1.802e-05', 'epoch': '0.7943'}
{'loss': '0.4178', 'grad_norm': '53.36', 'learning_rate': '1.8e-05', 'epoch': '0.8005'}
{'loss': '0.4184', 'grad_norm': '100.8', 'learning_rate': '1.798e-05', 'epoch': '0.8067'}
{'loss': '0.4264', 'grad_norm': '147.8', 'learning_rate': '1.797e-05', 'epoch': '0.8128'}
{'loss': '0.4161', 'grad_norm': '145.7', 'learning_rate': '1.795e-05', 'epoch': '0.819'}
{'loss': '0.3755', 'grad_norm': '301.2', 'learning_rate': '1.794e-05', 'epoch': '0.8251'}
{'loss': '0.3955', 'grad_norm': '125.9', 'learning_rate': '1.792e-05', 'epoch': '0.8313'}
{'loss': '0.4472', 'grad_norm': '41.84', 'learning_rate': '1.791e-05', 'epoch': '0.8374'}
{'loss': '0.4155', 'grad_norm': '88.37', 'learning_rate': '1.789e-05', 'epoch': '0.8436'}
{'loss': '0.328', 'grad_norm': '182.6', 'learning_rate': '1.788e-05', 'epoch': '0.8498'}
{'loss': '0.3832', 'grad_norm': '45.47', 'learning_rate': '1.786e-05', 'epoch': '0.8559'}
{'loss': '0.3716', 'grad_norm': '36.67', 'learning_rate': '1.785e-05', 'epoch': '0.8621'}
{'loss': '0.3494', 'grad_norm': '152.5', 'learning_rate': '1.783e-05', 'epoch': '0.8682'}
{'loss': '0.3993', 'grad_norm': '46.2', 'learning_rate': '1.782e-05', 'epoch': '0.8744'}
{'loss': '0.4532', 'grad_norm': '94.3', 'learning_rate': '1.78e-05', 'epoch': '0.8805'}
{'loss': '0.3966', 'grad_norm': '72.12', 'learning_rate': '1.778e-05', 'epoch': '0.8867'}
{'loss': '0.3903', 'grad_norm': '131.8', 'learning_rate': '1.777e-05', 'epoch': '0.8929'}
{'loss': '0.4032', 'grad_norm': '42.58', 'learning_rate': '1.775e-05', 'epoch': '0.899'}
{'loss': '0.3602', 'grad_norm': '74.84', 'learning_rate': '1.774e-05', 'epoch': '0.9052'}
{'loss': '0.4022', 'grad_norm': '118.5', 'learning_rate': '1.772e-05', 'epoch': '0.9113'}
{'loss': '0.3952', 'grad_norm': '89.07', 'learning_rate': '1.771e-05', 'epoch': '0.9175'}
{'loss': '0.3601', 'grad_norm': '109.8', 'learning_rate': '1.769e-05', 'epoch': '0.9236'}
{'loss': '0.4249', 'grad_norm': '168.8', 'learning_rate': '1.768e-05', 'epoch': '0.9298'}
{'loss': '0.3842', 'grad_norm': '42.13', 'learning_rate': '1.766e-05', 'epoch': '0.936'}
{'loss': '0.3825', 'grad_norm': '51.2', 'learning_rate': '1.765e-05', 'epoch': '0.9421'}
{'loss': '0.373', 'grad_norm': '40.46', 'learning_rate': '1.763e-05', 'epoch': '0.9483'}
{'loss': '0.3827', 'grad_norm': '125.8', 'learning_rate': '1.762e-05', 'epoch': '0.9544'}
{'loss': '0.3159', 'grad_norm': '52.5', 'learning_rate': '1.76e-05', 'epoch': '0.9606'}
{'loss': '0.3598', 'grad_norm': '41.42', 'learning_rate': '1.758e-05', 'epoch': '0.9667'}
{'loss': '0.3999', 'grad_norm': '176', 'learning_rate': '1.757e-05', 'epoch': '0.9729'}
{'loss': '0.4212', 'grad_norm': '79.44', 'learning_rate': '1.755e-05', 'epoch': '0.9791'}
{'loss': '0.344', 'grad_norm': '205.1', 'learning_rate': '1.754e-05', 'epoch': '0.9852'}
{'loss': '0.3711', 'grad_norm': '88.19', 'learning_rate': '1.752e-05', 'epoch': '0.9914'}
{'loss': '0.3392', 'grad_norm': '210.1', 'learning_rate': '1.751e-05', 'epoch': '0.9975'}
{'eval_loss': '0.3469', 'eval_accuracy': '0.8565', 'eval_precision': '0.8752', 'eval_recall': '0.8694', 'eval_f1': '0.8723', 'eval_runtime': '12.72', 'eval_samples_per_second': '1072', 'eval_steps_per_second': '16.83', 'epoch': '1'}
{'loss': '0.3648', 'grad_norm': '117.2', 'learning_rate': '1.749e-05', 'epoch': '1.004'}
{'loss': '0.2688', 'grad_norm': '43.44', 'learning_rate': '1.748e-05', 'epoch': '1.01'}
{'loss': '0.3479', 'grad_norm': '30.47', 'learning_rate': '1.746e-05', 'epoch': '1.016'}
{'loss': '0.3338', 'grad_norm': '59.48', 'learning_rate': '1.745e-05', 'epoch': '1.022'}
{'loss': '0.3625', 'grad_norm': '293.2', 'learning_rate': '1.743e-05', 'epoch': '1.028'}
{'loss': '0.3611', 'grad_norm': '167.5', 'learning_rate': '1.742e-05', 'epoch': '1.034'}
{'loss': '0.3706', 'grad_norm': '57.89', 'learning_rate': '1.74e-05', 'epoch': '1.041'}
{'loss': '0.3441', 'grad_norm': '44.26', 'learning_rate': '1.738e-05', 'epoch': '1.047'}
{'loss': '0.3315', 'grad_norm': '106', 'learning_rate': '1.737e-05', 'epoch': '1.053'}
{'loss': '0.3089', 'grad_norm': '46.01', 'learning_rate': '1.735e-05', 'epoch': '1.059'}
{'loss': '0.3688', 'grad_norm': '76.85', 'learning_rate': '1.734e-05', 'epoch': '1.065'}
{'loss': '0.3274', 'grad_norm': '106', 'learning_rate': '1.732e-05', 'epoch': '1.071'}
{'loss': '0.3274', 'grad_norm': '30.04', 'learning_rate': '1.731e-05', 'epoch': '1.078'}
{'loss': '0.3115', 'grad_norm': '76.9', 'learning_rate': '1.729e-05', 'epoch': '1.084'}
{'loss': '0.308', 'grad_norm': '47.87', 'learning_rate': '1.728e-05', 'epoch': '1.09'}
{'loss': '0.3154', 'grad_norm': '373.8', 'learning_rate': '1.726e-05', 'epoch': '1.096'}
{'loss': '0.4626', 'grad_norm': '121.7', 'learning_rate': '1.725e-05', 'epoch': '1.102'}
{'loss': '0.2985', 'grad_norm': '82.72', 'learning_rate': '1.723e-05', 'epoch': '1.108'}
{'loss': '0.3569', 'grad_norm': '99.23', 'learning_rate': '1.722e-05', 'epoch': '1.115'}
{'loss': '0.3584', 'grad_norm': '140.2', 'learning_rate': '1.72e-05', 'epoch': '1.121'}
{'loss': '0.3574', 'grad_norm': '104.4', 'learning_rate': '1.718e-05', 'epoch': '1.127'}
{'loss': '0.3738', 'grad_norm': '55.31', 'learning_rate': '1.717e-05', 'epoch': '1.133'}
{'loss': '0.3271', 'grad_norm': '95.66', 'learning_rate': '1.715e-05', 'epoch': '1.139'}
{'loss': '0.3086', 'grad_norm': '54.36', 'learning_rate': '1.714e-05', 'epoch': '1.145'}
{'loss': '0.347', 'grad_norm': '48.12', 'learning_rate': '1.712e-05', 'epoch': '1.151'}
{'loss': '0.3949', 'grad_norm': '40.35', 'learning_rate': '1.711e-05', 'epoch': '1.158'}
{'loss': '0.3042', 'grad_norm': '81.07', 'learning_rate': '1.709e-05', 'epoch': '1.164'}
{'loss': '0.364', 'grad_norm': '35.67', 'learning_rate': '1.708e-05', 'epoch': '1.17'}
{'loss': '0.3107', 'grad_norm': '147', 'learning_rate': '1.706e-05', 'epoch': '1.176'}
{'loss': '0.3264', 'grad_norm': '39.88', 'learning_rate': '1.705e-05', 'epoch': '1.182'}
{'loss': '0.3531', 'grad_norm': '105.8', 'learning_rate': '1.703e-05', 'epoch': '1.188'}
{'loss': '0.3033', 'grad_norm': '29.41', 'learning_rate': '1.702e-05', 'epoch': '1.195'}
{'loss': '0.35', 'grad_norm': '24.5', 'learning_rate': '1.7e-05', 'epoch': '1.201'}
{'loss': '0.308', 'grad_norm': '32.9', 'learning_rate': '1.698e-05', 'epoch': '1.207'}
{'loss': '0.2283', 'grad_norm': '108.3', 'learning_rate': '1.697e-05', 'epoch': '1.213'}
{'loss': '0.3373', 'grad_norm': '274.7', 'learning_rate': '1.695e-05', 'epoch': '1.219'}
{'loss': '0.322', 'grad_norm': '46.65', 'learning_rate': '1.694e-05', 'epoch': '1.225'}
{'loss': '0.3272', 'grad_norm': '433', 'learning_rate': '1.692e-05', 'epoch': '1.232'}
{'loss': '0.3412', 'grad_norm': '548.5', 'learning_rate': '1.691e-05', 'epoch': '1.238'}
{'loss': '0.3103', 'grad_norm': '57.21', 'learning_rate': '1.689e-05', 'epoch': '1.244'}
{'loss': '0.3439', 'grad_norm': '91.97', 'learning_rate': '1.688e-05', 'epoch': '1.25'}
{'loss': '0.2774', 'grad_norm': '18', 'learning_rate': '1.686e-05', 'epoch': '1.256'}
{'loss': '0.248', 'grad_norm': '109.3', 'learning_rate': '1.685e-05', 'epoch': '1.262'}
{'loss': '0.2666', 'grad_norm': '69.34', 'learning_rate': '1.683e-05', 'epoch': '1.268'}
{'loss': '0.2586', 'grad_norm': '55.96', 'learning_rate': '1.681e-05', 'epoch': '1.275'}
{'loss': '0.2376', 'grad_norm': '40.09', 'learning_rate': '1.68e-05', 'epoch': '1.281'}
{'loss': '0.3111', 'grad_norm': '42.58', 'learning_rate': '1.678e-05', 'epoch': '1.287'}
{'loss': '0.2443', 'grad_norm': '54.88', 'learning_rate': '1.677e-05', 'epoch': '1.293'}
{'loss': '0.2563', 'grad_norm': '155.4', 'learning_rate': '1.675e-05', 'epoch': '1.299'}
{'loss': '0.2622', 'grad_norm': '148.9', 'learning_rate': '1.674e-05', 'epoch': '1.305'}
{'loss': '0.2716', 'grad_norm': '594.6', 'learning_rate': '1.672e-05', 'epoch': '1.312'}
{'loss': '0.3408', 'grad_norm': '38.02', 'learning_rate': '1.671e-05', 'epoch': '1.318'}
{'loss': '0.2759', 'grad_norm': '64.29', 'learning_rate': '1.669e-05', 'epoch': '1.324'}
{'loss': '0.2067', 'grad_norm': '19.94', 'learning_rate': '1.668e-05', 'epoch': '1.33'}
{'loss': '0.336', 'grad_norm': '23.43', 'learning_rate': '1.666e-05', 'epoch': '1.336'}
{'loss': '0.3064', 'grad_norm': '74.59', 'learning_rate': '1.665e-05', 'epoch': '1.342'}
{'loss': '0.2779', 'grad_norm': '61.6', 'learning_rate': '1.663e-05', 'epoch': '1.349'}
{'loss': '0.3414', 'grad_norm': '92.36', 'learning_rate': '1.661e-05', 'epoch': '1.355'}
{'loss': '0.3032', 'grad_norm': '32.41', 'learning_rate': '1.66e-05', 'epoch': '1.361'}
{'loss': '0.2555', 'grad_norm': '95.99', 'learning_rate': '1.658e-05', 'epoch': '1.367'}
{'loss': '0.2313', 'grad_norm': '22.04', 'learning_rate': '1.657e-05', 'epoch': '1.373'}
{'loss': '0.2799', 'grad_norm': '58.18', 'learning_rate': '1.655e-05', 'epoch': '1.379'}
{'loss': '0.2358', 'grad_norm': '59.9', 'learning_rate': '1.654e-05', 'epoch': '1.385'}
{'loss': '0.1773', 'grad_norm': '52.26', 'learning_rate': '1.652e-05', 'epoch': '1.392'}
{'loss': '0.2823', 'grad_norm': '42.98', 'learning_rate': '1.651e-05', 'epoch': '1.398'}
{'loss': '0.2717', 'grad_norm': '22.9', 'learning_rate': '1.649e-05', 'epoch': '1.404'}
{'loss': '0.2575', 'grad_norm': '22.6', 'learning_rate': '1.648e-05', 'epoch': '1.41'}
{'loss': '0.2875', 'grad_norm': '132.7', 'learning_rate': '1.646e-05', 'epoch': '1.416'}
{'loss': '0.225', 'grad_norm': '9.683', 'learning_rate': '1.645e-05', 'epoch': '1.422'}
{'loss': '0.2544', 'grad_norm': '17.41', 'learning_rate': '1.643e-05', 'epoch': '1.429'}
{'loss': '0.2765', 'grad_norm': '53.84', 'learning_rate': '1.641e-05', 'epoch': '1.435'}
{'loss': '0.2294', 'grad_norm': '33.12', 'learning_rate': '1.64e-05', 'epoch': '1.441'}
{'loss': '0.1691', 'grad_norm': '13.41', 'learning_rate': '1.638e-05', 'epoch': '1.447'}
{'loss': '0.3006', 'grad_norm': '17.43', 'learning_rate': '1.637e-05', 'epoch': '1.453'}
{'loss': '0.1775', 'grad_norm': '41.55', 'learning_rate': '1.635e-05', 'epoch': '1.459'}
{'loss': '0.2679', 'grad_norm': '39.18', 'learning_rate': '1.634e-05', 'epoch': '1.466'}
{'loss': '0.2568', 'grad_norm': '125.4', 'learning_rate': '1.632e-05', 'epoch': '1.472'}
{'loss': '0.3032', 'grad_norm': '75.05', 'learning_rate': '1.631e-05', 'epoch': '1.478'}
{'loss': '0.2224', 'grad_norm': '143.1', 'learning_rate': '1.629e-05', 'epoch': '1.484'}
{'loss': '0.3276', 'grad_norm': '55.04', 'learning_rate': '1.628e-05', 'epoch': '1.49'}
{'loss': '0.1843', 'grad_norm': '141.4', 'learning_rate': '1.626e-05', 'epoch': '1.496'}
{'loss': '0.2552', 'grad_norm': '409.8', 'learning_rate': '1.625e-05', 'epoch': '1.502'}
{'loss': '0.1918', 'grad_norm': '20.24', 'learning_rate': '1.623e-05', 'epoch': '1.509'}
{'loss': '0.1986', 'grad_norm': '23.64', 'learning_rate': '1.621e-05', 'epoch': '1.515'}
{'loss': '0.1858', 'grad_norm': '44.87', 'learning_rate': '1.62e-05', 'epoch': '1.521'}
{'loss': '0.2024', 'grad_norm': '14.78', 'learning_rate': '1.618e-05', 'epoch': '1.527'}
{'loss': '0.1976', 'grad_norm': '115.6', 'learning_rate': '1.617e-05', 'epoch': '1.533'}
{'loss': '0.2714', 'grad_norm': '213.8', 'learning_rate': '1.615e-05', 'epoch': '1.539'}
{'loss': '0.1725', 'grad_norm': '31.21', 'learning_rate': '1.614e-05', 'epoch': '1.546'}
{'loss': '0.2362', 'grad_norm': '29.22', 'learning_rate': '1.612e-05', 'epoch': '1.552'}
{'loss': '0.2256', 'grad_norm': '26.36', 'learning_rate': '1.611e-05', 'epoch': '1.558'}
{'loss': '0.2392', 'grad_norm': '30.51', 'learning_rate': '1.609e-05', 'epoch': '1.564'}
{'loss': '0.2037', 'grad_norm': '29.59', 'learning_rate': '1.608e-05', 'epoch': '1.57'}
{'loss': '0.269', 'grad_norm': '32.73', 'learning_rate': '1.606e-05', 'epoch': '1.576'}
{'loss': '0.2468', 'grad_norm': '29.05', 'learning_rate': '1.605e-05', 'epoch': '1.583'}
{'loss': '0.187', 'grad_norm': '41.25', 'learning_rate': '1.603e-05', 'epoch': '1.589'}
{'loss': '0.2318', 'grad_norm': '28.76', 'learning_rate': '1.601e-05', 'epoch': '1.595'}
{'loss': '0.3299', 'grad_norm': '30.41', 'learning_rate': '1.6e-05', 'epoch': '1.601'}
{'loss': '0.2248', 'grad_norm': '49.8', 'learning_rate': '1.598e-05', 'epoch': '1.607'}
{'loss': '0.2203', 'grad_norm': '33.18', 'learning_rate': '1.597e-05', 'epoch': '1.613'}
{'loss': '0.1958', 'grad_norm': '38.02', 'learning_rate': '1.595e-05', 'epoch': '1.619'}
{'loss': '0.2466', 'grad_norm': '31.25', 'learning_rate': '1.594e-05', 'epoch': '1.626'}
{'loss': '0.283', 'grad_norm': '17.26', 'learning_rate': '1.592e-05', 'epoch': '1.632'}
{'loss': '0.1924', 'grad_norm': '4.66', 'learning_rate': '1.591e-05', 'epoch': '1.638'}
{'loss': '0.195', 'grad_norm': '24.63', 'learning_rate': '1.589e-05', 'epoch': '1.644'}
{'loss': '0.2176', 'grad_norm': '19.14', 'learning_rate': '1.588e-05', 'epoch': '1.65'}
{'loss': '0.1998', 'grad_norm': '13.51', 'learning_rate': '1.586e-05', 'epoch': '1.656'}
{'loss': '0.1875', 'grad_norm': '20.47', 'learning_rate': '1.585e-05', 'epoch': '1.663'}
{'loss': '0.2305', 'grad_norm': '8.564', 'learning_rate': '1.583e-05', 'epoch': '1.669'}
{'loss': '0.2293', 'grad_norm': '87.63', 'learning_rate': '1.581e-05', 'epoch': '1.675'}
{'loss': '0.2187', 'grad_norm': '27.46', 'learning_rate': '1.58e-05', 'epoch': '1.681'}
{'loss': '0.1308', 'grad_norm': '94.29', 'learning_rate': '1.578e-05', 'epoch': '1.687'}
{'loss': '0.1842', 'grad_norm': '16.24', 'learning_rate': '1.577e-05', 'epoch': '1.693'}
{'loss': '0.2499', 'grad_norm': '43.58', 'learning_rate': '1.575e-05', 'epoch': '1.7'}
{'loss': '0.1844', 'grad_norm': '72.83', 'learning_rate': '1.574e-05', 'epoch': '1.706'}
{'loss': '0.205', 'grad_norm': '53.18', 'learning_rate': '1.572e-05', 'epoch': '1.712'}
{'loss': '0.2092', 'grad_norm': '31.71', 'learning_rate': '1.571e-05', 'epoch': '1.718'}
{'loss': '0.234', 'grad_norm': '12.62', 'learning_rate': '1.569e-05', 'epoch': '1.724'}
{'loss': '0.1876', 'grad_norm': '14.43', 'learning_rate': '1.568e-05', 'epoch': '1.73'}
{'loss': '0.1718', 'grad_norm': '13.47', 'learning_rate': '1.566e-05', 'epoch': '1.736'}
{'loss': '0.2039', 'grad_norm': '10.66', 'learning_rate': '1.565e-05', 'epoch': '1.743'}
{'loss': '0.1367', 'grad_norm': '22.07', 'learning_rate': '1.563e-05', 'epoch': '1.749'}
{'loss': '0.2043', 'grad_norm': '28.82', 'learning_rate': '1.561e-05', 'epoch': '1.755'}
{'loss': '0.1616', 'grad_norm': '59.74', 'learning_rate': '1.56e-05', 'epoch': '1.761'}
{'loss': '0.1498', 'grad_norm': '9.227', 'learning_rate': '1.558e-05', 'epoch': '1.767'}
{'loss': '0.233', 'grad_norm': '13.86', 'learning_rate': '1.557e-05', 'epoch': '1.773'}
{'loss': '0.1528', 'grad_norm': '11.7', 'learning_rate': '1.555e-05', 'epoch': '1.78'}
{'loss': '0.1554', 'grad_norm': '24.05', 'learning_rate': '1.554e-05', 'epoch': '1.786'}
{'loss': '0.168', 'grad_norm': '19.12', 'learning_rate': '1.552e-05', 'epoch': '1.792'}
{'loss': '0.1944', 'grad_norm': '45.47', 'learning_rate': '1.551e-05', 'epoch': '1.798'}
{'loss': '0.251', 'grad_norm': '61.46', 'learning_rate': '1.549e-05', 'epoch': '1.804'}
{'loss': '0.1911', 'grad_norm': '10.57', 'learning_rate': '1.548e-05', 'epoch': '1.81'}
{'loss': '0.2094', 'grad_norm': '23.68', 'learning_rate': '1.546e-05', 'epoch': '1.817'}
{'loss': '0.1824', 'grad_norm': '30.02', 'learning_rate': '1.544e-05', 'epoch': '1.823'}
{'loss': '0.1837', 'grad_norm': '230.5', 'learning_rate': '1.543e-05', 'epoch': '1.829'}
{'loss': '0.2255', 'grad_norm': '5.227', 'learning_rate': '1.541e-05', 'epoch': '1.835'}
{'loss': '0.1365', 'grad_norm': '55.25', 'learning_rate': '1.54e-05', 'epoch': '1.841'}
{'loss': '0.1549', 'grad_norm': '28.04', 'learning_rate': '1.538e-05', 'epoch': '1.847'}
{'loss': '0.1806', 'grad_norm': '42.28', 'learning_rate': '1.537e-05', 'epoch': '1.853'}
{'loss': '0.206', 'grad_norm': '13.42', 'learning_rate': '1.535e-05', 'epoch': '1.86'}
{'loss': '0.1933', 'grad_norm': '30.79', 'learning_rate': '1.534e-05', 'epoch': '1.866'}
{'loss': '0.13', 'grad_norm': '13', 'learning_rate': '1.532e-05', 'epoch': '1.872'}
{'loss': '0.1677', 'grad_norm': '18.11', 'learning_rate': '1.531e-05', 'epoch': '1.878'}
{'loss': '0.1595', 'grad_norm': '6.844', 'learning_rate': '1.529e-05', 'epoch': '1.884'}
{'loss': '0.1209', 'grad_norm': '9.528', 'learning_rate': '1.528e-05', 'epoch': '1.89'}
{'loss': '0.2849', 'grad_norm': '87.25', 'learning_rate': '1.526e-05', 'epoch': '1.897'}
{'loss': '0.2317', 'grad_norm': '54.42', 'learning_rate': '1.524e-05', 'epoch': '1.903'}
{'loss': '0.21', 'grad_norm': '159.7', 'learning_rate': '1.523e-05', 'epoch': '1.909'}
{'loss': '0.1743', 'grad_norm': '98.02', 'learning_rate': '1.521e-05', 'epoch': '1.915'}
{'loss': '0.1865', 'grad_norm': '7.097', 'learning_rate': '1.52e-05', 'epoch': '1.921'}
{'loss': '0.1594', 'grad_norm': '15.64', 'learning_rate': '1.518e-05', 'epoch': '1.927'}
{'loss': '0.2131', 'grad_norm': '16.04', 'learning_rate': '1.517e-05', 'epoch': '1.933'}
{'loss': '0.1523', 'grad_norm': '14.72', 'learning_rate': '1.515e-05', 'epoch': '1.94'}
{'loss': '0.1792', 'grad_norm': '4.58', 'learning_rate': '1.514e-05', 'epoch': '1.946'}
{'loss': '0.2248', 'grad_norm': '48.27', 'learning_rate': '1.512e-05', 'epoch': '1.952'}
{'loss': '0.1736', 'grad_norm': '10.05', 'learning_rate': '1.511e-05', 'epoch': '1.958'}
{'loss': '0.1505', 'grad_norm': '15.01', 'learning_rate': '1.509e-05', 'epoch': '1.964'}
{'loss': '0.2311', 'grad_norm': '38.52', 'learning_rate': '1.508e-05', 'epoch': '1.97'}
{'loss': '0.207', 'grad_norm': '5.983', 'learning_rate': '1.506e-05', 'epoch': '1.977'}
{'loss': '0.1486', 'grad_norm': '15.19', 'learning_rate': '1.504e-05', 'epoch': '1.983'}
{'loss': '0.2082', 'grad_norm': '14.45', 'learning_rate': '1.503e-05', 'epoch': '1.989'}
{'loss': '0.1431', 'grad_norm': '143.7', 'learning_rate': '1.501e-05', 'epoch': '1.995'}
{'eval_loss': '0.2323', 'eval_accuracy': '0.9203', 'eval_precision': '0.9289', 'eval_recall': '0.9299', 'eval_f1': '0.9294', 'eval_runtime': '12.19', 'eval_samples_per_second': '1118', 'eval_steps_per_second': '17.55', 'epoch': '2'}
{'loss': '0.1436', 'grad_norm': '6.927', 'learning_rate': '1.5e-05', 'epoch': '2.001'}
{'loss': '0.1943', 'grad_norm': '13.57', 'learning_rate': '1.498e-05', 'epoch': '2.007'}
{'loss': '0.17', 'grad_norm': '15.35', 'learning_rate': '1.497e-05', 'epoch': '2.014'}
{'loss': '0.1578', 'grad_norm': '6.219', 'learning_rate': '1.495e-05', 'epoch': '2.02'}
{'loss': '0.183', 'grad_norm': '15.51', 'learning_rate': '1.494e-05', 'epoch': '2.026'}
{'loss': '0.159', 'grad_norm': '57.84', 'learning_rate': '1.492e-05', 'epoch': '2.032'}
{'loss': '0.1733', 'grad_norm': '116', 'learning_rate': '1.491e-05', 'epoch': '2.038'}
{'loss': '0.1893', 'grad_norm': '71.6', 'learning_rate': '1.489e-05', 'epoch': '2.044'}
{'loss': '0.1839', 'grad_norm': '22.54', 'learning_rate': '1.488e-05', 'epoch': '2.05'}
{'loss': '0.1752', 'grad_norm': '9.203', 'learning_rate': '1.486e-05', 'epoch': '2.057'}
{'loss': '0.1476', 'grad_norm': '10.35', 'learning_rate': '1.484e-05', 'epoch': '2.063'}
{'loss': '0.1539', 'grad_norm': '23.88', 'learning_rate': '1.483e-05', 'epoch': '2.069'}
{'loss': '0.1703', 'grad_norm': '3.239', 'learning_rate': '1.481e-05', 'epoch': '2.075'}
{'loss': '0.1412', 'grad_norm': '87.7', 'learning_rate': '1.48e-05', 'epoch': '2.081'}
{'loss': '0.1622', 'grad_norm': '98.41', 'learning_rate': '1.478e-05', 'epoch': '2.087'}
{'loss': '0.1302', 'grad_norm': '59.49', 'learning_rate': '1.477e-05', 'epoch': '2.094'}
{'loss': '0.1757', 'grad_norm': '17.18', 'learning_rate': '1.475e-05', 'epoch': '2.1'}
{'loss': '0.117', 'grad_norm': '22.39', 'learning_rate': '1.474e-05', 'epoch': '2.106'}
{'loss': '0.1598', 'grad_norm': '27.03', 'learning_rate': '1.472e-05', 'epoch': '2.112'}
{'loss': '0.1665', 'grad_norm': '30.12', 'learning_rate': '1.471e-05', 'epoch': '2.118'}
{'loss': '0.1969', 'grad_norm': '50.11', 'learning_rate': '1.469e-05', 'epoch': '2.124'}
{'loss': '0.1743', 'grad_norm': '23.18', 'learning_rate': '1.468e-05', 'epoch': '2.131'}
{'loss': '0.1701', 'grad_norm': '22.6', 'learning_rate': '1.466e-05', 'epoch': '2.137'}
{'loss': '0.1715', 'grad_norm': '41.7', 'learning_rate': '1.464e-05', 'epoch': '2.143'}
{'loss': '0.1418', 'grad_norm': '23.8', 'learning_rate': '1.463e-05', 'epoch': '2.149'}
{'loss': '0.1257', 'grad_norm': '19.92', 'learning_rate': '1.461e-05', 'epoch': '2.155'}
{'loss': '0.1821', 'grad_norm': '10.89', 'learning_rate': '1.46e-05', 'epoch': '2.161'}
{'loss': '0.1525', 'grad_norm': '14.39', 'learning_rate': '1.458e-05', 'epoch': '2.167'}
{'loss': '0.1581', 'grad_norm': '31.76', 'learning_rate': '1.457e-05', 'epoch': '2.174'}
{'loss': '0.1159', 'grad_norm': '2.501', 'learning_rate': '1.455e-05', 'epoch': '2.18'}
{'loss': '0.1476', 'grad_norm': '28.87', 'learning_rate': '1.454e-05', 'epoch': '2.186'}
{'loss': '0.1185', 'grad_norm': '19.23', 'learning_rate': '1.452e-05', 'epoch': '2.192'}
{'loss': '0.1273', 'grad_norm': '38.47', 'learning_rate': '1.451e-05', 'epoch': '2.198'}
{'loss': '0.1345', 'grad_norm': '372.2', 'learning_rate': '1.449e-05', 'epoch': '2.204'}
{'loss': '0.1356', 'grad_norm': '10.12', 'learning_rate': '1.448e-05', 'epoch': '2.211'}
{'loss': '0.1694', 'grad_norm': '62.11', 'learning_rate': '1.446e-05', 'epoch': '2.217'}
{'loss': '0.1268', 'grad_norm': '7.51', 'learning_rate': '1.444e-05', 'epoch': '2.223'}
{'loss': '0.1054', 'grad_norm': '11.35', 'learning_rate': '1.443e-05', 'epoch': '2.229'}
{'loss': '0.1518', 'grad_norm': '20.76', 'learning_rate': '1.441e-05', 'epoch': '2.235'}
{'loss': '0.1584', 'grad_norm': '6.068', 'learning_rate': '1.44e-05', 'epoch': '2.241'}
{'loss': '0.1464', 'grad_norm': '8.126', 'learning_rate': '1.438e-05', 'epoch': '2.248'}
{'loss': '0.1745', 'grad_norm': '26.41', 'learning_rate': '1.437e-05', 'epoch': '2.254'}
{'loss': '0.1729', 'grad_norm': '16.24', 'learning_rate': '1.435e-05', 'epoch': '2.26'}
{'loss': '0.114', 'grad_norm': '23.4', 'learning_rate': '1.434e-05', 'epoch': '2.266'}
{'loss': '0.1526', 'grad_norm': '4.247', 'learning_rate': '1.432e-05', 'epoch': '2.272'}
{'loss': '0.1195', 'grad_norm': '12.87', 'learning_rate': '1.431e-05', 'epoch': '2.278'}
{'loss': '0.119', 'grad_norm': '3.663', 'learning_rate': '1.429e-05', 'epoch': '2.284'}
{'loss': '0.09674', 'grad_norm': '8.012', 'learning_rate': '1.427e-05', 'epoch': '2.291'}
{'loss': '0.08196', 'grad_norm': '7.548', 'learning_rate': '1.426e-05', 'epoch': '2.297'}
{'loss': '0.1515', 'grad_norm': '3.474', 'learning_rate': '1.424e-05', 'epoch': '2.303'}
{'loss': '0.1682', 'grad_norm': '11.06', 'learning_rate': '1.423e-05', 'epoch': '2.309'}
{'loss': '0.1514', 'grad_norm': '33.53', 'learning_rate': '1.421e-05', 'epoch': '2.315'}
{'loss': '0.1446', 'grad_norm': '2.068', 'learning_rate': '1.42e-05', 'epoch': '2.321'}
{'loss': '0.09658', 'grad_norm': '2.682', 'learning_rate': '1.418e-05', 'epoch': '2.328'}
{'loss': '0.1713', 'grad_norm': '30.76', 'learning_rate': '1.417e-05', 'epoch': '2.334'}
{'loss': '0.1768', 'grad_norm': '14.88', 'learning_rate': '1.415e-05', 'epoch': '2.34'}
{'loss': '0.1552', 'grad_norm': '17.48', 'learning_rate': '1.414e-05', 'epoch': '2.346'}
{'loss': '0.1434', 'grad_norm': '4.76', 'learning_rate': '1.412e-05', 'epoch': '2.352'}
{'loss': '0.118', 'grad_norm': '111.5', 'learning_rate': '1.411e-05', 'epoch': '2.358'}
{'loss': '0.1141', 'grad_norm': '7.259', 'learning_rate': '1.409e-05', 'epoch': '2.365'}
{'loss': '0.1661', 'grad_norm': '6.282', 'learning_rate': '1.407e-05', 'epoch': '2.371'}
{'loss': '0.1206', 'grad_norm': '58.7', 'learning_rate': '1.406e-05', 'epoch': '2.377'}
{'loss': '0.1012', 'grad_norm': '6.114', 'learning_rate': '1.404e-05', 'epoch': '2.383'}
{'loss': '0.165', 'grad_norm': '4.966', 'learning_rate': '1.403e-05', 'epoch': '2.389'}
{'loss': '0.1269', 'grad_norm': '4.106', 'learning_rate': '1.401e-05', 'epoch': '2.395'}
{'loss': '0.1013', 'grad_norm': '6.371', 'learning_rate': '1.4e-05', 'epoch': '2.401'}
{'loss': '0.1831', 'grad_norm': '48.01', 'learning_rate': '1.398e-05', 'epoch': '2.408'}
{'loss': '0.1037', 'grad_norm': '17.12', 'learning_rate': '1.397e-05', 'epoch': '2.414'}
{'loss': '0.1235', 'grad_norm': '14.07', 'learning_rate': '1.395e-05', 'epoch': '2.42'}
{'loss': '0.09167', 'grad_norm': '5.347', 'learning_rate': '1.394e-05', 'epoch': '2.426'}
{'loss': '0.1179', 'grad_norm': '16.2', 'learning_rate': '1.392e-05', 'epoch': '2.432'}
{'loss': '0.09776', 'grad_norm': '22.78', 'learning_rate': '1.391e-05', 'epoch': '2.438'}
{'loss': '0.1501', 'grad_norm': '4.333', 'learning_rate': '1.389e-05', 'epoch': '2.445'}
{'loss': '0.1209', 'grad_norm': '10.4', 'learning_rate': '1.387e-05', 'epoch': '2.451'}
{'loss': '0.1435', 'grad_norm': '12.75', 'learning_rate': '1.386e-05', 'epoch': '2.457'}
{'loss': '0.1014', 'grad_norm': '8.509', 'learning_rate': '1.384e-05', 'epoch': '2.463'}
{'loss': '0.1234', 'grad_norm': '4.702', 'learning_rate': '1.383e-05', 'epoch': '2.469'}
{'loss': '0.09718', 'grad_norm': '14.7', 'learning_rate': '1.381e-05', 'epoch': '2.475'}
{'loss': '0.1147', 'grad_norm': '7.009', 'learning_rate': '1.38e-05', 'epoch': '2.482'}
{'loss': '0.09177', 'grad_norm': '57.45', 'learning_rate': '1.378e-05', 'epoch': '2.488'}
{'loss': '0.08116', 'grad_norm': '3.673', 'learning_rate': '1.377e-05', 'epoch': '2.494'}
{'loss': '0.1129', 'grad_norm': '14.27', 'learning_rate': '1.375e-05', 'epoch': '2.5'}
{'loss': '0.09504', 'grad_norm': '67.89', 'learning_rate': '1.374e-05', 'epoch': '2.506'}
{'loss': '0.1423', 'grad_norm': '19.13', 'learning_rate': '1.372e-05', 'epoch': '2.512'}
{'loss': '0.1009', 'grad_norm': '7.747', 'learning_rate': '1.371e-05', 'epoch': '2.518'}
{'loss': '0.1392', 'grad_norm': '8.911', 'learning_rate': '1.369e-05', 'epoch': '2.525'}
{'loss': '0.1264', 'grad_norm': '7.876', 'learning_rate': '1.367e-05', 'epoch': '2.531'}
{'loss': '0.1841', 'grad_norm': '99.57', 'learning_rate': '1.366e-05', 'epoch': '2.537'}
{'loss': '0.08839', 'grad_norm': '36.08', 'learning_rate': '1.364e-05', 'epoch': '2.543'}
{'loss': '0.1701', 'grad_norm': '40.66', 'learning_rate': '1.363e-05', 'epoch': '2.549'}
{'loss': '0.1422', 'grad_norm': '53.96', 'learning_rate': '1.361e-05', 'epoch': '2.555'}
{'loss': '0.1321', 'grad_norm': '42.93', 'learning_rate': '1.36e-05', 'epoch': '2.562'}
{'loss': '0.05725', 'grad_norm': '14.75', 'learning_rate': '1.358e-05', 'epoch': '2.568'}
{'loss': '0.09246', 'grad_norm': '80.6', 'learning_rate': '1.357e-05', 'epoch': '2.574'}
{'loss': '0.1206', 'grad_norm': '13.84', 'learning_rate': '1.355e-05', 'epoch': '2.58'}
{'loss': '0.1216', 'grad_norm': '90.99', 'learning_rate': '1.354e-05', 'epoch': '2.586'}
{'loss': '0.1118', 'grad_norm': '7.583', 'learning_rate': '1.352e-05', 'epoch': '2.592'}
{'loss': '0.1477', 'grad_norm': '20.77', 'learning_rate': '1.351e-05', 'epoch': '2.599'}
{'loss': '0.1295', 'grad_norm': '9.89', 'learning_rate': '1.349e-05', 'epoch': '2.605'}
{'loss': '0.1207', 'grad_norm': '13.79', 'learning_rate': '1.347e-05', 'epoch': '2.611'}
{'loss': '0.1122', 'grad_norm': '8.375', 'learning_rate': '1.346e-05', 'epoch': '2.617'}
{'loss': '0.132', 'grad_norm': '20.44', 'learning_rate': '1.344e-05', 'epoch': '2.623'}
{'loss': '0.1246', 'grad_norm': '6.496', 'learning_rate': '1.343e-05', 'epoch': '2.629'}
{'loss': '0.1243', 'grad_norm': '12.09', 'learning_rate': '1.341e-05', 'epoch': '2.635'}
{'loss': '0.124', 'grad_norm': '18.04', 'learning_rate': '1.34e-05', 'epoch': '2.642'}
{'loss': '0.1862', 'grad_norm': '21.43', 'learning_rate': '1.338e-05', 'epoch': '2.648'}
{'loss': '0.08377', 'grad_norm': '1.973', 'learning_rate': '1.337e-05', 'epoch': '2.654'}
{'loss': '0.1318', 'grad_norm': '7.726', 'learning_rate': '1.335e-05', 'epoch': '2.66'}
{'loss': '0.1232', 'grad_norm': '29.47', 'learning_rate': '1.334e-05', 'epoch': '2.666'}
{'loss': '0.08776', 'grad_norm': '6.152', 'learning_rate': '1.332e-05', 'epoch': '2.672'}
{'loss': '0.1551', 'grad_norm': '8.865', 'learning_rate': '1.331e-05', 'epoch': '2.679'}
{'loss': '0.1127', 'grad_norm': '6.509', 'learning_rate': '1.329e-05', 'epoch': '2.685'}
{'loss': '0.1055', 'grad_norm': '8.983', 'learning_rate': '1.327e-05', 'epoch': '2.691'}
{'loss': '0.131', 'grad_norm': '10.98', 'learning_rate': '1.326e-05', 'epoch': '2.697'}
{'loss': '0.135', 'grad_norm': '17.85', 'learning_rate': '1.324e-05', 'epoch': '2.703'}
{'loss': '0.09619', 'grad_norm': '31.74', 'learning_rate': '1.323e-05', 'epoch': '2.709'}
{'loss': '0.1015', 'grad_norm': '4.422', 'learning_rate': '1.321e-05', 'epoch': '2.716'}
{'loss': '0.1226', 'grad_norm': '16.07', 'learning_rate': '1.32e-05', 'epoch': '2.722'}
{'loss': '0.1142', 'grad_norm': '19.95', 'learning_rate': '1.318e-05', 'epoch': '2.728'}
{'loss': '0.09046', 'grad_norm': '4.242', 'learning_rate': '1.317e-05', 'epoch': '2.734'}
{'loss': '0.09683', 'grad_norm': '12.4', 'learning_rate': '1.315e-05', 'epoch': '2.74'}
{'loss': '0.08524', 'grad_norm': '10.96', 'learning_rate': '1.314e-05', 'epoch': '2.746'}
{'loss': '0.1199', 'grad_norm': '10.03', 'learning_rate': '1.312e-05', 'epoch': '2.752'}
{'loss': '0.1241', 'grad_norm': '8.05', 'learning_rate': '1.31e-05', 'epoch': '2.759'}
{'loss': '0.1396', 'grad_norm': '17.29', 'learning_rate': '1.309e-05', 'epoch': '2.765'}
{'loss': '0.1382', 'grad_norm': '13.33', 'learning_rate': '1.307e-05', 'epoch': '2.771'}
{'loss': '0.1006', 'grad_norm': '15.91', 'learning_rate': '1.306e-05', 'epoch': '2.777'}
{'loss': '0.1504', 'grad_norm': '20.34', 'learning_rate': '1.304e-05', 'epoch': '2.783'}
{'loss': '0.1289', 'grad_norm': '42.7', 'learning_rate': '1.303e-05', 'epoch': '2.789'}
{'loss': '0.09099', 'grad_norm': '6.679', 'learning_rate': '1.301e-05', 'epoch': '2.796'}
{'loss': '0.1177', 'grad_norm': '2.351', 'learning_rate': '1.3e-05', 'epoch': '2.802'}
{'loss': '0.1053', 'grad_norm': '37.93', 'learning_rate': '1.298e-05', 'epoch': '2.808'}
{'loss': '0.1668', 'grad_norm': '126.3', 'learning_rate': '1.297e-05', 'epoch': '2.814'}
{'loss': '0.07174', 'grad_norm': '1.666', 'learning_rate': '1.295e-05', 'epoch': '2.82'}
{'loss': '0.1206', 'grad_norm': '38.09', 'learning_rate': '1.294e-05', 'epoch': '2.826'}
{'loss': '0.1226', 'grad_norm': '7.839', 'learning_rate': '1.292e-05', 'epoch': '2.833'}
{'loss': '0.09381', 'grad_norm': '14.96', 'learning_rate': '1.29e-05', 'epoch': '2.839'}
{'loss': '0.1583', 'grad_norm': '7.864', 'learning_rate': '1.289e-05', 'epoch': '2.845'}
{'loss': '0.1058', 'grad_norm': '6.171', 'learning_rate': '1.287e-05', 'epoch': '2.851'}
{'loss': '0.131', 'grad_norm': '10.03', 'learning_rate': '1.286e-05', 'epoch': '2.857'}
{'loss': '0.1279', 'grad_norm': '10.7', 'learning_rate': '1.284e-05', 'epoch': '2.863'}
{'loss': '0.09824', 'grad_norm': '19.02', 'learning_rate': '1.283e-05', 'epoch': '2.869'}
{'loss': '0.08029', 'grad_norm': '31.79', 'learning_rate': '1.281e-05', 'epoch': '2.876'}
{'loss': '0.08837', 'grad_norm': '1.619', 'learning_rate': '1.28e-05', 'epoch': '2.882'}
{'loss': '0.0665', 'grad_norm': '2.453', 'learning_rate': '1.278e-05', 'epoch': '2.888'}
{'loss': '0.08383', 'grad_norm': '3.743', 'learning_rate': '1.277e-05', 'epoch': '2.894'}
{'loss': '0.1034', 'grad_norm': '44.26', 'learning_rate': '1.275e-05', 'epoch': '2.9'}
{'loss': '0.1341', 'grad_norm': '28.83', 'learning_rate': '1.274e-05', 'epoch': '2.906'}
{'loss': '0.1288', 'grad_norm': '7.957', 'learning_rate': '1.272e-05', 'epoch': '2.913'}
{'loss': '0.136', 'grad_norm': '3.741', 'learning_rate': '1.27e-05', 'epoch': '2.919'}
{'loss': '0.1094', 'grad_norm': '15.03', 'learning_rate': '1.269e-05', 'epoch': '2.925'}
{'loss': '0.1166', 'grad_norm': '40.39', 'learning_rate': '1.267e-05', 'epoch': '2.931'}
{'loss': '0.1094', 'grad_norm': '54.8', 'learning_rate': '1.266e-05', 'epoch': '2.937'}
{'loss': '0.1115', 'grad_norm': '12.1', 'learning_rate': '1.264e-05', 'epoch': '2.943'}
{'loss': '0.07879', 'grad_norm': '10.69', 'learning_rate': '1.263e-05', 'epoch': '2.95'}
{'loss': '0.1254', 'grad_norm': '8.124', 'learning_rate': '1.261e-05', 'epoch': '2.956'}
{'loss': '0.1531', 'grad_norm': '6.467', 'learning_rate': '1.26e-05', 'epoch': '2.962'}
{'loss': '0.1774', 'grad_norm': '2.906', 'learning_rate': '1.258e-05', 'epoch': '2.968'}
{'loss': '0.08687', 'grad_norm': '9.294', 'learning_rate': '1.257e-05', 'epoch': '2.974'}
{'loss': '0.04766', 'grad_norm': '2.549', 'learning_rate': '1.255e-05', 'epoch': '2.98'}
{'loss': '0.1072', 'grad_norm': '21.79', 'learning_rate': '1.254e-05', 'epoch': '2.986'}
{'loss': '0.1307', 'grad_norm': '10.2', 'learning_rate': '1.252e-05', 'epoch': '2.993'}
{'loss': '0.08783', 'grad_norm': '1.989', 'learning_rate': '1.25e-05', 'epoch': '2.999'}
{'eval_loss': '0.333', 'eval_accuracy': '0.9195', 'eval_precision': '0.9185', 'eval_recall': '0.9408', 'eval_f1': '0.9295', 'eval_runtime': '12.19', 'eval_samples_per_second': '1118', 'eval_steps_per_second': '17.55', 'epoch': '3'}
{'loss': '0.1704', 'grad_norm': '41.78', 'learning_rate': '1.249e-05', 'epoch': '3.005'}
{'loss': '0.09558', 'grad_norm': '2.839', 'learning_rate': '1.247e-05', 'epoch': '3.011'}
{'loss': '0.1134', 'grad_norm': '4.142', 'learning_rate': '1.246e-05', 'epoch': '3.017'}
{'loss': '0.07526', 'grad_norm': '1.016', 'learning_rate': '1.244e-05', 'epoch': '3.023'}
{'loss': '0.15', 'grad_norm': '50.3', 'learning_rate': '1.243e-05', 'epoch': '3.03'}
{'loss': '0.1153', 'grad_norm': '10.63', 'learning_rate': '1.241e-05', 'epoch': '3.036'}
{'loss': '0.1178', 'grad_norm': '1.148', 'learning_rate': '1.24e-05', 'epoch': '3.042'}
{'loss': '0.1189', 'grad_norm': '2.323', 'learning_rate': '1.238e-05', 'epoch': '3.048'}
{'loss': '0.1129', 'grad_norm': '8.086', 'learning_rate': '1.237e-05', 'epoch': '3.054'}
{'loss': '0.1113', 'grad_norm': '8.992', 'learning_rate': '1.235e-05', 'epoch': '3.06'}
{'loss': '0.103', 'grad_norm': '3.309', 'learning_rate': '1.234e-05', 'epoch': '3.067'}
{'loss': '0.08706', 'grad_norm': '4.469', 'learning_rate': '1.232e-05', 'epoch': '3.073'}
{'loss': '0.08667', 'grad_norm': '6.524', 'learning_rate': '1.23e-05', 'epoch': '3.079'}
{'loss': '0.08025', 'grad_norm': '3.184', 'learning_rate': '1.229e-05', 'epoch': '3.085'}
{'loss': '0.1247', 'grad_norm': '39.34', 'learning_rate': '1.227e-05', 'epoch': '3.091'}
{'loss': '0.07885', 'grad_norm': '0.5698', 'learning_rate': '1.226e-05', 'epoch': '3.097'}
{'loss': '0.0822', 'grad_norm': '1.717', 'learning_rate': '1.224e-05', 'epoch': '3.103'}
{'loss': '0.1219', 'grad_norm': '18.77', 'learning_rate': '1.223e-05', 'epoch': '3.11'}
{'loss': '0.1074', 'grad_norm': '70.14', 'learning_rate': '1.221e-05', 'epoch': '3.116'}
{'loss': '0.1036', 'grad_norm': '12.1', 'learning_rate': '1.22e-05', 'epoch': '3.122'}
{'loss': '0.05726', 'grad_norm': '4.454', 'learning_rate': '1.218e-05', 'epoch': '3.128'}
{'loss': '0.1538', 'grad_norm': '8.858', 'learning_rate': '1.217e-05', 'epoch': '3.134'}
{'loss': '0.1229', 'grad_norm': '8.262', 'learning_rate': '1.215e-05', 'epoch': '3.14'}
{'loss': '0.07865', 'grad_norm': '2.21', 'learning_rate': '1.214e-05', 'epoch': '3.147'}
{'loss': '0.06954', 'grad_norm': '7.322', 'learning_rate': '1.212e-05', 'epoch': '3.153'}
{'loss': '0.1146', 'grad_norm': '3.599', 'learning_rate': '1.21e-05', 'epoch': '3.159'}
{'loss': '0.1146', 'grad_norm': '6.906', 'learning_rate': '1.209e-05', 'epoch': '3.165'}
{'loss': '0.1092', 'grad_norm': '2.666', 'learning_rate': '1.207e-05', 'epoch': '3.171'}
{'loss': '0.1123', 'grad_norm': '38.31', 'learning_rate': '1.206e-05', 'epoch': '3.177'}
{'loss': '0.08817', 'grad_norm': '8.47', 'learning_rate': '1.204e-05', 'epoch': '3.183'}
{'loss': '0.1355', 'grad_norm': '16.96', 'learning_rate': '1.203e-05', 'epoch': '3.19'}
{'loss': '0.06462', 'grad_norm': '0.4824', 'learning_rate': '1.201e-05', 'epoch': '3.196'}
{'loss': '0.07535', 'grad_norm': '6.628', 'learning_rate': '1.2e-05', 'epoch': '3.202'}
{'loss': '0.1374', 'grad_norm': '4.463', 'learning_rate': '1.198e-05', 'epoch': '3.208'}
{'loss': '0.1258', 'grad_norm': '27.63', 'learning_rate': '1.197e-05', 'epoch': '3.214'}
{'loss': '0.09859', 'grad_norm': '9.912', 'learning_rate': '1.195e-05', 'epoch': '3.22'}
{'loss': '0.1197', 'grad_norm': '13.01', 'learning_rate': '1.194e-05', 'epoch': '3.227'}
{'loss': '0.09639', 'grad_norm': '6.199', 'learning_rate': '1.192e-05', 'epoch': '3.233'}
{'loss': '0.06294', 'grad_norm': '5.895', 'learning_rate': '1.19e-05', 'epoch': '3.239'}
{'loss': '0.1103', 'grad_norm': '1.054', 'learning_rate': '1.189e-05', 'epoch': '3.245'}
{'loss': '0.05769', 'grad_norm': '1.803', 'learning_rate': '1.187e-05', 'epoch': '3.251'}
{'loss': '0.1235', 'grad_norm': '4.745', 'learning_rate': '1.186e-05', 'epoch': '3.257'}
{'loss': '0.1145', 'grad_norm': '31.1', 'learning_rate': '1.184e-05', 'epoch': '3.264'}
{'loss': '0.1462', 'grad_norm': '22.24', 'learning_rate': '1.183e-05', 'epoch': '3.27'}
{'loss': '0.1072', 'grad_norm': '2.61', 'learning_rate': '1.181e-05', 'epoch': '3.276'}
{'loss': '0.05481', 'grad_norm': '2.209', 'learning_rate': '1.18e-05', 'epoch': '3.282'}
{'loss': '0.0952', 'grad_norm': '8.34', 'learning_rate': '1.178e-05', 'epoch': '3.288'}
{'loss': '0.07575', 'grad_norm': '2.227', 'learning_rate': '1.177e-05', 'epoch': '3.294'}
{'loss': '0.09444', 'grad_norm': '18.1', 'learning_rate': '1.175e-05', 'epoch': '3.3'}
{'loss': '0.09298', 'grad_norm': '6.086', 'learning_rate': '1.173e-05', 'epoch': '3.307'}
{'loss': '0.09821', 'grad_norm': '5.745', 'learning_rate': '1.172e-05', 'epoch': '3.313'}
{'loss': '0.1206', 'grad_norm': '0.9699', 'learning_rate': '1.17e-05', 'epoch': '3.319'}
{'loss': '0.1119', 'grad_norm': '3.228', 'learning_rate': '1.169e-05', 'epoch': '3.325'}
{'loss': '0.06827', 'grad_norm': '6.474', 'learning_rate': '1.167e-05', 'epoch': '3.331'}
{'loss': '0.08518', 'grad_norm': '12.03', 'learning_rate': '1.166e-05', 'epoch': '3.337'}
{'loss': '0.07498', 'grad_norm': '7.697', 'learning_rate': '1.164e-05', 'epoch': '3.344'}
{'loss': '0.04625', 'grad_norm': '3.928', 'learning_rate': '1.163e-05', 'epoch': '3.35'}
{'loss': '0.1161', 'grad_norm': '1.145', 'learning_rate': '1.161e-05', 'epoch': '3.356'}
{'loss': '0.07892', 'grad_norm': '1.793', 'learning_rate': '1.16e-05', 'epoch': '3.362'}
{'loss': '0.09972', 'grad_norm': '11.94', 'learning_rate': '1.158e-05', 'epoch': '3.368'}
{'loss': '0.1289', 'grad_norm': '6.465', 'learning_rate': '1.157e-05', 'epoch': '3.374'}
{'loss': '0.0563', 'grad_norm': '1.812', 'learning_rate': '1.155e-05', 'epoch': '3.381'}
{'loss': '0.0501', 'grad_norm': '2.816', 'learning_rate': '1.153e-05', 'epoch': '3.387'}
{'loss': '0.1277', 'grad_norm': '9.402', 'learning_rate': '1.152e-05', 'epoch': '3.393'}
{'loss': '0.1683', 'grad_norm': '25.56', 'learning_rate': '1.15e-05', 'epoch': '3.399'}
{'loss': '0.08489', 'grad_norm': '3.293', 'learning_rate': '1.149e-05', 'epoch': '3.405'}
{'loss': '0.05917', 'grad_norm': '4.994', 'learning_rate': '1.147e-05', 'epoch': '3.411'}
{'loss': '0.08789', 'grad_norm': '1.793', 'learning_rate': '1.146e-05', 'epoch': '3.417'}
{'loss': '0.08025', 'grad_norm': '3.678', 'learning_rate': '1.144e-05', 'epoch': '3.424'}
{'loss': '0.1916', 'grad_norm': '56.33', 'learning_rate': '1.143e-05', 'epoch': '3.43'}
{'loss': '0.09578', 'grad_norm': '5.869', 'learning_rate': '1.141e-05', 'epoch': '3.436'}
{'loss': '0.1133', 'grad_norm': '5.567', 'learning_rate': '1.14e-05', 'epoch': '3.442'}
{'loss': '0.09417', 'grad_norm': '2.916', 'learning_rate': '1.138e-05', 'epoch': '3.448'}
{'loss': '0.08068', 'grad_norm': '6.326', 'learning_rate': '1.137e-05', 'epoch': '3.454'}
{'loss': '0.05646', 'grad_norm': '4.308', 'learning_rate': '1.135e-05', 'epoch': '3.461'}
{'loss': '0.1271', 'grad_norm': '8.101', 'learning_rate': '1.133e-05', 'epoch': '3.467'}
{'loss': '0.06931', 'grad_norm': '9.302', 'learning_rate': '1.132e-05', 'epoch': '3.473'}
{'loss': '0.0756', 'grad_norm': '2.637', 'learning_rate': '1.13e-05', 'epoch': '3.479'}
{'loss': '0.05128', 'grad_norm': '6.995', 'learning_rate': '1.129e-05', 'epoch': '3.485'}
{'loss': '0.08826', 'grad_norm': '4.148', 'learning_rate': '1.127e-05', 'epoch': '3.491'}
{'loss': '0.1626', 'grad_norm': '0.7883', 'learning_rate': '1.126e-05', 'epoch': '3.498'}
{'loss': '0.07045', 'grad_norm': '5.996', 'learning_rate': '1.124e-05', 'epoch': '3.504'}
{'loss': '0.1189', 'grad_norm': '29.86', 'learning_rate': '1.123e-05', 'epoch': '3.51'}
{'loss': '0.08243', 'grad_norm': '6.227', 'learning_rate': '1.121e-05', 'epoch': '3.516'}
{'loss': '0.1133', 'grad_norm': '11.61', 'learning_rate': '1.12e-05', 'epoch': '3.522'}
{'loss': '0.0534', 'grad_norm': '9.05', 'learning_rate': '1.118e-05', 'epoch': '3.528'}
{'loss': '0.1552', 'grad_norm': '2.05', 'learning_rate': '1.117e-05', 'epoch': '3.534'}
{'loss': '0.07539', 'grad_norm': '25.65', 'learning_rate': '1.115e-05', 'epoch': '3.541'}
{'loss': '0.1334', 'grad_norm': '13.37', 'learning_rate': '1.113e-05', 'epoch': '3.547'}
{'loss': '0.09633', 'grad_norm': '4.335', 'learning_rate': '1.112e-05', 'epoch': '3.553'}
{'loss': '0.1011', 'grad_norm': '9.427', 'learning_rate': '1.11e-05', 'epoch': '3.559'}
{'loss': '0.1221', 'grad_norm': '6.907', 'learning_rate': '1.109e-05', 'epoch': '3.565'}
{'loss': '0.1659', 'grad_norm': '7.623', 'learning_rate': '1.107e-05', 'epoch': '3.571'}
{'loss': '0.1448', 'grad_norm': '8.928', 'learning_rate': '1.106e-05', 'epoch': '3.578'}
{'loss': '0.05588', 'grad_norm': '3.861', 'learning_rate': '1.104e-05', 'epoch': '3.584'}
{'loss': '0.08598', 'grad_norm': '4.181', 'learning_rate': '1.103e-05', 'epoch': '3.59'}
{'loss': '0.04829', 'grad_norm': '3.148', 'learning_rate': '1.101e-05', 'epoch': '3.596'}
{'loss': '0.08359', 'grad_norm': '20.69', 'learning_rate': '1.1e-05', 'epoch': '3.602'}
{'loss': '0.08731', 'grad_norm': '123.4', 'learning_rate': '1.098e-05', 'epoch': '3.608'}
{'loss': '0.08721', 'grad_norm': '2.348', 'learning_rate': '1.097e-05', 'epoch': '3.615'}
{'loss': '0.07409', 'grad_norm': '7.584', 'learning_rate': '1.095e-05', 'epoch': '3.621'}
{'loss': '0.06081', 'grad_norm': '17.13', 'learning_rate': '1.093e-05', 'epoch': '3.627'}
{'loss': '0.0797', 'grad_norm': '1.81', 'learning_rate': '1.092e-05', 'epoch': '3.633'}
{'loss': '0.0781', 'grad_norm': '2.725', 'learning_rate': '1.09e-05', 'epoch': '3.639'}
{'loss': '0.07112', 'grad_norm': '8.709', 'learning_rate': '1.089e-05', 'epoch': '3.645'}
{'loss': '0.04201', 'grad_norm': '2.572', 'learning_rate': '1.087e-05', 'epoch': '3.651'}
{'loss': '0.08398', 'grad_norm': '14.57', 'learning_rate': '1.086e-05', 'epoch': '3.658'}
{'loss': '0.08959', 'grad_norm': '12.92', 'learning_rate': '1.084e-05', 'epoch': '3.664'}
{'loss': '0.07172', 'grad_norm': '11.43', 'learning_rate': '1.083e-05', 'epoch': '3.67'}
{'loss': '0.1326', 'grad_norm': '55.63', 'learning_rate': '1.081e-05', 'epoch': '3.676'}
{'loss': '0.08287', 'grad_norm': '40.06', 'learning_rate': '1.08e-05', 'epoch': '3.682'}
{'loss': '0.04596', 'grad_norm': '0.5829', 'learning_rate': '1.078e-05', 'epoch': '3.688'}
{'loss': '0.1266', 'grad_norm': '0.8952', 'learning_rate': '1.077e-05', 'epoch': '3.695'}
{'loss': '0.07929', 'grad_norm': '5.009', 'learning_rate': '1.075e-05', 'epoch': '3.701'}
{'loss': '0.06162', 'grad_norm': '0.8635', 'learning_rate': '1.073e-05', 'epoch': '3.707'}
{'loss': '0.07644', 'grad_norm': '14.93', 'learning_rate': '1.072e-05', 'epoch': '3.713'}
{'loss': '0.1073', 'grad_norm': '9.5', 'learning_rate': '1.07e-05', 'epoch': '3.719'}
{'loss': '0.07934', 'grad_norm': '0.7467', 'learning_rate': '1.069e-05', 'epoch': '3.725'}
{'loss': '0.09135', 'grad_norm': '30.35', 'learning_rate': '1.067e-05', 'epoch': '3.732'}
{'loss': '0.1343', 'grad_norm': '2.811', 'learning_rate': '1.066e-05', 'epoch': '3.738'}
{'loss': '0.09089', 'grad_norm': '0.6894', 'learning_rate': '1.064e-05', 'epoch': '3.744'}
{'loss': '0.08175', 'grad_norm': '7.534', 'learning_rate': '1.063e-05', 'epoch': '3.75'}
{'loss': '0.1488', 'grad_norm': '4.115', 'learning_rate': '1.061e-05', 'epoch': '3.756'}
{'loss': '0.05346', 'grad_norm': '12.58', 'learning_rate': '1.06e-05', 'epoch': '3.762'}
{'loss': '0.1092', 'grad_norm': '5.37', 'learning_rate': '1.058e-05', 'epoch': '3.768'}
{'loss': '0.04517', 'grad_norm': '9.511', 'learning_rate': '1.056e-05', 'epoch': '3.775'}
{'loss': '0.09544', 'grad_norm': '55.45', 'learning_rate': '1.055e-05', 'epoch': '3.781'}
{'loss': '0.08355', 'grad_norm': '11.72', 'learning_rate': '1.053e-05', 'epoch': '3.787'}
{'loss': '0.05592', 'grad_norm': '8.342', 'learning_rate': '1.052e-05', 'epoch': '3.793'}
{'loss': '0.06445', 'grad_norm': '17.88', 'learning_rate': '1.05e-05', 'epoch': '3.799'}
{'loss': '0.08819', 'grad_norm': '77.47', 'learning_rate': '1.049e-05', 'epoch': '3.805'}
{'loss': '0.0836', 'grad_norm': '2.067', 'learning_rate': '1.047e-05', 'epoch': '3.812'}
{'loss': '0.1198', 'grad_norm': '14.38', 'learning_rate': '1.046e-05', 'epoch': '3.818'}
{'loss': '0.06407', 'grad_norm': '1.119', 'learning_rate': '1.044e-05', 'epoch': '3.824'}
{'loss': '0.1145', 'grad_norm': '69.97', 'learning_rate': '1.043e-05', 'epoch': '3.83'}
{'loss': '0.08832', 'grad_norm': '7.477', 'learning_rate': '1.041e-05', 'epoch': '3.836'}
{'loss': '0.09308', 'grad_norm': '3.075', 'learning_rate': '1.04e-05', 'epoch': '3.842'}
{'loss': '0.0463', 'grad_norm': '17.97', 'learning_rate': '1.038e-05', 'epoch': '3.849'}
{'loss': '0.07035', 'grad_norm': '5.536', 'learning_rate': '1.036e-05', 'epoch': '3.855'}
{'loss': '0.139', 'grad_norm': '12.44', 'learning_rate': '1.035e-05', 'epoch': '3.861'}
{'loss': '0.06099', 'grad_norm': '10.86', 'learning_rate': '1.033e-05', 'epoch': '3.867'}
{'loss': '0.09504', 'grad_norm': '12.92', 'learning_rate': '1.032e-05', 'epoch': '3.873'}
{'loss': '0.08078', 'grad_norm': '144.9', 'learning_rate': '1.03e-05', 'epoch': '3.879'}
{'loss': '0.09125', 'grad_norm': '12.17', 'learning_rate': '1.029e-05', 'epoch': '3.885'}
{'loss': '0.08117', 'grad_norm': '18.84', 'learning_rate': '1.027e-05', 'epoch': '3.892'}
{'loss': '0.048', 'grad_norm': '57.83', 'learning_rate': '1.026e-05', 'epoch': '3.898'}
{'loss': '0.0858', 'grad_norm': '1.562', 'learning_rate': '1.024e-05', 'epoch': '3.904'}
{'loss': '0.0737', 'grad_norm': '21.24', 'learning_rate': '1.023e-05', 'epoch': '3.91'}
{'loss': '0.07403', 'grad_norm': '185.4', 'learning_rate': '1.021e-05', 'epoch': '3.916'}
{'loss': '0.06793', 'grad_norm': '56.65', 'learning_rate': '1.02e-05', 'epoch': '3.922'}
{'loss': '0.08524', 'grad_norm': '15.19', 'learning_rate': '1.018e-05', 'epoch': '3.929'}
{'loss': '0.05605', 'grad_norm': '3.887', 'learning_rate': '1.016e-05', 'epoch': '3.935'}
{'loss': '0.06168', 'grad_norm': '26.95', 'learning_rate': '1.015e-05', 'epoch': '3.941'}
{'loss': '0.1179', 'grad_norm': '8.815', 'learning_rate': '1.013e-05', 'epoch': '3.947'}
{'loss': '0.08177', 'grad_norm': '5.262', 'learning_rate': '1.012e-05', 'epoch': '3.953'}
{'loss': '0.1367', 'grad_norm': '308.6', 'learning_rate': '1.01e-05', 'epoch': '3.959'}
{'loss': '0.1557', 'grad_norm': '2.647', 'learning_rate': '1.009e-05', 'epoch': '3.966'}
{'loss': '0.09175', 'grad_norm': '17.4', 'learning_rate': '1.007e-05', 'epoch': '3.972'}
{'loss': '0.04515', 'grad_norm': '0.9987', 'learning_rate': '1.006e-05', 'epoch': '3.978'}
{'loss': '0.08371', 'grad_norm': '16.96', 'learning_rate': '1.004e-05', 'epoch': '3.984'}
{'loss': '0.07782', 'grad_norm': '7.022', 'learning_rate': '1.003e-05', 'epoch': '3.99'}
{'loss': '0.06145', 'grad_norm': '0.9789', 'learning_rate': '1.001e-05', 'epoch': '3.996'}
{'eval_loss': '0.4166', 'eval_accuracy': '0.9203', 'eval_precision': '0.9187', 'eval_recall': '0.9421', 'eval_f1': '0.9303', 'eval_runtime': '12.16', 'eval_samples_per_second': '1121', 'eval_steps_per_second': '17.6', 'epoch': '4'}
{'loss': '0.09133', 'grad_norm': '44.3', 'learning_rate': '9.995e-06', 'epoch': '4.002'}
{'loss': '0.06528', 'grad_norm': '5.483', 'learning_rate': '9.98e-06', 'epoch': '4.009'}
{'loss': '0.04936', 'grad_norm': '2.296', 'learning_rate': '9.965e-06', 'epoch': '4.015'}
{'loss': '0.04086', 'grad_norm': '1.894', 'learning_rate': '9.949e-06', 'epoch': '4.021'}
{'loss': '0.09084', 'grad_norm': '1.555', 'learning_rate': '9.934e-06', 'epoch': '4.027'}
{'loss': '0.0341', 'grad_norm': '4.782', 'learning_rate': '9.918e-06', 'epoch': '4.033'}
{'loss': '0.05587', 'grad_norm': '21.54', 'learning_rate': '9.903e-06', 'epoch': '4.039'}
{'loss': '0.04952', 'grad_norm': '6.695', 'learning_rate': '9.888e-06', 'epoch': '4.046'}
{'loss': '0.09492', 'grad_norm': '14.01', 'learning_rate': '9.872e-06', 'epoch': '4.052'}
{'loss': '0.05155', 'grad_norm': '17.49', 'learning_rate': '9.857e-06', 'epoch': '4.058'}
{'loss': '0.07013', 'grad_norm': '0.6025', 'learning_rate': '9.841e-06', 'epoch': '4.064'}
{'loss': '0.05192', 'grad_norm': '1.399', 'learning_rate': '9.826e-06', 'epoch': '4.07'}
{'loss': '0.1044', 'grad_norm': '5.127', 'learning_rate': '9.811e-06', 'epoch': '4.076'}
{'loss': '0.09906', 'grad_norm': '13.08', 'learning_rate': '9.795e-06', 'epoch': '4.083'}
{'loss': '0.04332', 'grad_norm': '46.2', 'learning_rate': '9.78e-06', 'epoch': '4.089'}
{'loss': '0.07918', 'grad_norm': '1.397', 'learning_rate': '9.764e-06', 'epoch': '4.095'}
{'loss': '0.07051', 'grad_norm': '16.83', 'learning_rate': '9.749e-06', 'epoch': '4.101'}
{'loss': '0.0506', 'grad_norm': '1.98', 'learning_rate': '9.734e-06', 'epoch': '4.107'}
{'loss': '0.03563', 'grad_norm': '1.464', 'learning_rate': '9.718e-06', 'epoch': '4.113'}
{'loss': '0.04173', 'grad_norm': '0.5994', 'learning_rate': '9.703e-06', 'epoch': '4.119'}
{'loss': '0.06159', 'grad_norm': '1.396', 'learning_rate': '9.687e-06', 'epoch': '4.126'}
{'loss': '0.09605', 'grad_norm': '3.215', 'learning_rate': '9.672e-06', 'epoch': '4.132'}
{'loss': '0.08819', 'grad_norm': '4.755', 'learning_rate': '9.657e-06', 'epoch': '4.138'}
{'loss': '0.06833', 'grad_norm': '13.18', 'learning_rate': '9.641e-06', 'epoch': '4.144'}
{'loss': '0.1079', 'grad_norm': '30.17', 'learning_rate': '9.626e-06', 'epoch': '4.15'}
{'loss': '0.09437', 'grad_norm': '10.09', 'learning_rate': '9.611e-06', 'epoch': '4.156'}
{'loss': '0.04516', 'grad_norm': '7.044', 'learning_rate': '9.595e-06', 'epoch': '4.163'}
{'loss': '0.07052', 'grad_norm': '2.44', 'learning_rate': '9.58e-06', 'epoch': '4.169'}
{'loss': '0.04683', 'grad_norm': '25.85', 'learning_rate': '9.564e-06', 'epoch': '4.175'}
{'loss': '0.07966', 'grad_norm': '0.9634', 'learning_rate': '9.549e-06', 'epoch': '4.181'}
{'loss': '0.1105', 'grad_norm': '24.01', 'learning_rate': '9.534e-06', 'epoch': '4.187'}
{'loss': '0.1827', 'grad_norm': '26.98', 'learning_rate': '9.518e-06', 'epoch': '4.193'}
{'loss': '0.04704', 'grad_norm': '10.87', 'learning_rate': '9.503e-06', 'epoch': '4.2'}
{'loss': '0.1506', 'grad_norm': '10.86', 'learning_rate': '9.487e-06', 'epoch': '4.206'}
{'loss': '0.07366', 'grad_norm': '21.84', 'learning_rate': '9.472e-06', 'epoch': '4.212'}
{'loss': '0.1002', 'grad_norm': '22.82', 'learning_rate': '9.457e-06', 'epoch': '4.218'}
{'loss': '0.05222', 'grad_norm': '8.596', 'learning_rate': '9.441e-06', 'epoch': '4.224'}
{'loss': '0.05802', 'grad_norm': '7.013', 'learning_rate': '9.426e-06', 'epoch': '4.23'}
{'loss': '0.08589', 'grad_norm': '12.07', 'learning_rate': '9.41e-06', 'epoch': '4.236'}
{'loss': '0.07894', 'grad_norm': '1.524', 'learning_rate': '9.395e-06', 'epoch': '4.243'}
{'loss': '0.08995', 'grad_norm': '2.369', 'learning_rate': '9.38e-06', 'epoch': '4.249'}
{'loss': '0.06718', 'grad_norm': '23.97', 'learning_rate': '9.364e-06', 'epoch': '4.255'}
{'loss': '0.04727', 'grad_norm': '1.803', 'learning_rate': '9.349e-06', 'epoch': '4.261'}
{'loss': '0.08869', 'grad_norm': '4.494', 'learning_rate': '9.333e-06', 'epoch': '4.267'}
{'loss': '0.05058', 'grad_norm': '4.62', 'learning_rate': '9.318e-06', 'epoch': '4.273'}
{'loss': '0.09242', 'grad_norm': '5.44', 'learning_rate': '9.303e-06', 'epoch': '4.28'}
{'loss': '0.1104', 'grad_norm': '5.671', 'learning_rate': '9.287e-06', 'epoch': '4.286'}
{'loss': '0.09267', 'grad_norm': '8.468', 'learning_rate': '9.272e-06', 'epoch': '4.292'}
{'loss': '0.07546', 'grad_norm': '3.459', 'learning_rate': '9.256e-06', 'epoch': '4.298'}
{'loss': '0.0867', 'grad_norm': '2.275', 'learning_rate': '9.241e-06', 'epoch': '4.304'}
{'loss': '0.1255', 'grad_norm': '7.875', 'learning_rate': '9.226e-06', 'epoch': '4.31'}
{'loss': '0.03791', 'grad_norm': '3.779', 'learning_rate': '9.21e-06', 'epoch': '4.317'}
{'loss': '0.05922', 'grad_norm': '9.215', 'learning_rate': '9.195e-06', 'epoch': '4.323'}
{'loss': '0.06263', 'grad_norm': '0.1976', 'learning_rate': '9.179e-06', 'epoch': '4.329'}
{'loss': '0.05894', 'grad_norm': '8.896', 'learning_rate': '9.164e-06', 'epoch': '4.335'}
{'loss': '0.1036', 'grad_norm': '4.702', 'learning_rate': '9.149e-06', 'epoch': '4.341'}
{'loss': '0.08159', 'grad_norm': '17.2', 'learning_rate': '9.133e-06', 'epoch': '4.347'}
{'loss': '0.1137', 'grad_norm': '9.232', 'learning_rate': '9.118e-06', 'epoch': '4.353'}
{'loss': '0.1318', 'grad_norm': '11.94', 'learning_rate': '9.103e-06', 'epoch': '4.36'}
{'loss': '0.07592', 'grad_norm': '16.1', 'learning_rate': '9.087e-06', 'epoch': '4.366'}
{'loss': '0.08463', 'grad_norm': '4.07', 'learning_rate': '9.072e-06', 'epoch': '4.372'}
{'loss': '0.07939', 'grad_norm': '12.05', 'learning_rate': '9.056e-06', 'epoch': '4.378'}
{'loss': '0.04823', 'grad_norm': '1.503', 'learning_rate': '9.041e-06', 'epoch': '4.384'}
{'loss': '0.08876', 'grad_norm': '3.243', 'learning_rate': '9.026e-06', 'epoch': '4.39'}
{'loss': '0.04892', 'grad_norm': '20.62', 'learning_rate': '9.01e-06', 'epoch': '4.397'}
{'loss': '0.05597', 'grad_norm': '2.36', 'learning_rate': '8.995e-06', 'epoch': '4.403'}
{'loss': '0.09727', 'grad_norm': '17.03', 'learning_rate': '8.979e-06', 'epoch': '4.409'}
{'loss': '0.04208', 'grad_norm': '3.63', 'learning_rate': '8.964e-06', 'epoch': '4.415'}
{'loss': '0.09266', 'grad_norm': '5.635', 'learning_rate': '8.949e-06', 'epoch': '4.421'}
{'loss': '0.04972', 'grad_norm': '1.529', 'learning_rate': '8.933e-06', 'epoch': '4.427'}
{'loss': '0.08457', 'grad_norm': '1.973', 'learning_rate': '8.918e-06', 'epoch': '4.433'}
{'loss': '0.08732', 'grad_norm': '0.1184', 'learning_rate': '8.902e-06', 'epoch': '4.44'}
{'loss': '0.07542', 'grad_norm': '2.394', 'learning_rate': '8.887e-06', 'epoch': '4.446'}
{'loss': '0.07601', 'grad_norm': '30.03', 'learning_rate': '8.872e-06', 'epoch': '4.452'}
{'loss': '0.05111', 'grad_norm': '2.85', 'learning_rate': '8.856e-06', 'epoch': '4.458'}
{'loss': '0.2197', 'grad_norm': '766.9', 'learning_rate': '8.841e-06', 'epoch': '4.464'}
{'loss': '0.1477', 'grad_norm': '11.41', 'learning_rate': '8.825e-06', 'epoch': '4.47'}
{'loss': '0.05249', 'grad_norm': '10.87', 'learning_rate': '8.81e-06', 'epoch': '4.477'}
{'loss': '0.03028', 'grad_norm': '64.22', 'learning_rate': '8.795e-06', 'epoch': '4.483'}
{'loss': '0.1097', 'grad_norm': '23.07', 'learning_rate': '8.779e-06', 'epoch': '4.489'}
{'loss': '0.06264', 'grad_norm': '3.847', 'learning_rate': '8.764e-06', 'epoch': '4.495'}
{'loss': '0.07229', 'grad_norm': '1.939', 'learning_rate': '8.748e-06', 'epoch': '4.501'}
{'loss': '0.09771', 'grad_norm': '109.7', 'learning_rate': '8.733e-06', 'epoch': '4.507'}
{'loss': '0.08427', 'grad_norm': '92.64', 'learning_rate': '8.718e-06', 'epoch': '4.514'}
{'loss': '0.1054', 'grad_norm': '6.403', 'learning_rate': '8.702e-06', 'epoch': '4.52'}
{'loss': '0.08217', 'grad_norm': '0.1982', 'learning_rate': '8.687e-06', 'epoch': '4.526'}
{'loss': '0.09715', 'grad_norm': '18.5', 'learning_rate': '8.671e-06', 'epoch': '4.532'}
{'loss': '0.07491', 'grad_norm': '22.65', 'learning_rate': '8.656e-06', 'epoch': '4.538'}
{'loss': '0.04418', 'grad_norm': '6.114', 'learning_rate': '8.641e-06', 'epoch': '4.544'}
{'loss': '0.06878', 'grad_norm': '8.654', 'learning_rate': '8.625e-06', 'epoch': '4.55'}
{'loss': '0.08307', 'grad_norm': '17.63', 'learning_rate': '8.61e-06', 'epoch': '4.557'}
{'loss': '0.07622', 'grad_norm': '17.16', 'learning_rate': '8.595e-06', 'epoch': '4.563'}
{'loss': '0.08827', 'grad_norm': '9.804', 'learning_rate': '8.579e-06', 'epoch': '4.569'}
{'loss': '0.07966', 'grad_norm': '6.596', 'learning_rate': '8.564e-06', 'epoch': '4.575'}
{'loss': '0.05274', 'grad_norm': '0.2116', 'learning_rate': '8.548e-06', 'epoch': '4.581'}
{'loss': '0.088', 'grad_norm': '7.369', 'learning_rate': '8.533e-06', 'epoch': '4.587'}
{'loss': '0.06134', 'grad_norm': '1.568', 'learning_rate': '8.518e-06', 'epoch': '4.594'}
{'loss': '0.07023', 'grad_norm': '4.356', 'learning_rate': '8.502e-06', 'epoch': '4.6'}
{'loss': '0.06866', 'grad_norm': '38.36', 'learning_rate': '8.487e-06', 'epoch': '4.606'}
{'loss': '0.06687', 'grad_norm': '9.801', 'learning_rate': '8.471e-06', 'epoch': '4.612'}
{'loss': '0.09972', 'grad_norm': '2.968', 'learning_rate': '8.456e-06', 'epoch': '4.618'}
{'loss': '0.1056', 'grad_norm': '23.12', 'learning_rate': '8.441e-06', 'epoch': '4.624'}
{'loss': '0.11', 'grad_norm': '11.62', 'learning_rate': '8.425e-06', 'epoch': '4.631'}
{'loss': '0.0517', 'grad_norm': '0.2319', 'learning_rate': '8.41e-06', 'epoch': '4.637'}
{'loss': '0.07788', 'grad_norm': '16.62', 'learning_rate': '8.394e-06', 'epoch': '4.643'}
{'loss': '0.05246', 'grad_norm': '8.341', 'learning_rate': '8.379e-06', 'epoch': '4.649'}
{'loss': '0.03031', 'grad_norm': '5.122', 'learning_rate': '8.364e-06', 'epoch': '4.655'}
{'loss': '0.0427', 'grad_norm': '174.7', 'learning_rate': '8.348e-06', 'epoch': '4.661'}
{'loss': '0.05212', 'grad_norm': '14.58', 'learning_rate': '8.333e-06', 'epoch': '4.667'}
{'loss': '0.09521', 'grad_norm': '19.31', 'learning_rate': '8.317e-06', 'epoch': '4.674'}
{'loss': '0.09249', 'grad_norm': '5.912', 'learning_rate': '8.302e-06', 'epoch': '4.68'}
{'loss': '0.0407', 'grad_norm': '2.977', 'learning_rate': '8.287e-06', 'epoch': '4.686'}
{'loss': '0.09247', 'grad_norm': '1.716', 'learning_rate': '8.271e-06', 'epoch': '4.692'}
{'loss': '0.0347', 'grad_norm': '13.57', 'learning_rate': '8.256e-06', 'epoch': '4.698'}
{'loss': '0.08979', 'grad_norm': '14.46', 'learning_rate': '8.24e-06', 'epoch': '4.704'}
{'loss': '0.04935', 'grad_norm': '2.856', 'learning_rate': '8.225e-06', 'epoch': '4.711'}
{'loss': '0.07878', 'grad_norm': '16.6', 'learning_rate': '8.21e-06', 'epoch': '4.717'}
{'loss': '0.09377', 'grad_norm': '0.6138', 'learning_rate': '8.194e-06', 'epoch': '4.723'}
{'loss': '0.04208', 'grad_norm': '0.221', 'learning_rate': '8.179e-06', 'epoch': '4.729'}
{'loss': '0.09434', 'grad_norm': '15.81', 'learning_rate': '8.163e-06', 'epoch': '4.735'}
{'loss': '0.0478', 'grad_norm': '6.224', 'learning_rate': '8.148e-06', 'epoch': '4.741'}
{'loss': '0.09808', 'grad_norm': '0.458', 'learning_rate': '8.133e-06', 'epoch': '4.748'}
{'loss': '0.05654', 'grad_norm': '13.87', 'learning_rate': '8.117e-06', 'epoch': '4.754'}
{'loss': '0.05816', 'grad_norm': '0.4394', 'learning_rate': '8.102e-06', 'epoch': '4.76'}
{'loss': '0.07081', 'grad_norm': '1.32', 'learning_rate': '8.087e-06', 'epoch': '4.766'}
{'loss': '0.1381', 'grad_norm': '11.42', 'learning_rate': '8.071e-06', 'epoch': '4.772'}
{'loss': '0.1021', 'grad_norm': '4.481', 'learning_rate': '8.056e-06', 'epoch': '4.778'}
{'loss': '0.09861', 'grad_norm': '20.22', 'learning_rate': '8.04e-06', 'epoch': '4.784'}
{'loss': '0.06113', 'grad_norm': '11.7', 'learning_rate': '8.025e-06', 'epoch': '4.791'}
{'loss': '0.03855', 'grad_norm': '1.508', 'learning_rate': '8.01e-06', 'epoch': '4.797'}
{'loss': '0.06816', 'grad_norm': '5.387', 'learning_rate': '7.994e-06', 'epoch': '4.803'}
{'loss': '0.08891', 'grad_norm': '8.346', 'learning_rate': '7.979e-06', 'epoch': '4.809'}
{'loss': '0.03791', 'grad_norm': '11.55', 'learning_rate': '7.963e-06', 'epoch': '4.815'}
{'loss': '0.04725', 'grad_norm': '3.069', 'learning_rate': '7.948e-06', 'epoch': '4.821'}
{'loss': '0.1248', 'grad_norm': '8.104', 'learning_rate': '7.933e-06', 'epoch': '4.828'}
{'loss': '0.05996', 'grad_norm': '3.883', 'learning_rate': '7.917e-06', 'epoch': '4.834'}
{'loss': '0.07521', 'grad_norm': '7.039', 'learning_rate': '7.902e-06', 'epoch': '4.84'}
{'loss': '0.05537', 'grad_norm': '7.564', 'learning_rate': '7.886e-06', 'epoch': '4.846'}
{'loss': '0.04853', 'grad_norm': '7.784', 'learning_rate': '7.871e-06', 'epoch': '4.852'}
{'loss': '0.05137', 'grad_norm': '1.997', 'learning_rate': '7.856e-06', 'epoch': '4.858'}
{'loss': '0.05838', 'grad_norm': '6.523', 'learning_rate': '7.84e-06', 'epoch': '4.865'}
{'loss': '0.08667', 'grad_norm': '2.235', 'learning_rate': '7.825e-06', 'epoch': '4.871'}
{'loss': '0.06548', 'grad_norm': '1.106', 'learning_rate': '7.809e-06', 'epoch': '4.877'}
{'loss': '0.04769', 'grad_norm': '4.838', 'learning_rate': '7.794e-06', 'epoch': '4.883'}
{'loss': '0.07051', 'grad_norm': '3.642', 'learning_rate': '7.779e-06', 'epoch': '4.889'}
{'loss': '0.08239', 'grad_norm': '24.32', 'learning_rate': '7.763e-06', 'epoch': '4.895'}
{'loss': '0.07092', 'grad_norm': '15.96', 'learning_rate': '7.748e-06', 'epoch': '4.901'}
{'loss': '0.08397', 'grad_norm': '0.5495', 'learning_rate': '7.732e-06', 'epoch': '4.908'}
{'loss': '0.07675', 'grad_norm': '1.015', 'learning_rate': '7.717e-06', 'epoch': '4.914'}
{'loss': '0.07598', 'grad_norm': '0.3589', 'learning_rate': '7.702e-06', 'epoch': '4.92'}
{'loss': '0.06061', 'grad_norm': '22.72', 'learning_rate': '7.686e-06', 'epoch': '4.926'}
{'loss': '0.05607', 'grad_norm': '14.07', 'learning_rate': '7.671e-06', 'epoch': '4.932'}
{'loss': '0.05539', 'grad_norm': '186.6', 'learning_rate': '7.655e-06', 'epoch': '4.938'}
{'loss': '0.04793', 'grad_norm': '20.39', 'learning_rate': '7.64e-06', 'epoch': '4.945'}
{'loss': '0.1161', 'grad_norm': '0.165', 'learning_rate': '7.625e-06', 'epoch': '4.951'}
{'loss': '0.05224', 'grad_norm': '0.8341', 'learning_rate': '7.609e-06', 'epoch': '4.957'}
{'loss': '0.0611', 'grad_norm': '18.36', 'learning_rate': '7.594e-06', 'epoch': '4.963'}
{'loss': '0.03451', 'grad_norm': '3.693', 'learning_rate': '7.579e-06', 'epoch': '4.969'}
{'loss': '0.1063', 'grad_norm': '4.945', 'learning_rate': '7.563e-06', 'epoch': '4.975'}
{'loss': '0.139', 'grad_norm': '9.826', 'learning_rate': '7.548e-06', 'epoch': '4.982'}
{'loss': '0.05823', 'grad_norm': '6.105', 'learning_rate': '7.532e-06', 'epoch': '4.988'}
{'loss': '0.05055', 'grad_norm': '5.716', 'learning_rate': '7.517e-06', 'epoch': '4.994'}
{'loss': '0.06259', 'grad_norm': '9.612', 'learning_rate': '7.502e-06', 'epoch': '5'}
{'eval_loss': '0.4326', 'eval_accuracy': '0.92', 'eval_precision': '0.915', 'eval_recall': '0.9462', 'eval_f1': '0.9303', 'eval_runtime': '12.18', 'eval_samples_per_second': '1119', 'eval_steps_per_second': '17.57', 'epoch': '5'}
{'loss': '0.06476', 'grad_norm': '109.8', 'learning_rate': '7.486e-06', 'epoch': '5.006'}
{'loss': '0.04771', 'grad_norm': '12.05', 'learning_rate': '7.471e-06', 'epoch': '5.012'}
{'loss': '0.05016', 'grad_norm': '0.6987', 'learning_rate': '7.455e-06', 'epoch': '5.018'}
{'loss': '0.05168', 'grad_norm': '7.422', 'learning_rate': '7.44e-06', 'epoch': '5.025'}
{'loss': '0.04208', 'grad_norm': '0.3242', 'learning_rate': '7.425e-06', 'epoch': '5.031'}
{'loss': '0.09448', 'grad_norm': '3.304', 'learning_rate': '7.409e-06', 'epoch': '5.037'}
{'loss': '0.08758', 'grad_norm': '1.49', 'learning_rate': '7.394e-06', 'epoch': '5.043'}
{'loss': '0.06643', 'grad_norm': '19.94', 'learning_rate': '7.378e-06', 'epoch': '5.049'}
{'loss': '0.07427', 'grad_norm': '139.3', 'learning_rate': '7.363e-06', 'epoch': '5.055'}
{'loss': '0.05401', 'grad_norm': '19.19', 'learning_rate': '7.348e-06', 'epoch': '5.062'}
{'loss': '0.08915', 'grad_norm': '19.67', 'learning_rate': '7.332e-06', 'epoch': '5.068'}
{'loss': '0.08554', 'grad_norm': '34.02', 'learning_rate': '7.317e-06', 'epoch': '5.074'}
{'loss': '0.04542', 'grad_norm': '37.36', 'learning_rate': '7.301e-06', 'epoch': '5.08'}
{'loss': '0.08661', 'grad_norm': '5.068', 'learning_rate': '7.286e-06', 'epoch': '5.086'}
{'loss': '0.08331', 'grad_norm': '3.276', 'learning_rate': '7.271e-06', 'epoch': '5.092'}
{'loss': '0.103', 'grad_norm': '22.58', 'learning_rate': '7.255e-06', 'epoch': '5.099'}
{'loss': '0.05733', 'grad_norm': '12.07', 'learning_rate': '7.24e-06', 'epoch': '5.105'}
{'loss': '0.03516', 'grad_norm': '0.4948', 'learning_rate': '7.224e-06', 'epoch': '5.111'}
{'loss': '0.04726', 'grad_norm': '0.8402', 'learning_rate': '7.209e-06', 'epoch': '5.117'}
{'loss': '0.07797', 'grad_norm': '9.567', 'learning_rate': '7.194e-06', 'epoch': '5.123'}
{'loss': '0.04774', 'grad_norm': '12.11', 'learning_rate': '7.178e-06', 'epoch': '5.129'}
{'loss': '0.03976', 'grad_norm': '12.22', 'learning_rate': '7.163e-06', 'epoch': '5.135'}
{'loss': '0.05673', 'grad_norm': '7.245', 'learning_rate': '7.147e-06', 'epoch': '5.142'}
{'loss': '0.04012', 'grad_norm': '0.7404', 'learning_rate': '7.132e-06', 'epoch': '5.148'}
{'loss': '0.107', 'grad_norm': '7.671', 'learning_rate': '7.117e-06', 'epoch': '5.154'}
{'loss': '0.08512', 'grad_norm': '18.37', 'learning_rate': '7.101e-06', 'epoch': '5.16'}
{'loss': '0.07161', 'grad_norm': '12.19', 'learning_rate': '7.086e-06', 'epoch': '5.166'}
{'loss': '0.06596', 'grad_norm': '10.39', 'learning_rate': '7.071e-06', 'epoch': '5.172'}
{'loss': '0.07405', 'grad_norm': '0.6728', 'learning_rate': '7.055e-06', 'epoch': '5.179'}
{'loss': '0.1035', 'grad_norm': '0.4767', 'learning_rate': '7.04e-06', 'epoch': '5.185'}
{'loss': '0.03003', 'grad_norm': '4.96', 'learning_rate': '7.024e-06', 'epoch': '5.191'}
{'loss': '0.0182', 'grad_norm': '0.6038', 'learning_rate': '7.009e-06', 'epoch': '5.197'}
{'loss': '0.04082', 'grad_norm': '6.917', 'learning_rate': '6.994e-06', 'epoch': '5.203'}
{'loss': '0.09346', 'grad_norm': '4.854', 'learning_rate': '6.978e-06', 'epoch': '5.209'}
{'loss': '0.09906', 'grad_norm': '5.523', 'learning_rate': '6.963e-06', 'epoch': '5.216'}
{'loss': '0.1111', 'grad_norm': '0.741', 'learning_rate': '6.947e-06', 'epoch': '5.222'}
{'loss': '0.1036', 'grad_norm': '18.1', 'learning_rate': '6.932e-06', 'epoch': '5.228'}
{'loss': '0.08238', 'grad_norm': '3.32', 'learning_rate': '6.917e-06', 'epoch': '5.234'}
{'loss': '0.0893', 'grad_norm': '11.38', 'learning_rate': '6.901e-06', 'epoch': '5.24'}
{'loss': '0.1011', 'grad_norm': '11.99', 'learning_rate': '6.886e-06', 'epoch': '5.246'}
{'loss': '0.03018', 'grad_norm': '0.3023', 'learning_rate': '6.87e-06', 'epoch': '5.252'}
{'loss': '0.03887', 'grad_norm': '1.665', 'learning_rate': '6.855e-06', 'epoch': '5.259'}
{'loss': '0.04453', 'grad_norm': '15.18', 'learning_rate': '6.84e-06', 'epoch': '5.265'}
{'loss': '0.03956', 'grad_norm': '2.872', 'learning_rate': '6.824e-06', 'epoch': '5.271'}
{'loss': '0.06026', 'grad_norm': '0.07292', 'learning_rate': '6.809e-06', 'epoch': '5.277'}
{'loss': '0.09116', 'grad_norm': '5.798', 'learning_rate': '6.793e-06', 'epoch': '5.283'}
{'loss': '0.0606', 'grad_norm': '3.079', 'learning_rate': '6.778e-06', 'epoch': '5.289'}
{'loss': '0.07499', 'grad_norm': '9.866', 'learning_rate': '6.763e-06', 'epoch': '5.296'}
{'loss': '0.04596', 'grad_norm': '12.25', 'learning_rate': '6.747e-06', 'epoch': '5.302'}
{'loss': '0.06145', 'grad_norm': '9.104', 'learning_rate': '6.732e-06', 'epoch': '5.308'}
{'loss': '0.07004', 'grad_norm': '13.16', 'learning_rate': '6.716e-06', 'epoch': '5.314'}
{'loss': '0.06498', 'grad_norm': '1.809', 'learning_rate': '6.701e-06', 'epoch': '5.32'}
{'loss': '0.1105', 'grad_norm': '1.876', 'learning_rate': '6.686e-06', 'epoch': '5.326'}
{'loss': '0.0784', 'grad_norm': '6.511', 'learning_rate': '6.67e-06', 'epoch': '5.333'}
{'loss': '0.06358', 'grad_norm': '8.985', 'learning_rate': '6.655e-06', 'epoch': '5.339'}
{'loss': '0.0648', 'grad_norm': '15.28', 'learning_rate': '6.639e-06', 'epoch': '5.345'}
{'loss': '0.1044', 'grad_norm': '0.1018', 'learning_rate': '6.624e-06', 'epoch': '5.351'}
{'loss': '0.04527', 'grad_norm': '39.01', 'learning_rate': '6.609e-06', 'epoch': '5.357'}
{'loss': '0.06113', 'grad_norm': '1.061', 'learning_rate': '6.593e-06', 'epoch': '5.363'}
{'loss': '0.05881', 'grad_norm': '1.044', 'learning_rate': '6.578e-06', 'epoch': '5.369'}
{'loss': '0.09099', 'grad_norm': '9.337', 'learning_rate': '6.563e-06', 'epoch': '5.376'}
{'loss': '0.06479', 'grad_norm': '4.051', 'learning_rate': '6.547e-06', 'epoch': '5.382'}
{'loss': '0.03417', 'grad_norm': '1.047', 'learning_rate': '6.532e-06', 'epoch': '5.388'}
{'loss': '0.07079', 'grad_norm': '10.81', 'learning_rate': '6.516e-06', 'epoch': '5.394'}
{'loss': '0.07678', 'grad_norm': '0.4345', 'learning_rate': '6.501e-06', 'epoch': '5.4'}
{'loss': '0.06383', 'grad_norm': '2.793', 'learning_rate': '6.486e-06', 'epoch': '5.406'}
{'loss': '0.07291', 'grad_norm': '3.116', 'learning_rate': '6.47e-06', 'epoch': '5.413'}
{'loss': '0.08057', 'grad_norm': '2.407', 'learning_rate': '6.455e-06', 'epoch': '5.419'}
{'loss': '0.05437', 'grad_norm': '0.2019', 'learning_rate': '6.439e-06', 'epoch': '5.425'}
{'loss': '0.04923', 'grad_norm': '2.485', 'learning_rate': '6.424e-06', 'epoch': '5.431'}
{'loss': '0.03763', 'grad_norm': '0.06839', 'learning_rate': '6.409e-06', 'epoch': '5.437'}
{'loss': '0.07435', 'grad_norm': '14.5', 'learning_rate': '6.393e-06', 'epoch': '5.443'}
{'loss': '0.02882', 'grad_norm': '14.55', 'learning_rate': '6.378e-06', 'epoch': '5.45'}
{'loss': '0.09558', 'grad_norm': '6.563', 'learning_rate': '6.362e-06', 'epoch': '5.456'}
{'loss': '0.03252', 'grad_norm': '1.571', 'learning_rate': '6.347e-06', 'epoch': '5.462'}
{'loss': '0.03311', 'grad_norm': '11.25', 'learning_rate': '6.332e-06', 'epoch': '5.468'}
{'loss': '0.08368', 'grad_norm': '0.2018', 'learning_rate': '6.316e-06', 'epoch': '5.474'}
{'loss': '0.03543', 'grad_norm': '5.804', 'learning_rate': '6.301e-06', 'epoch': '5.48'}
{'loss': '0.06121', 'grad_norm': '13.37', 'learning_rate': '6.285e-06', 'epoch': '5.486'}
{'loss': '0.03625', 'grad_norm': '12.86', 'learning_rate': '6.27e-06', 'epoch': '5.493'}
{'loss': '0.0662', 'grad_norm': '7.026', 'learning_rate': '6.255e-06', 'epoch': '5.499'}
{'loss': '0.02037', 'grad_norm': '1.062', 'learning_rate': '6.239e-06', 'epoch': '5.505'}
{'loss': '0.1468', 'grad_norm': '73.18', 'learning_rate': '6.224e-06', 'epoch': '5.511'}
{'loss': '0.04445', 'grad_norm': '0.5183', 'learning_rate': '6.208e-06', 'epoch': '5.517'}
{'loss': '0.06749', 'grad_norm': '56.8', 'learning_rate': '6.193e-06', 'epoch': '5.523'}
{'loss': '0.04283', 'grad_norm': '10.68', 'learning_rate': '6.178e-06', 'epoch': '5.53'}
{'loss': '0.1021', 'grad_norm': '3.134', 'learning_rate': '6.162e-06', 'epoch': '5.536'}
{'loss': '0.1426', 'grad_norm': '9.647', 'learning_rate': '6.147e-06', 'epoch': '5.542'}
{'loss': '0.03313', 'grad_norm': '11.09', 'learning_rate': '6.131e-06', 'epoch': '5.548'}
{'loss': '0.092', 'grad_norm': '18.02', 'learning_rate': '6.116e-06', 'epoch': '5.554'}
{'loss': '0.03955', 'grad_norm': '0.7674', 'learning_rate': '6.101e-06', 'epoch': '5.56'}
{'loss': '0.05031', 'grad_norm': '0.07559', 'learning_rate': '6.085e-06', 'epoch': '5.567'}
{'loss': '0.1073', 'grad_norm': '0.4029', 'learning_rate': '6.07e-06', 'epoch': '5.573'}
{'loss': '0.1581', 'grad_norm': '17.84', 'learning_rate': '6.054e-06', 'epoch': '5.579'}
{'loss': '0.05768', 'grad_norm': '0.1827', 'learning_rate': '6.039e-06', 'epoch': '5.585'}
{'loss': '0.1039', 'grad_norm': '3.494', 'learning_rate': '6.024e-06', 'epoch': '5.591'}
{'loss': '0.08933', 'grad_norm': '11.06', 'learning_rate': '6.008e-06', 'epoch': '5.597'}
{'loss': '0.04612', 'grad_norm': '0.2984', 'learning_rate': '5.993e-06', 'epoch': '5.603'}
{'loss': '0.03572', 'grad_norm': '6.842', 'learning_rate': '5.978e-06', 'epoch': '5.61'}
{'loss': '0.04065', 'grad_norm': '0.912', 'learning_rate': '5.962e-06', 'epoch': '5.616'}
{'loss': '0.05913', 'grad_norm': '0.9016', 'learning_rate': '5.947e-06', 'epoch': '5.622'}
{'loss': '0.04885', 'grad_norm': '0.5652', 'learning_rate': '5.931e-06', 'epoch': '5.628'}
{'loss': '0.08526', 'grad_norm': '0.1949', 'learning_rate': '5.916e-06', 'epoch': '5.634'}
{'loss': '0.06252', 'grad_norm': '4.203', 'learning_rate': '5.901e-06', 'epoch': '5.64'}
{'loss': '0.04413', 'grad_norm': '13.1', 'learning_rate': '5.885e-06', 'epoch': '5.647'}
{'loss': '0.1117', 'grad_norm': '0.1224', 'learning_rate': '5.87e-06', 'epoch': '5.653'}
{'loss': '0.05145', 'grad_norm': '3.431', 'learning_rate': '5.854e-06', 'epoch': '5.659'}
{'loss': '0.08173', 'grad_norm': '22.35', 'learning_rate': '5.839e-06', 'epoch': '5.665'}
{'loss': '0.05078', 'grad_norm': '4.959', 'learning_rate': '5.824e-06', 'epoch': '5.671'}
{'loss': '0.03281', 'grad_norm': '40.87', 'learning_rate': '5.808e-06', 'epoch': '5.677'}
{'loss': '0.067', 'grad_norm': '1.191', 'learning_rate': '5.793e-06', 'epoch': '5.683'}
{'loss': '0.01798', 'grad_norm': '0.128', 'learning_rate': '5.777e-06', 'epoch': '5.69'}
{'loss': '0.03013', 'grad_norm': '0.4675', 'learning_rate': '5.762e-06', 'epoch': '5.696'}
{'loss': '0.02551', 'grad_norm': '24.71', 'learning_rate': '5.747e-06', 'epoch': '5.702'}
{'loss': '0.06669', 'grad_norm': '9.956', 'learning_rate': '5.731e-06', 'epoch': '5.708'}
{'loss': '0.0778', 'grad_norm': '0.09286', 'learning_rate': '5.716e-06', 'epoch': '5.714'}
{'loss': '0.05093', 'grad_norm': '4.973', 'learning_rate': '5.7e-06', 'epoch': '5.72'}
{'loss': '0.04941', 'grad_norm': '3.325', 'learning_rate': '5.685e-06', 'epoch': '5.727'}
{'loss': '0.02779', 'grad_norm': '7.236', 'learning_rate': '5.67e-06', 'epoch': '5.733'}
{'loss': '0.07233', 'grad_norm': '43.51', 'learning_rate': '5.654e-06', 'epoch': '5.739'}
{'loss': '0.06873', 'grad_norm': '4.678', 'learning_rate': '5.639e-06', 'epoch': '5.745'}
{'loss': '0.1209', 'grad_norm': '9.327', 'learning_rate': '5.623e-06', 'epoch': '5.751'}
{'loss': '0.1411', 'grad_norm': '7.897', 'learning_rate': '5.608e-06', 'epoch': '5.757'}
{'loss': '0.07806', 'grad_norm': '1.246', 'learning_rate': '5.593e-06', 'epoch': '5.764'}
{'loss': '0.02154', 'grad_norm': '4.547', 'learning_rate': '5.577e-06', 'epoch': '5.77'}
{'loss': '0.04143', 'grad_norm': '0.02296', 'learning_rate': '5.562e-06', 'epoch': '5.776'}
{'loss': '0.03031', 'grad_norm': '5.342', 'learning_rate': '5.546e-06', 'epoch': '5.782'}
{'loss': '0.05254', 'grad_norm': '14.1', 'learning_rate': '5.531e-06', 'epoch': '5.788'}
{'loss': '0.03599', 'grad_norm': '8.243', 'learning_rate': '5.516e-06', 'epoch': '5.794'}
{'loss': '0.05139', 'grad_norm': '0.2089', 'learning_rate': '5.5e-06', 'epoch': '5.8'}
{'loss': '0.09107', 'grad_norm': '3.663', 'learning_rate': '5.485e-06', 'epoch': '5.807'}
{'loss': '0.04292', 'grad_norm': '4.966', 'learning_rate': '5.47e-06', 'epoch': '5.813'}
{'loss': '0.06508', 'grad_norm': '9.849', 'learning_rate': '5.454e-06', 'epoch': '5.819'}
{'loss': '0.06558', 'grad_norm': '12.7', 'learning_rate': '5.439e-06', 'epoch': '5.825'}
{'loss': '0.06814', 'grad_norm': '0.6533', 'learning_rate': '5.423e-06', 'epoch': '5.831'}
{'loss': '0.03964', 'grad_norm': '2.999', 'learning_rate': '5.408e-06', 'epoch': '5.837'}
{'loss': '0.03298', 'grad_norm': '14.48', 'learning_rate': '5.393e-06', 'epoch': '5.844'}
{'loss': '0.06024', 'grad_norm': '2.761', 'learning_rate': '5.377e-06', 'epoch': '5.85'}
{'loss': '0.07324', 'grad_norm': '17.31', 'learning_rate': '5.362e-06', 'epoch': '5.856'}
{'loss': '0.05768', 'grad_norm': '4.457', 'learning_rate': '5.346e-06', 'epoch': '5.862'}
{'loss': '0.1027', 'grad_norm': '0.5802', 'learning_rate': '5.331e-06', 'epoch': '5.868'}
{'loss': '0.05802', 'grad_norm': '0.2007', 'learning_rate': '5.316e-06', 'epoch': '5.874'}
{'loss': '0.08355', 'grad_norm': '0.1686', 'learning_rate': '5.3e-06', 'epoch': '5.881'}
{'loss': '0.07495', 'grad_norm': '1.894', 'learning_rate': '5.285e-06', 'epoch': '5.887'}
{'loss': '0.05065', 'grad_norm': '6.588', 'learning_rate': '5.269e-06', 'epoch': '5.893'}
{'loss': '0.03131', 'grad_norm': '10.5', 'learning_rate': '5.254e-06', 'epoch': '5.899'}
{'loss': '0.08755', 'grad_norm': '2.883', 'learning_rate': '5.239e-06', 'epoch': '5.905'}
{'loss': '0.08383', 'grad_norm': '1.708', 'learning_rate': '5.223e-06', 'epoch': '5.911'}
{'loss': '0.01847', 'grad_norm': '55.92', 'learning_rate': '5.208e-06', 'epoch': '5.917'}
{'loss': '0.01633', 'grad_norm': '18.2', 'learning_rate': '5.192e-06', 'epoch': '5.924'}
{'loss': '0.1035', 'grad_norm': '9.178', 'learning_rate': '5.177e-06', 'epoch': '5.93'}
{'loss': '0.09116', 'grad_norm': '16.46', 'learning_rate': '5.162e-06', 'epoch': '5.936'}
{'loss': '0.03758', 'grad_norm': '0.2912', 'learning_rate': '5.146e-06', 'epoch': '5.942'}
{'loss': '0.1352', 'grad_norm': '3.568', 'learning_rate': '5.131e-06', 'epoch': '5.948'}
{'loss': '0.0786', 'grad_norm': '9.709', 'learning_rate': '5.115e-06', 'epoch': '5.954'}
{'loss': '0.05727', 'grad_norm': '0.7177', 'learning_rate': '5.1e-06', 'epoch': '5.961'}
{'loss': '0.0524', 'grad_norm': '27.15', 'learning_rate': '5.085e-06', 'epoch': '5.967'}
{'loss': '0.03995', 'grad_norm': '0.6944', 'learning_rate': '5.069e-06', 'epoch': '5.973'}
{'loss': '0.06404', 'grad_norm': '14.15', 'learning_rate': '5.054e-06', 'epoch': '5.979'}
{'loss': '0.02502', 'grad_norm': '0.09192', 'learning_rate': '5.038e-06', 'epoch': '5.985'}
{'loss': '0.05496', 'grad_norm': '9.801', 'learning_rate': '5.023e-06', 'epoch': '5.991'}
{'loss': '0.06012', 'grad_norm': '9.299', 'learning_rate': '5.008e-06', 'epoch': '5.998'}
{'eval_loss': '0.5495', 'eval_accuracy': '0.9095', 'eval_precision': '0.9034', 'eval_recall': '0.9401', 'eval_f1': '0.9214', 'eval_runtime': '12.18', 'eval_samples_per_second': '1119', 'eval_steps_per_second': '17.57', 'epoch': '6'}
{'loss': '0.05781', 'grad_norm': '2.469', 'learning_rate': '4.992e-06', 'epoch': '6.004'}
{'loss': '0.08794', 'grad_norm': '9.422', 'learning_rate': '4.977e-06', 'epoch': '6.01'}
{'loss': '0.08374', 'grad_norm': '2.534', 'learning_rate': '4.962e-06', 'epoch': '6.016'}
{'loss': '0.04106', 'grad_norm': '19.02', 'learning_rate': '4.946e-06', 'epoch': '6.022'}
{'loss': '0.1175', 'grad_norm': '25.38', 'learning_rate': '4.931e-06', 'epoch': '6.028'}
{'loss': '0.05877', 'grad_norm': '7.744', 'learning_rate': '4.915e-06', 'epoch': '6.034'}
{'loss': '0.06817', 'grad_norm': '7.821', 'learning_rate': '4.9e-06', 'epoch': '6.041'}
{'loss': '0.04678', 'grad_norm': '12.98', 'learning_rate': '4.885e-06', 'epoch': '6.047'}
{'loss': '0.0523', 'grad_norm': '5.448', 'learning_rate': '4.869e-06', 'epoch': '6.053'}
{'loss': '0.05691', 'grad_norm': '88.38', 'learning_rate': '4.854e-06', 'epoch': '6.059'}
{'loss': '0.04392', 'grad_norm': '4.107', 'learning_rate': '4.838e-06', 'epoch': '6.065'}
{'loss': '0.02994', 'grad_norm': '3.692', 'learning_rate': '4.823e-06', 'epoch': '6.071'}
{'loss': '0.04769', 'grad_norm': '0.08017', 'learning_rate': '4.808e-06', 'epoch': '6.078'}
{'loss': '0.06922', 'grad_norm': '1.436', 'learning_rate': '4.792e-06', 'epoch': '6.084'}
{'loss': '0.05599', 'grad_norm': '4.593', 'learning_rate': '4.777e-06', 'epoch': '6.09'}
{'loss': '0.06159', 'grad_norm': '3.071', 'learning_rate': '4.761e-06', 'epoch': '6.096'}
{'loss': '0.06357', 'grad_norm': '1.776', 'learning_rate': '4.746e-06', 'epoch': '6.102'}
{'loss': '0.09177', 'grad_norm': '0.4143', 'learning_rate': '4.731e-06', 'epoch': '6.108'}
{'loss': '0.0369', 'grad_norm': '0.0768', 'learning_rate': '4.715e-06', 'epoch': '6.115'}
{'loss': '0.05686', 'grad_norm': '38.94', 'learning_rate': '4.7e-06', 'epoch': '6.121'}
{'loss': '0.02826', 'grad_norm': '0.3322', 'learning_rate': '4.684e-06', 'epoch': '6.127'}
{'loss': '0.06521', 'grad_norm': '0.991', 'learning_rate': '4.669e-06', 'epoch': '6.133'}
{'loss': '0.08516', 'grad_norm': '39.48', 'learning_rate': '4.654e-06', 'epoch': '6.139'}
{'loss': '0.07693', 'grad_norm': '0.1011', 'learning_rate': '4.638e-06', 'epoch': '6.145'}
{'loss': '0.05663', 'grad_norm': '8.195', 'learning_rate': '4.623e-06', 'epoch': '6.151'}
{'loss': '0.04049', 'grad_norm': '0.2099', 'learning_rate': '4.607e-06', 'epoch': '6.158'}
{'loss': '0.08066', 'grad_norm': '28.31', 'learning_rate': '4.592e-06', 'epoch': '6.164'}
{'loss': '0.01607', 'grad_norm': '1.33', 'learning_rate': '4.577e-06', 'epoch': '6.17'}
{'loss': '0.1041', 'grad_norm': '0.3383', 'learning_rate': '4.561e-06', 'epoch': '6.176'}
{'loss': '0.02929', 'grad_norm': '0.4777', 'learning_rate': '4.546e-06', 'epoch': '6.182'}
{'loss': '0.0561', 'grad_norm': '9.178', 'learning_rate': '4.53e-06', 'epoch': '6.188'}
{'loss': '0.05876', 'grad_norm': '19.19', 'learning_rate': '4.515e-06', 'epoch': '6.195'}
{'loss': '0.08977', 'grad_norm': '51.94', 'learning_rate': '4.5e-06', 'epoch': '6.201'}
{'loss': '0.0454', 'grad_norm': '16.78', 'learning_rate': '4.484e-06', 'epoch': '6.207'}
{'loss': '0.03548', 'grad_norm': '3.105', 'learning_rate': '4.469e-06', 'epoch': '6.213'}
{'loss': '0.1299', 'grad_norm': '12.49', 'learning_rate': '4.454e-06', 'epoch': '6.219'}
{'loss': '0.06482', 'grad_norm': '0.9265', 'learning_rate': '4.438e-06', 'epoch': '6.225'}
{'loss': '0.08069', 'grad_norm': '0.8381', 'learning_rate': '4.423e-06', 'epoch': '6.232'}
{'loss': '0.04518', 'grad_norm': '6.955', 'learning_rate': '4.407e-06', 'epoch': '6.238'}
{'loss': '0.03463', 'grad_norm': '25.38', 'learning_rate': '4.392e-06', 'epoch': '6.244'}
{'loss': '0.06988', 'grad_norm': '6.484', 'learning_rate': '4.377e-06', 'epoch': '6.25'}
{'loss': '0.08115', 'grad_norm': '4.34', 'learning_rate': '4.361e-06', 'epoch': '6.256'}
{'loss': '0.07025', 'grad_norm': '12.06', 'learning_rate': '4.346e-06', 'epoch': '6.262'}
{'loss': '0.08131', 'grad_norm': '6.358', 'learning_rate': '4.33e-06', 'epoch': '6.268'}
{'loss': '0.07692', 'grad_norm': '4.772', 'learning_rate': '4.315e-06', 'epoch': '6.275'}
{'loss': '0.07096', 'grad_norm': '0.8991', 'learning_rate': '4.3e-06', 'epoch': '6.281'}
{'loss': '0.05632', 'grad_norm': '0.4537', 'learning_rate': '4.284e-06', 'epoch': '6.287'}
{'loss': '0.06473', 'grad_norm': '52.27', 'learning_rate': '4.269e-06', 'epoch': '6.293'}
{'loss': '0.03668', 'grad_norm': '0.1765', 'learning_rate': '4.253e-06', 'epoch': '6.299'}
{'loss': '0.03614', 'grad_norm': '5.823', 'learning_rate': '4.238e-06', 'epoch': '6.305'}
{'loss': '0.1167', 'grad_norm': '3.174', 'learning_rate': '4.223e-06', 'epoch': '6.312'}
{'loss': '0.02342', 'grad_norm': '1.726', 'learning_rate': '4.207e-06', 'epoch': '6.318'}
{'loss': '0.04347', 'grad_norm': '0.05271', 'learning_rate': '4.192e-06', 'epoch': '6.324'}
{'loss': '0.09872', 'grad_norm': '3.339', 'learning_rate': '4.176e-06', 'epoch': '6.33'}
{'loss': '0.05361', 'grad_norm': '0.664', 'learning_rate': '4.161e-06', 'epoch': '6.336'}
{'loss': '0.06819', 'grad_norm': '5.216', 'learning_rate': '4.146e-06', 'epoch': '6.342'}
{'loss': '0.04603', 'grad_norm': '5.955', 'learning_rate': '4.13e-06', 'epoch': '6.349'}
{'loss': '0.05486', 'grad_norm': '3.136', 'learning_rate': '4.115e-06', 'epoch': '6.355'}
{'loss': '0.04972', 'grad_norm': '6.16', 'learning_rate': '4.099e-06', 'epoch': '6.361'}
{'loss': '0.04333', 'grad_norm': '0.1632', 'learning_rate': '4.084e-06', 'epoch': '6.367'}
{'loss': '0.06545', 'grad_norm': '6.07', 'learning_rate': '4.069e-06', 'epoch': '6.373'}
{'loss': '0.03875', 'grad_norm': '0.0264', 'learning_rate': '4.053e-06', 'epoch': '6.379'}
{'loss': '0.03838', 'grad_norm': '11.36', 'learning_rate': '4.038e-06', 'epoch': '6.385'}
{'loss': '0.05139', 'grad_norm': '9.707', 'learning_rate': '4.022e-06', 'epoch': '6.392'}
{'loss': '0.03653', 'grad_norm': '19.74', 'learning_rate': '4.007e-06', 'epoch': '6.398'}
{'loss': '0.03873', 'grad_norm': '0.3745', 'learning_rate': '3.992e-06', 'epoch': '6.404'}
{'loss': '0.05546', 'grad_norm': '27.87', 'learning_rate': '3.976e-06', 'epoch': '6.41'}
{'loss': '0.02668', 'grad_norm': '1.295', 'learning_rate': '3.961e-06', 'epoch': '6.416'}
{'loss': '0.0857', 'grad_norm': '83.49', 'learning_rate': '3.946e-06', 'epoch': '6.422'}
{'loss': '0.09959', 'grad_norm': '16.16', 'learning_rate': '3.93e-06', 'epoch': '6.429'}
{'loss': '0.04759', 'grad_norm': '7.558', 'learning_rate': '3.915e-06', 'epoch': '6.435'}
{'loss': '0.04239', 'grad_norm': '11.85', 'learning_rate': '3.899e-06', 'epoch': '6.441'}
{'loss': '0.0239', 'grad_norm': '7.86', 'learning_rate': '3.884e-06', 'epoch': '6.447'}
{'loss': '0.06556', 'grad_norm': '8.14', 'learning_rate': '3.869e-06', 'epoch': '6.453'}
{'loss': '0.04999', 'grad_norm': '0.6365', 'learning_rate': '3.853e-06', 'epoch': '6.459'}
{'loss': '0.07312', 'grad_norm': '4.54', 'learning_rate': '3.838e-06', 'epoch': '6.466'}
{'loss': '0.03926', 'grad_norm': '2.653', 'learning_rate': '3.822e-06', 'epoch': '6.472'}
{'loss': '0.03141', 'grad_norm': '18.31', 'learning_rate': '3.807e-06', 'epoch': '6.478'}
{'loss': '0.0359', 'grad_norm': '0.2651', 'learning_rate': '3.792e-06', 'epoch': '6.484'}
{'loss': '0.1025', 'grad_norm': '0.8338', 'learning_rate': '3.776e-06', 'epoch': '6.49'}
{'loss': '0.05151', 'grad_norm': '11.62', 'learning_rate': '3.761e-06', 'epoch': '6.496'}
{'loss': '0.04239', 'grad_norm': '3.639', 'learning_rate': '3.745e-06', 'epoch': '6.502'}
{'loss': '0.07415', 'grad_norm': '0.4405', 'learning_rate': '3.73e-06', 'epoch': '6.509'}
{'loss': '0.0692', 'grad_norm': '30.08', 'learning_rate': '3.715e-06', 'epoch': '6.515'}
{'loss': '0.04503', 'grad_norm': '9.436', 'learning_rate': '3.699e-06', 'epoch': '6.521'}
{'loss': '0.0347', 'grad_norm': '2.373', 'learning_rate': '3.684e-06', 'epoch': '6.527'}
{'loss': '0.05181', 'grad_norm': '8.23', 'learning_rate': '3.668e-06', 'epoch': '6.533'}
{'loss': '0.03905', 'grad_norm': '6.559', 'learning_rate': '3.653e-06', 'epoch': '6.539'}
{'loss': '0.0505', 'grad_norm': '1.85', 'learning_rate': '3.638e-06', 'epoch': '6.546'}
{'loss': '0.08966', 'grad_norm': '12.05', 'learning_rate': '3.622e-06', 'epoch': '6.552'}
{'loss': '0.06927', 'grad_norm': '20.41', 'learning_rate': '3.607e-06', 'epoch': '6.558'}
{'loss': '0.04394', 'grad_norm': '5.091', 'learning_rate': '3.591e-06', 'epoch': '6.564'}
{'loss': '0.01685', 'grad_norm': '1.95', 'learning_rate': '3.576e-06', 'epoch': '6.57'}
{'loss': '0.06848', 'grad_norm': '0.1346', 'learning_rate': '3.561e-06', 'epoch': '6.576'}
{'loss': '0.04175', 'grad_norm': '3.178', 'learning_rate': '3.545e-06', 'epoch': '6.583'}
{'loss': '0.05133', 'grad_norm': '3.795', 'learning_rate': '3.53e-06', 'epoch': '6.589'}
{'loss': '0.1236', 'grad_norm': '13.22', 'learning_rate': '3.514e-06', 'epoch': '6.595'}
{'loss': '0.1042', 'grad_norm': '5.782', 'learning_rate': '3.499e-06', 'epoch': '6.601'}
{'loss': '0.02948', 'grad_norm': '7.079', 'learning_rate': '3.484e-06', 'epoch': '6.607'}
{'loss': '0.06547', 'grad_norm': '8.638', 'learning_rate': '3.468e-06', 'epoch': '6.613'}
{'loss': '0.05859', 'grad_norm': '1.646', 'learning_rate': '3.453e-06', 'epoch': '6.619'}
{'loss': '0.07404', 'grad_norm': '3.299', 'learning_rate': '3.438e-06', 'epoch': '6.626'}
{'loss': '0.07802', 'grad_norm': '0.1473', 'learning_rate': '3.422e-06', 'epoch': '6.632'}
{'loss': '0.06569', 'grad_norm': '5.465', 'learning_rate': '3.407e-06', 'epoch': '6.638'}
{'loss': '0.053', 'grad_norm': '6.28', 'learning_rate': '3.391e-06', 'epoch': '6.644'}
{'loss': '0.07555', 'grad_norm': '0.6519', 'learning_rate': '3.376e-06', 'epoch': '6.65'}
{'loss': '0.06942', 'grad_norm': '6.283', 'learning_rate': '3.361e-06', 'epoch': '6.656'}
{'loss': '0.04819', 'grad_norm': '7.404', 'learning_rate': '3.345e-06', 'epoch': '6.663'}
{'loss': '0.0731', 'grad_norm': '0.1035', 'learning_rate': '3.33e-06', 'epoch': '6.669'}
{'loss': '0.0497', 'grad_norm': '7.72', 'learning_rate': '3.314e-06', 'epoch': '6.675'}
{'loss': '0.05218', 'grad_norm': '7.579', 'learning_rate': '3.299e-06', 'epoch': '6.681'}
{'loss': '0.05661', 'grad_norm': '17.04', 'learning_rate': '3.284e-06', 'epoch': '6.687'}
{'loss': '0.05661', 'grad_norm': '0.3311', 'learning_rate': '3.268e-06', 'epoch': '6.693'}
{'loss': '0.05779', 'grad_norm': '4.271', 'learning_rate': '3.253e-06', 'epoch': '6.7'}
{'loss': '0.02563', 'grad_norm': '1.688', 'learning_rate': '3.237e-06', 'epoch': '6.706'}
{'loss': '0.02683', 'grad_norm': '0.06804', 'learning_rate': '3.222e-06', 'epoch': '6.712'}
{'loss': '0.06132', 'grad_norm': '2.223', 'learning_rate': '3.207e-06', 'epoch': '6.718'}
{'loss': '0.07297', 'grad_norm': '1.439', 'learning_rate': '3.191e-06', 'epoch': '6.724'}
{'loss': '0.08727', 'grad_norm': '0.7392', 'learning_rate': '3.176e-06', 'epoch': '6.73'}
{'loss': '0.04669', 'grad_norm': '0.3843', 'learning_rate': '3.16e-06', 'epoch': '6.736'}
{'loss': '0.07729', 'grad_norm': '9.095', 'learning_rate': '3.145e-06', 'epoch': '6.743'}
{'loss': '0.05493', 'grad_norm': '0.5565', 'learning_rate': '3.13e-06', 'epoch': '6.749'}
{'loss': '0.01892', 'grad_norm': '0.2382', 'learning_rate': '3.114e-06', 'epoch': '6.755'}
{'loss': '0.05835', 'grad_norm': '0.08411', 'learning_rate': '3.099e-06', 'epoch': '6.761'}
{'loss': '0.07223', 'grad_norm': '4.406', 'learning_rate': '3.083e-06', 'epoch': '6.767'}
{'loss': '0.02958', 'grad_norm': '10.44', 'learning_rate': '3.068e-06', 'epoch': '6.773'}
{'loss': '0.07542', 'grad_norm': '4.187', 'learning_rate': '3.053e-06', 'epoch': '6.78'}
{'loss': '0.04433', 'grad_norm': '0.03126', 'learning_rate': '3.037e-06', 'epoch': '6.786'}
{'loss': '0.08887', 'grad_norm': '11.82', 'learning_rate': '3.022e-06', 'epoch': '6.792'}
{'loss': '0.05125', 'grad_norm': '16.04', 'learning_rate': '3.006e-06', 'epoch': '6.798'}
{'loss': '0.04729', 'grad_norm': '2.234', 'learning_rate': '2.991e-06', 'epoch': '6.804'}
{'loss': '0.06316', 'grad_norm': '7.652', 'learning_rate': '2.976e-06', 'epoch': '6.81'}
{'loss': '0.07895', 'grad_norm': '7.356', 'learning_rate': '2.96e-06', 'epoch': '6.817'}
{'loss': '0.07139', 'grad_norm': '1.051', 'learning_rate': '2.945e-06', 'epoch': '6.823'}
{'loss': '0.0849', 'grad_norm': '20.13', 'learning_rate': '2.929e-06', 'epoch': '6.829'}
{'loss': '0.08967', 'grad_norm': '13.06', 'learning_rate': '2.914e-06', 'epoch': '6.835'}
{'loss': '0.05552', 'grad_norm': '5.247', 'learning_rate': '2.899e-06', 'epoch': '6.841'}
{'loss': '0.03244', 'grad_norm': '0.1256', 'learning_rate': '2.883e-06', 'epoch': '6.847'}
{'loss': '0.06398', 'grad_norm': '15.28', 'learning_rate': '2.868e-06', 'epoch': '6.853'}
{'loss': '0.03543', 'grad_norm': '6.013', 'learning_rate': '2.853e-06', 'epoch': '6.86'}
{'loss': '0.04595', 'grad_norm': '3.17', 'learning_rate': '2.837e-06', 'epoch': '6.866'}
{'loss': '0.0461', 'grad_norm': '2.786', 'learning_rate': '2.822e-06', 'epoch': '6.872'}
{'loss': '0.06286', 'grad_norm': '34.79', 'learning_rate': '2.806e-06', 'epoch': '6.878'}
{'loss': '0.08301', 'grad_norm': '0.8196', 'learning_rate': '2.791e-06', 'epoch': '6.884'}
{'loss': '0.08957', 'grad_norm': '10.79', 'learning_rate': '2.776e-06', 'epoch': '6.89'}
{'loss': '0.03149', 'grad_norm': '2.391', 'learning_rate': '2.76e-06', 'epoch': '6.897'}
{'loss': '0.04216', 'grad_norm': '3.028', 'learning_rate': '2.745e-06', 'epoch': '6.903'}
{'loss': '0.04087', 'grad_norm': '4.163', 'learning_rate': '2.729e-06', 'epoch': '6.909'}
{'loss': '0.07645', 'grad_norm': '10.31', 'learning_rate': '2.714e-06', 'epoch': '6.915'}
{'loss': '0.05052', 'grad_norm': '132', 'learning_rate': '2.699e-06', 'epoch': '6.921'}
{'loss': '0.07737', 'grad_norm': '3.525', 'learning_rate': '2.683e-06', 'epoch': '6.927'}
{'loss': '0.05227', 'grad_norm': '5.459', 'learning_rate': '2.668e-06', 'epoch': '6.933'}
{'loss': '0.04889', 'grad_norm': '16.44', 'learning_rate': '2.652e-06', 'epoch': '6.94'}
{'loss': '0.0564', 'grad_norm': '3.108', 'learning_rate': '2.637e-06', 'epoch': '6.946'}
{'loss': '0.006286', 'grad_norm': '0.04294', 'learning_rate': '2.622e-06', 'epoch': '6.952'}
{'loss': '0.09734', 'grad_norm': '10.73', 'learning_rate': '2.606e-06', 'epoch': '6.958'}
{'loss': '0.06073', 'grad_norm': '25.1', 'learning_rate': '2.591e-06', 'epoch': '6.964'}
{'loss': '0.02448', 'grad_norm': '13.75', 'learning_rate': '2.575e-06', 'epoch': '6.97'}
{'loss': '0.04306', 'grad_norm': '30.19', 'learning_rate': '2.56e-06', 'epoch': '6.977'}
{'loss': '0.04891', 'grad_norm': '3.386', 'learning_rate': '2.545e-06', 'epoch': '6.983'}
{'loss': '0.07859', 'grad_norm': '6.456', 'learning_rate': '2.529e-06', 'epoch': '6.989'}
{'loss': '0.04709', 'grad_norm': '0.7394', 'learning_rate': '2.514e-06', 'epoch': '6.995'}
{'eval_loss': '0.568', 'eval_accuracy': '0.9107', 'eval_precision': '0.8978', 'eval_recall': '0.9499', 'eval_f1': '0.9231', 'eval_runtime': '12.27', 'eval_samples_per_second': '1111', 'eval_steps_per_second': '17.44', 'epoch': '7'}
{'loss': '0.07666', 'grad_norm': '8.262', 'learning_rate': '2.498e-06', 'epoch': '7.001'}
{'loss': '0.02512', 'grad_norm': '0.361', 'learning_rate': '2.483e-06', 'epoch': '7.007'}
{'loss': '0.04944', 'grad_norm': '3.949', 'learning_rate': '2.468e-06', 'epoch': '7.014'}
{'loss': '0.06966', 'grad_norm': '0.2235', 'learning_rate': '2.452e-06', 'epoch': '7.02'}
{'loss': '0.02224', 'grad_norm': '11.07', 'learning_rate': '2.437e-06', 'epoch': '7.026'}
{'loss': '0.04872', 'grad_norm': '23.47', 'learning_rate': '2.421e-06', 'epoch': '7.032'}
{'loss': '0.07268', 'grad_norm': '10.23', 'learning_rate': '2.406e-06', 'epoch': '7.038'}
{'loss': '0.1079', 'grad_norm': '82.35', 'learning_rate': '2.391e-06', 'epoch': '7.044'}
{'loss': '0.03714', 'grad_norm': '4.983', 'learning_rate': '2.375e-06', 'epoch': '7.05'}
{'loss': '0.04906', 'grad_norm': '0.08523', 'learning_rate': '2.36e-06', 'epoch': '7.057'}
{'loss': '0.07947', 'grad_norm': '4.593', 'learning_rate': '2.345e-06', 'epoch': '7.063'}
{'loss': '0.04438', 'grad_norm': '3.088', 'learning_rate': '2.329e-06', 'epoch': '7.069'}
{'loss': '0.05802', 'grad_norm': '5.547', 'learning_rate': '2.314e-06', 'epoch': '7.075'}
{'loss': '0.03791', 'grad_norm': '2.097', 'learning_rate': '2.298e-06', 'epoch': '7.081'}
{'loss': '0.08896', 'grad_norm': '49.56', 'learning_rate': '2.283e-06', 'epoch': '7.087'}
{'loss': '0.06185', 'grad_norm': '12.03', 'learning_rate': '2.268e-06', 'epoch': '7.094'}
{'loss': '0.02398', 'grad_norm': '0.4723', 'learning_rate': '2.252e-06', 'epoch': '7.1'}
{'loss': '0.03652', 'grad_norm': '2.122', 'learning_rate': '2.237e-06', 'epoch': '7.106'}
{'loss': '0.06367', 'grad_norm': '11.04', 'learning_rate': '2.221e-06', 'epoch': '7.112'}
{'loss': '0.08525', 'grad_norm': '33.28', 'learning_rate': '2.206e-06', 'epoch': '7.118'}
{'loss': '0.01076', 'grad_norm': '1.233', 'learning_rate': '2.191e-06', 'epoch': '7.124'}
{'loss': '0.07357', 'grad_norm': '33.13', 'learning_rate': '2.175e-06', 'epoch': '7.131'}
{'loss': '0.01925', 'grad_norm': '2.68', 'learning_rate': '2.16e-06', 'epoch': '7.137'}
{'loss': '0.05343', 'grad_norm': '0.03073', 'learning_rate': '2.144e-06', 'epoch': '7.143'}
{'loss': '0.03263', 'grad_norm': '2.885', 'learning_rate': '2.129e-06', 'epoch': '7.149'}
{'loss': '0.06481', 'grad_norm': '4.042', 'learning_rate': '2.114e-06', 'epoch': '7.155'}
{'loss': '0.04332', 'grad_norm': '3.082', 'learning_rate': '2.098e-06', 'epoch': '7.161'}
{'loss': '0.03354', 'grad_norm': '8.115', 'learning_rate': '2.083e-06', 'epoch': '7.167'}
{'loss': '0.04944', 'grad_norm': '1.445', 'learning_rate': '2.067e-06', 'epoch': '7.174'}
{'loss': '0.06504', 'grad_norm': '7.22', 'learning_rate': '2.052e-06', 'epoch': '7.18'}
{'loss': '0.03784', 'grad_norm': '0.2675', 'learning_rate': '2.037e-06', 'epoch': '7.186'}
{'loss': '0.05213', 'grad_norm': '9.575', 'learning_rate': '2.021e-06', 'epoch': '7.192'}
{'loss': '0.05962', 'grad_norm': '4.428', 'learning_rate': '2.006e-06', 'epoch': '7.198'}
{'loss': '0.05556', 'grad_norm': '4.238', 'learning_rate': '1.99e-06', 'epoch': '7.204'}
{'loss': '0.06221', 'grad_norm': '11.03', 'learning_rate': '1.975e-06', 'epoch': '7.211'}
{'loss': '0.01897', 'grad_norm': '0.2374', 'learning_rate': '1.96e-06', 'epoch': '7.217'}
{'loss': '0.04386', 'grad_norm': '32.08', 'learning_rate': '1.944e-06', 'epoch': '7.223'}
{'loss': '0.03291', 'grad_norm': '9.37', 'learning_rate': '1.929e-06', 'epoch': '7.229'}
{'loss': '0.1063', 'grad_norm': '76.63', 'learning_rate': '1.913e-06', 'epoch': '7.235'}
{'loss': '0.0533', 'grad_norm': '2.243', 'learning_rate': '1.898e-06', 'epoch': '7.241'}
{'loss': '0.06094', 'grad_norm': '0.5906', 'learning_rate': '1.883e-06', 'epoch': '7.248'}
{'loss': '0.05274', 'grad_norm': '4.573', 'learning_rate': '1.867e-06', 'epoch': '7.254'}
{'loss': '0.04947', 'grad_norm': '0.09511', 'learning_rate': '1.852e-06', 'epoch': '7.26'}
{'loss': '0.03124', 'grad_norm': '2.607', 'learning_rate': '1.837e-06', 'epoch': '7.266'}
{'loss': '0.05389', 'grad_norm': '4.89', 'learning_rate': '1.821e-06', 'epoch': '7.272'}
{'loss': '0.01683', 'grad_norm': '0.1146', 'learning_rate': '1.806e-06', 'epoch': '7.278'}
{'loss': '0.06269', 'grad_norm': '0.8454', 'learning_rate': '1.79e-06', 'epoch': '7.284'}
{'loss': '0.05248', 'grad_norm': '1.527', 'learning_rate': '1.775e-06', 'epoch': '7.291'}
{'loss': '0.06673', 'grad_norm': '5.13', 'learning_rate': '1.76e-06', 'epoch': '7.297'}
{'loss': '0.08034', 'grad_norm': '1.899', 'learning_rate': '1.744e-06', 'epoch': '7.303'}
{'loss': '0.04159', 'grad_norm': '14.83', 'learning_rate': '1.729e-06', 'epoch': '7.309'}
{'loss': '0.08482', 'grad_norm': '5.675', 'learning_rate': '1.713e-06', 'epoch': '7.315'}
{'loss': '0.04552', 'grad_norm': '4.822', 'learning_rate': '1.698e-06', 'epoch': '7.321'}
{'loss': '0.04489', 'grad_norm': '9.553', 'learning_rate': '1.683e-06', 'epoch': '7.328'}
{'loss': '0.01013', 'grad_norm': '0.4072', 'learning_rate': '1.667e-06', 'epoch': '7.334'}
{'loss': '0.07708', 'grad_norm': '6.095', 'learning_rate': '1.652e-06', 'epoch': '7.34'}
{'loss': '0.0623', 'grad_norm': '8.551', 'learning_rate': '1.636e-06', 'epoch': '7.346'}
{'loss': '0.02313', 'grad_norm': '0.1444', 'learning_rate': '1.621e-06', 'epoch': '7.352'}
{'loss': '0.04964', 'grad_norm': '17.43', 'learning_rate': '1.606e-06', 'epoch': '7.358'}
{'loss': '0.05264', 'grad_norm': '5.174', 'learning_rate': '1.59e-06', 'epoch': '7.365'}
{'loss': '0.0348', 'grad_norm': '0.1263', 'learning_rate': '1.575e-06', 'epoch': '7.371'}
{'loss': '0.07333', 'grad_norm': '8.505', 'learning_rate': '1.559e-06', 'epoch': '7.377'}
{'loss': '0.06593', 'grad_norm': '316.5', 'learning_rate': '1.544e-06', 'epoch': '7.383'}
{'loss': '0.08108', 'grad_norm': '1.154', 'learning_rate': '1.529e-06', 'epoch': '7.389'}
{'loss': '0.07', 'grad_norm': '6.864', 'learning_rate': '1.513e-06', 'epoch': '7.395'}
{'loss': '0.0557', 'grad_norm': '12.17', 'learning_rate': '1.498e-06', 'epoch': '7.401'}
{'loss': '0.01726', 'grad_norm': '0.2382', 'learning_rate': '1.482e-06', 'epoch': '7.408'}
{'loss': '0.03912', 'grad_norm': '0.9439', 'learning_rate': '1.467e-06', 'epoch': '7.414'}
{'loss': '0.1078', 'grad_norm': '10.99', 'learning_rate': '1.452e-06', 'epoch': '7.42'}
{'loss': '0.02854', 'grad_norm': '103.1', 'learning_rate': '1.436e-06', 'epoch': '7.426'}
{'loss': '0.02099', 'grad_norm': '2.48', 'learning_rate': '1.421e-06', 'epoch': '7.432'}
{'loss': '0.05108', 'grad_norm': '5.585', 'learning_rate': '1.405e-06', 'epoch': '7.438'}
{'loss': '0.04852', 'grad_norm': '2.953', 'learning_rate': '1.39e-06', 'epoch': '7.445'}
{'loss': '0.04135', 'grad_norm': '0.6287', 'learning_rate': '1.375e-06', 'epoch': '7.451'}
{'loss': '0.02499', 'grad_norm': '4.721', 'learning_rate': '1.359e-06', 'epoch': '7.457'}
{'loss': '0.09946', 'grad_norm': '0.204', 'learning_rate': '1.344e-06', 'epoch': '7.463'}
{'loss': '0.05089', 'grad_norm': '14.2', 'learning_rate': '1.329e-06', 'epoch': '7.469'}
{'loss': '0.03201', 'grad_norm': '1.562', 'learning_rate': '1.313e-06', 'epoch': '7.475'}
{'loss': '0.07721', 'grad_norm': '4.001', 'learning_rate': '1.298e-06', 'epoch': '7.482'}
{'loss': '0.06744', 'grad_norm': '0.2191', 'learning_rate': '1.282e-06', 'epoch': '7.488'}
{'loss': '0.01165', 'grad_norm': '0.5135', 'learning_rate': '1.267e-06', 'epoch': '7.494'}
{'loss': '0.08858', 'grad_norm': '12.35', 'learning_rate': '1.252e-06', 'epoch': '7.5'}
{'loss': '0.03224', 'grad_norm': '4.221', 'learning_rate': '1.236e-06', 'epoch': '7.506'}
{'loss': '0.04018', 'grad_norm': '22.64', 'learning_rate': '1.221e-06', 'epoch': '7.512'}
{'loss': '0.04156', 'grad_norm': '9.709', 'learning_rate': '1.205e-06', 'epoch': '7.518'}
{'loss': '0.07053', 'grad_norm': '4.515', 'learning_rate': '1.19e-06', 'epoch': '7.525'}
{'loss': '0.05569', 'grad_norm': '15.21', 'learning_rate': '1.175e-06', 'epoch': '7.531'}
{'loss': '0.05367', 'grad_norm': '2.63', 'learning_rate': '1.159e-06', 'epoch': '7.537'}
{'loss': '0.03709', 'grad_norm': '0.0226', 'learning_rate': '1.144e-06', 'epoch': '7.543'}
{'loss': '0.05346', 'grad_norm': '2.48', 'learning_rate': '1.128e-06', 'epoch': '7.549'}
{'loss': '0.02404', 'grad_norm': '0.8706', 'learning_rate': '1.113e-06', 'epoch': '7.555'}
{'loss': '0.02541', 'grad_norm': '0.8971', 'learning_rate': '1.098e-06', 'epoch': '7.562'}
{'loss': '0.0418', 'grad_norm': '1.554', 'learning_rate': '1.082e-06', 'epoch': '7.568'}
{'loss': '0.04714', 'grad_norm': '1.63', 'learning_rate': '1.067e-06', 'epoch': '7.574'}
{'loss': '0.05355', 'grad_norm': '2.76', 'learning_rate': '1.051e-06', 'epoch': '7.58'}
{'loss': '0.05742', 'grad_norm': '1.901', 'learning_rate': '1.036e-06', 'epoch': '7.586'}
{'loss': '0.1065', 'grad_norm': '0.2471', 'learning_rate': '1.021e-06', 'epoch': '7.592'}
{'loss': '0.04942', 'grad_norm': '0.4675', 'learning_rate': '1.005e-06', 'epoch': '7.599'}
{'loss': '0.06699', 'grad_norm': '1.763', 'learning_rate': '9.898e-07', 'epoch': '7.605'}
{'loss': '0.08867', 'grad_norm': '0.3108', 'learning_rate': '9.744e-07', 'epoch': '7.611'}
{'loss': '0.04558', 'grad_norm': '0.2934', 'learning_rate': '9.591e-07', 'epoch': '7.617'}
{'loss': '0.1354', 'grad_norm': '5.461', 'learning_rate': '9.437e-07', 'epoch': '7.623'}
{'loss': '0.04453', 'grad_norm': '12.93', 'learning_rate': '9.283e-07', 'epoch': '7.629'}
{'loss': '0.06425', 'grad_norm': '6.472', 'learning_rate': '9.129e-07', 'epoch': '7.635'}
{'loss': '0.0285', 'grad_norm': '26.01', 'learning_rate': '8.975e-07', 'epoch': '7.642'}
{'loss': '0.08807', 'grad_norm': '1.233', 'learning_rate': '8.821e-07', 'epoch': '7.648'}
{'loss': '0.04719', 'grad_norm': '0.8078', 'learning_rate': '8.667e-07', 'epoch': '7.654'}
{'loss': '0.06644', 'grad_norm': '4.912', 'learning_rate': '8.513e-07', 'epoch': '7.66'}
{'loss': '0.07495', 'grad_norm': '0.01949', 'learning_rate': '8.359e-07', 'epoch': '7.666'}
{'loss': '0.0177', 'grad_norm': '0.04187', 'learning_rate': '8.205e-07', 'epoch': '7.672'}
{'loss': '0.05943', 'grad_norm': '8.246', 'learning_rate': '8.051e-07', 'epoch': '7.679'}
{'loss': '0.0297', 'grad_norm': '0.06655', 'learning_rate': '7.897e-07', 'epoch': '7.685'}
{'loss': '0.04178', 'grad_norm': '5.522', 'learning_rate': '7.743e-07', 'epoch': '7.691'}
{'loss': '0.03377', 'grad_norm': '4.809', 'learning_rate': '7.589e-07', 'epoch': '7.697'}
{'loss': '0.0379', 'grad_norm': '0.1974', 'learning_rate': '7.435e-07', 'epoch': '7.703'}
{'loss': '0.005791', 'grad_norm': '0.1472', 'learning_rate': '7.281e-07', 'epoch': '7.709'}
{'loss': '0.01337', 'grad_norm': '0.99', 'learning_rate': '7.127e-07', 'epoch': '7.716'}
{'loss': '0.0933', 'grad_norm': '6.472', 'learning_rate': '6.974e-07', 'epoch': '7.722'}
{'loss': '0.04966', 'grad_norm': '32.14', 'learning_rate': '6.82e-07', 'epoch': '7.728'}
{'loss': '0.03551', 'grad_norm': '8.597', 'learning_rate': '6.666e-07', 'epoch': '7.734'}
{'loss': '0.04017', 'grad_norm': '1.799', 'learning_rate': '6.512e-07', 'epoch': '7.74'}
{'loss': '0.05389', 'grad_norm': '8.634', 'learning_rate': '6.358e-07', 'epoch': '7.746'}
{'loss': '0.07192', 'grad_norm': '4.958', 'learning_rate': '6.204e-07', 'epoch': '7.752'}
{'loss': '0.0894', 'grad_norm': '30.37', 'learning_rate': '6.05e-07', 'epoch': '7.759'}
{'loss': '0.09399', 'grad_norm': '58.05', 'learning_rate': '5.896e-07', 'epoch': '7.765'}
{'loss': '0.1013', 'grad_norm': '3.241', 'learning_rate': '5.742e-07', 'epoch': '7.771'}
{'loss': '0.07722', 'grad_norm': '5.36', 'learning_rate': '5.588e-07', 'epoch': '7.777'}
{'loss': '0.04181', 'grad_norm': '1.335', 'learning_rate': '5.434e-07', 'epoch': '7.783'}
{'loss': '0.06007', 'grad_norm': '15.55', 'learning_rate': '5.28e-07', 'epoch': '7.789'}
{'loss': '0.0413', 'grad_norm': '1.2', 'learning_rate': '5.126e-07', 'epoch': '7.796'}
{'loss': '0.0743', 'grad_norm': '5.102', 'learning_rate': '4.972e-07', 'epoch': '7.802'}
{'loss': '0.07014', 'grad_norm': '0.2364', 'learning_rate': '4.818e-07', 'epoch': '7.808'}
{'loss': '0.08179', 'grad_norm': '9.166', 'learning_rate': '4.664e-07', 'epoch': '7.814'}
{'loss': '0.05926', 'grad_norm': '8.932', 'learning_rate': '4.51e-07', 'epoch': '7.82'}
{'loss': '0.05022', 'grad_norm': '10.02', 'learning_rate': '4.357e-07', 'epoch': '7.826'}
{'loss': '0.05486', 'grad_norm': '0.04046', 'learning_rate': '4.203e-07', 'epoch': '7.833'}
{'loss': '0.04648', 'grad_norm': '0.6138', 'learning_rate': '4.049e-07', 'epoch': '7.839'}
{'loss': '0.06168', 'grad_norm': '0.1694', 'learning_rate': '3.895e-07', 'epoch': '7.845'}
{'loss': '0.03158', 'grad_norm': '6.43', 'learning_rate': '3.741e-07', 'epoch': '7.851'}
{'loss': '0.08987', 'grad_norm': '6.973', 'learning_rate': '3.587e-07', 'epoch': '7.857'}
{'loss': '0.05052', 'grad_norm': '0.1506', 'learning_rate': '3.433e-07', 'epoch': '7.863'}
{'loss': '0.0931', 'grad_norm': '6.842', 'learning_rate': '3.279e-07', 'epoch': '7.869'}
{'loss': '0.07816', 'grad_norm': '33.27', 'learning_rate': '3.125e-07', 'epoch': '7.876'}
{'loss': '0.04465', 'grad_norm': '0.1201', 'learning_rate': '2.971e-07', 'epoch': '7.882'}
{'loss': '0.03619', 'grad_norm': '0.8888', 'learning_rate': '2.817e-07', 'epoch': '7.888'}
{'loss': '0.0529', 'grad_norm': '44.82', 'learning_rate': '2.663e-07', 'epoch': '7.894'}
{'loss': '0.03711', 'grad_norm': '5.495', 'learning_rate': '2.509e-07', 'epoch': '7.9'}
{'loss': '0.02058', 'grad_norm': '3.927', 'learning_rate': '2.355e-07', 'epoch': '7.906'}
{'loss': '0.04159', 'grad_norm': '2.135', 'learning_rate': '2.201e-07', 'epoch': '7.913'}
{'loss': '0.03212', 'grad_norm': '1.177', 'learning_rate': '2.047e-07', 'epoch': '7.919'}
{'loss': '0.02462', 'grad_norm': '0.2614', 'learning_rate': '1.893e-07', 'epoch': '7.925'}
{'loss': '0.05024', 'grad_norm': '24.54', 'learning_rate': '1.74e-07', 'epoch': '7.931'}
{'loss': '0.04353', 'grad_norm': '0.6499', 'learning_rate': '1.586e-07', 'epoch': '7.937'}
{'loss': '0.03199', 'grad_norm': '14.03', 'learning_rate': '1.432e-07', 'epoch': '7.943'}
{'loss': '0.04097', 'grad_norm': '0.06827', 'learning_rate': '1.278e-07', 'epoch': '7.95'}
{'loss': '0.01015', 'grad_norm': '0.4039', 'learning_rate': '1.124e-07', 'epoch': '7.956'}
{'loss': '0.02917', 'grad_norm': '0.2016', 'learning_rate': '9.698e-08', 'epoch': '7.962'}
{'loss': '0.0532', 'grad_norm': '9.112', 'learning_rate': '8.159e-08', 'epoch': '7.968'}
{'loss': '0.09978', 'grad_norm': '11.65', 'learning_rate': '6.619e-08', 'epoch': '7.974'}
{'loss': '0.05979', 'grad_norm': '0.1731', 'learning_rate': '5.08e-08', 'epoch': '7.98'}
{'loss': '0.02762', 'grad_norm': '6.03', 'learning_rate': '3.541e-08', 'epoch': '7.986'}
{'loss': '0.06895', 'grad_norm': '0.5483', 'learning_rate': '2.001e-08', 'epoch': '7.993'}
{'loss': '0.01954', 'grad_norm': '2.858', 'learning_rate': '4.618e-09', 'epoch': '7.999'}
{'eval_loss': '0.5714', 'eval_accuracy': '0.9093', 'eval_precision': '0.8984', 'eval_recall': '0.9463', 'eval_f1': '0.9217', 'eval_runtime': '12.18', 'eval_samples_per_second': '1119', 'eval_steps_per_second': '17.57', 'epoch': '8'}
{'train_runtime': '2139', 'train_samples_per_second': '194.3', 'train_steps_per_second': '6.074', 'train_loss': '0.1561', 'epoch': '8'}
Fold F1: 0.9294255263841955
Точность определения арабских заимств.: {'accuracy': 0.9356321839080459, 'precision': 0.6507936507936508, 'recall': 0.8723404255319149, 'f1': 0.7454545454545455}
Точность определения китайских заимств.: {'accuracy': 0.9422835633626098, 'precision': 0.30158730158730157, 'recall': 0.9047619047619048, 'f1': 0.4523809523809524}
Точность определения английских заимств.: {'accuracy': 0.9385214007782101, 'precision': 0.915057915057915, 'recall': 0.931237721021611, 'f1': 0.9230769230769231}
Точность определения французских заимств.: {'accuracy': 0.9524940617577197, 'precision': 0.9519650655021834, 'recall': 0.960352422907489, 'f1': 0.956140350877193}
Точность определения немецких заимств.: {'accuracy': 0.9475190839694656, 'precision': 0.8557377049180328, 'recall': 0.9595588235294118, 'f1': 0.9046793760831889}
Точность определения итальянских заимтсв.: {'accuracy': 0.938090241343127, 'precision': 0.7864077669902912, 'recall': 0.9152542372881356, 'f1': 0.8459530026109661}
Точность определения японских заимств.: {'accuracy': 0.9348314606741573, 'precision': 0.6944444444444444, 'recall': 0.8771929824561403, 'f1': 0.7751937984496124}
Точность определения польских заимств.: {'accuracy': 0.9302884615384616, 'precision': 0.4883720930232558, 'recall': 0.75, 'f1': 0.5915492957746479}
{'eval_loss': 0.2322586625814438, 'eval_accuracy': 0.9203403506198196, 'eval_precision': 0.9289425824889582, 'eval_recall': 0.9299089726918075, 'eval_f1': 0.9294255263841955, 'eval_runtime': 12.0263, 'eval_samples_per_second': 1133.602, 'eval_steps_per_second': 17.794, 'epoch': 8.0}

===== Fold 5 =====
{'loss': '0.6914', 'grad_norm': '43.09', 'learning_rate': '1.999e-05', 'epoch': '0.00605'}
{'loss': '0.694', 'grad_norm': '57.42', 'learning_rate': '1.997e-05', 'epoch': '0.0121'}
{'loss': '0.6869', 'grad_norm': '21.33', 'learning_rate': '1.996e-05', 'epoch': '0.01815'}
{'loss': '0.6922', 'grad_norm': '25.31', 'learning_rate': '1.994e-05', 'epoch': '0.0242'}
{'loss': '0.6845', 'grad_norm': '31.32', 'learning_rate': '1.993e-05', 'epoch': '0.03025'}
{'loss': '0.6849', 'grad_norm': '294.6', 'learning_rate': '1.991e-05', 'epoch': '0.0363'}
{'loss': '0.6864', 'grad_norm': '30.28', 'learning_rate': '1.99e-05', 'epoch': '0.04235'}
{'loss': '0.6972', 'grad_norm': '21.69', 'learning_rate': '1.988e-05', 'epoch': '0.0484'}
{'loss': '0.6897', 'grad_norm': '24.35', 'learning_rate': '1.987e-05', 'epoch': '0.05445'}
{'loss': '0.678', 'grad_norm': '41.85', 'learning_rate': '1.985e-05', 'epoch': '0.0605'}
{'loss': '0.692', 'grad_norm': '13.81', 'learning_rate': '1.984e-05', 'epoch': '0.06655'}
{'loss': '0.6819', 'grad_norm': '15.46', 'learning_rate': '1.982e-05', 'epoch': '0.0726'}
{'loss': '0.6876', 'grad_norm': '14.61', 'learning_rate': '1.98e-05', 'epoch': '0.07864'}
{'loss': '0.6701', 'grad_norm': '17.2', 'learning_rate': '1.979e-05', 'epoch': '0.08469'}
{'loss': '0.6726', 'grad_norm': '43.85', 'learning_rate': '1.977e-05', 'epoch': '0.09074'}
{'loss': '0.664', 'grad_norm': '34.82', 'learning_rate': '1.976e-05', 'epoch': '0.09679'}
{'loss': '0.6886', 'grad_norm': '138.3', 'learning_rate': '1.974e-05', 'epoch': '0.1028'}
{'loss': '0.6882', 'grad_norm': '29.18', 'learning_rate': '1.973e-05', 'epoch': '0.1089'}
{'loss': '0.6775', 'grad_norm': '54.2', 'learning_rate': '1.971e-05', 'epoch': '0.1149'}
{'loss': '0.662', 'grad_norm': '259.9', 'learning_rate': '1.97e-05', 'epoch': '0.121'}
{'loss': '0.6675', 'grad_norm': '80.15', 'learning_rate': '1.968e-05', 'epoch': '0.127'}
{'loss': '0.6777', 'grad_norm': '26.41', 'learning_rate': '1.967e-05', 'epoch': '0.1331'}
{'loss': '0.6714', 'grad_norm': '23.11', 'learning_rate': '1.965e-05', 'epoch': '0.1391'}
{'loss': '0.6793', 'grad_norm': '35.93', 'learning_rate': '1.964e-05', 'epoch': '0.1452'}
{'loss': '0.6593', 'grad_norm': '27.69', 'learning_rate': '1.962e-05', 'epoch': '0.1512'}
{'loss': '0.6561', 'grad_norm': '31.61', 'learning_rate': '1.961e-05', 'epoch': '0.1573'}
{'loss': '0.6697', 'grad_norm': '40.37', 'learning_rate': '1.959e-05', 'epoch': '0.1633'}
{'loss': '0.6505', 'grad_norm': '53.95', 'learning_rate': '1.958e-05', 'epoch': '0.1694'}
{'loss': '0.654', 'grad_norm': '30.42', 'learning_rate': '1.956e-05', 'epoch': '0.1754'}
{'loss': '0.6567', 'grad_norm': '28.18', 'learning_rate': '1.955e-05', 'epoch': '0.1815'}
{'loss': '0.6483', 'grad_norm': '68.61', 'learning_rate': '1.953e-05', 'epoch': '0.1875'}
{'loss': '0.6511', 'grad_norm': '43.37', 'learning_rate': '1.952e-05', 'epoch': '0.1936'}
{'loss': '0.6352', 'grad_norm': '32.92', 'learning_rate': '1.95e-05', 'epoch': '0.1996'}
{'loss': '0.656', 'grad_norm': '72.28', 'learning_rate': '1.949e-05', 'epoch': '0.2057'}
{'loss': '0.6251', 'grad_norm': '63.23', 'learning_rate': '1.947e-05', 'epoch': '0.2117'}
{'loss': '0.6239', 'grad_norm': '60.2', 'learning_rate': '1.946e-05', 'epoch': '0.2178'}
{'loss': '0.6273', 'grad_norm': '42.34', 'learning_rate': '1.944e-05', 'epoch': '0.2238'}
{'loss': '0.6334', 'grad_norm': '74.72', 'learning_rate': '1.943e-05', 'epoch': '0.2299'}
{'loss': '0.604', 'grad_norm': '31.24', 'learning_rate': '1.941e-05', 'epoch': '0.2359'}
{'loss': '0.6077', 'grad_norm': '201', 'learning_rate': '1.94e-05', 'epoch': '0.242'}
{'loss': '0.6363', 'grad_norm': '47.37', 'learning_rate': '1.938e-05', 'epoch': '0.248'}
{'loss': '0.6143', 'grad_norm': '48.08', 'learning_rate': '1.937e-05', 'epoch': '0.2541'}
{'loss': '0.6111', 'grad_norm': '519.3', 'learning_rate': '1.935e-05', 'epoch': '0.2601'}
{'loss': '0.6113', 'grad_norm': '42.21', 'learning_rate': '1.934e-05', 'epoch': '0.2662'}
{'loss': '0.5878', 'grad_norm': '153', 'learning_rate': '1.932e-05', 'epoch': '0.2722'}
{'loss': '0.625', 'grad_norm': '76.02', 'learning_rate': '1.931e-05', 'epoch': '0.2783'}
{'loss': '0.6206', 'grad_norm': '40.86', 'learning_rate': '1.929e-05', 'epoch': '0.2843'}
{'loss': '0.6096', 'grad_norm': '55.97', 'learning_rate': '1.928e-05', 'epoch': '0.2904'}
{'loss': '0.5798', 'grad_norm': '51.19', 'learning_rate': '1.926e-05', 'epoch': '0.2964'}
{'loss': '0.6228', 'grad_norm': '112.6', 'learning_rate': '1.925e-05', 'epoch': '0.3025'}
{'loss': '0.5987', 'grad_norm': '74.15', 'learning_rate': '1.923e-05', 'epoch': '0.3085'}
{'loss': '0.5798', 'grad_norm': '67.21', 'learning_rate': '1.922e-05', 'epoch': '0.3146'}
{'loss': '0.5894', 'grad_norm': '198.5', 'learning_rate': '1.92e-05', 'epoch': '0.3206'}
{'loss': '0.5932', 'grad_norm': '107.9', 'learning_rate': '1.918e-05', 'epoch': '0.3267'}
{'loss': '0.5646', 'grad_norm': '45.33', 'learning_rate': '1.917e-05', 'epoch': '0.3327'}
{'loss': '0.5584', 'grad_norm': '149.5', 'learning_rate': '1.915e-05', 'epoch': '0.3388'}
{'loss': '0.5849', 'grad_norm': '48.1', 'learning_rate': '1.914e-05', 'epoch': '0.3448'}
{'loss': '0.588', 'grad_norm': '134.3', 'learning_rate': '1.912e-05', 'epoch': '0.3509'}
{'loss': '0.572', 'grad_norm': '142.3', 'learning_rate': '1.911e-05', 'epoch': '0.3569'}
{'loss': '0.5556', 'grad_norm': '82.69', 'learning_rate': '1.909e-05', 'epoch': '0.363'}
{'loss': '0.5828', 'grad_norm': '75.34', 'learning_rate': '1.908e-05', 'epoch': '0.369'}
{'loss': '0.5233', 'grad_norm': '253.1', 'learning_rate': '1.906e-05', 'epoch': '0.3751'}
{'loss': '0.5648', 'grad_norm': '260.3', 'learning_rate': '1.905e-05', 'epoch': '0.3811'}
{'loss': '0.5287', 'grad_norm': '36.76', 'learning_rate': '1.903e-05', 'epoch': '0.3872'}
{'loss': '0.518', 'grad_norm': '52.1', 'learning_rate': '1.902e-05', 'epoch': '0.3932'}
{'loss': '0.519', 'grad_norm': '128.4', 'learning_rate': '1.9e-05', 'epoch': '0.3993'}
{'loss': '0.5394', 'grad_norm': '56.43', 'learning_rate': '1.899e-05', 'epoch': '0.4053'}
{'loss': '0.5207', 'grad_norm': '80.67', 'learning_rate': '1.897e-05', 'epoch': '0.4114'}
{'loss': '0.5506', 'grad_norm': '131.3', 'learning_rate': '1.896e-05', 'epoch': '0.4174'}
{'loss': '0.5227', 'grad_norm': '72.16', 'learning_rate': '1.894e-05', 'epoch': '0.4235'}
{'loss': '0.5301', 'grad_norm': '57.68', 'learning_rate': '1.893e-05', 'epoch': '0.4295'}
{'loss': '0.5322', 'grad_norm': '152.3', 'learning_rate': '1.891e-05', 'epoch': '0.4356'}
{'loss': '0.5462', 'grad_norm': '99.21', 'learning_rate': '1.89e-05', 'epoch': '0.4416'}
{'loss': '0.5249', 'grad_norm': '112.6', 'learning_rate': '1.888e-05', 'epoch': '0.4477'}
{'loss': '0.4807', 'grad_norm': '109.1', 'learning_rate': '1.887e-05', 'epoch': '0.4537'}
{'loss': '0.5191', 'grad_norm': '240.4', 'learning_rate': '1.885e-05', 'epoch': '0.4598'}
{'loss': '0.5677', 'grad_norm': '132.3', 'learning_rate': '1.884e-05', 'epoch': '0.4658'}
{'loss': '0.4758', 'grad_norm': '169.8', 'learning_rate': '1.882e-05', 'epoch': '0.4719'}
{'loss': '0.4918', 'grad_norm': '118.9', 'learning_rate': '1.881e-05', 'epoch': '0.4779'}
{'loss': '0.5018', 'grad_norm': '155.5', 'learning_rate': '1.879e-05', 'epoch': '0.484'}
{'loss': '0.5037', 'grad_norm': '80.85', 'learning_rate': '1.878e-05', 'epoch': '0.49'}
{'loss': '0.5012', 'grad_norm': '97', 'learning_rate': '1.876e-05', 'epoch': '0.4961'}
{'loss': '0.462', 'grad_norm': '129.1', 'learning_rate': '1.875e-05', 'epoch': '0.5021'}
{'loss': '0.4815', 'grad_norm': '93.83', 'learning_rate': '1.873e-05', 'epoch': '0.5082'}
{'loss': '0.4577', 'grad_norm': '129.1', 'learning_rate': '1.872e-05', 'epoch': '0.5142'}
{'loss': '0.5113', 'grad_norm': '149.3', 'learning_rate': '1.87e-05', 'epoch': '0.5203'}
{'loss': '0.5543', 'grad_norm': '55.17', 'learning_rate': '1.869e-05', 'epoch': '0.5263'}
{'loss': '0.4535', 'grad_norm': '72.68', 'learning_rate': '1.867e-05', 'epoch': '0.5324'}
{'loss': '0.4378', 'grad_norm': '80.67', 'learning_rate': '1.866e-05', 'epoch': '0.5384'}
{'loss': '0.4977', 'grad_norm': '92.52', 'learning_rate': '1.864e-05', 'epoch': '0.5445'}
{'loss': '0.5251', 'grad_norm': '105.3', 'learning_rate': '1.863e-05', 'epoch': '0.5505'}
{'loss': '0.4638', 'grad_norm': '77.17', 'learning_rate': '1.861e-05', 'epoch': '0.5566'}
{'loss': '0.4618', 'grad_norm': '50.07', 'learning_rate': '1.859e-05', 'epoch': '0.5626'}
{'loss': '0.4833', 'grad_norm': '47.15', 'learning_rate': '1.858e-05', 'epoch': '0.5687'}
{'loss': '0.4587', 'grad_norm': '146.3', 'learning_rate': '1.856e-05', 'epoch': '0.5747'}
{'loss': '0.4745', 'grad_norm': '121.1', 'learning_rate': '1.855e-05', 'epoch': '0.5808'}
{'loss': '0.4533', 'grad_norm': '142.2', 'learning_rate': '1.853e-05', 'epoch': '0.5868'}
{'loss': '0.4669', 'grad_norm': '93.76', 'learning_rate': '1.852e-05', 'epoch': '0.5929'}
{'loss': '0.4288', 'grad_norm': '57.31', 'learning_rate': '1.85e-05', 'epoch': '0.5989'}
{'loss': '0.4439', 'grad_norm': '296.1', 'learning_rate': '1.849e-05', 'epoch': '0.605'}
{'loss': '0.461', 'grad_norm': '95.79', 'learning_rate': '1.847e-05', 'epoch': '0.611'}
{'loss': '0.4556', 'grad_norm': '232.4', 'learning_rate': '1.846e-05', 'epoch': '0.6171'}
{'loss': '0.4394', 'grad_norm': '77.76', 'learning_rate': '1.844e-05', 'epoch': '0.6231'}
{'loss': '0.4673', 'grad_norm': '111.9', 'learning_rate': '1.843e-05', 'epoch': '0.6292'}
{'loss': '0.4295', 'grad_norm': '50.23', 'learning_rate': '1.841e-05', 'epoch': '0.6352'}
{'loss': '0.4492', 'grad_norm': '115.3', 'learning_rate': '1.84e-05', 'epoch': '0.6413'}
{'loss': '0.4535', 'grad_norm': '98.14', 'learning_rate': '1.838e-05', 'epoch': '0.6473'}
{'loss': '0.4208', 'grad_norm': '29.51', 'learning_rate': '1.837e-05', 'epoch': '0.6534'}
{'loss': '0.5094', 'grad_norm': '54.83', 'learning_rate': '1.835e-05', 'epoch': '0.6594'}
{'loss': '0.4151', 'grad_norm': '38.76', 'learning_rate': '1.834e-05', 'epoch': '0.6655'}
{'loss': '0.4712', 'grad_norm': '144.6', 'learning_rate': '1.832e-05', 'epoch': '0.6715'}
{'loss': '0.3808', 'grad_norm': '48.22', 'learning_rate': '1.831e-05', 'epoch': '0.6776'}
{'loss': '0.4368', 'grad_norm': '106.6', 'learning_rate': '1.829e-05', 'epoch': '0.6836'}
{'loss': '0.4703', 'grad_norm': '164.5', 'learning_rate': '1.828e-05', 'epoch': '0.6897'}
{'loss': '0.4411', 'grad_norm': '56.36', 'learning_rate': '1.826e-05', 'epoch': '0.6957'}
{'loss': '0.4507', 'grad_norm': '47.01', 'learning_rate': '1.825e-05', 'epoch': '0.7018'}
{'loss': '0.3851', 'grad_norm': '905.2', 'learning_rate': '1.823e-05', 'epoch': '0.7078'}
{'loss': '0.4294', 'grad_norm': '102.5', 'learning_rate': '1.822e-05', 'epoch': '0.7139'}
{'loss': '0.4795', 'grad_norm': '154.9', 'learning_rate': '1.82e-05', 'epoch': '0.7199'}
{'loss': '0.36', 'grad_norm': '266.8', 'learning_rate': '1.819e-05', 'epoch': '0.726'}
{'loss': '0.3765', 'grad_norm': '67.08', 'learning_rate': '1.817e-05', 'epoch': '0.732'}
{'loss': '0.3627', 'grad_norm': '85.04', 'learning_rate': '1.816e-05', 'epoch': '0.7381'}
{'loss': '0.4044', 'grad_norm': '101', 'learning_rate': '1.814e-05', 'epoch': '0.7441'}
{'loss': '0.3533', 'grad_norm': '69', 'learning_rate': '1.813e-05', 'epoch': '0.7502'}
{'loss': '0.3732', 'grad_norm': '109.4', 'learning_rate': '1.811e-05', 'epoch': '0.7562'}
{'loss': '0.3826', 'grad_norm': '99.51', 'learning_rate': '1.81e-05', 'epoch': '0.7623'}
{'loss': '0.352', 'grad_norm': '83.1', 'learning_rate': '1.808e-05', 'epoch': '0.7683'}
{'loss': '0.3804', 'grad_norm': '105.3', 'learning_rate': '1.807e-05', 'epoch': '0.7743'}
{'loss': '0.3633', 'grad_norm': '58.44', 'learning_rate': '1.805e-05', 'epoch': '0.7804'}
{'loss': '0.4548', 'grad_norm': '72.78', 'learning_rate': '1.804e-05', 'epoch': '0.7864'}
{'loss': '0.4312', 'grad_norm': '66.61', 'learning_rate': '1.802e-05', 'epoch': '0.7925'}
{'loss': '0.3785', 'grad_norm': '83.93', 'learning_rate': '1.801e-05', 'epoch': '0.7985'}
{'loss': '0.3694', 'grad_norm': '154.9', 'learning_rate': '1.799e-05', 'epoch': '0.8046'}
{'loss': '0.314', 'grad_norm': '36.28', 'learning_rate': '1.797e-05', 'epoch': '0.8106'}
{'loss': '0.4004', 'grad_norm': '85.37', 'learning_rate': '1.796e-05', 'epoch': '0.8167'}
{'loss': '0.3338', 'grad_norm': '63.74', 'learning_rate': '1.794e-05', 'epoch': '0.8227'}
{'loss': '0.334', 'grad_norm': '58.31', 'learning_rate': '1.793e-05', 'epoch': '0.8288'}
{'loss': '0.3382', 'grad_norm': '45.36', 'learning_rate': '1.791e-05', 'epoch': '0.8348'}
{'loss': '0.3684', 'grad_norm': '36.71', 'learning_rate': '1.79e-05', 'epoch': '0.8409'}
{'loss': '0.3705', 'grad_norm': '60.43', 'learning_rate': '1.788e-05', 'epoch': '0.8469'}
{'loss': '0.3083', 'grad_norm': '55.14', 'learning_rate': '1.787e-05', 'epoch': '0.853'}
{'loss': '0.3273', 'grad_norm': '44.16', 'learning_rate': '1.785e-05', 'epoch': '0.859'}
{'loss': '0.3725', 'grad_norm': '196', 'learning_rate': '1.784e-05', 'epoch': '0.8651'}
{'loss': '0.3784', 'grad_norm': '57.91', 'learning_rate': '1.782e-05', 'epoch': '0.8711'}
{'loss': '0.3335', 'grad_norm': '24.29', 'learning_rate': '1.781e-05', 'epoch': '0.8772'}
{'loss': '0.3273', 'grad_norm': '129.1', 'learning_rate': '1.779e-05', 'epoch': '0.8832'}
{'loss': '0.3652', 'grad_norm': '36.28', 'learning_rate': '1.778e-05', 'epoch': '0.8893'}
{'loss': '0.3013', 'grad_norm': '50.18', 'learning_rate': '1.776e-05', 'epoch': '0.8953'}
{'loss': '0.3447', 'grad_norm': '34.47', 'learning_rate': '1.775e-05', 'epoch': '0.9014'}
{'loss': '0.3408', 'grad_norm': '96.05', 'learning_rate': '1.773e-05', 'epoch': '0.9074'}
{'loss': '0.3528', 'grad_norm': '178.8', 'learning_rate': '1.772e-05', 'epoch': '0.9135'}
{'loss': '0.332', 'grad_norm': '32.17', 'learning_rate': '1.77e-05', 'epoch': '0.9195'}
{'loss': '0.3508', 'grad_norm': '75.5', 'learning_rate': '1.769e-05', 'epoch': '0.9256'}
{'loss': '0.342', 'grad_norm': '17.64', 'learning_rate': '1.767e-05', 'epoch': '0.9316'}
{'loss': '0.3037', 'grad_norm': '33.44', 'learning_rate': '1.766e-05', 'epoch': '0.9377'}
{'loss': '0.3536', 'grad_norm': '104.9', 'learning_rate': '1.764e-05', 'epoch': '0.9437'}
{'loss': '0.2899', 'grad_norm': '39.94', 'learning_rate': '1.763e-05', 'epoch': '0.9498'}
{'loss': '0.377', 'grad_norm': '60.7', 'learning_rate': '1.761e-05', 'epoch': '0.9558'}
{'loss': '0.2464', 'grad_norm': '44.13', 'learning_rate': '1.76e-05', 'epoch': '0.9619'}
{'loss': '0.3078', 'grad_norm': '30.25', 'learning_rate': '1.758e-05', 'epoch': '0.9679'}
{'loss': '0.3271', 'grad_norm': '101.9', 'learning_rate': '1.757e-05', 'epoch': '0.974'}
{'loss': '0.2975', 'grad_norm': '96.4', 'learning_rate': '1.755e-05', 'epoch': '0.98'}
{'loss': '0.2896', 'grad_norm': '28.35', 'learning_rate': '1.754e-05', 'epoch': '0.9861'}
{'loss': '0.3066', 'grad_norm': '43.21', 'learning_rate': '1.752e-05', 'epoch': '0.9921'}
{'loss': '0.3094', 'grad_norm': '94.9', 'learning_rate': '1.751e-05', 'epoch': '0.9982'}
{'eval_loss': '0.3656', 'eval_accuracy': '0.8599', 'eval_precision': '0.9114', 'eval_recall': '0.8376', 'eval_f1': '0.8729', 'eval_runtime': '11.76', 'eval_samples_per_second': '1081', 'eval_steps_per_second': '16.93', 'epoch': '1'}
{'loss': '0.2508', 'grad_norm': '49.29', 'learning_rate': '1.749e-05', 'epoch': '1.004'}
{'loss': '0.2217', 'grad_norm': '79.37', 'learning_rate': '1.748e-05', 'epoch': '1.01'}
{'loss': '0.2641', 'grad_norm': '18.48', 'learning_rate': '1.746e-05', 'epoch': '1.016'}
{'loss': '0.3272', 'grad_norm': '84.69', 'learning_rate': '1.745e-05', 'epoch': '1.022'}
{'loss': '0.2549', 'grad_norm': '48.79', 'learning_rate': '1.743e-05', 'epoch': '1.028'}
{'loss': '0.3016', 'grad_norm': '26.02', 'learning_rate': '1.742e-05', 'epoch': '1.034'}
{'loss': '0.2787', 'grad_norm': '136.1', 'learning_rate': '1.74e-05', 'epoch': '1.041'}
{'loss': '0.3387', 'grad_norm': '62.12', 'learning_rate': '1.739e-05', 'epoch': '1.047'}
{'loss': '0.3453', 'grad_norm': '28.74', 'learning_rate': '1.737e-05', 'epoch': '1.053'}
{'loss': '0.2374', 'grad_norm': '23.47', 'learning_rate': '1.735e-05', 'epoch': '1.059'}
{'loss': '0.2543', 'grad_norm': '64.53', 'learning_rate': '1.734e-05', 'epoch': '1.065'}
{'loss': '0.2567', 'grad_norm': '24.51', 'learning_rate': '1.732e-05', 'epoch': '1.071'}
{'loss': '0.3026', 'grad_norm': '82.87', 'learning_rate': '1.731e-05', 'epoch': '1.077'}
{'loss': '0.2506', 'grad_norm': '32.03', 'learning_rate': '1.729e-05', 'epoch': '1.083'}
{'loss': '0.3206', 'grad_norm': '74.58', 'learning_rate': '1.728e-05', 'epoch': '1.089'}
{'loss': '0.323', 'grad_norm': '52.21', 'learning_rate': '1.726e-05', 'epoch': '1.095'}
{'loss': '0.253', 'grad_norm': '22.36', 'learning_rate': '1.725e-05', 'epoch': '1.101'}
{'loss': '0.3009', 'grad_norm': '17.49', 'learning_rate': '1.723e-05', 'epoch': '1.107'}
{'loss': '0.2945', 'grad_norm': '35.35', 'learning_rate': '1.722e-05', 'epoch': '1.113'}
{'loss': '0.2204', 'grad_norm': '30.57', 'learning_rate': '1.72e-05', 'epoch': '1.119'}
{'loss': '0.2438', 'grad_norm': '49.56', 'learning_rate': '1.719e-05', 'epoch': '1.125'}
{'loss': '0.2189', 'grad_norm': '67.28', 'learning_rate': '1.717e-05', 'epoch': '1.131'}
{'loss': '0.2867', 'grad_norm': '36.65', 'learning_rate': '1.716e-05', 'epoch': '1.137'}
{'loss': '0.2107', 'grad_norm': '167.9', 'learning_rate': '1.714e-05', 'epoch': '1.143'}
{'loss': '0.2798', 'grad_norm': '36.69', 'learning_rate': '1.713e-05', 'epoch': '1.149'}
{'loss': '0.2355', 'grad_norm': '23.83', 'learning_rate': '1.711e-05', 'epoch': '1.155'}
{'loss': '0.2458', 'grad_norm': '35.32', 'learning_rate': '1.71e-05', 'epoch': '1.162'}
{'loss': '0.2344', 'grad_norm': '22.43', 'learning_rate': '1.708e-05', 'epoch': '1.168'}
{'loss': '0.3153', 'grad_norm': '66.47', 'learning_rate': '1.707e-05', 'epoch': '1.174'}
{'loss': '0.2244', 'grad_norm': '24.71', 'learning_rate': '1.705e-05', 'epoch': '1.18'}
{'loss': '0.2108', 'grad_norm': '6.631', 'learning_rate': '1.704e-05', 'epoch': '1.186'}
{'loss': '0.2124', 'grad_norm': '60.49', 'learning_rate': '1.702e-05', 'epoch': '1.192'}
{'loss': '0.2117', 'grad_norm': '56.4', 'learning_rate': '1.701e-05', 'epoch': '1.198'}
{'loss': '0.2023', 'grad_norm': '88.09', 'learning_rate': '1.699e-05', 'epoch': '1.204'}
{'loss': '0.2344', 'grad_norm': '50.14', 'learning_rate': '1.698e-05', 'epoch': '1.21'}
{'loss': '0.2589', 'grad_norm': '14.93', 'learning_rate': '1.696e-05', 'epoch': '1.216'}
{'loss': '0.2414', 'grad_norm': '46.31', 'learning_rate': '1.695e-05', 'epoch': '1.222'}
{'loss': '0.2542', 'grad_norm': '31.34', 'learning_rate': '1.693e-05', 'epoch': '1.228'}
{'loss': '0.197', 'grad_norm': '34.83', 'learning_rate': '1.692e-05', 'epoch': '1.234'}
{'loss': '0.2168', 'grad_norm': '68.04', 'learning_rate': '1.69e-05', 'epoch': '1.24'}
{'loss': '0.2499', 'grad_norm': '763.6', 'learning_rate': '1.689e-05', 'epoch': '1.246'}
{'loss': '0.2603', 'grad_norm': '53.52', 'learning_rate': '1.687e-05', 'epoch': '1.252'}
{'loss': '0.1322', 'grad_norm': '19.7', 'learning_rate': '1.686e-05', 'epoch': '1.258'}
{'loss': '0.1718', 'grad_norm': '21.2', 'learning_rate': '1.684e-05', 'epoch': '1.264'}
{'loss': '0.2116', 'grad_norm': '31.71', 'learning_rate': '1.683e-05', 'epoch': '1.27'}
{'loss': '0.2321', 'grad_norm': '48.8', 'learning_rate': '1.681e-05', 'epoch': '1.276'}
{'loss': '0.2557', 'grad_norm': '36.54', 'learning_rate': '1.68e-05', 'epoch': '1.283'}
{'loss': '0.208', 'grad_norm': '59.73', 'learning_rate': '1.678e-05', 'epoch': '1.289'}
{'loss': '0.2616', 'grad_norm': '20.24', 'learning_rate': '1.676e-05', 'epoch': '1.295'}
{'loss': '0.2649', 'grad_norm': '42.88', 'learning_rate': '1.675e-05', 'epoch': '1.301'}
{'loss': '0.2411', 'grad_norm': '21.55', 'learning_rate': '1.673e-05', 'epoch': '1.307'}
{'loss': '0.2107', 'grad_norm': '26.85', 'learning_rate': '1.672e-05', 'epoch': '1.313'}
{'loss': '0.2492', 'grad_norm': '21.82', 'learning_rate': '1.67e-05', 'epoch': '1.319'}
{'loss': '0.2272', 'grad_norm': '26.37', 'learning_rate': '1.669e-05', 'epoch': '1.325'}
{'loss': '0.1378', 'grad_norm': '140.8', 'learning_rate': '1.667e-05', 'epoch': '1.331'}
{'loss': '0.1764', 'grad_norm': '29.52', 'learning_rate': '1.666e-05', 'epoch': '1.337'}
{'loss': '0.2218', 'grad_norm': '69.45', 'learning_rate': '1.664e-05', 'epoch': '1.343'}
{'loss': '0.2254', 'grad_norm': '25.27', 'learning_rate': '1.663e-05', 'epoch': '1.349'}
{'loss': '0.2896', 'grad_norm': '16.21', 'learning_rate': '1.661e-05', 'epoch': '1.355'}
{'loss': '0.2482', 'grad_norm': '32.1', 'learning_rate': '1.66e-05', 'epoch': '1.361'}
{'loss': '0.1961', 'grad_norm': '17.42', 'learning_rate': '1.658e-05', 'epoch': '1.367'}
{'loss': '0.2126', 'grad_norm': '141.2', 'learning_rate': '1.657e-05', 'epoch': '1.373'}
{'loss': '0.2679', 'grad_norm': '15.7', 'learning_rate': '1.655e-05', 'epoch': '1.379'}
{'loss': '0.2098', 'grad_norm': '29', 'learning_rate': '1.654e-05', 'epoch': '1.385'}
{'loss': '0.2313', 'grad_norm': '18.24', 'learning_rate': '1.652e-05', 'epoch': '1.391'}
{'loss': '0.2261', 'grad_norm': '25.83', 'learning_rate': '1.651e-05', 'epoch': '1.397'}
{'loss': '0.2058', 'grad_norm': '23.21', 'learning_rate': '1.649e-05', 'epoch': '1.404'}
{'loss': '0.2104', 'grad_norm': '27.71', 'learning_rate': '1.648e-05', 'epoch': '1.41'}
{'loss': '0.1704', 'grad_norm': '20.13', 'learning_rate': '1.646e-05', 'epoch': '1.416'}
{'loss': '0.2479', 'grad_norm': '30.27', 'learning_rate': '1.645e-05', 'epoch': '1.422'}
{'loss': '0.2403', 'grad_norm': '60.01', 'learning_rate': '1.643e-05', 'epoch': '1.428'}
{'loss': '0.2243', 'grad_norm': '21.43', 'learning_rate': '1.642e-05', 'epoch': '1.434'}
{'loss': '0.2227', 'grad_norm': '48.64', 'learning_rate': '1.64e-05', 'epoch': '1.44'}
{'loss': '0.2505', 'grad_norm': '21.32', 'learning_rate': '1.639e-05', 'epoch': '1.446'}
{'loss': '0.1455', 'grad_norm': '22.95', 'learning_rate': '1.637e-05', 'epoch': '1.452'}
{'loss': '0.1912', 'grad_norm': '22.63', 'learning_rate': '1.636e-05', 'epoch': '1.458'}
{'loss': '0.2024', 'grad_norm': '18.88', 'learning_rate': '1.634e-05', 'epoch': '1.464'}
{'loss': '0.19', 'grad_norm': '22.14', 'learning_rate': '1.633e-05', 'epoch': '1.47'}
{'loss': '0.189', 'grad_norm': '37.2', 'learning_rate': '1.631e-05', 'epoch': '1.476'}
{'loss': '0.1721', 'grad_norm': '12.29', 'learning_rate': '1.63e-05', 'epoch': '1.482'}
{'loss': '0.1814', 'grad_norm': '14.29', 'learning_rate': '1.628e-05', 'epoch': '1.488'}
{'loss': '0.2203', 'grad_norm': '78.32', 'learning_rate': '1.627e-05', 'epoch': '1.494'}
{'loss': '0.1932', 'grad_norm': '12.31', 'learning_rate': '1.625e-05', 'epoch': '1.5'}
{'loss': '0.1944', 'grad_norm': '73.42', 'learning_rate': '1.624e-05', 'epoch': '1.506'}
{'loss': '0.1729', 'grad_norm': '13.73', 'learning_rate': '1.622e-05', 'epoch': '1.512'}
{'loss': '0.1704', 'grad_norm': '34.61', 'learning_rate': '1.621e-05', 'epoch': '1.518'}
{'loss': '0.2122', 'grad_norm': '13.05', 'learning_rate': '1.619e-05', 'epoch': '1.525'}
{'loss': '0.1653', 'grad_norm': '7.94', 'learning_rate': '1.618e-05', 'epoch': '1.531'}
{'loss': '0.1128', 'grad_norm': '30.15', 'learning_rate': '1.616e-05', 'epoch': '1.537'}
{'loss': '0.2042', 'grad_norm': '19.02', 'learning_rate': '1.614e-05', 'epoch': '1.543'}
{'loss': '0.2386', 'grad_norm': '19.4', 'learning_rate': '1.613e-05', 'epoch': '1.549'}
{'loss': '0.1561', 'grad_norm': '15.75', 'learning_rate': '1.611e-05', 'epoch': '1.555'}
{'loss': '0.1884', 'grad_norm': '17.16', 'learning_rate': '1.61e-05', 'epoch': '1.561'}
{'loss': '0.1423', 'grad_norm': '21.99', 'learning_rate': '1.608e-05', 'epoch': '1.567'}
{'loss': '0.1439', 'grad_norm': '109.8', 'learning_rate': '1.607e-05', 'epoch': '1.573'}
{'loss': '0.1323', 'grad_norm': '17.37', 'learning_rate': '1.605e-05', 'epoch': '1.579'}
{'loss': '0.241', 'grad_norm': '32.71', 'learning_rate': '1.604e-05', 'epoch': '1.585'}
{'loss': '0.2117', 'grad_norm': '23.95', 'learning_rate': '1.602e-05', 'epoch': '1.591'}
{'loss': '0.1481', 'grad_norm': '41.48', 'learning_rate': '1.601e-05', 'epoch': '1.597'}
{'loss': '0.1385', 'grad_norm': '10.6', 'learning_rate': '1.599e-05', 'epoch': '1.603'}
{'loss': '0.194', 'grad_norm': '20.8', 'learning_rate': '1.598e-05', 'epoch': '1.609'}
{'loss': '0.25', 'grad_norm': '18.71', 'learning_rate': '1.596e-05', 'epoch': '1.615'}
{'loss': '0.1666', 'grad_norm': '9.533', 'learning_rate': '1.595e-05', 'epoch': '1.621'}
{'loss': '0.1494', 'grad_norm': '10.93', 'learning_rate': '1.593e-05', 'epoch': '1.627'}
{'loss': '0.2124', 'grad_norm': '15.25', 'learning_rate': '1.592e-05', 'epoch': '1.633'}
{'loss': '0.1903', 'grad_norm': '12.3', 'learning_rate': '1.59e-05', 'epoch': '1.639'}
{'loss': '0.2011', 'grad_norm': '9.75', 'learning_rate': '1.589e-05', 'epoch': '1.645'}
{'loss': '0.105', 'grad_norm': '13.74', 'learning_rate': '1.587e-05', 'epoch': '1.652'}
{'loss': '0.1663', 'grad_norm': '18.11', 'learning_rate': '1.586e-05', 'epoch': '1.658'}
{'loss': '0.1399', 'grad_norm': '17.68', 'learning_rate': '1.584e-05', 'epoch': '1.664'}
{'loss': '0.1927', 'grad_norm': '9.422', 'learning_rate': '1.583e-05', 'epoch': '1.67'}
{'loss': '0.1692', 'grad_norm': '8.091', 'learning_rate': '1.581e-05', 'epoch': '1.676'}
{'loss': '0.2237', 'grad_norm': '11.02', 'learning_rate': '1.58e-05', 'epoch': '1.682'}
{'loss': '0.1947', 'grad_norm': '15.18', 'learning_rate': '1.578e-05', 'epoch': '1.688'}
{'loss': '0.207', 'grad_norm': '27.65', 'learning_rate': '1.577e-05', 'epoch': '1.694'}
{'loss': '0.1528', 'grad_norm': '8.215', 'learning_rate': '1.575e-05', 'epoch': '1.7'}
{'loss': '0.1808', 'grad_norm': '20.55', 'learning_rate': '1.574e-05', 'epoch': '1.706'}
{'loss': '0.1202', 'grad_norm': '9.259', 'learning_rate': '1.572e-05', 'epoch': '1.712'}
{'loss': '0.1633', 'grad_norm': '44.21', 'learning_rate': '1.571e-05', 'epoch': '1.718'}
{'loss': '0.1443', 'grad_norm': '19.31', 'learning_rate': '1.569e-05', 'epoch': '1.724'}
{'loss': '0.1548', 'grad_norm': '39.53', 'learning_rate': '1.568e-05', 'epoch': '1.73'}
{'loss': '0.1704', 'grad_norm': '10.38', 'learning_rate': '1.566e-05', 'epoch': '1.736'}
{'loss': '0.1357', 'grad_norm': '17.71', 'learning_rate': '1.565e-05', 'epoch': '1.742'}
{'loss': '0.2032', 'grad_norm': '7.527', 'learning_rate': '1.563e-05', 'epoch': '1.748'}
{'loss': '0.1074', 'grad_norm': '26.02', 'learning_rate': '1.562e-05', 'epoch': '1.754'}
{'loss': '0.2017', 'grad_norm': '11.1', 'learning_rate': '1.56e-05', 'epoch': '1.76'}
{'loss': '0.2037', 'grad_norm': '17.02', 'learning_rate': '1.559e-05', 'epoch': '1.766'}
{'loss': '0.1165', 'grad_norm': '18.06', 'learning_rate': '1.557e-05', 'epoch': '1.773'}
{'loss': '0.1331', 'grad_norm': '2.932', 'learning_rate': '1.556e-05', 'epoch': '1.779'}
{'loss': '0.153', 'grad_norm': '7.267', 'learning_rate': '1.554e-05', 'epoch': '1.785'}
{'loss': '0.2269', 'grad_norm': '10.62', 'learning_rate': '1.552e-05', 'epoch': '1.791'}
{'loss': '0.174', 'grad_norm': '14.91', 'learning_rate': '1.551e-05', 'epoch': '1.797'}
{'loss': '0.1468', 'grad_norm': '39.03', 'learning_rate': '1.549e-05', 'epoch': '1.803'}
{'loss': '0.1325', 'grad_norm': '14.3', 'learning_rate': '1.548e-05', 'epoch': '1.809'}
{'loss': '0.1583', 'grad_norm': '11.28', 'learning_rate': '1.546e-05', 'epoch': '1.815'}
{'loss': '0.1909', 'grad_norm': '10.13', 'learning_rate': '1.545e-05', 'epoch': '1.821'}
{'loss': '0.1724', 'grad_norm': '10.06', 'learning_rate': '1.543e-05', 'epoch': '1.827'}
{'loss': '0.1763', 'grad_norm': '14.72', 'learning_rate': '1.542e-05', 'epoch': '1.833'}
{'loss': '0.1263', 'grad_norm': '25.58', 'learning_rate': '1.54e-05', 'epoch': '1.839'}
{'loss': '0.1512', 'grad_norm': '7.081', 'learning_rate': '1.539e-05', 'epoch': '1.845'}
{'loss': '0.1341', 'grad_norm': '15.19', 'learning_rate': '1.537e-05', 'epoch': '1.851'}
{'loss': '0.137', 'grad_norm': '18.53', 'learning_rate': '1.536e-05', 'epoch': '1.857'}
{'loss': '0.0845', 'grad_norm': '3.416', 'learning_rate': '1.534e-05', 'epoch': '1.863'}
{'loss': '0.1919', 'grad_norm': '19.34', 'learning_rate': '1.533e-05', 'epoch': '1.869'}
{'loss': '0.1447', 'grad_norm': '12.9', 'learning_rate': '1.531e-05', 'epoch': '1.875'}
{'loss': '0.1634', 'grad_norm': '4.157', 'learning_rate': '1.53e-05', 'epoch': '1.881'}
{'loss': '0.1396', 'grad_norm': '3.647', 'learning_rate': '1.528e-05', 'epoch': '1.887'}
{'loss': '0.1313', 'grad_norm': '9.207', 'learning_rate': '1.527e-05', 'epoch': '1.894'}
{'loss': '0.1187', 'grad_norm': '35.01', 'learning_rate': '1.525e-05', 'epoch': '1.9'}
{'loss': '0.1999', 'grad_norm': '21.44', 'learning_rate': '1.524e-05', 'epoch': '1.906'}
{'loss': '0.1905', 'grad_norm': '9.033', 'learning_rate': '1.522e-05', 'epoch': '1.912'}
{'loss': '0.1091', 'grad_norm': '7.862', 'learning_rate': '1.521e-05', 'epoch': '1.918'}
{'loss': '0.1041', 'grad_norm': '4.771', 'learning_rate': '1.519e-05', 'epoch': '1.924'}
{'loss': '0.1185', 'grad_norm': '12.2', 'learning_rate': '1.518e-05', 'epoch': '1.93'}
{'loss': '0.1787', 'grad_norm': '19.28', 'learning_rate': '1.516e-05', 'epoch': '1.936'}
{'loss': '0.1085', 'grad_norm': '9.667', 'learning_rate': '1.515e-05', 'epoch': '1.942'}
{'loss': '0.1169', 'grad_norm': '6.879', 'learning_rate': '1.513e-05', 'epoch': '1.948'}
{'loss': '0.1457', 'grad_norm': '5.452', 'learning_rate': '1.512e-05', 'epoch': '1.954'}
{'loss': '0.1486', 'grad_norm': '2.933', 'learning_rate': '1.51e-05', 'epoch': '1.96'}
{'loss': '0.1612', 'grad_norm': '14.24', 'learning_rate': '1.509e-05', 'epoch': '1.966'}
{'loss': '0.1374', 'grad_norm': '17.37', 'learning_rate': '1.507e-05', 'epoch': '1.972'}
{'loss': '0.2073', 'grad_norm': '22.81', 'learning_rate': '1.506e-05', 'epoch': '1.978'}
{'loss': '0.1396', 'grad_norm': '55.51', 'learning_rate': '1.504e-05', 'epoch': '1.984'}
{'loss': '0.1172', 'grad_norm': '10.84', 'learning_rate': '1.503e-05', 'epoch': '1.99'}
{'loss': '0.2085', 'grad_norm': '25.09', 'learning_rate': '1.501e-05', 'epoch': '1.996'}
{'eval_loss': '0.3629', 'eval_accuracy': '0.8881', 'eval_precision': '0.9203', 'eval_recall': '0.8817', 'eval_f1': '0.9006', 'eval_runtime': '11.34', 'eval_samples_per_second': '1121', 'eval_steps_per_second': '17.55', 'epoch': '2'}
{'loss': '0.1219', 'grad_norm': '10.73', 'learning_rate': '1.5e-05', 'epoch': '2.002'}
{'loss': '0.1723', 'grad_norm': '37.67', 'learning_rate': '1.498e-05', 'epoch': '2.008'}
{'loss': '0.09382', 'grad_norm': '16.85', 'learning_rate': '1.497e-05', 'epoch': '2.015'}
{'loss': '0.109', 'grad_norm': '135.5', 'learning_rate': '1.495e-05', 'epoch': '2.021'}
{'loss': '0.0919', 'grad_norm': '7.34', 'learning_rate': '1.493e-05', 'epoch': '2.027'}
{'loss': '0.1278', 'grad_norm': '8.757', 'learning_rate': '1.492e-05', 'epoch': '2.033'}
{'loss': '0.09212', 'grad_norm': '9.055', 'learning_rate': '1.49e-05', 'epoch': '2.039'}
{'loss': '0.08645', 'grad_norm': '1.228', 'learning_rate': '1.489e-05', 'epoch': '2.045'}
{'loss': '0.1693', 'grad_norm': '21', 'learning_rate': '1.487e-05', 'epoch': '2.051'}
{'loss': '0.1463', 'grad_norm': '31.7', 'learning_rate': '1.486e-05', 'epoch': '2.057'}
{'loss': '0.1592', 'grad_norm': '16.2', 'learning_rate': '1.484e-05', 'epoch': '2.063'}
{'loss': '0.1547', 'grad_norm': '32.09', 'learning_rate': '1.483e-05', 'epoch': '2.069'}
{'loss': '0.1188', 'grad_norm': '14.86', 'learning_rate': '1.481e-05', 'epoch': '2.075'}
{'loss': '0.1066', 'grad_norm': '17.95', 'learning_rate': '1.48e-05', 'epoch': '2.081'}
{'loss': '0.133', 'grad_norm': '18.13', 'learning_rate': '1.478e-05', 'epoch': '2.087'}
{'loss': '0.1069', 'grad_norm': '16.83', 'learning_rate': '1.477e-05', 'epoch': '2.093'}
{'loss': '0.1329', 'grad_norm': '6.443', 'learning_rate': '1.475e-05', 'epoch': '2.099'}
{'loss': '0.05423', 'grad_norm': '4.936', 'learning_rate': '1.474e-05', 'epoch': '2.105'}
{'loss': '0.1045', 'grad_norm': '5.217', 'learning_rate': '1.472e-05', 'epoch': '2.111'}
{'loss': '0.1195', 'grad_norm': '13.92', 'learning_rate': '1.471e-05', 'epoch': '2.117'}
{'loss': '0.1774', 'grad_norm': '15.35', 'learning_rate': '1.469e-05', 'epoch': '2.123'}
{'loss': '0.135', 'grad_norm': '23.09', 'learning_rate': '1.468e-05', 'epoch': '2.129'}
{'loss': '0.1817', 'grad_norm': '39.34', 'learning_rate': '1.466e-05', 'epoch': '2.136'}
{'loss': '0.1593', 'grad_norm': '13.56', 'learning_rate': '1.465e-05', 'epoch': '2.142'}
{'loss': '0.1049', 'grad_norm': '48.39', 'learning_rate': '1.463e-05', 'epoch': '2.148'}
{'loss': '0.1046', 'grad_norm': '14.79', 'learning_rate': '1.462e-05', 'epoch': '2.154'}
{'loss': '0.1102', 'grad_norm': '9.56', 'learning_rate': '1.46e-05', 'epoch': '2.16'}
{'loss': '0.1056', 'grad_norm': '1.995', 'learning_rate': '1.459e-05', 'epoch': '2.166'}
{'loss': '0.135', 'grad_norm': '41.11', 'learning_rate': '1.457e-05', 'epoch': '2.172'}
{'loss': '0.1537', 'grad_norm': '24.09', 'learning_rate': '1.456e-05', 'epoch': '2.178'}
{'loss': '0.1407', 'grad_norm': '17.28', 'learning_rate': '1.454e-05', 'epoch': '2.184'}
{'loss': '0.09197', 'grad_norm': '4.753', 'learning_rate': '1.453e-05', 'epoch': '2.19'}
{'loss': '0.1576', 'grad_norm': '15.42', 'learning_rate': '1.451e-05', 'epoch': '2.196'}
{'loss': '0.1179', 'grad_norm': '15.72', 'learning_rate': '1.45e-05', 'epoch': '2.202'}
{'loss': '0.1685', 'grad_norm': '144.9', 'learning_rate': '1.448e-05', 'epoch': '2.208'}
{'loss': '0.1356', 'grad_norm': '7.122', 'learning_rate': '1.447e-05', 'epoch': '2.214'}
{'loss': '0.1339', 'grad_norm': '9.444', 'learning_rate': '1.445e-05', 'epoch': '2.22'}
{'loss': '0.1542', 'grad_norm': '15.86', 'learning_rate': '1.444e-05', 'epoch': '2.226'}
{'loss': '0.09692', 'grad_norm': '3.043', 'learning_rate': '1.442e-05', 'epoch': '2.232'}
{'loss': '0.1356', 'grad_norm': '4.189', 'learning_rate': '1.441e-05', 'epoch': '2.238'}
{'loss': '0.1277', 'grad_norm': '11.64', 'learning_rate': '1.439e-05', 'epoch': '2.244'}
{'loss': '0.07148', 'grad_norm': '2.744', 'learning_rate': '1.438e-05', 'epoch': '2.25'}
{'loss': '0.1426', 'grad_norm': '18.18', 'learning_rate': '1.436e-05', 'epoch': '2.257'}
{'loss': '0.1234', 'grad_norm': '1.021', 'learning_rate': '1.435e-05', 'epoch': '2.263'}
{'loss': '0.1249', 'grad_norm': '12.89', 'learning_rate': '1.433e-05', 'epoch': '2.269'}
{'loss': '0.09165', 'grad_norm': '11.3', 'learning_rate': '1.431e-05', 'epoch': '2.275'}
{'loss': '0.1189', 'grad_norm': '22.43', 'learning_rate': '1.43e-05', 'epoch': '2.281'}
{'loss': '0.09268', 'grad_norm': '13.69', 'learning_rate': '1.428e-05', 'epoch': '2.287'}
{'loss': '0.1079', 'grad_norm': '19.67', 'learning_rate': '1.427e-05', 'epoch': '2.293'}
{'loss': '0.1339', 'grad_norm': '6.048', 'learning_rate': '1.425e-05', 'epoch': '2.299'}
{'loss': '0.115', 'grad_norm': '1.922', 'learning_rate': '1.424e-05', 'epoch': '2.305'}
{'loss': '0.1366', 'grad_norm': '12.69', 'learning_rate': '1.422e-05', 'epoch': '2.311'}
{'loss': '0.1179', 'grad_norm': '25.49', 'learning_rate': '1.421e-05', 'epoch': '2.317'}
{'loss': '0.07664', 'grad_norm': '12.98', 'learning_rate': '1.419e-05', 'epoch': '2.323'}
{'loss': '0.1447', 'grad_norm': '10.66', 'learning_rate': '1.418e-05', 'epoch': '2.329'}
{'loss': '0.08342', 'grad_norm': '116.8', 'learning_rate': '1.416e-05', 'epoch': '2.335'}
{'loss': '0.1008', 'grad_norm': '23.75', 'learning_rate': '1.415e-05', 'epoch': '2.341'}
{'loss': '0.1337', 'grad_norm': '5.483', 'learning_rate': '1.413e-05', 'epoch': '2.347'}
{'loss': '0.1183', 'grad_norm': '9.392', 'learning_rate': '1.412e-05', 'epoch': '2.353'}
{'loss': '0.08882', 'grad_norm': '3.549', 'learning_rate': '1.41e-05', 'epoch': '2.359'}
{'loss': '0.103', 'grad_norm': '13.97', 'learning_rate': '1.409e-05', 'epoch': '2.365'}
{'loss': '0.09323', 'grad_norm': '6.872', 'learning_rate': '1.407e-05', 'epoch': '2.371'}
{'loss': '0.09215', 'grad_norm': '11.33', 'learning_rate': '1.406e-05', 'epoch': '2.377'}
{'loss': '0.1352', 'grad_norm': '0.7016', 'learning_rate': '1.404e-05', 'epoch': '2.384'}
{'loss': '0.1191', 'grad_norm': '9.062', 'learning_rate': '1.403e-05', 'epoch': '2.39'}
{'loss': '0.1103', 'grad_norm': '19.91', 'learning_rate': '1.401e-05', 'epoch': '2.396'}
{'loss': '0.1141', 'grad_norm': '44.38', 'learning_rate': '1.4e-05', 'epoch': '2.402'}
{'loss': '0.1023', 'grad_norm': '12.42', 'learning_rate': '1.398e-05', 'epoch': '2.408'}
{'loss': '0.1311', 'grad_norm': '11.07', 'learning_rate': '1.397e-05', 'epoch': '2.414'}
{'loss': '0.1162', 'grad_norm': '25.77', 'learning_rate': '1.395e-05', 'epoch': '2.42'}
{'loss': '0.1035', 'grad_norm': '3.946', 'learning_rate': '1.394e-05', 'epoch': '2.426'}
{'loss': '0.1357', 'grad_norm': '18.14', 'learning_rate': '1.392e-05', 'epoch': '2.432'}
{'loss': '0.15', 'grad_norm': '8.791', 'learning_rate': '1.391e-05', 'epoch': '2.438'}
{'loss': '0.1492', 'grad_norm': '16.48', 'learning_rate': '1.389e-05', 'epoch': '2.444'}
{'loss': '0.09547', 'grad_norm': '5.042', 'learning_rate': '1.388e-05', 'epoch': '2.45'}
{'loss': '0.1305', 'grad_norm': '22.89', 'learning_rate': '1.386e-05', 'epoch': '2.456'}
{'loss': '0.1293', 'grad_norm': '6.289', 'learning_rate': '1.385e-05', 'epoch': '2.462'}
{'loss': '0.1283', 'grad_norm': '20.02', 'learning_rate': '1.383e-05', 'epoch': '2.468'}
{'loss': '0.09173', 'grad_norm': '6.895', 'learning_rate': '1.382e-05', 'epoch': '2.474'}
{'loss': '0.09727', 'grad_norm': '9.747', 'learning_rate': '1.38e-05', 'epoch': '2.48'}
{'loss': '0.1186', 'grad_norm': '24.7', 'learning_rate': '1.379e-05', 'epoch': '2.486'}
{'loss': '0.07258', 'grad_norm': '8.592', 'learning_rate': '1.377e-05', 'epoch': '2.492'}
{'loss': '0.1194', 'grad_norm': '3.082', 'learning_rate': '1.376e-05', 'epoch': '2.498'}
{'loss': '0.175', 'grad_norm': '7.167', 'learning_rate': '1.374e-05', 'epoch': '2.505'}
{'loss': '0.08802', 'grad_norm': '7.657', 'learning_rate': '1.373e-05', 'epoch': '2.511'}
{'loss': '0.133', 'grad_norm': '19.83', 'learning_rate': '1.371e-05', 'epoch': '2.517'}
{'loss': '0.1008', 'grad_norm': '1.641', 'learning_rate': '1.369e-05', 'epoch': '2.523'}
{'loss': '0.08535', 'grad_norm': '2.502', 'learning_rate': '1.368e-05', 'epoch': '2.529'}
{'loss': '0.1576', 'grad_norm': '2.819', 'learning_rate': '1.366e-05', 'epoch': '2.535'}
{'loss': '0.1459', 'grad_norm': '5.254', 'learning_rate': '1.365e-05', 'epoch': '2.541'}
{'loss': '0.09926', 'grad_norm': '9.323', 'learning_rate': '1.363e-05', 'epoch': '2.547'}
{'loss': '0.1014', 'grad_norm': '7.462', 'learning_rate': '1.362e-05', 'epoch': '2.553'}
{'loss': '0.09726', 'grad_norm': '26.1', 'learning_rate': '1.36e-05', 'epoch': '2.559'}
{'loss': '0.1353', 'grad_norm': '9.077', 'learning_rate': '1.359e-05', 'epoch': '2.565'}
{'loss': '0.1296', 'grad_norm': '16.65', 'learning_rate': '1.357e-05', 'epoch': '2.571'}
{'loss': '0.1167', 'grad_norm': '20.45', 'learning_rate': '1.356e-05', 'epoch': '2.577'}
{'loss': '0.1448', 'grad_norm': '14.75', 'learning_rate': '1.354e-05', 'epoch': '2.583'}
{'loss': '0.07342', 'grad_norm': '22.95', 'learning_rate': '1.353e-05', 'epoch': '2.589'}
{'loss': '0.067', 'grad_norm': '7.011', 'learning_rate': '1.351e-05', 'epoch': '2.595'}
{'loss': '0.07994', 'grad_norm': '8.918', 'learning_rate': '1.35e-05', 'epoch': '2.601'}
{'loss': '0.05984', 'grad_norm': '9.192', 'learning_rate': '1.348e-05', 'epoch': '2.607'}
{'loss': '0.1339', 'grad_norm': '86.02', 'learning_rate': '1.347e-05', 'epoch': '2.613'}
{'loss': '0.1158', 'grad_norm': '16.92', 'learning_rate': '1.345e-05', 'epoch': '2.619'}
{'loss': '0.08362', 'grad_norm': '7.725', 'learning_rate': '1.344e-05', 'epoch': '2.626'}
{'loss': '0.06049', 'grad_norm': '16.29', 'learning_rate': '1.342e-05', 'epoch': '2.632'}
{'loss': '0.1487', 'grad_norm': '12.35', 'learning_rate': '1.341e-05', 'epoch': '2.638'}
{'loss': '0.1098', 'grad_norm': '6.088', 'learning_rate': '1.339e-05', 'epoch': '2.644'}
{'loss': '0.1154', 'grad_norm': '1.922', 'learning_rate': '1.338e-05', 'epoch': '2.65'}
{'loss': '0.1314', 'grad_norm': '19.29', 'learning_rate': '1.336e-05', 'epoch': '2.656'}
{'loss': '0.1071', 'grad_norm': '47.33', 'learning_rate': '1.335e-05', 'epoch': '2.662'}
{'loss': '0.08374', 'grad_norm': '31.73', 'learning_rate': '1.333e-05', 'epoch': '2.668'}
{'loss': '0.1157', 'grad_norm': '31.71', 'learning_rate': '1.332e-05', 'epoch': '2.674'}
{'loss': '0.09886', 'grad_norm': '4.616', 'learning_rate': '1.33e-05', 'epoch': '2.68'}
{'loss': '0.1494', 'grad_norm': '297.4', 'learning_rate': '1.329e-05', 'epoch': '2.686'}
{'loss': '0.1313', 'grad_norm': '48.61', 'learning_rate': '1.327e-05', 'epoch': '2.692'}
{'loss': '0.04963', 'grad_norm': '5.005', 'learning_rate': '1.326e-05', 'epoch': '2.698'}
{'loss': '0.1047', 'grad_norm': '17.3', 'learning_rate': '1.324e-05', 'epoch': '2.704'}
{'loss': '0.1624', 'grad_norm': '21.94', 'learning_rate': '1.323e-05', 'epoch': '2.71'}
{'loss': '0.1442', 'grad_norm': '10.04', 'learning_rate': '1.321e-05', 'epoch': '2.716'}
{'loss': '0.05554', 'grad_norm': '5.075', 'learning_rate': '1.32e-05', 'epoch': '2.722'}
{'loss': '0.1004', 'grad_norm': '13.45', 'learning_rate': '1.318e-05', 'epoch': '2.728'}
{'loss': '0.08667', 'grad_norm': '1.144', 'learning_rate': '1.317e-05', 'epoch': '2.734'}
{'loss': '0.08816', 'grad_norm': '2.548', 'learning_rate': '1.315e-05', 'epoch': '2.74'}
{'loss': '0.06419', 'grad_norm': '8.982', 'learning_rate': '1.314e-05', 'epoch': '2.747'}
{'loss': '0.0954', 'grad_norm': '9.936', 'learning_rate': '1.312e-05', 'epoch': '2.753'}
{'loss': '0.09316', 'grad_norm': '34.04', 'learning_rate': '1.31e-05', 'epoch': '2.759'}
{'loss': '0.1324', 'grad_norm': '39.87', 'learning_rate': '1.309e-05', 'epoch': '2.765'}
{'loss': '0.1222', 'grad_norm': '4.023', 'learning_rate': '1.307e-05', 'epoch': '2.771'}
{'loss': '0.1241', 'grad_norm': '6.32', 'learning_rate': '1.306e-05', 'epoch': '2.777'}
{'loss': '0.0978', 'grad_norm': '0.859', 'learning_rate': '1.304e-05', 'epoch': '2.783'}
{'loss': '0.06957', 'grad_norm': '20.02', 'learning_rate': '1.303e-05', 'epoch': '2.789'}
{'loss': '0.08601', 'grad_norm': '20.22', 'learning_rate': '1.301e-05', 'epoch': '2.795'}
{'loss': '0.07883', 'grad_norm': '0.9648', 'learning_rate': '1.3e-05', 'epoch': '2.801'}
{'loss': '0.08119', 'grad_norm': '10.17', 'learning_rate': '1.298e-05', 'epoch': '2.807'}
{'loss': '0.07199', 'grad_norm': '10.92', 'learning_rate': '1.297e-05', 'epoch': '2.813'}
{'loss': '0.09874', 'grad_norm': '5.945', 'learning_rate': '1.295e-05', 'epoch': '2.819'}
{'loss': '0.1411', 'grad_norm': '30.58', 'learning_rate': '1.294e-05', 'epoch': '2.825'}
{'loss': '0.08141', 'grad_norm': '6.571', 'learning_rate': '1.292e-05', 'epoch': '2.831'}
{'loss': '0.06685', 'grad_norm': '8.891', 'learning_rate': '1.291e-05', 'epoch': '2.837'}
{'loss': '0.09841', 'grad_norm': '51.22', 'learning_rate': '1.289e-05', 'epoch': '2.843'}
{'loss': '0.08696', 'grad_norm': '17.86', 'learning_rate': '1.288e-05', 'epoch': '2.849'}
{'loss': '0.1204', 'grad_norm': '3.692', 'learning_rate': '1.286e-05', 'epoch': '2.855'}
{'loss': '0.1539', 'grad_norm': '9.189', 'learning_rate': '1.285e-05', 'epoch': '2.861'}
{'loss': '0.1462', 'grad_norm': '34.79', 'learning_rate': '1.283e-05', 'epoch': '2.868'}
{'loss': '0.1232', 'grad_norm': '34.03', 'learning_rate': '1.282e-05', 'epoch': '2.874'}
{'loss': '0.0658', 'grad_norm': '13.43', 'learning_rate': '1.28e-05', 'epoch': '2.88'}
{'loss': '0.1528', 'grad_norm': '1.381', 'learning_rate': '1.279e-05', 'epoch': '2.886'}
{'loss': '0.09221', 'grad_norm': '3.571', 'learning_rate': '1.277e-05', 'epoch': '2.892'}
{'loss': '0.105', 'grad_norm': '25.51', 'learning_rate': '1.276e-05', 'epoch': '2.898'}
{'loss': '0.08713', 'grad_norm': '55.15', 'learning_rate': '1.274e-05', 'epoch': '2.904'}
{'loss': '0.05893', 'grad_norm': '3.171', 'learning_rate': '1.273e-05', 'epoch': '2.91'}
{'loss': '0.07314', 'grad_norm': '9.299', 'learning_rate': '1.271e-05', 'epoch': '2.916'}
{'loss': '0.07391', 'grad_norm': '3.839', 'learning_rate': '1.27e-05', 'epoch': '2.922'}
{'loss': '0.07001', 'grad_norm': '9.373', 'learning_rate': '1.268e-05', 'epoch': '2.928'}
{'loss': '0.05759', 'grad_norm': '1.613', 'learning_rate': '1.267e-05', 'epoch': '2.934'}
{'loss': '0.05634', 'grad_norm': '23.57', 'learning_rate': '1.265e-05', 'epoch': '2.94'}
{'loss': '0.05528', 'grad_norm': '3.155', 'learning_rate': '1.264e-05', 'epoch': '2.946'}
{'loss': '0.09578', 'grad_norm': '25.54', 'learning_rate': '1.262e-05', 'epoch': '2.952'}
{'loss': '0.06116', 'grad_norm': '10.76', 'learning_rate': '1.261e-05', 'epoch': '2.958'}
{'loss': '0.07981', 'grad_norm': '24.19', 'learning_rate': '1.259e-05', 'epoch': '2.964'}
{'loss': '0.1127', 'grad_norm': '23.38', 'learning_rate': '1.258e-05', 'epoch': '2.97'}
{'loss': '0.09528', 'grad_norm': '10.23', 'learning_rate': '1.256e-05', 'epoch': '2.976'}
{'loss': '0.03411', 'grad_norm': '9.823', 'learning_rate': '1.255e-05', 'epoch': '2.982'}
{'loss': '0.1129', 'grad_norm': '5.512', 'learning_rate': '1.253e-05', 'epoch': '2.989'}
{'loss': '0.08224', 'grad_norm': '6.359', 'learning_rate': '1.252e-05', 'epoch': '2.995'}
{'eval_loss': '0.4682', 'eval_accuracy': '0.9065', 'eval_precision': '0.9307', 'eval_recall': '0.9047', 'eval_f1': '0.9175', 'eval_runtime': '11.41', 'eval_samples_per_second': '1114', 'eval_steps_per_second': '17.43', 'epoch': '3'}
{'loss': '0.1219', 'grad_norm': '24.84', 'learning_rate': '1.25e-05', 'epoch': '3.001'}
{'loss': '0.1018', 'grad_norm': '12.6', 'learning_rate': '1.248e-05', 'epoch': '3.007'}
{'loss': '0.04598', 'grad_norm': '6.234', 'learning_rate': '1.247e-05', 'epoch': '3.013'}
{'loss': '0.07697', 'grad_norm': '6.804', 'learning_rate': '1.245e-05', 'epoch': '3.019'}
{'loss': '0.1403', 'grad_norm': '12.5', 'learning_rate': '1.244e-05', 'epoch': '3.025'}
{'loss': '0.1449', 'grad_norm': '12.45', 'learning_rate': '1.242e-05', 'epoch': '3.031'}
{'loss': '0.07313', 'grad_norm': '0.4368', 'learning_rate': '1.241e-05', 'epoch': '3.037'}
{'loss': '0.05355', 'grad_norm': '4.667', 'learning_rate': '1.239e-05', 'epoch': '3.043'}
{'loss': '0.07328', 'grad_norm': '9.824', 'learning_rate': '1.238e-05', 'epoch': '3.049'}
{'loss': '0.1678', 'grad_norm': '4.587', 'learning_rate': '1.236e-05', 'epoch': '3.055'}
{'loss': '0.06371', 'grad_norm': '25.12', 'learning_rate': '1.235e-05', 'epoch': '3.061'}
{'loss': '0.1163', 'grad_norm': '2.707', 'learning_rate': '1.233e-05', 'epoch': '3.067'}
{'loss': '0.09301', 'grad_norm': '8.525', 'learning_rate': '1.232e-05', 'epoch': '3.073'}
{'loss': '0.05396', 'grad_norm': '96.01', 'learning_rate': '1.23e-05', 'epoch': '3.079'}
{'loss': '0.1156', 'grad_norm': '17.19', 'learning_rate': '1.229e-05', 'epoch': '3.085'}
{'loss': '0.1011', 'grad_norm': '51.88', 'learning_rate': '1.227e-05', 'epoch': '3.091'}
{'loss': '0.07235', 'grad_norm': '5.258', 'learning_rate': '1.226e-05', 'epoch': '3.097'}
{'loss': '0.09127', 'grad_norm': '3.362', 'learning_rate': '1.224e-05', 'epoch': '3.103'}
{'loss': '0.133', 'grad_norm': '59.09', 'learning_rate': '1.223e-05', 'epoch': '3.109'}
{'loss': '0.06934', 'grad_norm': '3.829', 'learning_rate': '1.221e-05', 'epoch': '3.116'}
{'loss': '0.1386', 'grad_norm': '10.48', 'learning_rate': '1.22e-05', 'epoch': '3.122'}
{'loss': '0.1097', 'grad_norm': '14.98', 'learning_rate': '1.218e-05', 'epoch': '3.128'}
{'loss': '0.09955', 'grad_norm': '15.55', 'learning_rate': '1.217e-05', 'epoch': '3.134'}
{'loss': '0.1142', 'grad_norm': '0.2629', 'learning_rate': '1.215e-05', 'epoch': '3.14'}
{'loss': '0.1231', 'grad_norm': '43.72', 'learning_rate': '1.214e-05', 'epoch': '3.146'}
{'loss': '0.07883', 'grad_norm': '44.48', 'learning_rate': '1.212e-05', 'epoch': '3.152'}
{'loss': '0.08169', 'grad_norm': '22.06', 'learning_rate': '1.211e-05', 'epoch': '3.158'}
{'loss': '0.05301', 'grad_norm': '0.2758', 'learning_rate': '1.209e-05', 'epoch': '3.164'}
{'loss': '0.08734', 'grad_norm': '5.576', 'learning_rate': '1.208e-05', 'epoch': '3.17'}
{'loss': '0.06037', 'grad_norm': '2.582', 'learning_rate': '1.206e-05', 'epoch': '3.176'}
{'loss': '0.0759', 'grad_norm': '5.339', 'learning_rate': '1.205e-05', 'epoch': '3.182'}
{'loss': '0.08979', 'grad_norm': '4.221', 'learning_rate': '1.203e-05', 'epoch': '3.188'}
{'loss': '0.09097', 'grad_norm': '2.607', 'learning_rate': '1.202e-05', 'epoch': '3.194'}
{'loss': '0.07984', 'grad_norm': '195.1', 'learning_rate': '1.2e-05', 'epoch': '3.2'}
{'loss': '0.1052', 'grad_norm': '0.2999', 'learning_rate': '1.199e-05', 'epoch': '3.206'}
{'loss': '0.08358', 'grad_norm': '14.76', 'learning_rate': '1.197e-05', 'epoch': '3.212'}
{'loss': '0.06977', 'grad_norm': '3.501', 'learning_rate': '1.196e-05', 'epoch': '3.218'}
{'loss': '0.08503', 'grad_norm': '30.82', 'learning_rate': '1.194e-05', 'epoch': '3.224'}
{'loss': '0.1088', 'grad_norm': '8.475', 'learning_rate': '1.193e-05', 'epoch': '3.23'}
{'loss': '0.09914', 'grad_norm': '6.757', 'learning_rate': '1.191e-05', 'epoch': '3.237'}
{'loss': '0.1336', 'grad_norm': '2.124', 'learning_rate': '1.19e-05', 'epoch': '3.243'}
{'loss': '0.1381', 'grad_norm': '30.85', 'learning_rate': '1.188e-05', 'epoch': '3.249'}
{'loss': '0.02594', 'grad_norm': '4.446', 'learning_rate': '1.186e-05', 'epoch': '3.255'}
{'loss': '0.09318', 'grad_norm': '54.47', 'learning_rate': '1.185e-05', 'epoch': '3.261'}
{'loss': '0.07263', 'grad_norm': '6.084', 'learning_rate': '1.183e-05', 'epoch': '3.267'}
{'loss': '0.04067', 'grad_norm': '12.04', 'learning_rate': '1.182e-05', 'epoch': '3.273'}
{'loss': '0.06818', 'grad_norm': '17.44', 'learning_rate': '1.18e-05', 'epoch': '3.279'}
{'loss': '0.09489', 'grad_norm': '20.62', 'learning_rate': '1.179e-05', 'epoch': '3.285'}
{'loss': '0.1122', 'grad_norm': '17.09', 'learning_rate': '1.177e-05', 'epoch': '3.291'}
{'loss': '0.03419', 'grad_norm': '4.086', 'learning_rate': '1.176e-05', 'epoch': '3.297'}
{'loss': '0.08138', 'grad_norm': '8.658', 'learning_rate': '1.174e-05', 'epoch': '3.303'}
{'loss': '0.1047', 'grad_norm': '4.658', 'learning_rate': '1.173e-05', 'epoch': '3.309'}
{'loss': '0.09899', 'grad_norm': '20.63', 'learning_rate': '1.171e-05', 'epoch': '3.315'}
{'loss': '0.08988', 'grad_norm': '56.27', 'learning_rate': '1.17e-05', 'epoch': '3.321'}
{'loss': '0.08031', 'grad_norm': '18.27', 'learning_rate': '1.168e-05', 'epoch': '3.327'}
{'loss': '0.071', 'grad_norm': '6.166', 'learning_rate': '1.167e-05', 'epoch': '3.333'}
{'loss': '0.09802', 'grad_norm': '33.7', 'learning_rate': '1.165e-05', 'epoch': '3.339'}
{'loss': '0.03743', 'grad_norm': '0.7785', 'learning_rate': '1.164e-05', 'epoch': '3.345'}
{'loss': '0.1239', 'grad_norm': '0.9834', 'learning_rate': '1.162e-05', 'epoch': '3.351'}
{'loss': '0.07375', 'grad_norm': '11.04', 'learning_rate': '1.161e-05', 'epoch': '3.358'}
{'loss': '0.04853', 'grad_norm': '13.87', 'learning_rate': '1.159e-05', 'epoch': '3.364'}
{'loss': '0.09114', 'grad_norm': '17.51', 'learning_rate': '1.158e-05', 'epoch': '3.37'}
{'loss': '0.05441', 'grad_norm': '72.85', 'learning_rate': '1.156e-05', 'epoch': '3.376'}
{'loss': '0.08705', 'grad_norm': '31.36', 'learning_rate': '1.155e-05', 'epoch': '3.382'}
{'loss': '0.1452', 'grad_norm': '20.9', 'learning_rate': '1.153e-05', 'epoch': '3.388'}
{'loss': '0.1212', 'grad_norm': '7.644', 'learning_rate': '1.152e-05', 'epoch': '3.394'}
{'loss': '0.07965', 'grad_norm': '18.14', 'learning_rate': '1.15e-05', 'epoch': '3.4'}
{'loss': '0.05494', 'grad_norm': '12.98', 'learning_rate': '1.149e-05', 'epoch': '3.406'}
{'loss': '0.05941', 'grad_norm': '1.648', 'learning_rate': '1.147e-05', 'epoch': '3.412'}
{'loss': '0.1399', 'grad_norm': '506.5', 'learning_rate': '1.146e-05', 'epoch': '3.418'}
{'loss': '0.1151', 'grad_norm': '48.86', 'learning_rate': '1.144e-05', 'epoch': '3.424'}
{'loss': '0.09103', 'grad_norm': '7.739', 'learning_rate': '1.143e-05', 'epoch': '3.43'}
{'loss': '0.05452', 'grad_norm': '8.983', 'learning_rate': '1.141e-05', 'epoch': '3.436'}
{'loss': '0.07866', 'grad_norm': '1.157', 'learning_rate': '1.14e-05', 'epoch': '3.442'}
{'loss': '0.104', 'grad_norm': '41.31', 'learning_rate': '1.138e-05', 'epoch': '3.448'}
{'loss': '0.06006', 'grad_norm': '18.23', 'learning_rate': '1.137e-05', 'epoch': '3.454'}
{'loss': '0.1145', 'grad_norm': '24.18', 'learning_rate': '1.135e-05', 'epoch': '3.46'}
{'loss': '0.07595', 'grad_norm': '10.8', 'learning_rate': '1.134e-05', 'epoch': '3.466'}
{'loss': '0.07556', 'grad_norm': '12.1', 'learning_rate': '1.132e-05', 'epoch': '3.472'}
{'loss': '0.05043', 'grad_norm': '7.616', 'learning_rate': '1.131e-05', 'epoch': '3.479'}
{'loss': '0.0844', 'grad_norm': '15.62', 'learning_rate': '1.129e-05', 'epoch': '3.485'}
{'loss': '0.06511', 'grad_norm': '13.12', 'learning_rate': '1.127e-05', 'epoch': '3.491'}
{'loss': '0.1205', 'grad_norm': '62.79', 'learning_rate': '1.126e-05', 'epoch': '3.497'}
{'loss': '0.06618', 'grad_norm': '251.6', 'learning_rate': '1.124e-05', 'epoch': '3.503'}
{'loss': '0.1006', 'grad_norm': '9.09', 'learning_rate': '1.123e-05', 'epoch': '3.509'}
{'loss': '0.04448', 'grad_norm': '18.8', 'learning_rate': '1.121e-05', 'epoch': '3.515'}
{'loss': '0.07348', 'grad_norm': '18.02', 'learning_rate': '1.12e-05', 'epoch': '3.521'}
{'loss': '0.07696', 'grad_norm': '13.14', 'learning_rate': '1.118e-05', 'epoch': '3.527'}
{'loss': '0.104', 'grad_norm': '2.621', 'learning_rate': '1.117e-05', 'epoch': '3.533'}
{'loss': '0.07918', 'grad_norm': '37.29', 'learning_rate': '1.115e-05', 'epoch': '3.539'}
{'loss': '0.09207', 'grad_norm': '103.5', 'learning_rate': '1.114e-05', 'epoch': '3.545'}
{'loss': '0.09285', 'grad_norm': '10.79', 'learning_rate': '1.112e-05', 'epoch': '3.551'}
{'loss': '0.09334', 'grad_norm': '22.06', 'learning_rate': '1.111e-05', 'epoch': '3.557'}
{'loss': '0.105', 'grad_norm': '0.4198', 'learning_rate': '1.109e-05', 'epoch': '3.563'}
{'loss': '0.1022', 'grad_norm': '0.4342', 'learning_rate': '1.108e-05', 'epoch': '3.569'}
{'loss': '0.09812', 'grad_norm': '1.092', 'learning_rate': '1.106e-05', 'epoch': '3.575'}
{'loss': '0.06704', 'grad_norm': '0.2247', 'learning_rate': '1.105e-05', 'epoch': '3.581'}
{'loss': '0.1282', 'grad_norm': '27.43', 'learning_rate': '1.103e-05', 'epoch': '3.587'}
{'loss': '0.05293', 'grad_norm': '1.264', 'learning_rate': '1.102e-05', 'epoch': '3.593'}
{'loss': '0.0975', 'grad_norm': '2.754', 'learning_rate': '1.1e-05', 'epoch': '3.6'}
{'loss': '0.05185', 'grad_norm': '3.148', 'learning_rate': '1.099e-05', 'epoch': '3.606'}
{'loss': '0.1098', 'grad_norm': '5.922', 'learning_rate': '1.097e-05', 'epoch': '3.612'}
{'loss': '0.05587', 'grad_norm': '139.7', 'learning_rate': '1.096e-05', 'epoch': '3.618'}
{'loss': '0.1137', 'grad_norm': '35.84', 'learning_rate': '1.094e-05', 'epoch': '3.624'}
{'loss': '0.03792', 'grad_norm': '11.33', 'learning_rate': '1.093e-05', 'epoch': '3.63'}
{'loss': '0.1056', 'grad_norm': '154.4', 'learning_rate': '1.091e-05', 'epoch': '3.636'}
{'loss': '0.04272', 'grad_norm': '9.488', 'learning_rate': '1.09e-05', 'epoch': '3.642'}
{'loss': '0.07878', 'grad_norm': '15.29', 'learning_rate': '1.088e-05', 'epoch': '3.648'}
{'loss': '0.1008', 'grad_norm': '11.13', 'learning_rate': '1.087e-05', 'epoch': '3.654'}
{'loss': '0.1269', 'grad_norm': '15.62', 'learning_rate': '1.085e-05', 'epoch': '3.66'}
{'loss': '0.05674', 'grad_norm': '28.84', 'learning_rate': '1.084e-05', 'epoch': '3.666'}
{'loss': '0.1314', 'grad_norm': '25.44', 'learning_rate': '1.082e-05', 'epoch': '3.672'}
{'loss': '0.05622', 'grad_norm': '68.28', 'learning_rate': '1.081e-05', 'epoch': '3.678'}
{'loss': '0.04509', 'grad_norm': '27.02', 'learning_rate': '1.079e-05', 'epoch': '3.684'}
{'loss': '0.1293', 'grad_norm': '23.73', 'learning_rate': '1.078e-05', 'epoch': '3.69'}
{'loss': '0.03556', 'grad_norm': '10.93', 'learning_rate': '1.076e-05', 'epoch': '3.696'}
{'loss': '0.09232', 'grad_norm': '12.42', 'learning_rate': '1.075e-05', 'epoch': '3.702'}
{'loss': '0.05055', 'grad_norm': '7.876', 'learning_rate': '1.073e-05', 'epoch': '3.708'}
{'loss': '0.04735', 'grad_norm': '7.723', 'learning_rate': '1.072e-05', 'epoch': '3.714'}
{'loss': '0.05683', 'grad_norm': '0.07006', 'learning_rate': '1.07e-05', 'epoch': '3.721'}
{'loss': '0.07711', 'grad_norm': '3.608', 'learning_rate': '1.069e-05', 'epoch': '3.727'}
{'loss': '0.08549', 'grad_norm': '11.42', 'learning_rate': '1.067e-05', 'epoch': '3.733'}
{'loss': '0.07495', 'grad_norm': '8.045', 'learning_rate': '1.065e-05', 'epoch': '3.739'}
{'loss': '0.1666', 'grad_norm': '17.11', 'learning_rate': '1.064e-05', 'epoch': '3.745'}
{'loss': '0.09427', 'grad_norm': '3.916', 'learning_rate': '1.062e-05', 'epoch': '3.751'}
{'loss': '0.09206', 'grad_norm': '4.559', 'learning_rate': '1.061e-05', 'epoch': '3.757'}
{'loss': '0.08653', 'grad_norm': '12.52', 'learning_rate': '1.059e-05', 'epoch': '3.763'}
{'loss': '0.07107', 'grad_norm': '2.857', 'learning_rate': '1.058e-05', 'epoch': '3.769'}
{'loss': '0.06571', 'grad_norm': '14.7', 'learning_rate': '1.056e-05', 'epoch': '3.775'}
{'loss': '0.04439', 'grad_norm': '8.238', 'learning_rate': '1.055e-05', 'epoch': '3.781'}
{'loss': '0.07966', 'grad_norm': '11.08', 'learning_rate': '1.053e-05', 'epoch': '3.787'}
{'loss': '0.1065', 'grad_norm': '7.003', 'learning_rate': '1.052e-05', 'epoch': '3.793'}
{'loss': '0.05587', 'grad_norm': '11.85', 'learning_rate': '1.05e-05', 'epoch': '3.799'}
{'loss': '0.04587', 'grad_norm': '1.571', 'learning_rate': '1.049e-05', 'epoch': '3.805'}
{'loss': '0.07174', 'grad_norm': '32.56', 'learning_rate': '1.047e-05', 'epoch': '3.811'}
{'loss': '0.07902', 'grad_norm': '23.88', 'learning_rate': '1.046e-05', 'epoch': '3.817'}
{'loss': '0.1151', 'grad_norm': '7.382', 'learning_rate': '1.044e-05', 'epoch': '3.823'}
{'loss': '0.08901', 'grad_norm': '11.33', 'learning_rate': '1.043e-05', 'epoch': '3.829'}
{'loss': '0.0731', 'grad_norm': '3.865', 'learning_rate': '1.041e-05', 'epoch': '3.835'}
{'loss': '0.094', 'grad_norm': '51.95', 'learning_rate': '1.04e-05', 'epoch': '3.842'}
{'loss': '0.09719', 'grad_norm': '4.215', 'learning_rate': '1.038e-05', 'epoch': '3.848'}
{'loss': '0.06377', 'grad_norm': '24.39', 'learning_rate': '1.037e-05', 'epoch': '3.854'}
{'loss': '0.06688', 'grad_norm': '15.68', 'learning_rate': '1.035e-05', 'epoch': '3.86'}
{'loss': '0.09203', 'grad_norm': '12.36', 'learning_rate': '1.034e-05', 'epoch': '3.866'}
{'loss': '0.1031', 'grad_norm': '2.794', 'learning_rate': '1.032e-05', 'epoch': '3.872'}
{'loss': '0.1115', 'grad_norm': '108', 'learning_rate': '1.031e-05', 'epoch': '3.878'}
{'loss': '0.06455', 'grad_norm': '23.5', 'learning_rate': '1.029e-05', 'epoch': '3.884'}
{'loss': '0.06879', 'grad_norm': '9.935', 'learning_rate': '1.028e-05', 'epoch': '3.89'}
{'loss': '0.05544', 'grad_norm': '10.71', 'learning_rate': '1.026e-05', 'epoch': '3.896'}
{'loss': '0.1193', 'grad_norm': '4.662', 'learning_rate': '1.025e-05', 'epoch': '3.902'}
{'loss': '0.134', 'grad_norm': '17.11', 'learning_rate': '1.023e-05', 'epoch': '3.908'}
{'loss': '0.06436', 'grad_norm': '8.091', 'learning_rate': '1.022e-05', 'epoch': '3.914'}
{'loss': '0.07388', 'grad_norm': '2.88', 'learning_rate': '1.02e-05', 'epoch': '3.92'}
{'loss': '0.04298', 'grad_norm': '15.01', 'learning_rate': '1.019e-05', 'epoch': '3.926'}
{'loss': '0.07165', 'grad_norm': '0.2656', 'learning_rate': '1.017e-05', 'epoch': '3.932'}
{'loss': '0.01406', 'grad_norm': '0.1205', 'learning_rate': '1.016e-05', 'epoch': '3.938'}
{'loss': '0.103', 'grad_norm': '4.711', 'learning_rate': '1.014e-05', 'epoch': '3.944'}
{'loss': '0.06029', 'grad_norm': '0.3263', 'learning_rate': '1.013e-05', 'epoch': '3.95'}
{'loss': '0.04075', 'grad_norm': '6.35', 'learning_rate': '1.011e-05', 'epoch': '3.956'}
{'loss': '0.04152', 'grad_norm': '4.475', 'learning_rate': '1.01e-05', 'epoch': '3.962'}
{'loss': '0.1021', 'grad_norm': '5.473', 'learning_rate': '1.008e-05', 'epoch': '3.969'}
{'loss': '0.1126', 'grad_norm': '10.58', 'learning_rate': '1.007e-05', 'epoch': '3.975'}
{'loss': '0.08331', 'grad_norm': '0.5723', 'learning_rate': '1.005e-05', 'epoch': '3.981'}
{'loss': '0.04242', 'grad_norm': '1.53', 'learning_rate': '1.003e-05', 'epoch': '3.987'}
{'loss': '0.01935', 'grad_norm': '4.488', 'learning_rate': '1.002e-05', 'epoch': '3.993'}
{'loss': '0.03169', 'grad_norm': '7.757', 'learning_rate': '1e-05', 'epoch': '3.999'}
{'eval_loss': '0.5327', 'eval_accuracy': '0.8959', 'eval_precision': '0.9037', 'eval_recall': '0.9165', 'eval_f1': '0.9101', 'eval_runtime': '11.32', 'eval_samples_per_second': '1123', 'eval_steps_per_second': '17.57', 'epoch': '4'}
{'loss': '0.08682', 'grad_norm': '0.7282', 'learning_rate': '9.989e-06', 'epoch': '4.005'}
{'loss': '0.101', 'grad_norm': '9.182', 'learning_rate': '9.974e-06', 'epoch': '4.011'}
{'loss': '0.0945', 'grad_norm': '12.97', 'learning_rate': '9.959e-06', 'epoch': '4.017'}
{'loss': '0.1049', 'grad_norm': '829.1', 'learning_rate': '9.944e-06', 'epoch': '4.023'}
{'loss': '0.09637', 'grad_norm': '8.855', 'learning_rate': '9.929e-06', 'epoch': '4.029'}
{'loss': '0.1133', 'grad_norm': '28.52', 'learning_rate': '9.914e-06', 'epoch': '4.035'}
{'loss': '0.0927', 'grad_norm': '0.3532', 'learning_rate': '9.899e-06', 'epoch': '4.041'}
{'loss': '0.06451', 'grad_norm': '10.37', 'learning_rate': '9.884e-06', 'epoch': '4.047'}
{'loss': '0.06487', 'grad_norm': '0.1119', 'learning_rate': '9.868e-06', 'epoch': '4.053'}
{'loss': '0.05932', 'grad_norm': '38.96', 'learning_rate': '9.853e-06', 'epoch': '4.059'}
{'loss': '0.08431', 'grad_norm': '3.669', 'learning_rate': '9.838e-06', 'epoch': '4.065'}
{'loss': '0.04187', 'grad_norm': '1.237', 'learning_rate': '9.823e-06', 'epoch': '4.071'}
{'loss': '0.0637', 'grad_norm': '2.577', 'learning_rate': '9.808e-06', 'epoch': '4.077'}
{'loss': '0.06376', 'grad_norm': '14.38', 'learning_rate': '9.793e-06', 'epoch': '4.083'}
{'loss': '0.08029', 'grad_norm': '8.915', 'learning_rate': '9.778e-06', 'epoch': '4.09'}
{'loss': '0.09761', 'grad_norm': '3.558', 'learning_rate': '9.763e-06', 'epoch': '4.096'}
{'loss': '0.08231', 'grad_norm': '3.11', 'learning_rate': '9.747e-06', 'epoch': '4.102'}
{'loss': '0.08584', 'grad_norm': '14.06', 'learning_rate': '9.732e-06', 'epoch': '4.108'}
{'loss': '0.07506', 'grad_norm': '17.15', 'learning_rate': '9.717e-06', 'epoch': '4.114'}
{'loss': '0.1048', 'grad_norm': '1.249', 'learning_rate': '9.702e-06', 'epoch': '4.12'}
{'loss': '0.09442', 'grad_norm': '16.54', 'learning_rate': '9.687e-06', 'epoch': '4.126'}
{'loss': '0.04355', 'grad_norm': '20.44', 'learning_rate': '9.672e-06', 'epoch': '4.132'}
{'loss': '0.08548', 'grad_norm': '188.8', 'learning_rate': '9.657e-06', 'epoch': '4.138'}
{'loss': '0.0708', 'grad_norm': '11.06', 'learning_rate': '9.642e-06', 'epoch': '4.144'}
{'loss': '0.06501', 'grad_norm': '24.24', 'learning_rate': '9.626e-06', 'epoch': '4.15'}
{'loss': '0.09571', 'grad_norm': '4.424', 'learning_rate': '9.611e-06', 'epoch': '4.156'}
{'loss': '0.08282', 'grad_norm': '11.39', 'learning_rate': '9.596e-06', 'epoch': '4.162'}
{'loss': '0.05912', 'grad_norm': '2.86', 'learning_rate': '9.581e-06', 'epoch': '4.168'}
{'loss': '0.04557', 'grad_norm': '19.2', 'learning_rate': '9.566e-06', 'epoch': '4.174'}
{'loss': '0.09618', 'grad_norm': '22.75', 'learning_rate': '9.551e-06', 'epoch': '4.18'}
{'loss': '0.06514', 'grad_norm': '0.2908', 'learning_rate': '9.536e-06', 'epoch': '4.186'}
{'loss': '0.08686', 'grad_norm': '84.3', 'learning_rate': '9.521e-06', 'epoch': '4.192'}
{'loss': '0.07965', 'grad_norm': '18.88', 'learning_rate': '9.505e-06', 'epoch': '4.198'}
{'loss': '0.1237', 'grad_norm': '3.347', 'learning_rate': '9.49e-06', 'epoch': '4.204'}
{'loss': '0.08829', 'grad_norm': '8.213', 'learning_rate': '9.475e-06', 'epoch': '4.211'}
{'loss': '0.1107', 'grad_norm': '7.124', 'learning_rate': '9.46e-06', 'epoch': '4.217'}
{'loss': '0.08339', 'grad_norm': '23.88', 'learning_rate': '9.445e-06', 'epoch': '4.223'}
{'loss': '0.05489', 'grad_norm': '231.7', 'learning_rate': '9.43e-06', 'epoch': '4.229'}
{'loss': '0.07087', 'grad_norm': '24.4', 'learning_rate': '9.415e-06', 'epoch': '4.235'}
{'loss': '0.03699', 'grad_norm': '6.589', 'learning_rate': '9.4e-06', 'epoch': '4.241'}
{'loss': '0.08239', 'grad_norm': '0.7122', 'learning_rate': '9.384e-06', 'epoch': '4.247'}
{'loss': '0.03631', 'grad_norm': '2.364', 'learning_rate': '9.369e-06', 'epoch': '4.253'}
{'loss': '0.04258', 'grad_norm': '1.657', 'learning_rate': '9.354e-06', 'epoch': '4.259'}
{'loss': '0.06423', 'grad_norm': '4.997', 'learning_rate': '9.339e-06', 'epoch': '4.265'}
{'loss': '0.07015', 'grad_norm': '0.5482', 'learning_rate': '9.324e-06', 'epoch': '4.271'}
{'loss': '0.03471', 'grad_norm': '5.368', 'learning_rate': '9.309e-06', 'epoch': '4.277'}
{'loss': '0.07202', 'grad_norm': '19.18', 'learning_rate': '9.294e-06', 'epoch': '4.283'}
{'loss': '0.06343', 'grad_norm': '5.242', 'learning_rate': '9.279e-06', 'epoch': '4.289'}
{'loss': '0.07404', 'grad_norm': '14.17', 'learning_rate': '9.263e-06', 'epoch': '4.295'}
{'loss': '0.09432', 'grad_norm': '10.14', 'learning_rate': '9.248e-06', 'epoch': '4.301'}
{'loss': '0.05674', 'grad_norm': '0.7589', 'learning_rate': '9.233e-06', 'epoch': '4.307'}
{'loss': '0.07842', 'grad_norm': '8.065', 'learning_rate': '9.218e-06', 'epoch': '4.313'}
{'loss': '0.03712', 'grad_norm': '16.95', 'learning_rate': '9.203e-06', 'epoch': '4.319'}
{'loss': '0.06944', 'grad_norm': '18.04', 'learning_rate': '9.188e-06', 'epoch': '4.325'}
{'loss': '0.06555', 'grad_norm': '11.31', 'learning_rate': '9.173e-06', 'epoch': '4.332'}
{'loss': '0.05839', 'grad_norm': '5.078', 'learning_rate': '9.158e-06', 'epoch': '4.338'}
{'loss': '0.04221', 'grad_norm': '6.029', 'learning_rate': '9.142e-06', 'epoch': '4.344'}
{'loss': '0.0678', 'grad_norm': '3.206', 'learning_rate': '9.127e-06', 'epoch': '4.35'}
{'loss': '0.04598', 'grad_norm': '1.724', 'learning_rate': '9.112e-06', 'epoch': '4.356'}
{'loss': '0.06729', 'grad_norm': '3.034', 'learning_rate': '9.097e-06', 'epoch': '4.362'}
{'loss': '0.02333', 'grad_norm': '1.191', 'learning_rate': '9.082e-06', 'epoch': '4.368'}
{'loss': '0.1148', 'grad_norm': '7.967', 'learning_rate': '9.067e-06', 'epoch': '4.374'}
{'loss': '0.108', 'grad_norm': '39.25', 'learning_rate': '9.052e-06', 'epoch': '4.38'}
{'loss': '0.09809', 'grad_norm': '9.094', 'learning_rate': '9.037e-06', 'epoch': '4.386'}
{'loss': '0.04606', 'grad_norm': '2.858', 'learning_rate': '9.021e-06', 'epoch': '4.392'}
{'loss': '0.05129', 'grad_norm': '2.685', 'learning_rate': '9.006e-06', 'epoch': '4.398'}
{'loss': '0.03464', 'grad_norm': '2.786', 'learning_rate': '8.991e-06', 'epoch': '4.404'}
{'loss': '0.02194', 'grad_norm': '6.577', 'learning_rate': '8.976e-06', 'epoch': '4.41'}
{'loss': '0.09202', 'grad_norm': '16.49', 'learning_rate': '8.961e-06', 'epoch': '4.416'}
{'loss': '0.0889', 'grad_norm': '12.51', 'learning_rate': '8.946e-06', 'epoch': '4.422'}
{'loss': '0.0473', 'grad_norm': '4.091', 'learning_rate': '8.931e-06', 'epoch': '4.428'}
{'loss': '0.05791', 'grad_norm': '7.391', 'learning_rate': '8.916e-06', 'epoch': '4.434'}
{'loss': '0.07091', 'grad_norm': '2.328', 'learning_rate': '8.9e-06', 'epoch': '4.44'}
{'loss': '0.03006', 'grad_norm': '15.75', 'learning_rate': '8.885e-06', 'epoch': '4.446'}
{'loss': '0.04857', 'grad_norm': '5.755', 'learning_rate': '8.87e-06', 'epoch': '4.453'}
{'loss': '0.09206', 'grad_norm': '2.565', 'learning_rate': '8.855e-06', 'epoch': '4.459'}
{'loss': '0.03971', 'grad_norm': '32.44', 'learning_rate': '8.84e-06', 'epoch': '4.465'}
{'loss': '0.03331', 'grad_norm': '8.054', 'learning_rate': '8.825e-06', 'epoch': '4.471'}
{'loss': '0.1091', 'grad_norm': '11.43', 'learning_rate': '8.81e-06', 'epoch': '4.477'}
{'loss': '0.0412', 'grad_norm': '0.7712', 'learning_rate': '8.795e-06', 'epoch': '4.483'}
{'loss': '0.08564', 'grad_norm': '9.826', 'learning_rate': '8.779e-06', 'epoch': '4.489'}
{'loss': '0.05946', 'grad_norm': '0.4608', 'learning_rate': '8.764e-06', 'epoch': '4.495'}
{'loss': '0.04076', 'grad_norm': '5.911', 'learning_rate': '8.749e-06', 'epoch': '4.501'}
{'loss': '0.09274', 'grad_norm': '0.5182', 'learning_rate': '8.734e-06', 'epoch': '4.507'}
{'loss': '0.04176', 'grad_norm': '2.455', 'learning_rate': '8.719e-06', 'epoch': '4.513'}
{'loss': '0.08582', 'grad_norm': '22.02', 'learning_rate': '8.704e-06', 'epoch': '4.519'}
{'loss': '0.04671', 'grad_norm': '0.6096', 'learning_rate': '8.689e-06', 'epoch': '4.525'}
{'loss': '0.03816', 'grad_norm': '5.663', 'learning_rate': '8.674e-06', 'epoch': '4.531'}
{'loss': '0.03917', 'grad_norm': '0.7749', 'learning_rate': '8.658e-06', 'epoch': '4.537'}
{'loss': '0.07245', 'grad_norm': '8.138', 'learning_rate': '8.643e-06', 'epoch': '4.543'}
{'loss': '0.06606', 'grad_norm': '22.97', 'learning_rate': '8.628e-06', 'epoch': '4.549'}
{'loss': '0.05077', 'grad_norm': '14.16', 'learning_rate': '8.613e-06', 'epoch': '4.555'}
{'loss': '0.0974', 'grad_norm': '9.765', 'learning_rate': '8.598e-06', 'epoch': '4.561'}
{'loss': '0.1052', 'grad_norm': '0.2869', 'learning_rate': '8.583e-06', 'epoch': '4.567'}
{'loss': '0.1102', 'grad_norm': '15.48', 'learning_rate': '8.568e-06', 'epoch': '4.574'}
{'loss': '0.05914', 'grad_norm': '3.831', 'learning_rate': '8.553e-06', 'epoch': '4.58'}
{'loss': '0.03496', 'grad_norm': '7.546', 'learning_rate': '8.538e-06', 'epoch': '4.586'}
{'loss': '0.03925', 'grad_norm': '0.7303', 'learning_rate': '8.522e-06', 'epoch': '4.592'}
{'loss': '0.05054', 'grad_norm': '7.073', 'learning_rate': '8.507e-06', 'epoch': '4.598'}
{'loss': '0.08349', 'grad_norm': '5.39', 'learning_rate': '8.492e-06', 'epoch': '4.604'}
{'loss': '0.03531', 'grad_norm': '0.2946', 'learning_rate': '8.477e-06', 'epoch': '4.61'}
{'loss': '0.07528', 'grad_norm': '63.85', 'learning_rate': '8.462e-06', 'epoch': '4.616'}
{'loss': '0.07437', 'grad_norm': '3.102', 'learning_rate': '8.447e-06', 'epoch': '4.622'}
{'loss': '0.03738', 'grad_norm': '1.075', 'learning_rate': '8.432e-06', 'epoch': '4.628'}
{'loss': '0.02604', 'grad_norm': '0.9193', 'learning_rate': '8.417e-06', 'epoch': '4.634'}
{'loss': '0.02636', 'grad_norm': '4.244', 'learning_rate': '8.401e-06', 'epoch': '4.64'}
{'loss': '0.08553', 'grad_norm': '11.66', 'learning_rate': '8.386e-06', 'epoch': '4.646'}
{'loss': '0.06245', 'grad_norm': '8.606', 'learning_rate': '8.371e-06', 'epoch': '4.652'}
{'loss': '0.04325', 'grad_norm': '3.829', 'learning_rate': '8.356e-06', 'epoch': '4.658'}
{'loss': '0.1068', 'grad_norm': '26.49', 'learning_rate': '8.341e-06', 'epoch': '4.664'}
{'loss': '0.03678', 'grad_norm': '0.2462', 'learning_rate': '8.326e-06', 'epoch': '4.67'}
{'loss': '0.0798', 'grad_norm': '0.4686', 'learning_rate': '8.311e-06', 'epoch': '4.676'}
{'loss': '0.1106', 'grad_norm': '0.3373', 'learning_rate': '8.296e-06', 'epoch': '4.682'}
{'loss': '0.05171', 'grad_norm': '6.312', 'learning_rate': '8.28e-06', 'epoch': '4.688'}
{'loss': '0.08183', 'grad_norm': '0.3517', 'learning_rate': '8.265e-06', 'epoch': '4.694'}
{'loss': '0.07108', 'grad_norm': '9.332', 'learning_rate': '8.25e-06', 'epoch': '4.701'}
{'loss': '0.06833', 'grad_norm': '41.47', 'learning_rate': '8.235e-06', 'epoch': '4.707'}
{'loss': '0.1166', 'grad_norm': '4.318', 'learning_rate': '8.22e-06', 'epoch': '4.713'}
{'loss': '0.02847', 'grad_norm': '2.301', 'learning_rate': '8.205e-06', 'epoch': '4.719'}
{'loss': '0.07719', 'grad_norm': '5.684', 'learning_rate': '8.19e-06', 'epoch': '4.725'}
{'loss': '0.04676', 'grad_norm': '18.01', 'learning_rate': '8.175e-06', 'epoch': '4.731'}
{'loss': '0.0503', 'grad_norm': '12.38', 'learning_rate': '8.159e-06', 'epoch': '4.737'}
{'loss': '0.1208', 'grad_norm': '7.209', 'learning_rate': '8.144e-06', 'epoch': '4.743'}
{'loss': '0.06831', 'grad_norm': '1.575', 'learning_rate': '8.129e-06', 'epoch': '4.749'}
{'loss': '0.05666', 'grad_norm': '1.131', 'learning_rate': '8.114e-06', 'epoch': '4.755'}
{'loss': '0.1199', 'grad_norm': '8.327', 'learning_rate': '8.099e-06', 'epoch': '4.761'}
{'loss': '0.09047', 'grad_norm': '6.711', 'learning_rate': '8.084e-06', 'epoch': '4.767'}
{'loss': '0.06821', 'grad_norm': '23.9', 'learning_rate': '8.069e-06', 'epoch': '4.773'}
{'loss': '0.0861', 'grad_norm': '10.95', 'learning_rate': '8.054e-06', 'epoch': '4.779'}
{'loss': '0.0452', 'grad_norm': '7.709', 'learning_rate': '8.038e-06', 'epoch': '4.785'}
{'loss': '0.1156', 'grad_norm': '1.062', 'learning_rate': '8.023e-06', 'epoch': '4.791'}
{'loss': '0.02521', 'grad_norm': '6.373', 'learning_rate': '8.008e-06', 'epoch': '4.797'}
{'loss': '0.03173', 'grad_norm': '3.167', 'learning_rate': '7.993e-06', 'epoch': '4.803'}
{'loss': '0.03241', 'grad_norm': '7.062', 'learning_rate': '7.978e-06', 'epoch': '4.809'}
{'loss': '0.07389', 'grad_norm': '12.2', 'learning_rate': '7.963e-06', 'epoch': '4.815'}
{'loss': '0.06435', 'grad_norm': '0.6337', 'learning_rate': '7.948e-06', 'epoch': '4.822'}
{'loss': '0.02546', 'grad_norm': '0.4941', 'learning_rate': '7.933e-06', 'epoch': '4.828'}
{'loss': '0.03', 'grad_norm': '0.5247', 'learning_rate': '7.917e-06', 'epoch': '4.834'}
{'loss': '0.04804', 'grad_norm': '6.709', 'learning_rate': '7.902e-06', 'epoch': '4.84'}
{'loss': '0.01688', 'grad_norm': '1.444', 'learning_rate': '7.887e-06', 'epoch': '4.846'}
{'loss': '0.06884', 'grad_norm': '14.21', 'learning_rate': '7.872e-06', 'epoch': '4.852'}
{'loss': '0.1226', 'grad_norm': '16.45', 'learning_rate': '7.857e-06', 'epoch': '4.858'}
{'loss': '0.04325', 'grad_norm': '4.463', 'learning_rate': '7.842e-06', 'epoch': '4.864'}
{'loss': '0.0491', 'grad_norm': '0.1192', 'learning_rate': '7.827e-06', 'epoch': '4.87'}
{'loss': '0.07828', 'grad_norm': '6.175', 'learning_rate': '7.812e-06', 'epoch': '4.876'}
{'loss': '0.03645', 'grad_norm': '12.35', 'learning_rate': '7.796e-06', 'epoch': '4.882'}
{'loss': '0.07314', 'grad_norm': '1.183', 'learning_rate': '7.781e-06', 'epoch': '4.888'}
{'loss': '0.06964', 'grad_norm': '24.64', 'learning_rate': '7.766e-06', 'epoch': '4.894'}
{'loss': '0.04553', 'grad_norm': '0.1073', 'learning_rate': '7.751e-06', 'epoch': '4.9'}
{'loss': '0.07728', 'grad_norm': '17.23', 'learning_rate': '7.736e-06', 'epoch': '4.906'}
{'loss': '0.02407', 'grad_norm': '0.06887', 'learning_rate': '7.721e-06', 'epoch': '4.912'}
{'loss': '0.07318', 'grad_norm': '15.74', 'learning_rate': '7.706e-06', 'epoch': '4.918'}
{'loss': '0.02938', 'grad_norm': '0.467', 'learning_rate': '7.691e-06', 'epoch': '4.924'}
{'loss': '0.07814', 'grad_norm': '6.952', 'learning_rate': '7.675e-06', 'epoch': '4.93'}
{'loss': '0.07922', 'grad_norm': '16.05', 'learning_rate': '7.66e-06', 'epoch': '4.936'}
{'loss': '0.04246', 'grad_norm': '0.6042', 'learning_rate': '7.645e-06', 'epoch': '4.943'}
{'loss': '0.04401', 'grad_norm': '14.49', 'learning_rate': '7.63e-06', 'epoch': '4.949'}
{'loss': '0.04027', 'grad_norm': '3.754', 'learning_rate': '7.615e-06', 'epoch': '4.955'}
{'loss': '0.05378', 'grad_norm': '4.495', 'learning_rate': '7.6e-06', 'epoch': '4.961'}
{'loss': '0.08498', 'grad_norm': '9.008', 'learning_rate': '7.585e-06', 'epoch': '4.967'}
{'loss': '0.07557', 'grad_norm': '1.561', 'learning_rate': '7.57e-06', 'epoch': '4.973'}
{'loss': '0.06043', 'grad_norm': '10.81', 'learning_rate': '7.554e-06', 'epoch': '4.979'}
{'loss': '0.06631', 'grad_norm': '2.36', 'learning_rate': '7.539e-06', 'epoch': '4.985'}
{'loss': '0.07113', 'grad_norm': '2.438', 'learning_rate': '7.524e-06', 'epoch': '4.991'}
{'loss': '0.09378', 'grad_norm': '1.454', 'learning_rate': '7.509e-06', 'epoch': '4.997'}
{'eval_loss': '0.5578', 'eval_accuracy': '0.9066', 'eval_precision': '0.9234', 'eval_recall': '0.9132', 'eval_f1': '0.9183', 'eval_runtime': '11.35', 'eval_samples_per_second': '1120', 'eval_steps_per_second': '17.53', 'epoch': '5'}
{'loss': '0.06105', 'grad_norm': '2.907', 'learning_rate': '7.494e-06', 'epoch': '5.003'}
{'loss': '0.03633', 'grad_norm': '7.042', 'learning_rate': '7.479e-06', 'epoch': '5.009'}
{'loss': '0.03421', 'grad_norm': '17.91', 'learning_rate': '7.464e-06', 'epoch': '5.015'}
{'loss': '0.04413', 'grad_norm': '0.4591', 'learning_rate': '7.449e-06', 'epoch': '5.021'}
{'loss': '0.1179', 'grad_norm': '9.597', 'learning_rate': '7.433e-06', 'epoch': '5.027'}
{'loss': '0.0403', 'grad_norm': '0.1186', 'learning_rate': '7.418e-06', 'epoch': '5.033'}
{'loss': '0.08539', 'grad_norm': '10.35', 'learning_rate': '7.403e-06', 'epoch': '5.039'}
{'loss': '0.04444', 'grad_norm': '15.43', 'learning_rate': '7.388e-06', 'epoch': '5.045'}
{'loss': '0.06569', 'grad_norm': '0.3354', 'learning_rate': '7.373e-06', 'epoch': '5.051'}
{'loss': '0.06939', 'grad_norm': '7.736', 'learning_rate': '7.358e-06', 'epoch': '5.057'}
{'loss': '0.06485', 'grad_norm': '1.029', 'learning_rate': '7.343e-06', 'epoch': '5.064'}
{'loss': '0.03196', 'grad_norm': '2.077', 'learning_rate': '7.328e-06', 'epoch': '5.07'}
{'loss': '0.05989', 'grad_norm': '4.698', 'learning_rate': '7.312e-06', 'epoch': '5.076'}
{'loss': '0.0712', 'grad_norm': '13.54', 'learning_rate': '7.297e-06', 'epoch': '5.082'}
{'loss': '0.1095', 'grad_norm': '12.04', 'learning_rate': '7.282e-06', 'epoch': '5.088'}
{'loss': '0.07909', 'grad_norm': '20.5', 'learning_rate': '7.267e-06', 'epoch': '5.094'}
{'loss': '0.04903', 'grad_norm': '3.25', 'learning_rate': '7.252e-06', 'epoch': '5.1'}
{'loss': '0.05181', 'grad_norm': '4.361', 'learning_rate': '7.237e-06', 'epoch': '5.106'}
{'loss': '0.02293', 'grad_norm': '0.723', 'learning_rate': '7.222e-06', 'epoch': '5.112'}
{'loss': '0.105', 'grad_norm': '0.6949', 'learning_rate': '7.207e-06', 'epoch': '5.118'}
{'loss': '0.07716', 'grad_norm': '27.2', 'learning_rate': '7.191e-06', 'epoch': '5.124'}
{'loss': '0.03562', 'grad_norm': '0.6274', 'learning_rate': '7.176e-06', 'epoch': '5.13'}
{'loss': '0.1043', 'grad_norm': '6.789', 'learning_rate': '7.161e-06', 'epoch': '5.136'}
{'loss': '0.04809', 'grad_norm': '3.519', 'learning_rate': '7.146e-06', 'epoch': '5.142'}
{'loss': '0.03244', 'grad_norm': '37.98', 'learning_rate': '7.131e-06', 'epoch': '5.148'}
{'loss': '0.07969', 'grad_norm': '0.5166', 'learning_rate': '7.116e-06', 'epoch': '5.154'}
{'loss': '0.03654', 'grad_norm': '0.4419', 'learning_rate': '7.101e-06', 'epoch': '5.16'}
{'loss': '0.04099', 'grad_norm': '0.4016', 'learning_rate': '7.086e-06', 'epoch': '5.166'}
{'loss': '0.0208', 'grad_norm': '0.5265', 'learning_rate': '7.07e-06', 'epoch': '5.172'}
{'loss': '0.09755', 'grad_norm': '11.68', 'learning_rate': '7.055e-06', 'epoch': '5.178'}
{'loss': '0.04408', 'grad_norm': '12.63', 'learning_rate': '7.04e-06', 'epoch': '5.185'}
{'loss': '0.08234', 'grad_norm': '14.67', 'learning_rate': '7.025e-06', 'epoch': '5.191'}
{'loss': '0.031', 'grad_norm': '1.722', 'learning_rate': '7.01e-06', 'epoch': '5.197'}
{'loss': '0.06976', 'grad_norm': '2.71', 'learning_rate': '6.995e-06', 'epoch': '5.203'}
{'loss': '0.04669', 'grad_norm': '6.7', 'learning_rate': '6.98e-06', 'epoch': '5.209'}
{'loss': '0.06857', 'grad_norm': '0.07156', 'learning_rate': '6.965e-06', 'epoch': '5.215'}
{'loss': '0.09874', 'grad_norm': '28.7', 'learning_rate': '6.949e-06', 'epoch': '5.221'}
{'loss': '0.05462', 'grad_norm': '19.87', 'learning_rate': '6.934e-06', 'epoch': '5.227'}
{'loss': '0.04765', 'grad_norm': '0.2442', 'learning_rate': '6.919e-06', 'epoch': '5.233'}
{'loss': '0.03997', 'grad_norm': '2.841', 'learning_rate': '6.904e-06', 'epoch': '5.239'}
{'loss': '0.1125', 'grad_norm': '19.29', 'learning_rate': '6.889e-06', 'epoch': '5.245'}
{'loss': '0.04022', 'grad_norm': '3.465', 'learning_rate': '6.874e-06', 'epoch': '5.251'}
{'loss': '0.1102', 'grad_norm': '9.515', 'learning_rate': '6.859e-06', 'epoch': '5.257'}
{'loss': '0.05368', 'grad_norm': '1.906', 'learning_rate': '6.844e-06', 'epoch': '5.263'}
{'loss': '0.0423', 'grad_norm': '0.1998', 'learning_rate': '6.828e-06', 'epoch': '5.269'}
{'loss': '0.01432', 'grad_norm': '6.805', 'learning_rate': '6.813e-06', 'epoch': '5.275'}
{'loss': '0.04308', 'grad_norm': '0.9789', 'learning_rate': '6.798e-06', 'epoch': '5.281'}
{'loss': '0.02975', 'grad_norm': '0.06158', 'learning_rate': '6.783e-06', 'epoch': '5.287'}
{'loss': '0.1074', 'grad_norm': '0.6379', 'learning_rate': '6.768e-06', 'epoch': '5.293'}
{'loss': '0.03189', 'grad_norm': '1.732', 'learning_rate': '6.753e-06', 'epoch': '5.299'}
{'loss': '0.02885', 'grad_norm': '15.04', 'learning_rate': '6.738e-06', 'epoch': '5.306'}
{'loss': '0.05238', 'grad_norm': '0.08883', 'learning_rate': '6.723e-06', 'epoch': '5.312'}
{'loss': '0.01271', 'grad_norm': '0.471', 'learning_rate': '6.708e-06', 'epoch': '5.318'}
{'loss': '0.06378', 'grad_norm': '0.1018', 'learning_rate': '6.692e-06', 'epoch': '5.324'}
{'loss': '0.06736', 'grad_norm': '33.74', 'learning_rate': '6.677e-06', 'epoch': '5.33'}
{'loss': '0.06597', 'grad_norm': '17.84', 'learning_rate': '6.662e-06', 'epoch': '5.336'}
{'loss': '0.03822', 'grad_norm': '2.094', 'learning_rate': '6.647e-06', 'epoch': '5.342'}
{'loss': '0.05548', 'grad_norm': '0.8634', 'learning_rate': '6.632e-06', 'epoch': '5.348'}
{'loss': '0.04942', 'grad_norm': '8.538', 'learning_rate': '6.617e-06', 'epoch': '5.354'}
{'loss': '0.137', 'grad_norm': '3.981', 'learning_rate': '6.602e-06', 'epoch': '5.36'}
{'loss': '0.05026', 'grad_norm': '83.68', 'learning_rate': '6.587e-06', 'epoch': '5.366'}
{'loss': '0.06056', 'grad_norm': '0.2146', 'learning_rate': '6.571e-06', 'epoch': '5.372'}
{'loss': '0.05038', 'grad_norm': '1.397', 'learning_rate': '6.556e-06', 'epoch': '5.378'}
{'loss': '0.05743', 'grad_norm': '20.76', 'learning_rate': '6.541e-06', 'epoch': '5.384'}
{'loss': '0.01747', 'grad_norm': '2.091', 'learning_rate': '6.526e-06', 'epoch': '5.39'}
{'loss': '0.02923', 'grad_norm': '0.3889', 'learning_rate': '6.511e-06', 'epoch': '5.396'}
{'loss': '0.03612', 'grad_norm': '6.235', 'learning_rate': '6.496e-06', 'epoch': '5.402'}
{'loss': '0.07486', 'grad_norm': '3.864', 'learning_rate': '6.481e-06', 'epoch': '5.408'}
{'loss': '0.05846', 'grad_norm': '12.87', 'learning_rate': '6.466e-06', 'epoch': '5.414'}
{'loss': '0.06148', 'grad_norm': '42.27', 'learning_rate': '6.45e-06', 'epoch': '5.42'}
{'loss': '0.0747', 'grad_norm': '0.3162', 'learning_rate': '6.435e-06', 'epoch': '5.426'}
{'loss': '0.0504', 'grad_norm': '8.554', 'learning_rate': '6.42e-06', 'epoch': '5.433'}
{'loss': '0.03167', 'grad_norm': '4.59', 'learning_rate': '6.405e-06', 'epoch': '5.439'}
{'loss': '0.03312', 'grad_norm': '4.512', 'learning_rate': '6.39e-06', 'epoch': '5.445'}
{'loss': '0.04221', 'grad_norm': '0.1863', 'learning_rate': '6.375e-06', 'epoch': '5.451'}
{'loss': '0.04424', 'grad_norm': '3.963', 'learning_rate': '6.36e-06', 'epoch': '5.457'}
{'loss': '0.05579', 'grad_norm': '4.508', 'learning_rate': '6.345e-06', 'epoch': '5.463'}
{'loss': '0.04679', 'grad_norm': '0.4069', 'learning_rate': '6.329e-06', 'epoch': '5.469'}
{'loss': '0.0907', 'grad_norm': '8.531', 'learning_rate': '6.314e-06', 'epoch': '5.475'}
{'loss': '0.06153', 'grad_norm': '6.238', 'learning_rate': '6.299e-06', 'epoch': '5.481'}
{'loss': '0.06108', 'grad_norm': '11.39', 'learning_rate': '6.284e-06', 'epoch': '5.487'}
{'loss': '0.02613', 'grad_norm': '0.2907', 'learning_rate': '6.269e-06', 'epoch': '5.493'}
{'loss': '0.1115', 'grad_norm': '3.196', 'learning_rate': '6.254e-06', 'epoch': '5.499'}
{'loss': '0.04085', 'grad_norm': '4.753', 'learning_rate': '6.239e-06', 'epoch': '5.505'}
{'loss': '0.02707', 'grad_norm': '3.917', 'learning_rate': '6.224e-06', 'epoch': '5.511'}
{'loss': '0.01222', 'grad_norm': '0.2164', 'learning_rate': '6.208e-06', 'epoch': '5.517'}
{'loss': '0.05878', 'grad_norm': '6.099', 'learning_rate': '6.193e-06', 'epoch': '5.523'}
{'loss': '0.03131', 'grad_norm': '1.021', 'learning_rate': '6.178e-06', 'epoch': '5.529'}
{'loss': '0.03493', 'grad_norm': '1.223', 'learning_rate': '6.163e-06', 'epoch': '5.535'}
{'loss': '0.07785', 'grad_norm': '12.46', 'learning_rate': '6.148e-06', 'epoch': '5.541'}
{'loss': '0.03123', 'grad_norm': '0.6748', 'learning_rate': '6.133e-06', 'epoch': '5.547'}
{'loss': '0.08461', 'grad_norm': '0.7841', 'learning_rate': '6.118e-06', 'epoch': '5.554'}
{'loss': '0.04584', 'grad_norm': '26.4', 'learning_rate': '6.103e-06', 'epoch': '5.56'}
{'loss': '0.07903', 'grad_norm': '28.37', 'learning_rate': '6.087e-06', 'epoch': '5.566'}
{'loss': '0.05894', 'grad_norm': '30.91', 'learning_rate': '6.072e-06', 'epoch': '5.572'}
{'loss': '0.045', 'grad_norm': '12.07', 'learning_rate': '6.057e-06', 'epoch': '5.578'}
{'loss': '0.08404', 'grad_norm': '7.894', 'learning_rate': '6.042e-06', 'epoch': '5.584'}
{'loss': '0.02312', 'grad_norm': '1.201', 'learning_rate': '6.027e-06', 'epoch': '5.59'}
{'loss': '0.02517', 'grad_norm': '0.1012', 'learning_rate': '6.012e-06', 'epoch': '5.596'}
{'loss': '0.02409', 'grad_norm': '1.71', 'learning_rate': '5.997e-06', 'epoch': '5.602'}
{'loss': '0.02588', 'grad_norm': '0.1152', 'learning_rate': '5.982e-06', 'epoch': '5.608'}
{'loss': '0.02584', 'grad_norm': '1.194', 'learning_rate': '5.966e-06', 'epoch': '5.614'}
{'loss': '0.05596', 'grad_norm': '0.1313', 'learning_rate': '5.951e-06', 'epoch': '5.62'}
{'loss': '0.01915', 'grad_norm': '0.1623', 'learning_rate': '5.936e-06', 'epoch': '5.626'}
{'loss': '0.0667', 'grad_norm': '1.636', 'learning_rate': '5.921e-06', 'epoch': '5.632'}
{'loss': '0.059', 'grad_norm': '1.552', 'learning_rate': '5.906e-06', 'epoch': '5.638'}
{'loss': '0.02041', 'grad_norm': '3.581', 'learning_rate': '5.891e-06', 'epoch': '5.644'}
{'loss': '0.064', 'grad_norm': '9.258', 'learning_rate': '5.876e-06', 'epoch': '5.65'}
{'loss': '0.07098', 'grad_norm': '9.973', 'learning_rate': '5.861e-06', 'epoch': '5.656'}
{'loss': '0.03038', 'grad_norm': '4.601', 'learning_rate': '5.845e-06', 'epoch': '5.662'}
{'loss': '0.05885', 'grad_norm': '13.23', 'learning_rate': '5.83e-06', 'epoch': '5.668'}
{'loss': '0.07818', 'grad_norm': '20.36', 'learning_rate': '5.815e-06', 'epoch': '5.675'}
{'loss': '0.07054', 'grad_norm': '1.498', 'learning_rate': '5.8e-06', 'epoch': '5.681'}
{'loss': '0.08242', 'grad_norm': '3.911', 'learning_rate': '5.785e-06', 'epoch': '5.687'}
{'loss': '0.03715', 'grad_norm': '0.04143', 'learning_rate': '5.77e-06', 'epoch': '5.693'}
{'loss': '0.1236', 'grad_norm': '17.76', 'learning_rate': '5.755e-06', 'epoch': '5.699'}
{'loss': '0.02945', 'grad_norm': '0.1155', 'learning_rate': '5.74e-06', 'epoch': '5.705'}
{'loss': '0.08277', 'grad_norm': '4.879', 'learning_rate': '5.724e-06', 'epoch': '5.711'}
{'loss': '0.04975', 'grad_norm': '3.631', 'learning_rate': '5.709e-06', 'epoch': '5.717'}
{'loss': '0.0592', 'grad_norm': '12.87', 'learning_rate': '5.694e-06', 'epoch': '5.723'}
{'loss': '0.04079', 'grad_norm': '2.443', 'learning_rate': '5.679e-06', 'epoch': '5.729'}
{'loss': '0.01013', 'grad_norm': '19.25', 'learning_rate': '5.664e-06', 'epoch': '5.735'}
{'loss': '0.02659', 'grad_norm': '0.275', 'learning_rate': '5.649e-06', 'epoch': '5.741'}
{'loss': '0.03778', 'grad_norm': '0.9429', 'learning_rate': '5.634e-06', 'epoch': '5.747'}
{'loss': '0.04457', 'grad_norm': '10.76', 'learning_rate': '5.619e-06', 'epoch': '5.753'}
{'loss': '0.04701', 'grad_norm': '2.833', 'learning_rate': '5.603e-06', 'epoch': '5.759'}
{'loss': '0.05459', 'grad_norm': '1.97', 'learning_rate': '5.588e-06', 'epoch': '5.765'}
{'loss': '0.05566', 'grad_norm': '19', 'learning_rate': '5.573e-06', 'epoch': '5.771'}
{'loss': '0.03909', 'grad_norm': '0.3993', 'learning_rate': '5.558e-06', 'epoch': '5.777'}
{'loss': '0.03725', 'grad_norm': '0.08082', 'learning_rate': '5.543e-06', 'epoch': '5.783'}
{'loss': '0.0322', 'grad_norm': '0.2222', 'learning_rate': '5.528e-06', 'epoch': '5.789'}
{'loss': '0.01703', 'grad_norm': '2.233', 'learning_rate': '5.513e-06', 'epoch': '5.796'}
{'loss': '0.02977', 'grad_norm': '3.062', 'learning_rate': '5.498e-06', 'epoch': '5.802'}
{'loss': '0.04087', 'grad_norm': '7.693', 'learning_rate': '5.482e-06', 'epoch': '5.808'}
{'loss': '0.08103', 'grad_norm': '0.5631', 'learning_rate': '5.467e-06', 'epoch': '5.814'}
{'loss': '0.07459', 'grad_norm': '0.904', 'learning_rate': '5.452e-06', 'epoch': '5.82'}
{'loss': '0.08895', 'grad_norm': '16.39', 'learning_rate': '5.437e-06', 'epoch': '5.826'}
{'loss': '0.06757', 'grad_norm': '0.409', 'learning_rate': '5.422e-06', 'epoch': '5.832'}
{'loss': '0.05404', 'grad_norm': '0.5889', 'learning_rate': '5.407e-06', 'epoch': '5.838'}
{'loss': '0.06287', 'grad_norm': '14.14', 'learning_rate': '5.392e-06', 'epoch': '5.844'}
{'loss': '0.04184', 'grad_norm': '2.011', 'learning_rate': '5.377e-06', 'epoch': '5.85'}
{'loss': '0.03779', 'grad_norm': '0.1725', 'learning_rate': '5.361e-06', 'epoch': '5.856'}
{'loss': '0.02066', 'grad_norm': '3.184', 'learning_rate': '5.346e-06', 'epoch': '5.862'}
{'loss': '0.09522', 'grad_norm': '0.5505', 'learning_rate': '5.331e-06', 'epoch': '5.868'}
{'loss': '0.02765', 'grad_norm': '0.1252', 'learning_rate': '5.316e-06', 'epoch': '5.874'}
{'loss': '0.07874', 'grad_norm': '6.372', 'learning_rate': '5.301e-06', 'epoch': '5.88'}
{'loss': '0.03989', 'grad_norm': '8.092', 'learning_rate': '5.286e-06', 'epoch': '5.886'}
{'loss': '0.03106', 'grad_norm': '0.04092', 'learning_rate': '5.271e-06', 'epoch': '5.892'}
{'loss': '0.1337', 'grad_norm': '9.612', 'learning_rate': '5.256e-06', 'epoch': '5.898'}
{'loss': '0.04142', 'grad_norm': '0.9611', 'learning_rate': '5.24e-06', 'epoch': '5.904'}
{'loss': '0.06877', 'grad_norm': '10.24', 'learning_rate': '5.225e-06', 'epoch': '5.91'}
{'loss': '0.03164', 'grad_norm': '2.389', 'learning_rate': '5.21e-06', 'epoch': '5.917'}
{'loss': '0.03362', 'grad_norm': '17.73', 'learning_rate': '5.195e-06', 'epoch': '5.923'}
{'loss': '0.06402', 'grad_norm': '1.096', 'learning_rate': '5.18e-06', 'epoch': '5.929'}
{'loss': '0.0618', 'grad_norm': '1.271', 'learning_rate': '5.165e-06', 'epoch': '5.935'}
{'loss': '0.08208', 'grad_norm': '3.299', 'learning_rate': '5.15e-06', 'epoch': '5.941'}
{'loss': '0.06799', 'grad_norm': '6.701', 'learning_rate': '5.135e-06', 'epoch': '5.947'}
{'loss': '0.07206', 'grad_norm': '6.384', 'learning_rate': '5.119e-06', 'epoch': '5.953'}
{'loss': '0.0724', 'grad_norm': '0.31', 'learning_rate': '5.104e-06', 'epoch': '5.959'}
{'loss': '0.02017', 'grad_norm': '6.671', 'learning_rate': '5.089e-06', 'epoch': '5.965'}
{'loss': '0.06019', 'grad_norm': '13.31', 'learning_rate': '5.074e-06', 'epoch': '5.971'}
{'loss': '0.08387', 'grad_norm': '0.29', 'learning_rate': '5.059e-06', 'epoch': '5.977'}
{'loss': '0.04892', 'grad_norm': '4.293', 'learning_rate': '5.044e-06', 'epoch': '5.983'}
{'loss': '0.08097', 'grad_norm': '13.6', 'learning_rate': '5.029e-06', 'epoch': '5.989'}
{'loss': '0.1251', 'grad_norm': '67.18', 'learning_rate': '5.014e-06', 'epoch': '5.995'}
{'eval_loss': '0.6554', 'eval_accuracy': '0.9043', 'eval_precision': '0.9208', 'eval_recall': '0.9118', 'eval_f1': '0.9163', 'eval_runtime': '11.37', 'eval_samples_per_second': '1118', 'eval_steps_per_second': '17.51', 'epoch': '6'}
{'loss': '0.01701', 'grad_norm': '0.5156', 'learning_rate': '4.998e-06', 'epoch': '6.001'}
{'loss': '0.06592', 'grad_norm': '0.6346', 'learning_rate': '4.983e-06', 'epoch': '6.007'}
{'loss': '0.05175', 'grad_norm': '5', 'learning_rate': '4.968e-06', 'epoch': '6.013'}
{'loss': '0.04414', 'grad_norm': '5.069', 'learning_rate': '4.953e-06', 'epoch': '6.019'}
{'loss': '0.03599', 'grad_norm': '7.265', 'learning_rate': '4.938e-06', 'epoch': '6.025'}
{'loss': '0.04243', 'grad_norm': '8.764', 'learning_rate': '4.923e-06', 'epoch': '6.031'}
{'loss': '0.02337', 'grad_norm': '2.321', 'learning_rate': '4.908e-06', 'epoch': '6.038'}
{'loss': '0.05073', 'grad_norm': '6.816', 'learning_rate': '4.893e-06', 'epoch': '6.044'}
{'loss': '0.09533', 'grad_norm': '9.537', 'learning_rate': '4.877e-06', 'epoch': '6.05'}
{'loss': '0.04377', 'grad_norm': '0.1893', 'learning_rate': '4.862e-06', 'epoch': '6.056'}
{'loss': '0.05103', 'grad_norm': '11.18', 'learning_rate': '4.847e-06', 'epoch': '6.062'}
{'loss': '0.1177', 'grad_norm': '0.1283', 'learning_rate': '4.832e-06', 'epoch': '6.068'}
{'loss': '0.04052', 'grad_norm': '0.3316', 'learning_rate': '4.817e-06', 'epoch': '6.074'}
{'loss': '0.06402', 'grad_norm': '10.61', 'learning_rate': '4.802e-06', 'epoch': '6.08'}
{'loss': '0.03318', 'grad_norm': '0.3748', 'learning_rate': '4.787e-06', 'epoch': '6.086'}
{'loss': '0.05976', 'grad_norm': '24.3', 'learning_rate': '4.772e-06', 'epoch': '6.092'}
{'loss': '0.02556', 'grad_norm': '5.085', 'learning_rate': '4.757e-06', 'epoch': '6.098'}
{'loss': '0.01842', 'grad_norm': '1.612', 'learning_rate': '4.741e-06', 'epoch': '6.104'}
{'loss': '0.03564', 'grad_norm': '0.4982', 'learning_rate': '4.726e-06', 'epoch': '6.11'}
{'loss': '0.02484', 'grad_norm': '0.1134', 'learning_rate': '4.711e-06', 'epoch': '6.116'}
{'loss': '0.05289', 'grad_norm': '19.32', 'learning_rate': '4.696e-06', 'epoch': '6.122'}
{'loss': '0.1462', 'grad_norm': '16.52', 'learning_rate': '4.681e-06', 'epoch': '6.128'}
{'loss': '0.03927', 'grad_norm': '0.1412', 'learning_rate': '4.666e-06', 'epoch': '6.134'}
{'loss': '0.05608', 'grad_norm': '2.523', 'learning_rate': '4.651e-06', 'epoch': '6.14'}
{'loss': '0.08418', 'grad_norm': '5.675', 'learning_rate': '4.636e-06', 'epoch': '6.146'}
{'loss': '0.01598', 'grad_norm': '7.218', 'learning_rate': '4.62e-06', 'epoch': '6.152'}
{'loss': '0.02141', 'grad_norm': '324', 'learning_rate': '4.605e-06', 'epoch': '6.158'}
{'loss': '0.05762', 'grad_norm': '17.79', 'learning_rate': '4.59e-06', 'epoch': '6.165'}
{'loss': '0.009912', 'grad_norm': '0.04512', 'learning_rate': '4.575e-06', 'epoch': '6.171'}
{'loss': '0.06894', 'grad_norm': '11.46', 'learning_rate': '4.56e-06', 'epoch': '6.177'}
{'loss': '0.04078', 'grad_norm': '5.94', 'learning_rate': '4.545e-06', 'epoch': '6.183'}
{'loss': '0.07894', 'grad_norm': '5.318', 'learning_rate': '4.53e-06', 'epoch': '6.189'}
{'loss': '0.07099', 'grad_norm': '10.57', 'learning_rate': '4.515e-06', 'epoch': '6.195'}
{'loss': '0.06153', 'grad_norm': '21.19', 'learning_rate': '4.499e-06', 'epoch': '6.201'}
{'loss': '0.02938', 'grad_norm': '0.4925', 'learning_rate': '4.484e-06', 'epoch': '6.207'}
{'loss': '0.08166', 'grad_norm': '20.86', 'learning_rate': '4.469e-06', 'epoch': '6.213'}
{'loss': '0.09782', 'grad_norm': '6.894', 'learning_rate': '4.454e-06', 'epoch': '6.219'}
{'loss': '0.07003', 'grad_norm': '0.8635', 'learning_rate': '4.439e-06', 'epoch': '6.225'}
{'loss': '0.06065', 'grad_norm': '6.441', 'learning_rate': '4.424e-06', 'epoch': '6.231'}
{'loss': '0.04126', 'grad_norm': '7.571', 'learning_rate': '4.409e-06', 'epoch': '6.237'}
{'loss': '0.06092', 'grad_norm': '0.04914', 'learning_rate': '4.394e-06', 'epoch': '6.243'}
{'loss': '0.04851', 'grad_norm': '11.35', 'learning_rate': '4.378e-06', 'epoch': '6.249'}
{'loss': '0.0408', 'grad_norm': '0.209', 'learning_rate': '4.363e-06', 'epoch': '6.255'}
{'loss': '0.02993', 'grad_norm': '6.091', 'learning_rate': '4.348e-06', 'epoch': '6.261'}
{'loss': '0.04465', 'grad_norm': '0.1022', 'learning_rate': '4.333e-06', 'epoch': '6.267'}
{'loss': '0.04935', 'grad_norm': '7.707', 'learning_rate': '4.318e-06', 'epoch': '6.273'}
{'loss': '0.04422', 'grad_norm': '32.44', 'learning_rate': '4.303e-06', 'epoch': '6.279'}
{'loss': '0.06004', 'grad_norm': '6.465', 'learning_rate': '4.288e-06', 'epoch': '6.286'}
{'loss': '0.05223', 'grad_norm': '0.125', 'learning_rate': '4.273e-06', 'epoch': '6.292'}
{'loss': '0.01638', 'grad_norm': '3.432', 'learning_rate': '4.257e-06', 'epoch': '6.298'}
{'loss': '0.07392', 'grad_norm': '44.16', 'learning_rate': '4.242e-06', 'epoch': '6.304'}
{'loss': '0.02578', 'grad_norm': '0.5604', 'learning_rate': '4.227e-06', 'epoch': '6.31'}
{'loss': '0.08898', 'grad_norm': '3.325', 'learning_rate': '4.212e-06', 'epoch': '6.316'}
{'loss': '0.03628', 'grad_norm': '6.496', 'learning_rate': '4.197e-06', 'epoch': '6.322'}
{'loss': '0.03324', 'grad_norm': '0.1206', 'learning_rate': '4.182e-06', 'epoch': '6.328'}
{'loss': '0.06421', 'grad_norm': '0.2394', 'learning_rate': '4.167e-06', 'epoch': '6.334'}
{'loss': '0.0441', 'grad_norm': '20.05', 'learning_rate': '4.152e-06', 'epoch': '6.34'}
{'loss': '0.06366', 'grad_norm': '5.041', 'learning_rate': '4.136e-06', 'epoch': '6.346'}
{'loss': '0.01819', 'grad_norm': '1.471', 'learning_rate': '4.121e-06', 'epoch': '6.352'}
{'loss': '0.03011', 'grad_norm': '0.3255', 'learning_rate': '4.106e-06', 'epoch': '6.358'}
{'loss': '0.1256', 'grad_norm': '15.84', 'learning_rate': '4.091e-06', 'epoch': '6.364'}
{'loss': '0.06633', 'grad_norm': '6.471', 'learning_rate': '4.076e-06', 'epoch': '6.37'}
{'loss': '0.03381', 'grad_norm': '0.5753', 'learning_rate': '4.061e-06', 'epoch': '6.376'}
{'loss': '0.01257', 'grad_norm': '2.121', 'learning_rate': '4.046e-06', 'epoch': '6.382'}
{'loss': '0.05681', 'grad_norm': '5.114', 'learning_rate': '4.031e-06', 'epoch': '6.388'}
{'loss': '0.06025', 'grad_norm': '1.078', 'learning_rate': '4.015e-06', 'epoch': '6.394'}
{'loss': '0.07038', 'grad_norm': '15.88', 'learning_rate': '4e-06', 'epoch': '6.4'}
{'loss': '0.03154', 'grad_norm': '0.2955', 'learning_rate': '3.985e-06', 'epoch': '6.407'}
{'loss': '0.07501', 'grad_norm': '0.05613', 'learning_rate': '3.97e-06', 'epoch': '6.413'}
{'loss': '0.02125', 'grad_norm': '0.4093', 'learning_rate': '3.955e-06', 'epoch': '6.419'}
{'loss': '0.05587', 'grad_norm': '2.376', 'learning_rate': '3.94e-06', 'epoch': '6.425'}
{'loss': '0.0171', 'grad_norm': '0.6235', 'learning_rate': '3.925e-06', 'epoch': '6.431'}
{'loss': '0.02032', 'grad_norm': '349.9', 'learning_rate': '3.91e-06', 'epoch': '6.437'}
{'loss': '0.02117', 'grad_norm': '14', 'learning_rate': '3.894e-06', 'epoch': '6.443'}
{'loss': '0.03576', 'grad_norm': '6.588', 'learning_rate': '3.879e-06', 'epoch': '6.449'}
{'loss': '0.06841', 'grad_norm': '0.03399', 'learning_rate': '3.864e-06', 'epoch': '6.455'}
{'loss': '0.05416', 'grad_norm': '16.1', 'learning_rate': '3.849e-06', 'epoch': '6.461'}
{'loss': '0.05979', 'grad_norm': '6.402', 'learning_rate': '3.834e-06', 'epoch': '6.467'}
{'loss': '0.05927', 'grad_norm': '7.513', 'learning_rate': '3.819e-06', 'epoch': '6.473'}
{'loss': '0.03934', 'grad_norm': '0.01575', 'learning_rate': '3.804e-06', 'epoch': '6.479'}
{'loss': '0.05175', 'grad_norm': '10.76', 'learning_rate': '3.789e-06', 'epoch': '6.485'}
{'loss': '0.06477', 'grad_norm': '0.4583', 'learning_rate': '3.773e-06', 'epoch': '6.491'}
{'loss': '0.02314', 'grad_norm': '0.1634', 'learning_rate': '3.758e-06', 'epoch': '6.497'}
{'loss': '0.01115', 'grad_norm': '13.61', 'learning_rate': '3.743e-06', 'epoch': '6.503'}
{'loss': '0.04205', 'grad_norm': '4.396', 'learning_rate': '3.728e-06', 'epoch': '6.509'}
{'loss': '0.05344', 'grad_norm': '8.809', 'learning_rate': '3.713e-06', 'epoch': '6.515'}
{'loss': '0.06077', 'grad_norm': '14.05', 'learning_rate': '3.698e-06', 'epoch': '6.521'}
{'loss': '0.05301', 'grad_norm': '0.4756', 'learning_rate': '3.683e-06', 'epoch': '6.528'}
{'loss': '0.03817', 'grad_norm': '0.1227', 'learning_rate': '3.668e-06', 'epoch': '6.534'}
{'loss': '0.04398', 'grad_norm': '7.736', 'learning_rate': '3.652e-06', 'epoch': '6.54'}
{'loss': '0.0692', 'grad_norm': '13.79', 'learning_rate': '3.637e-06', 'epoch': '6.546'}
{'loss': '0.03798', 'grad_norm': '0.4668', 'learning_rate': '3.622e-06', 'epoch': '6.552'}
{'loss': '0.0472', 'grad_norm': '0.2602', 'learning_rate': '3.607e-06', 'epoch': '6.558'}
{'loss': '0.06245', 'grad_norm': '22.53', 'learning_rate': '3.592e-06', 'epoch': '6.564'}
{'loss': '0.02225', 'grad_norm': '1.058', 'learning_rate': '3.577e-06', 'epoch': '6.57'}
{'loss': '0.07422', 'grad_norm': '1.146', 'learning_rate': '3.562e-06', 'epoch': '6.576'}
{'loss': '0.0435', 'grad_norm': '12.5', 'learning_rate': '3.547e-06', 'epoch': '6.582'}
{'loss': '0.08557', 'grad_norm': '5.843', 'learning_rate': '3.531e-06', 'epoch': '6.588'}
{'loss': '0.0645', 'grad_norm': '8.06', 'learning_rate': '3.516e-06', 'epoch': '6.594'}
{'loss': '0.05815', 'grad_norm': '9.382', 'learning_rate': '3.501e-06', 'epoch': '6.6'}
{'loss': '0.07694', 'grad_norm': '2.299', 'learning_rate': '3.486e-06', 'epoch': '6.606'}
{'loss': '0.06314', 'grad_norm': '1.853', 'learning_rate': '3.471e-06', 'epoch': '6.612'}
{'loss': '0.03791', 'grad_norm': '0.05857', 'learning_rate': '3.456e-06', 'epoch': '6.618'}
{'loss': '0.06389', 'grad_norm': '8.856', 'learning_rate': '3.441e-06', 'epoch': '6.624'}
{'loss': '0.07203', 'grad_norm': '4.225', 'learning_rate': '3.426e-06', 'epoch': '6.63'}
{'loss': '0.04037', 'grad_norm': '16.85', 'learning_rate': '3.41e-06', 'epoch': '6.636'}
{'loss': '0.03175', 'grad_norm': '1.5', 'learning_rate': '3.395e-06', 'epoch': '6.642'}
{'loss': '0.02934', 'grad_norm': '24.62', 'learning_rate': '3.38e-06', 'epoch': '6.649'}
{'loss': '0.04498', 'grad_norm': '1.194', 'learning_rate': '3.365e-06', 'epoch': '6.655'}
{'loss': '0.03512', 'grad_norm': '14.42', 'learning_rate': '3.35e-06', 'epoch': '6.661'}
{'loss': '0.1249', 'grad_norm': '0.05273', 'learning_rate': '3.335e-06', 'epoch': '6.667'}
{'loss': '0.03401', 'grad_norm': '1.163', 'learning_rate': '3.32e-06', 'epoch': '6.673'}
{'loss': '0.0254', 'grad_norm': '0.5711', 'learning_rate': '3.305e-06', 'epoch': '6.679'}
{'loss': '0.02331', 'grad_norm': '0.3718', 'learning_rate': '3.289e-06', 'epoch': '6.685'}
{'loss': '0.04264', 'grad_norm': '7.35', 'learning_rate': '3.274e-06', 'epoch': '6.691'}
{'loss': '0.04828', 'grad_norm': '0.4692', 'learning_rate': '3.259e-06', 'epoch': '6.697'}
{'loss': '0.07235', 'grad_norm': '6.927', 'learning_rate': '3.244e-06', 'epoch': '6.703'}
{'loss': '0.03692', 'grad_norm': '3.155', 'learning_rate': '3.229e-06', 'epoch': '6.709'}
{'loss': '0.06218', 'grad_norm': '16.52', 'learning_rate': '3.214e-06', 'epoch': '6.715'}
{'loss': '0.07691', 'grad_norm': '0.1986', 'learning_rate': '3.199e-06', 'epoch': '6.721'}
{'loss': '0.02815', 'grad_norm': '4.619', 'learning_rate': '3.184e-06', 'epoch': '6.727'}
{'loss': '0.01033', 'grad_norm': '2.863', 'learning_rate': '3.168e-06', 'epoch': '6.733'}
{'loss': '0.02505', 'grad_norm': '1.376', 'learning_rate': '3.153e-06', 'epoch': '6.739'}
{'loss': '0.08208', 'grad_norm': '1.363', 'learning_rate': '3.138e-06', 'epoch': '6.745'}
{'loss': '0.03695', 'grad_norm': '6.173', 'learning_rate': '3.123e-06', 'epoch': '6.751'}
{'loss': '0.03793', 'grad_norm': '4.255', 'learning_rate': '3.108e-06', 'epoch': '6.757'}
{'loss': '0.09662', 'grad_norm': '7.081', 'learning_rate': '3.093e-06', 'epoch': '6.763'}
{'loss': '0.05957', 'grad_norm': '4.983', 'learning_rate': '3.078e-06', 'epoch': '6.77'}
{'loss': '0.03119', 'grad_norm': '8.838', 'learning_rate': '3.063e-06', 'epoch': '6.776'}
{'loss': '0.009912', 'grad_norm': '3.831', 'learning_rate': '3.047e-06', 'epoch': '6.782'}
{'loss': '0.03301', 'grad_norm': '2.424', 'learning_rate': '3.032e-06', 'epoch': '6.788'}
{'loss': '0.04577', 'grad_norm': '1.351', 'learning_rate': '3.017e-06', 'epoch': '6.794'}
{'loss': '0.01351', 'grad_norm': '0.6004', 'learning_rate': '3.002e-06', 'epoch': '6.8'}
{'loss': '0.08115', 'grad_norm': '12.78', 'learning_rate': '2.987e-06', 'epoch': '6.806'}
{'loss': '0.04096', 'grad_norm': '0.471', 'learning_rate': '2.972e-06', 'epoch': '6.812'}
{'loss': '0.04046', 'grad_norm': '5.158', 'learning_rate': '2.957e-06', 'epoch': '6.818'}
{'loss': '0.05488', 'grad_norm': '1.303', 'learning_rate': '2.942e-06', 'epoch': '6.824'}
{'loss': '0.06464', 'grad_norm': '0.2038', 'learning_rate': '2.926e-06', 'epoch': '6.83'}
{'loss': '0.05417', 'grad_norm': '10.76', 'learning_rate': '2.911e-06', 'epoch': '6.836'}
{'loss': '0.04634', 'grad_norm': '2.113', 'learning_rate': '2.896e-06', 'epoch': '6.842'}
{'loss': '0.06072', 'grad_norm': '0.03925', 'learning_rate': '2.881e-06', 'epoch': '6.848'}
{'loss': '0.05317', 'grad_norm': '0.7629', 'learning_rate': '2.866e-06', 'epoch': '6.854'}
{'loss': '0.04116', 'grad_norm': '21.54', 'learning_rate': '2.851e-06', 'epoch': '6.86'}
{'loss': '0.05066', 'grad_norm': '2.074', 'learning_rate': '2.836e-06', 'epoch': '6.866'}
{'loss': '0.0504', 'grad_norm': '10.91', 'learning_rate': '2.821e-06', 'epoch': '6.872'}
{'loss': '0.06606', 'grad_norm': '0.08246', 'learning_rate': '2.806e-06', 'epoch': '6.878'}
{'loss': '0.04561', 'grad_norm': '3.621', 'learning_rate': '2.79e-06', 'epoch': '6.884'}
{'loss': '0.03111', 'grad_norm': '0.7391', 'learning_rate': '2.775e-06', 'epoch': '6.891'}
{'loss': '0.08575', 'grad_norm': '7.045', 'learning_rate': '2.76e-06', 'epoch': '6.897'}
{'loss': '0.04338', 'grad_norm': '138.4', 'learning_rate': '2.745e-06', 'epoch': '6.903'}
{'loss': '0.05399', 'grad_norm': '97.18', 'learning_rate': '2.73e-06', 'epoch': '6.909'}
{'loss': '0.04702', 'grad_norm': '2.499', 'learning_rate': '2.715e-06', 'epoch': '6.915'}
{'loss': '0.04933', 'grad_norm': '7.785', 'learning_rate': '2.7e-06', 'epoch': '6.921'}
{'loss': '0.126', 'grad_norm': '10.32', 'learning_rate': '2.685e-06', 'epoch': '6.927'}
{'loss': '0.03691', 'grad_norm': '7.792', 'learning_rate': '2.669e-06', 'epoch': '6.933'}
{'loss': '0.02632', 'grad_norm': '3.661', 'learning_rate': '2.654e-06', 'epoch': '6.939'}
{'loss': '0.01494', 'grad_norm': '0.03001', 'learning_rate': '2.639e-06', 'epoch': '6.945'}
{'loss': '0.05923', 'grad_norm': '4.838', 'learning_rate': '2.624e-06', 'epoch': '6.951'}
{'loss': '0.05878', 'grad_norm': '0.5279', 'learning_rate': '2.609e-06', 'epoch': '6.957'}
{'loss': '0.06875', 'grad_norm': '9.918', 'learning_rate': '2.594e-06', 'epoch': '6.963'}
{'loss': '0.07144', 'grad_norm': '13.1', 'learning_rate': '2.579e-06', 'epoch': '6.969'}
{'loss': '0.01875', 'grad_norm': '7.399', 'learning_rate': '2.564e-06', 'epoch': '6.975'}
{'loss': '0.0434', 'grad_norm': '10.79', 'learning_rate': '2.548e-06', 'epoch': '6.981'}
{'loss': '0.04321', 'grad_norm': '0.2966', 'learning_rate': '2.533e-06', 'epoch': '6.987'}
{'loss': '0.09873', 'grad_norm': '7.75', 'learning_rate': '2.518e-06', 'epoch': '6.993'}
{'loss': '0.01719', 'grad_norm': '5.287', 'learning_rate': '2.503e-06', 'epoch': '6.999'}
{'eval_loss': '0.6642', 'eval_accuracy': '0.9028', 'eval_precision': '0.9171', 'eval_recall': '0.9135', 'eval_f1': '0.9153', 'eval_runtime': '11.31', 'eval_samples_per_second': '1124', 'eval_steps_per_second': '17.59', 'epoch': '7'}
{'loss': '0.03796', 'grad_norm': '0.1951', 'learning_rate': '2.488e-06', 'epoch': '7.005'}
{'loss': '0.0635', 'grad_norm': '10.45', 'learning_rate': '2.473e-06', 'epoch': '7.011'}
{'loss': '0.03815', 'grad_norm': '7.406', 'learning_rate': '2.458e-06', 'epoch': '7.018'}
{'loss': '0.02681', 'grad_norm': '3.341', 'learning_rate': '2.443e-06', 'epoch': '7.024'}
{'loss': '0.0266', 'grad_norm': '0.02121', 'learning_rate': '2.427e-06', 'epoch': '7.03'}
{'loss': '0.03868', 'grad_norm': '1.321', 'learning_rate': '2.412e-06', 'epoch': '7.036'}
{'loss': '0.07945', 'grad_norm': '204.8', 'learning_rate': '2.397e-06', 'epoch': '7.042'}
{'loss': '0.03687', 'grad_norm': '9.332', 'learning_rate': '2.382e-06', 'epoch': '7.048'}
{'loss': '0.0396', 'grad_norm': '0.266', 'learning_rate': '2.367e-06', 'epoch': '7.054'}
{'loss': '0.02836', 'grad_norm': '11.57', 'learning_rate': '2.352e-06', 'epoch': '7.06'}
{'loss': '0.08727', 'grad_norm': '16.12', 'learning_rate': '2.337e-06', 'epoch': '7.066'}
{'loss': '0.04658', 'grad_norm': '9.235', 'learning_rate': '2.322e-06', 'epoch': '7.072'}
{'loss': '0.0139', 'grad_norm': '2.763', 'learning_rate': '2.306e-06', 'epoch': '7.078'}
{'loss': '0.03353', 'grad_norm': '0.1487', 'learning_rate': '2.291e-06', 'epoch': '7.084'}
{'loss': '0.04342', 'grad_norm': '0.4117', 'learning_rate': '2.276e-06', 'epoch': '7.09'}
{'loss': '0.05377', 'grad_norm': '5.436', 'learning_rate': '2.261e-06', 'epoch': '7.096'}
{'loss': '0.08617', 'grad_norm': '4.504', 'learning_rate': '2.246e-06', 'epoch': '7.102'}
{'loss': '0.04054', 'grad_norm': '1.065', 'learning_rate': '2.231e-06', 'epoch': '7.108'}
{'loss': '0.01708', 'grad_norm': '0.5786', 'learning_rate': '2.216e-06', 'epoch': '7.114'}
{'loss': '0.0591', 'grad_norm': '20.35', 'learning_rate': '2.201e-06', 'epoch': '7.12'}
{'loss': '0.04341', 'grad_norm': '0.5584', 'learning_rate': '2.185e-06', 'epoch': '7.126'}
{'loss': '0.05295', 'grad_norm': '22.12', 'learning_rate': '2.17e-06', 'epoch': '7.132'}
{'loss': '0.04884', 'grad_norm': '2.137', 'learning_rate': '2.155e-06', 'epoch': '7.139'}
{'loss': '0.01628', 'grad_norm': '3.971', 'learning_rate': '2.14e-06', 'epoch': '7.145'}
{'loss': '0.03046', 'grad_norm': '0.8562', 'learning_rate': '2.125e-06', 'epoch': '7.151'}
{'loss': '0.0325', 'grad_norm': '10.2', 'learning_rate': '2.11e-06', 'epoch': '7.157'}
{'loss': '0.04323', 'grad_norm': '3.525', 'learning_rate': '2.095e-06', 'epoch': '7.163'}
{'loss': '0.03241', 'grad_norm': '0.4814', 'learning_rate': '2.08e-06', 'epoch': '7.169'}
{'loss': '0.05899', 'grad_norm': '9.505', 'learning_rate': '2.064e-06', 'epoch': '7.175'}
{'loss': '0.02854', 'grad_norm': '18.73', 'learning_rate': '2.049e-06', 'epoch': '7.181'}
{'loss': '0.05435', 'grad_norm': '9.037', 'learning_rate': '2.034e-06', 'epoch': '7.187'}
{'loss': '0.02788', 'grad_norm': '0.343', 'learning_rate': '2.019e-06', 'epoch': '7.193'}
{'loss': '0.08278', 'grad_norm': '0.7427', 'learning_rate': '2.004e-06', 'epoch': '7.199'}
{'loss': '0.05369', 'grad_norm': '1.766', 'learning_rate': '1.989e-06', 'epoch': '7.205'}
{'loss': '0.03241', 'grad_norm': '5.445', 'learning_rate': '1.974e-06', 'epoch': '7.211'}
{'loss': '0.07124', 'grad_norm': '6.956', 'learning_rate': '1.959e-06', 'epoch': '7.217'}
{'loss': '0.09282', 'grad_norm': '3.737', 'learning_rate': '1.943e-06', 'epoch': '7.223'}
{'loss': '0.06298', 'grad_norm': '8.166', 'learning_rate': '1.928e-06', 'epoch': '7.229'}
{'loss': '0.04793', 'grad_norm': '0.05212', 'learning_rate': '1.913e-06', 'epoch': '7.235'}
{'loss': '0.04988', 'grad_norm': '17.59', 'learning_rate': '1.898e-06', 'epoch': '7.241'}
{'loss': '0.01521', 'grad_norm': '0.9175', 'learning_rate': '1.883e-06', 'epoch': '7.247'}
{'loss': '0.05917', 'grad_norm': '3.941', 'learning_rate': '1.868e-06', 'epoch': '7.253'}
{'loss': '0.01983', 'grad_norm': '0.2539', 'learning_rate': '1.853e-06', 'epoch': '7.26'}
{'loss': '0.05095', 'grad_norm': '13.13', 'learning_rate': '1.838e-06', 'epoch': '7.266'}
{'loss': '0.01522', 'grad_norm': '0.3352', 'learning_rate': '1.822e-06', 'epoch': '7.272'}
{'loss': '0.06588', 'grad_norm': '5.88', 'learning_rate': '1.807e-06', 'epoch': '7.278'}
{'loss': '0.05758', 'grad_norm': '4.773', 'learning_rate': '1.792e-06', 'epoch': '7.284'}
{'loss': '0.05467', 'grad_norm': '0.2523', 'learning_rate': '1.777e-06', 'epoch': '7.29'}
{'loss': '0.07928', 'grad_norm': '0.3182', 'learning_rate': '1.762e-06', 'epoch': '7.296'}
{'loss': '0.1108', 'grad_norm': '0.926', 'learning_rate': '1.747e-06', 'epoch': '7.302'}
{'loss': '0.09374', 'grad_norm': '0.279', 'learning_rate': '1.732e-06', 'epoch': '7.308'}
{'loss': '0.05569', 'grad_norm': '7.526', 'learning_rate': '1.717e-06', 'epoch': '7.314'}
{'loss': '0.03148', 'grad_norm': '3.639', 'learning_rate': '1.701e-06', 'epoch': '7.32'}
{'loss': '0.06216', 'grad_norm': '27.88', 'learning_rate': '1.686e-06', 'epoch': '7.326'}
{'loss': '0.02753', 'grad_norm': '3.974', 'learning_rate': '1.671e-06', 'epoch': '7.332'}
{'loss': '0.0366', 'grad_norm': '1.12', 'learning_rate': '1.656e-06', 'epoch': '7.338'}
{'loss': '0.04112', 'grad_norm': '11.85', 'learning_rate': '1.641e-06', 'epoch': '7.344'}
{'loss': '0.03345', 'grad_norm': '4.223', 'learning_rate': '1.626e-06', 'epoch': '7.35'}
{'loss': '0.03019', 'grad_norm': '64.41', 'learning_rate': '1.611e-06', 'epoch': '7.356'}
{'loss': '0.02726', 'grad_norm': '0.2069', 'learning_rate': '1.596e-06', 'epoch': '7.362'}
{'loss': '0.007705', 'grad_norm': '0.502', 'learning_rate': '1.58e-06', 'epoch': '7.368'}
{'loss': '0.03283', 'grad_norm': '0.5731', 'learning_rate': '1.565e-06', 'epoch': '7.374'}
{'loss': '0.03167', 'grad_norm': '8.906', 'learning_rate': '1.55e-06', 'epoch': '7.381'}
{'loss': '0.01106', 'grad_norm': '0.02503', 'learning_rate': '1.535e-06', 'epoch': '7.387'}
{'loss': '0.02405', 'grad_norm': '1.904', 'learning_rate': '1.52e-06', 'epoch': '7.393'}
{'loss': '0.03665', 'grad_norm': '0.2531', 'learning_rate': '1.505e-06', 'epoch': '7.399'}
{'loss': '0.01177', 'grad_norm': '0.8387', 'learning_rate': '1.49e-06', 'epoch': '7.405'}
{'loss': '0.04575', 'grad_norm': '1.779', 'learning_rate': '1.475e-06', 'epoch': '7.411'}
{'loss': '0.07271', 'grad_norm': '12.59', 'learning_rate': '1.459e-06', 'epoch': '7.417'}
{'loss': '0.01853', 'grad_norm': '0.8703', 'learning_rate': '1.444e-06', 'epoch': '7.423'}
{'loss': '0.08561', 'grad_norm': '24.02', 'learning_rate': '1.429e-06', 'epoch': '7.429'}
{'loss': '0.05949', 'grad_norm': '2.499', 'learning_rate': '1.414e-06', 'epoch': '7.435'}
{'loss': '0.04787', 'grad_norm': '3.822', 'learning_rate': '1.399e-06', 'epoch': '7.441'}
{'loss': '0.06012', 'grad_norm': '1.17', 'learning_rate': '1.384e-06', 'epoch': '7.447'}
{'loss': '0.02646', 'grad_norm': '0.03094', 'learning_rate': '1.369e-06', 'epoch': '7.453'}
{'loss': '0.03955', 'grad_norm': '1.132', 'learning_rate': '1.354e-06', 'epoch': '7.459'}
{'loss': '0.05665', 'grad_norm': '0.8863', 'learning_rate': '1.338e-06', 'epoch': '7.465'}
{'loss': '0.05095', 'grad_norm': '7.258', 'learning_rate': '1.323e-06', 'epoch': '7.471'}
{'loss': '0.0521', 'grad_norm': '0.182', 'learning_rate': '1.308e-06', 'epoch': '7.477'}
{'loss': '0.05053', 'grad_norm': '6.044', 'learning_rate': '1.293e-06', 'epoch': '7.483'}
{'loss': '0.02416', 'grad_norm': '0.8706', 'learning_rate': '1.278e-06', 'epoch': '7.489'}
{'loss': '0.05955', 'grad_norm': '1.425', 'learning_rate': '1.263e-06', 'epoch': '7.495'}
{'loss': '0.09209', 'grad_norm': '44.42', 'learning_rate': '1.248e-06', 'epoch': '7.502'}
{'loss': '0.01857', 'grad_norm': '2.75', 'learning_rate': '1.233e-06', 'epoch': '7.508'}
{'loss': '0.0829', 'grad_norm': '10.57', 'learning_rate': '1.217e-06', 'epoch': '7.514'}
{'loss': '0.04085', 'grad_norm': '0.1937', 'learning_rate': '1.202e-06', 'epoch': '7.52'}
{'loss': '0.04331', 'grad_norm': '0.1763', 'learning_rate': '1.187e-06', 'epoch': '7.526'}
{'loss': '0.07531', 'grad_norm': '0.09166', 'learning_rate': '1.172e-06', 'epoch': '7.532'}
{'loss': '0.03514', 'grad_norm': '7.26', 'learning_rate': '1.157e-06', 'epoch': '7.538'}
{'loss': '0.05227', 'grad_norm': '3.864', 'learning_rate': '1.142e-06', 'epoch': '7.544'}
{'loss': '0.06649', 'grad_norm': '2.193', 'learning_rate': '1.127e-06', 'epoch': '7.55'}
{'loss': '0.02468', 'grad_norm': '0.5396', 'learning_rate': '1.112e-06', 'epoch': '7.556'}
{'loss': '0.07187', 'grad_norm': '0.08078', 'learning_rate': '1.096e-06', 'epoch': '7.562'}
{'loss': '0.04592', 'grad_norm': '30.26', 'learning_rate': '1.081e-06', 'epoch': '7.568'}
{'loss': '0.04057', 'grad_norm': '11.35', 'learning_rate': '1.066e-06', 'epoch': '7.574'}
{'loss': '0.06726', 'grad_norm': '8.467', 'learning_rate': '1.051e-06', 'epoch': '7.58'}
{'loss': '0.07984', 'grad_norm': '5.552', 'learning_rate': '1.036e-06', 'epoch': '7.586'}
{'loss': '0.04608', 'grad_norm': '0.6304', 'learning_rate': '1.021e-06', 'epoch': '7.592'}
{'loss': '0.0883', 'grad_norm': '8.496', 'learning_rate': '1.006e-06', 'epoch': '7.598'}
{'loss': '0.05216', 'grad_norm': '0.02052', 'learning_rate': '9.906e-07', 'epoch': '7.604'}
{'loss': '0.02638', 'grad_norm': '7.875', 'learning_rate': '9.755e-07', 'epoch': '7.61'}
{'loss': '0.07215', 'grad_norm': '16.71', 'learning_rate': '9.604e-07', 'epoch': '7.616'}
{'loss': '0.06684', 'grad_norm': '8.164', 'learning_rate': '9.453e-07', 'epoch': '7.623'}
{'loss': '0.06492', 'grad_norm': '135.5', 'learning_rate': '9.301e-07', 'epoch': '7.629'}
{'loss': '0.05327', 'grad_norm': '18.7', 'learning_rate': '9.15e-07', 'epoch': '7.635'}
{'loss': '0.04487', 'grad_norm': '1.561', 'learning_rate': '8.999e-07', 'epoch': '7.641'}
{'loss': '0.05143', 'grad_norm': '5.318', 'learning_rate': '8.848e-07', 'epoch': '7.647'}
{'loss': '0.09271', 'grad_norm': '13.85', 'learning_rate': '8.696e-07', 'epoch': '7.653'}
{'loss': '0.02262', 'grad_norm': '1.722', 'learning_rate': '8.545e-07', 'epoch': '7.659'}
{'loss': '0.06412', 'grad_norm': '7.451', 'learning_rate': '8.394e-07', 'epoch': '7.665'}
{'loss': '0.04382', 'grad_norm': '11.04', 'learning_rate': '8.243e-07', 'epoch': '7.671'}
{'loss': '0.02545', 'grad_norm': '0.9448', 'learning_rate': '8.091e-07', 'epoch': '7.677'}
{'loss': '0.0555', 'grad_norm': '4.083', 'learning_rate': '7.94e-07', 'epoch': '7.683'}
{'loss': '0.02197', 'grad_norm': '0.4398', 'learning_rate': '7.789e-07', 'epoch': '7.689'}
{'loss': '0.01817', 'grad_norm': '7.205', 'learning_rate': '7.638e-07', 'epoch': '7.695'}
{'loss': '0.05044', 'grad_norm': '15.97', 'learning_rate': '7.486e-07', 'epoch': '7.701'}
{'loss': '0.06764', 'grad_norm': '0.1942', 'learning_rate': '7.335e-07', 'epoch': '7.707'}
{'loss': '0.08119', 'grad_norm': '13.58', 'learning_rate': '7.184e-07', 'epoch': '7.713'}
{'loss': '0.06049', 'grad_norm': '0.5527', 'learning_rate': '7.033e-07', 'epoch': '7.719'}
{'loss': '0.03932', 'grad_norm': '0.1796', 'learning_rate': '6.881e-07', 'epoch': '7.725'}
{'loss': '0.06378', 'grad_norm': '10.13', 'learning_rate': '6.73e-07', 'epoch': '7.731'}
{'loss': '0.06785', 'grad_norm': '0.07343', 'learning_rate': '6.579e-07', 'epoch': '7.737'}
{'loss': '0.0553', 'grad_norm': '0.7048', 'learning_rate': '6.428e-07', 'epoch': '7.743'}
{'loss': '0.051', 'grad_norm': '0.123', 'learning_rate': '6.276e-07', 'epoch': '7.75'}
{'loss': '0.05202', 'grad_norm': '31.2', 'learning_rate': '6.125e-07', 'epoch': '7.756'}
{'loss': '0.03068', 'grad_norm': '0.9397', 'learning_rate': '5.974e-07', 'epoch': '7.762'}
{'loss': '0.03004', 'grad_norm': '11.02', 'learning_rate': '5.823e-07', 'epoch': '7.768'}
{'loss': '0.01672', 'grad_norm': '9.688', 'learning_rate': '5.672e-07', 'epoch': '7.774'}
{'loss': '0.05031', 'grad_norm': '21.76', 'learning_rate': '5.52e-07', 'epoch': '7.78'}
{'loss': '0.04331', 'grad_norm': '0.2031', 'learning_rate': '5.369e-07', 'epoch': '7.786'}
{'loss': '0.02908', 'grad_norm': '1.766', 'learning_rate': '5.218e-07', 'epoch': '7.792'}
{'loss': '0.01826', 'grad_norm': '0.7918', 'learning_rate': '5.067e-07', 'epoch': '7.798'}
{'loss': '0.06138', 'grad_norm': '8.014', 'learning_rate': '4.915e-07', 'epoch': '7.804'}
{'loss': '0.06366', 'grad_norm': '4.805', 'learning_rate': '4.764e-07', 'epoch': '7.81'}
{'loss': '0.05848', 'grad_norm': '3.138', 'learning_rate': '4.613e-07', 'epoch': '7.816'}
{'loss': '0.04661', 'grad_norm': '7.981', 'learning_rate': '4.462e-07', 'epoch': '7.822'}
{'loss': '0.0266', 'grad_norm': '0.3303', 'learning_rate': '4.31e-07', 'epoch': '7.828'}
{'loss': '0.04366', 'grad_norm': '23.28', 'learning_rate': '4.159e-07', 'epoch': '7.834'}
{'loss': '0.02174', 'grad_norm': '3.369', 'learning_rate': '4.008e-07', 'epoch': '7.84'}
{'loss': '0.1013', 'grad_norm': '14.02', 'learning_rate': '3.857e-07', 'epoch': '7.846'}
{'loss': '0.05993', 'grad_norm': '0.7028', 'learning_rate': '3.705e-07', 'epoch': '7.852'}
{'loss': '0.03475', 'grad_norm': '4.638', 'learning_rate': '3.554e-07', 'epoch': '7.858'}
{'loss': '0.0247', 'grad_norm': '0.01807', 'learning_rate': '3.403e-07', 'epoch': '7.864'}
{'loss': '0.03856', 'grad_norm': '0.1622', 'learning_rate': '3.252e-07', 'epoch': '7.871'}
{'loss': '0.02835', 'grad_norm': '0.05998', 'learning_rate': '3.1e-07', 'epoch': '7.877'}
{'loss': '0.03308', 'grad_norm': '8.763', 'learning_rate': '2.949e-07', 'epoch': '7.883'}
{'loss': '0.06489', 'grad_norm': '1.762', 'learning_rate': '2.798e-07', 'epoch': '7.889'}
{'loss': '0.02425', 'grad_norm': '0.04169', 'learning_rate': '2.647e-07', 'epoch': '7.895'}
{'loss': '0.03743', 'grad_norm': '0.3337', 'learning_rate': '2.495e-07', 'epoch': '7.901'}
{'loss': '0.06034', 'grad_norm': '14.47', 'learning_rate': '2.344e-07', 'epoch': '7.907'}
{'loss': '0.01237', 'grad_norm': '5.166', 'learning_rate': '2.193e-07', 'epoch': '7.913'}
{'loss': '0.05452', 'grad_norm': '0.7905', 'learning_rate': '2.042e-07', 'epoch': '7.919'}
{'loss': '0.04011', 'grad_norm': '50.91', 'learning_rate': '1.891e-07', 'epoch': '7.925'}
{'loss': '0.02942', 'grad_norm': '7.254', 'learning_rate': '1.739e-07', 'epoch': '7.931'}
{'loss': '0.03395', 'grad_norm': '0.1289', 'learning_rate': '1.588e-07', 'epoch': '7.937'}
{'loss': '0.007831', 'grad_norm': '0.03797', 'learning_rate': '1.437e-07', 'epoch': '7.943'}
{'loss': '0.05319', 'grad_norm': '64.41', 'learning_rate': '1.286e-07', 'epoch': '7.949'}
{'loss': '0.04379', 'grad_norm': '0.1062', 'learning_rate': '1.134e-07', 'epoch': '7.955'}
{'loss': '0.08899', 'grad_norm': '40.73', 'learning_rate': '9.831e-08', 'epoch': '7.961'}
{'loss': '0.03759', 'grad_norm': '1.325', 'learning_rate': '8.318e-08', 'epoch': '7.967'}
{'loss': '0.08053', 'grad_norm': '2.276', 'learning_rate': '6.806e-08', 'epoch': '7.973'}
{'loss': '0.03139', 'grad_norm': '0.2141', 'learning_rate': '5.293e-08', 'epoch': '7.979'}
{'loss': '0.03928', 'grad_norm': '0.9485', 'learning_rate': '3.781e-08', 'epoch': '7.985'}
{'loss': '0.03446', 'grad_norm': '12.43', 'learning_rate': '2.269e-08', 'epoch': '7.992'}
{'loss': '0.02851', 'grad_norm': '0.2983', 'learning_rate': '7.562e-09', 'epoch': '7.998'}
{'eval_loss': '0.6734', 'eval_accuracy': '0.9028', 'eval_precision': '0.9165', 'eval_recall': '0.9141', 'eval_f1': '0.9153', 'eval_runtime': '11.37', 'eval_samples_per_second': '1118', 'eval_steps_per_second': '17.51', 'epoch': '8'}
{'train_runtime': '2098', 'train_samples_per_second': '201.7', 'train_steps_per_second': '6.304', 'train_loss': '0.1395', 'epoch': '8'}
Fold F1: 0.9005594405594406
Точность определения арабских заимств.: {'accuracy': 0.9310344827586207, 'precision': 0.6287878787878788, 'recall': 0.8829787234042553, 'f1': 0.7345132743362832}
Точность определения китайских заимств.: {'accuracy': 0.9335006273525721, 'precision': 0.25757575757575757, 'recall': 0.8095238095238095, 'f1': 0.39080459770114945}
Точность определения английских заимств.: {'accuracy': 0.9392996108949416, 'precision': 0.9073724007561437, 'recall': 0.9430255402750491, 'f1': 0.9248554913294798}
Точность определения французских заимств.: {'accuracy': 0.9542755344418052, 'precision': 0.9472551130247578, 'recall': 0.9691629955947136, 'f1': 0.9580838323353293}
Точность определения немецких заимств.: {'accuracy': 0.950381679389313, 'precision': 0.8459119496855346, 'recall': 0.9889705882352942, 'f1': 0.911864406779661}
Точность определения итальянских заимтсв.: {'accuracy': 0.9412381951731374, 'precision': 0.776255707762557, 'recall': 0.96045197740113, 'f1': 0.8585858585858586}
Точность определения японских заимств.: {'accuracy': 0.9269662921348315, 'precision': 0.6666666666666666, 'recall': 0.8596491228070176, 'f1': 0.7509578544061303}
Точность определения польских заимств.: {'accuracy': 0.9326923076923077, 'precision': 0.5, 'recall': 0.875, 'f1': 0.6363636363636364}
{'eval_loss': 0.36289045214653015, 'eval_accuracy': 0.8881283927307057, 'eval_precision': 0.9202515363727312, 'eval_recall': 0.8816924551554156, 'eval_f1': 0.9005594405594406, 'eval_runtime': 11.2107, 'eval_samples_per_second': 1133.824, 'eval_steps_per_second': 17.751, 'epoch': 8.0}

===== FINAL RESULT =====
Mean F1: 0.8874286972566596
Std F1: 0.027110523161619233
Total correct predictions per fold: [6999, 7251, 7216, 7868, 7862]
